NEC,Name,HIP,RA2000,DE2000,Vmag,Gmag,type,HR,HD,Bayer/other,constellation,distance from Sun/ ly,B-V color,VmagMax,VmagMin
1,,HIP 34,0.09958324737,26.918108,6.434,6.314352,F7.5IV-V,9078,224758,,Pegasus,256.491012,0.514,,
2,,HIP 43,0.128698178,59.55968082,6.177,5.908125,G9III-IV,9079,224784,,Cassiopeia,427.2622651,1.032,,
3,,,0.1430878963,-53.09771355,6.48,6.415747,~,,224782A,,Phoenix,193.0135817,0.616,,
4,,HIP 63,0.181810391,45.25333529,6.347,6.332676,A0IIspSiSrHg,9080,224801,CG And,Andromeda,677.754234,-0.047,6.32,6.42
5,,HIP 88,0.2690953766,-48.80987439,5.698,5.489142,G6/8III,9081,224834,τ Phoenicis,Phoenix,546.0632326,0.911,,
6,,HIP 106,0.3302141589,49.98155694,6.217,5.971371,G7II-III,9083,224870,,Cassiopeia,724.4439714,0.97,,
7,,HIP 107,0.3338295273,-50.33737026,5.524,4.765762,M2III,9082,224865,,Phoenix,558.2197773,1.615,,
8,,HIP 122,0.398747712,-77.06572535,4.783,4.366584,K3III,9084,224889,θ Octantis,Octans,220.717729,1.254,,
9,,HIP 124,0.4042334911,61.22279986,5.567,5.453592,A8II,9085,224893,,Cassiopeia,3790.696764,0.407,,
10,,HIP 128,0.4144100765,73.61184647,6.492,6.480009,kA1hA7mF0,,224890,,Cepheus,214.4738404,0.182,,
11,,HIP 137,0.4327050439,42.36714334,6.24,6.226424,B9IIIp?(HgMn?),9086,224906,,Andromeda,1330.61185,-0.042,,
12,,HIP 145,0.4560338029,-3.027503283,5.1,5.090039,B7III-IV,9087,224926,29 Psc,Pisces,408.5205157,-0.128,,
13,,HIP 154,0.4900811322,-6.014070557,4.41,3.292785,M3III,9089,224935,30 Psc,Pisces,414.7568982,1.631,4.31,4.41
14,,HIP 171,0.5431196641,27.08183308,5.75,5.595876,G5VbFe-2,9088,224930,85 Peg,Pegasus,40.43149969,0.69,,
15,,HIP 183,0.5830294272,-29.72044125,5.022,4.994605,B5IV,9091,224990,ζ Sculptoris,Sculptor,509.3751756,-0.15,,
16,,HIP 186,0.6006947307,8.956824883,6.325,6.304925,A6V,9092,224995,31 Psc,Pisces,431.7871435,0.182,,
17,,HIP 194,0.6237587268,8.485463714,5.69,5.635739,F1V,9093,225003,32 Psc,Pisces,122.8798635,0.315,,
18,,HIP 207,0.6503860572,66.09896335,5.842,5.585219,G8III,9094,225009,,Cassiopeia,2076.434924,1.073,,
19,,HIP 238,0.7395341035,-20.04588302,6.238,6.133678,F6/7V,9095,225045,4 G. Cet,Cetus,201.7327747,0.526,,
20,,HIP 253,0.7827252682,-24.14514473,6.443,6.130807,K1III,9096,225069,5 G. Cet,Cetus,480.8273444,1.176,,
21,,HIP 274,0.8571484774,63.64051696,6.22,6.162851,B2.9Iab,9097,225094,,Cassiopeia,3505.381461,0.332,6.19,6.28
22,,HIP 301,0.9349492958,-17.33599144,4.536,4.516587,B9IVn,9098,225132,2 Cet,Cetus,227.8127837,-0.047,,
23,,HIP 302,0.9651714237,66.71218559,6.323,5.30059,M4III,9099,225136,V398 Cep,Cepheus,984.8952483,1.629,,
24,,HIP 330,1.056926888,62.28766423,5.884,5.807129,A1II-III,9100,225180,9 Cas,Cassiopeia,3662.937318,0.274,,
25,,HIP 343,1.082461733,-16.52903662,5.769,5.500603,K0III,9101,225197,7 G. Cet,Cetus,288.7513336,1.084,,
26,,HIP 345,1.084654682,-29.2688223,6.39,6.372489,A1V,9102,225200,,Sculptor,420.6444633,0.006,,
27,,HIP 355,1.125494801,-10.50952192,4.924,4.390705,K3Ib,9103,225212,3 Cet,Cetus,1605.91243,1.619,,
28,,HIP 365,1.152435523,42.09252227,6.14,6.11288,A3Vs,9105,225218,,Andromeda,1680.413237,0.159,,
29,,HIP 377,1.172116401,-71.4368901,5.585,5.567911,B8IV/V,9108,225253,,Tucana,571.931347,-0.1,,
30,,HIP 379,1.174922087,67.16644512,5.676,5.396713,K1III,9104,225216,,Cepheus,316.5050301,1.051,,
31,,HIP 394,1.223852864,34.65966701,6.11,5.929922,G3,9107,225239,,Andromeda,119.9412988,0.632,,
32,,HIP 399,1.233329181,26.64877089,6.25,5.802541,K4IIIb,9109,225276,,Pegasus,610.4873681,1.368,,
33,,HIP 410,1.254933697,27.67479084,6.462,6.216911,G8II,,225292,,Pegasus,427.2622618,0.946,,
34,,HIP 417,1.265928128,-0.5030357268,6.298,6.025777,K0III,2,6,,Pisces,469.0652574,1.099,,
35,,HIP 418,1.275628669,61.31397009,5.791,5.775652,B6III,9110,225289,,Cassiopeia,724.443973,-0.067,5.71,5.81
36,,HIP 443,1.33392155,-5.707619916,4.61,4.318301,K0III-IV,3,28,33 Psc,Pisces,128.4476204,1.029,4.61,4.69
37,,HIP 476,1.424840055,13.39626813,5.537,5.311919,G5III,4,87,86 Peg,Pegasus,372.5724818,0.901,,
38,,HIP 518A,1.565891108,58.43669646,6.42,6.221867,G3V,,,,Cassiopeia,66.12585398,0.687,5.96,6.026
39,,HIP 522,1.579897185,-49.07518646,5.76,5.586702,F7V,6,142,,Phoenix,83.62652022,0.519,,
40,,HIP 531,1.610572193,64.19615797,5.59,5.53836,B9IIIe,7,144,10 Cas,Cassiopeia,981.9286467,-0.023,,
41,,HIP 544,1.653266695,29.02150353,6.07,5.878327,G8V,8,166,V439 And,Andromeda,44.66982717,0.752,6.13,6.17
42,,HIP 560,1.708693016,-23.10754046,6.173,6.094202,F3V,9,203,9 G. Cet,Cetus,127.393664,0.386,,
43,,HIP 602,1.826107653,-17.38699254,6.203,6.178448,A3Vn_sh,10,256,10 G. Cet,Cetus,522.4347383,0.133,,
44,,HIP 635,1.933796531,-2.548680152,6.43,6.411014,ApSi,11,315,4 Cet,Pisces,487.295184,-0.146,,
45,,HIP 636,1.945414945,-22.50855699,5.923,5.916884,A1VbmA2_lB,12,319,11 G. Cet,Cetus,261.8475226,0.141,,
46,,HIP 655,2.01452875,-33.52932472,5.662,5.364674,K1III,13,344,,Sculptor,325.3494134,1.119,,
47,,HIP 664,2.050398131,-2.447705718,6.22,5.654861,K2IIICNIVp,14,352,5 Cet,Pisces,1003.076271,1.366,6.1,6.3
48,,HIP 671,2.073051795,-8.824111623,5.98,5.71609,K1II,16,360,12 G. Cet,Cetus,332.9928086,1.034,,
49,Alpheratz,HIP 677,2.09691619,29.09043112,2.06,,B8IV-VHgMn,15,358,α Andromedae,Andromeda,97.02381607,-0.038,2.06,2.1
50,,HIP 695,2.136910426,63.20403299,6.42,6.102476,G3II,,371,,Cassiopeia,1502.303075,0.998,,
51,,HIP 696,2.139570603,-17.57815503,6.13,5.32114,M0/1IIICNVp,18,402,CF Cet,Cetus,1347.107457,1.664,,
52,,HIP 716,2.217233387,25.46298489,6.246,5.9872,G8II-III,19,417,,Pegasus,419.0242386,0.976,,
53,,HIP 728,2.250670027,28.24754157,6.47,6.440394,A4Vm,,434,,Pegasus,376.8789434,0.242,,
54,,HIP 730,2.259971195,-54.00195522,6.33,6.259225,G8III+A/F,23,469,,Phoenix,465.7139844,0.738,,
55,,HIP 729,2.260103096,18.21196522,5.555,5.286279,G9III,22,448,87 Peg,Pegasus,291.8532224,1.043,,
56,Caph,HIP 746,2.29452158,59.1497811,2.27,2.232691,F2III,21,432,β Cassiopeiae,Cassiopeia,54.74265575,0.34,2.25,2.31
57,,,2.334032859,79.71455492,6.12,,A6IV,20,431A,,Cepheus,380.8398518,0.203,,
58,,HIP 761,2.337340926,-27.98799035,6.19,,~,24,493,* kap01 Scl B,Sculptor,223.7475639,0.414,,
59,,HIP 761,2.33778532,-27.98792454,6.13,,~,24,493,* kap01 Scl A,Sculptor,223.7475639,0.414,,
60,,HIP 765,2.352667056,-45.74742391,3.87,3.601785,K0III,25,496,ϵ Phoenicis,Phoenix,140.0343226,1.013,,
61,,HIP 798,2.467150775,-62.2967939,6.33,6.321842,A6V,,565,,Tucana,442.3332578,0.164,,
62,,HIP 814,2.509052044,-82.22404708,5.283,5.007471,K1/2III,30,636,γ 3 Octantis,Octans,242.379134,1.049,,
63,,HIP 813,2.509179173,11.14581581,5.53,5.53802,B9Vn,26,560,34 Psc,Pisces,324.7013203,-0.064,,
64,,HIP 840,2.578630028,-5.248588046,5.844,5.583744,K0III,29,587,67 G. Psc,Pisces,179.3179825,0.973,,
65,,HIP 841,2.580193752,46.07227104,5.04,4.908891,F5II,27,571,22 And,Andromeda,1006.173273,0.405,,
66,,HIP 873,2.678475447,-12.57989824,5.849,5.583679,K0III,31,645,14 G. Cet,Cetus,212.3779812,1,,
67,,HIP 910,2.816075165,-15.46797791,4.89,4.763619,F8VFe-0.8CH-0.5,33,693,6 Cet,Cetus,61.57912894,0.487,,
68,,HIP 930,2.893419661,-27.79971967,5.404,4.986435,K2III,34,720,κ 2 Sculptoris,Sculptor,581.104981,1.346,,
69,,HIP 950,2.933421154,-35.13311471,5.239,5.12059,F5V,35,739,θ Sculptoris,Sculptor,71.1015955,0.459,,
70,,HIP 967,2.99618791,48.15239764,6.162,5.664069,K4III,36,743,,Andromeda,549.7470277,1.467,,
71,,HIP 983,3.041602352,-17.93825081,5.265,4.68605,K4III,37,787,18 G. Cet,Cetus,611.6316306,1.478,,
72,,HIP 1057,3.289593154,16.92145654,6.5,6.246632,K1III,,874,,Pegasus,454.6723512,1.05,,
73,Algenib,HIP 1067,3.308968121,15.18359843,2.84,2.853429,B2IV,39,886,γ Pegasi,Pegasus,332.9928071,-0.19,2.78,2.89
74,,HIP 1074,3.331757832,-84.99397718,5.77,4.928329,M0/1III,47,1032,,Octans,815.0002981,1.71,,
75,,HIP 1076,3.34967172,26.98754639,6.277,6.361356,F8V,40,895,,Andromeda,403.4642529,0.68,,
76,,HIP 1096,3.426017408,-26.02235136,5.937,5.28718,K5III,42,942,,Sculptor,1012.422697,1.548,,
77,,HIP 1099,3.434911947,-26.28496257,6.119,5.579134,K4III,43,943,,Sculptor,770.6870894,1.49,,
78,,HIP 1123,3.509495332,33.20604137,6.25,6.218752,A1V,44,952,,Andromeda,292.9022911,0.009,,
79,,HIP 1144,3.584124771,-27.5313951,6.46,,G5V,,1002,,Sculptor,161.1467387,0.64,,
80,,HIP 1158,3.615128361,-7.780528686,5.12,4.147413,M3+III,46,1014,AD Cet,Cetus,625.7213544,1.601,4.9,5.16
81,,HIP 1168,3.65068451,20.20670288,4.8,3.984223,M2+III,45,1013,χ Pegasi,Pegasus,325.6744304,1.572,,
82,,HIP 1170,3.660070473,-18.93286335,4.46,3.615524,M1III,48,1038,7 Cet,Cetus,492.4459874,1.64,4.26,4.46
83,,HIP 1191,3.72714784,-9.569563113,5.749,5.758081,B8.5V,51,1064,27 G. Cet,Cetus,346.8086935,-0.084,,
84,,HIP 1193,3.732909978,22.28422577,6.234,6.246143,A1p,49,1048,,Pegasus,355.1184351,-0.004,,
85,,HIP 1195,3.74275718,-34.90422282,6.159,5.714767,K3III,54,1089,,Sculptor,739.2280794,1.344,,
86,,HIP 1196,3.745168167,8.820961326,6.01,5.962865,F0,50,1061,35 Psc,Pisces,261.4276312,0.312,6.01,6.05
87,,HIP 1208,3.778961192,31.53572589,6.34,5.730356,K5,52,1075,,Andromeda,1319.837545,1.555,,
88,,HIP 1215,3.794019848,27.28344122,6.342,6.350903,A1Vn,53,1083,,Andromeda,411.6175158,-0.002,,
89,,HIP 1236,3.842774738,-32.04526879,6.2,,M7/8IIIe,,1115,S Scl,Sculptor,1530.518386,1.08,5.5,13.6
90,,HIP 1269,3.978522423,61.0001756,6.432,6.204896,G8III,,1142,,Cassiopeia,565.9720553,0.838,,
91,,HIP 1288,4.036944674,-31.44639094,5.642,5.226078,K2III,57,1187,,Sculptor,426.7015455,1.35,,
92,,HIP 1302,4.089703748,43.59505094,6.15,6.145066,A2VpSi,56,1185,,Andromeda,303.2560557,0.068,,
93,,HIP 1319,4.141841068,8.240157252,6.121,5.910564,G8II-III,59,1227,36 Psc,Pisces,441.7334066,0.919,,
94,,HIP 1331,4.176426112,-20.21006133,6.491,6.496051,B6III/IV,61,1256,,Cetus,611.6316307,-0.108,,
95,,HIP 1339,4.190325922,10.24478092,6.49,5.351096,M0,,1255,,Pisces,3431.57503,1.864,,
96,,HIP 1354,4.237679744,61.53318574,5.737,5.50471,G8III,60,1239,,Cassiopeia,641.7312228,0.898,,
97,,HIP 1366,4.272926514,38.68163573,4.61,4.560256,A2V,63,1280,θ Andromedae,Andromeda,253.105827,0.059,,
98,,HIP 1372,4.287683471,47.9474061,5.852,5.835224,B7III,62,1279,,Cassiopeia,953.2178137,-0.079,,
99,,HIP 1402,4.386262708,-19.05109374,6.446,6.357826,F3V,66,1343,29 G. Cet,Cetus,159.2575666,0.386,,
100,,HIP 1415,4.429430472,51.4330879,6.14,6.089311,O9.2II+O8V((f)),65,1337,AO Cas,Cassiopeia,5719.313461,-0.151,6.07,6.24
101,,HIP 1421,4.448743802,1.688729746,6.176,5.947009,K0III,67,1367,76 G. Psc,Pisces,329.6252262,0.937,,
102,,HIP 1444,4.495285823,-13.45564087,6.5,6.369294,G0V,,1388,,Cetus,85.25097503,0.599,,
103,,HIP 1465,4.571857861,11.20621543,6.045,5.79928,K0III,69,1419,,Pisces,447.8035286,1.036,,
104,,HIP 1473,4.581905703,36.78522459,4.52,4.501519,A2V,68,1404,σ Andromedae,Andromeda,141.0644762,0.054,,
105,,HIP 1493,4.659408701,31.51722831,5.875,5.874144,A0IV,71,1439,,Andromeda,543.3346036,-0.014,,
106,,HIP 1499,4.674448649,-8.053001064,6.46,6.307263,G3VFe0.5,72,1461,,Cetus,76.45107016,0.68,,
107,,HIP 1501,4.675703683,43.79114117,6.11,6.09803,B8V,70,1438,26 And,Andromeda,692.1438786,-0.074,,
108,,HIP 1502,4.677337099,-43.23556907,6.328,5.971808,K2III,73,1483,,Phoenix,380.8398511,1.21,,
109,,HIP 1562,4.856976645,-8.82391916,3.55,3.226718,K1+IIICN0.5,74,1522,ι Ceti,Cetus,289.5203665,1.214,,
110,,HIP 1575,4.923164316,40.72946464,6.34,5.982307,K1III,75,1527,,Andromeda,540.6288033,1.179,,
111,,HIP 1599,5.017744306,-64.87479366,4.23,4.07351,F9.5V,77,1581,ζ Tucanae,Tucana,28.01168851,0.576,,
112,,HIP 1630,5.101672288,30.93561367,5.869,5.870776,B7V,78,1606,,Andromeda,582.1416576,-0.098,,
113,,HIP 1639,5.128871125,48.96863344,6.47,6.334642,F6II-III,,1601,,Cassiopeia,950.4370327,0.564,,
114,,HIP 1645,5.149425122,8.190271705,5.37,4.945197,K2.5III,80,1635,41 Psc,Pisces,394.6720294,1.343,,
115,,HIP 1647,5.162675949,-69.62491874,5.499,5.48763,B9V,83,1685,π Tucanae,Tucana,306.103352,-0.046,,
116,,HIP 1657,5.189653795,32.91118678,5.794,5.099193,K5III,79,1632,,Andromeda,645.5454207,1.595,,
117,,HIP 1686,5.280286413,37.96860546,5.18,5.032902,F5IV-V,82,1671,ρ Andromedae,Andromeda,159.647461,0.442,,
118,,HIP 1706,5.369884337,-77.42688172,5.959,5.454131,K3III,87,1801,,Hydrus,696.5807534,1.397,,
119,,HIP 1708,5.37999274,-28.98147021,5.167,4.920058,K0III,84,1737,ι Sculptoris,Sculptor,310.4763088,1.006,,
120,,HIP 1728,5.442802657,-20.05802465,5.74,3.903345,M5-6Se,85,1760,T Cet,Cetus,774.3480695,1.58,5,6.9
121,,HIP 1772,5.606178771,13.48248847,6.24,5.879221,K3III,86,1796,42 Psc,Pisces,545.1504237,1.225,,
122,,HIP 1803,5.715785231,-12.20943609,6.39,6.236681,G2.5V,88,1835,9 Cet,Cetus,66.46293593,0.659,6.38,6.43
123,,HIP 1821,5.768296266,-15.94253053,6.425,5.640093,M2III,,1879,38 G. Cet,Cetus,1009.289834,1.595,,
124,,HIP 1902,6.022329,-72.081444,4.09,,Globular Cluster,95,2051,47 Tuc,Tucana,,,,
125,,HIP 1921,6.065225015,52.01991756,5.58,5.521783,B5IV,91,1976,,Cassiopeia,1369.748165,-0.11,,
126,,HIP 1939,6.123539878,-2.219063023,6.067,5.719684,K2III,94,2023,84 G. Psc,Pisces,540.6288027,1.216,,
127,,HIP 1948,6.158979587,14.31551681,6.46,6.141413,K0,,2035,43 Psc,Pisces,535.3052201,1.161,,
128,,HIP 1960,6.197939469,61.83105781,5.377,5.351421,B9III,93,2011,12 Cas,Cassiopeia,763.4661869,0.008,,
129,,HIP 1982,6.276710401,53.04678189,5.719,5.694212,B9IV,96,2054,,Cassiopeia,528.3646803,-0.056,,
130,,HIP 2006,6.35086818,1.939692481,5.77,5.553443,G8III,97,2114,44 Psc,Pisces,592.7268813,0.855,,
131,,HIP 2021,6.43779316,-77.25424612,2.79,2.680732,G0V,98,2151,β Hydri,Hydrus,24.36837931,0.618,,
132,,HIP 2072,6.550838932,-43.67983066,3.94,3.918505,A5IVn,100,2262,κ Phoenicis,Phoenix,76.68793481,0.175,,
133,Ankaa,HIP 2081,6.57104752,-42.30598719,2.38,2.089978,K0.5IIIb,99,2261,α Phoenicis,Phoenix,77.36112479,1.083,,
134,,HIP 2086,6.590630311,-18.69363206,6.266,5.351039,M1III,,2268,39 G. Cet,Cetus,758.1393433,1.622,,
135,,HIP 2100,6.655878177,-0.04952198086,6.192,6.031927,G6IIIFe-1,101,2273,10 Cet,Cetus,485.8412226,0.893,,
136,,HIP 2159,6.811281521,-25.54717346,5.969,5.726869,K0III,102,2363,,Sculptor,670.7810926,1.022,,
137,,HIP 2178,6.879454505,16.02548345,6.432,6.396717,A5,,2358,,Pisces,423.3763394,0.23,,
138,,HIP 2210,6.982074256,-33.00716597,4.81,3.803789,M2/3III,105,2429,η Sculptoris,Sculptor,547.8986094,1.634,4.8,4.9
139,,HIP 2213,6.993609443,19.51403788,6.38,6.149037,gG7,,2410,46 Psc,Pisces,532.680919,0.99,,
140,,HIP 2219,7.012144839,17.89312705,5.06,3.82455,M3III,103,2411,47 Psc,Pisces,490.2259236,1.584,4.65,5.42
141,,HIP 2224,7.052928749,16.44506825,6.039,5.412534,K5III,106,2436,48 Psc,Pisces,1112.628609,1.58,,
142,,HIP 2225,7.056955605,44.39446929,5.173,5.136685,A2Vs,104,2421,,Andromeda,264.6103715,0.043,,
143,,HIP 2237,7.08789782,-20.33504926,6.44,,F9VFe+0.5,108,2475,43 G. Cet,Cetus,105.1275288,0.594,,
144,,HIP 2240,7.110505452,-39.91499922,5.415,4.734201,M0III,109,2490,,Phoenix,414.7569025,1.556,,
145,,HIP 2256,7.179693071,-50.53285701,6.265,5.970935,K0III,111,2529,,Phoenix,379.9531322,1.09,,
146,,HIP 2270,7.236095512,36.89969334,6.273,6.05048,G5III,110,2507,,Andromeda,463.7286349,0.916,,
147,,HIP 2337,7.466237534,-14.86410891,6.131,6.058668,F2/3V,115,2630,47 G. Cet,Cetus,138.018658,0.388,,
148,,HIP 2353,7.509826749,-3.957327204,5.72,5.059754,K5III,117,2637,12 Cet,Cetus,853.403096,1.545,,
149,,HIP 2355,7.530687977,29.7515578,5.214,5.130911,A7III,114,2628,GN And,Andromeda,185.0171153,0.271,5.23,5.28
150,,HIP 2358,7.536188955,4.860110896,6.5,6.4218,F5V,,2648,,Pisces,219.2334356,0.453,,
151,,HIP 2377,7.583060093,59.97755263,5.94,5.942178,B7IV,113,2626,,Cassiopeia,718.06089,-0.003,,
152,,HIP 2381,7.594396164,-23.7876815,5.19,5.143498,A3V,118,2696,49 G. Cet,Cetus,180.3096765,0.128,,
153,,,7.607,60.213,6.5,,~,,,NGC 129,Cassiopeia,,,,
154,,HIP 2383,7.608596955,-48.21482097,5.664,5.564478,F2V,120,2726,,Phoenix,146.9129251,0.367,,
155,,HIP 2388,7.615938483,-40.93958447,6.172,6.116301,F0/2III,119,2724,,Phoenix,419.5621444,0.315,6.18,6.22
156,,HIP 2472,7.85408769,-48.80351425,4.77,4.755616,A1Va,125,2834,λ 1 Phoenicis,Phoenix,171.8503043,0.018,,
157,,HIP 2474,7.85512146,66.51961695,6.165,6.157578,B6V,121,2729,13 Cas,Cassiopeia,716.4830506,-0.1,,
158,,HIP 2475,7.856824417,33.58163658,5.878,5.542975,K1III,122,2767,,Andromeda,467.0473157,1.133,,
159,,HIP 2484,7.886116901,-62.95821746,4.289,4.329929,B9.5Va,126,2884,β 1 Tucanae,Tucana,142.8107031,-0.04,,
160,,HIP 2487,7.889259603,-62.96559275,4.514,4.564399,A3IV,127,2885,β 2 Tucanae,Tucana,166.4719288,0.135,,
161,,HIP 2487,7.88945,-62.965564,4.488,4.564399,~,127,2885,* bet02 Tuc A,Tucana,,,,
162,,HIP 2497,7.92148832,52.8395281,5.596,5.249924,K2III,124,2774,,Cassiopeia,393.2441511,1.163,,
163,,HIP 2505,7.9429675,54.5221944,5.63,4.5957,B8.5V,123,2772,* lam Cas B,Cassiopeia,354.3490773,-0.098,,
164,,HIP 2505,7.9429864,54.5223119,5.35,4.5957,B7.5V,123,2772,* lam Cas A,Cassiopeia,354.3490773,-0.098,,
165,,HIP 2548,8.099078919,6.955485366,5.679,5.680098,B9.5V,132,2913,51 Psc,Pisces,263.7539676,-0.014,,
166,,HIP 2568,8.147853368,20.2943177,5.37,5.083915,K0III,131,2910,52 Psc,Pisces,256.8952509,1.069,,
167,,HIP 2578,8.182939061,-63.03150056,5.09,5.055017,A0V,136,3003,β 3 Tucanae,Tucana,150.4454904,0.04,,
168,,HIP 2583,8.204525378,28.2802409,6.33,6.032415,G8III,134,2942,,Andromeda,469.0652561,0.965,,
169,,HIP 2599,8.249966182,62.93178142,4.16,4.118094,BC0.7Ia,130,2905,κ Cassiopeiae,Cassiopeia,4126.574686,0.13,4.22,4.3
170,,HIP 2611,8.293310386,54.89498601,5.922,5.65114,K0III,135,2952,,Cassiopeia,375.7648879,1.038,,
171,,HIP 2628,8.330273607,70.98185484,6.38,6.399609,A0Vnn_lB,129,2904,,Cassiopeia,527.507303,-0.007,,
172,,HIP 2629,8.347330131,-71.26624456,6.109,6.060586,A7IV,139,3112,θ Tucanae,Tucana,490.225937,0.265,6.06,6.15
173,,HIP 2661,8.42100578,-29.5582775,5.541,5.155814,K1III,138,3059,,Sculptor,496.9513101,1.262,,
174,,HIP 2663,8.43252768,-35.00207626,6.4,,F8/G0V,,3074,,Sculptor,117.9875838,0.617,,
175,,HIP 2707,8.603830496,66.75033827,6.473,6.465945,B8V,137,3038,16 Cas,Cassiopeia,564.9907957,-0.049,,
176,,HIP 2711,8.615964998,-52.37309152,5.57,5.447885,F6V,140,3158,,Phoenix,83.52546305,0.472,,
177,,HIP 2734,8.730680104,13.37113974,6.39,6.075464,K0,141,3166,,Pisces,399.9988707,1.136,,
178,,HIP 2762,8.81199867,-3.59284352,5.21,5.0347,F7V+G4V,142,3196,13 Cet,Cetus,68.61714345,0.567,,
179,,HIP 2787,8.886805856,-0.5056107563,5.936,5.8283,F5V,143,3229,14 Cet,Cetus,181.4135101,0.444,,
180,,HIP 2789,8.888912389,-54.82187171,6.052,5.763479,K0IV,148,3303,,Phoenix,253.105835,1.001,,
181,,HIP 2802,8.921564452,-48.00090693,5.51,5.402795,F5V+,147,3302,λ 2 Phoenicis,Phoenix,118.0733245,0.461,,
182,,HIP 2846,9.013150622,-14.9730335,6.444,6.151743,K0III,150,3325,57 G. Cet,Cetus,463.7286358,1.063,,
183,,HIP 2852,9.028571357,-22.84233536,6.06,6.012744,A5mA5-F0,151,3326,BG Cet,Cetus,162.0279156,0.297,6.35,6.359
184,,HIP 2854,9.034625815,54.16844991,5.076,5.055149,B8IV,144,3240,,Cassiopeia,505.4273119,-0.098,,
185,,HIP 2876,9.11393597,60.32621321,5.792,5.701983,A3III,146,3283,,Cassiopeia,3360.833008,0.294,,
186,,HIP 2889,9.156876048,-65.12444616,6.413,6.061609,K2/3III,160,3444,,Tucana,645.5454317,1.26,,
187,,HIP 2900,9.193504439,44.48858894,5.129,4.462927,K6IIIa,152,3346,V428 And,Andromeda,655.9350451,1.587,5.13,5.19
188,,HIP 2903,9.197129168,15.23171954,5.863,5.852316,B2.5IV,155,3379,53 Psc,Pisces,855.6427157,-0.146,5.81,5.94
189,,HIP 2912,9.22021384,33.71934342,4.36,4.30468,B5V,154,3369,π Andromedae,Andromeda,655.935044,-0.123,,
190,Fulu,HIP 2920,9.242852031,53.89691044,3.66,3.664362,B2IV,153,3360,ζ Cassiopeiae,Cassiopeia,597.0692051,-0.196,,
191,,HIP 2926,9.279957358,24.01413917,6.16,5.867557,K2III,156,3411,,Andromeda,334.358747,1.17,,
192,,HIP 2937,9.326027423,-54.39381885,6.403,6.141927,K0II/IIICNIV,162,3488,,Phoenix,475.9112677,0.995,,
193,,HIP 2941,9.336175837,-24.7672573,6.2,,~,159,3443B,59 G. Cet,Cetus,50.6369356,0.715,,
194,,HIP 2942,9.338415606,35.39950297,5.431,5.203083,G2Ib-II,157,3421,,Andromeda,1021.945157,0.886,,
195,,HIP 2954,9.377048295,3.135352277,6.407,5.952916,K3III,161,3457,92 G. Psc,Pisces,576.9908551,1.339,,
196,,HIP 3031,9.638947629,29.31175323,4.38,4.09683,G7IIIFe-3CH1,163,3546,ϵ Andromedae,Andromeda,168.5625851,0.871,,
197,,HIP 3056,9.703262912,-25.1078168,6.41,5.882401,K4III,,3605,,Sculptor,729.3078934,1.482,,
198,,HIP 3083,9.791225378,49.35458829,5.419,4.815407,K5III,164,3574,,Cassiopeia,1330.61185,1.644,,
199,,HIP 3092,9.831679638,30.86098358,3.28,2.872078,K3III-IIIbCN0.5,165,3627,δ Andromedae,Andromeda,101.2735528,1.268,,
200,,HIP 3093,9.840855803,21.25047581,5.88,5.654319,K0.5V,166,3651,54 Psc,Pisces,36.20335672,0.85,,
201,,HIP 3132,9.946875728,82.49376282,6.389,6.244327,F9V,158,3440,,Cepheus,105.3312844,0.551,,
202,,HIP 3137,9.96645883,-44.79629201,5.998,5.698623,K1IIICNII,171,3750,,Phoenix,303.2560609,1.142,,
203,,HIP 3138,9.981548238,21.43849668,5.428,5.113717,K2IIIa,167,3690,55 Psc,Pisces,410.5808344,1.16,,
204,,HIP 3170,10.10695778,-59.45460182,5.9,5.766062,G0VFe-0.9CH-0.4,176,3823,,Tucana,83.03613846,0.564,,
205,,HIP 3175,10.11909809,-16.5166617,6.49,6.248217,G8III,172,3794,63 G. Cet,Cetus,503.0866301,0.91,,
206,Schedar,HIP 3179,10.12684601,56.53732922,2.23,1.942524,K0-IIIa,168,3712,α Cassiopeiae,Cassiopeia,228.0000717,1.17,2.2,2.27
207,,HIP 3185,10.1366416,-23.80492464,6.14,5.9534,K0VFe-1.5CH-1.3,173,3795,64 G. Cet,Cetus,93.08964865,0.718,,
208,,HIP 3193,10.17654837,-4.351840283,5.885,5.581909,K0III,174,3807,65 G. Cet,Cetus,575.9704752,1.091,,
209,,HIP 3231,10.27993575,39.45866375,5.33,5.061861,G7IIIa,175,3817,32 And,Andromeda,344.2463315,0.891,,
210,,HIP 3245,10.33154746,-46.08498136,4.59,4.280405,G8III,180,3919,μ Phoenicis,Phoenix,247.1569828,0.953,,
211,,HIP 3269,10.40015738,24.62901355,6.046,6.037146,kA5hF1mF2,178,3883,,Andromeda,461.7563331,0.298,,
212,,HIP 3277,10.44332208,-56.50131623,5.7,5.708083,A3VpSrCr_Ksn,183,3980,ξ Phoenicis,Phoenix,213.2112449,0.131,5.68,5.78
213,,HIP 3299,10.51425258,66.14759331,5.821,5.542423,G9III-IV,177,3856,,Cassiopeia,503.0866331,1.042,,
214,,HIP 3300,10.51621753,50.51253345,4.81,4.776489,B3IV,179,3901,ξ Cassiopeiae,Cassiopeia,1108.84375,-0.105,,
215,,HIP 3330,10.61821618,-65.4680296,5.381,5.250913,F6V,187,4089,ρ Tucanae,Tucana,132.5741398,0.515,,
216,,HIP 3334,10.62934337,58.75341372,6.171,6.16236,B9.5III,181,3924,,Cassiopeia,1015.575117,-0.004,,
217,,HIP 3352,10.67479065,-60.26280656,5.98,5.586934,K3III,186,4088,,Tucana,237.4363145,1.318,,
218,,,10.684708,41.26875,3.44,,~,,,M 31,Andromeda,,,,
219,,HIP 3405,10.83837552,-57.4630635,4.361,4.321069,A0IV,191,4150,η Phoenicis,Phoenix,240.2360029,0.024,,
220,,HIP 3414,10.86695701,47.02454578,4.949,4.917836,A5V,184,4058,π Cassiopeiae,Cassiopeia,174.2385747,0.17,,
221,Diphda,HIP 3419,10.89737874,-17.98660632,2.01,,G9.5IIICH-1,188,4128,β Ceti,Cetus,95.76969467,1.019,,
222,,HIP 3436,10.95868937,-12.01182635,6.02,5.70932,K1III,190,4145,71 G. Cet,Cetus,173.7740241,1.107,,
223,,HIP 3455,11.04750038,-10.60955073,4.767,4.491986,K0III,194,4188,ϕ 1 Ceti,Cetus,209.781389,0.998,,
224,,HIP 3456,11.05041264,-38.42168172,5.96,5.577557,K1III,195,4211,λ 2 Sculptoris,Sculptor,372.1454264,1.144,,
225,,HIP 3478,11.10913146,47.86398413,5.648,5.636003,B5V,189,4142,68 Cas,Cassiopeia,759.9062631,-0.113,,
226,,,11.13188951,-62.49758964,6.26,6.165313,~,199,4294A,,Tucana,274.1801145,0.446,,
227,,HIP 3504,11.1813275,48.28436973,4.5,4.34949,B5IIIe,193,4180,ο Cassiopeiae,Cassiopeia,905.5565959,-0.069,4.5,4.62
228,,HIP 3505,11.18498385,-22.00613337,5.22,5.126649,F3VFe-1,197,4247,73 G. Cet,Cetus,90.7571174,0.35,,
229,,HIP 3521,11.23771903,-42.67655893,5.926,5.869727,F0V,198,4293,,Phoenix,217.1887691,0.297,,
230,,HIP 3527,11.24975745,-53.71489296,6.15,6.028585,F7V,202,4304,,Phoenix,147.5782924,0.524,,
231,,HIP 3544,11.32155688,55.2213975,5.41,5.411243,A2Vs,196,4222,,Cassiopeia,351.2944561,0.022,,
232,,HIP 3552,11.3505212,-4.629159691,6.16,5.426763,K5III,201,4301,74 G. Cet,Cetus,1112.62861,1.652,,
233,,HIP 3559,11.36953098,-12.88080877,6.15,5.997372,G0V,203,4307,18 Cet,Cetus,103.8548229,0.603,,
234,,HIP 3572,11.41281904,74.9880706,5.652,5.630169,A2IV,192,4161,YZ Cas,Cassiopeia,290.0357777,0.078,5.71,6.12
235,,,11.42377719,-16.42421989,6.498,6.4292,~,206,4338A,,Cetus,286.4677016,0.314,,
236,,HIP 3576,11.42378067,-16.42421794,6.499,,F0IV,206,4338,76 G. Cet,Cetus,286.4677015,0.314,,
237,,HIP 3583,11.43997054,-47.55198407,5.794,5.645047,G3V,209,4391,,Phoenix,48.71484309,0.635,,
238,,HIP 3604,11.54504995,44.86149994,6.024,6.017185,B9.5IIIp(HgMn),205,4335,,Andromeda,452.1491111,-0.063,,
239,,HIP 3607,11.54898309,-22.52210294,5.5,5.232823,G8/K0III,210,4398,77 G. Cet,Cetus,333.3318493,0.978,,
240,,HIP 3632,11.63729937,15.47550902,5.38,4.199376,M4III,211,4408,57 Psc,Pisces,587.3869983,1.559,5.28,5.5
241,,HIP 3649,11.67691036,59.57454096,6.41,6.092253,G0Ibe,207,4362,,Cassiopeia,2171.336757,1.081,,
242,,HIP 3675,11.75606702,11.97385157,5.504,5.255722,G8II,213,4482,58 Psc,Pisces,261.8475183,0.987,,
243,,HIP 3685,11.80677648,19.57870598,6.101,6.0569,F0Vn,214,4490,59 Psc,Pisces,348.6636318,0.27,6.13,6.17
244,Shimu,HIP 3693,11.8346905,24.26717855,4.06,3.760469,K1III+KV,215,4502,ζ Andromedae,Andromeda,181.3127753,1.1,3.92,4.14
245,,HIP 3697,11.84847402,6.740971526,5.961,5.743537,G8III,216,4526,60 Psc,Pisces,455.3080506,0.941,,
246,,HIP 3717,11.9300883,-18.06133799,5.693,5.282641,K3III,218,4585,78 G. Cet,Cetus,401.9744335,1.3,,
247,,HIP 3721,11.94189122,74.84756979,5.413,5.389368,B8III,208,4382,23 Cas,Cassiopeia,802.9545835,-0.066,,
248,,HIP 3741,12.00443752,-21.7225263,5.57,5.559137,B9V,220,4622,79 G. Cet,Cetus,485.1207642,-0.058,,
249,,HIP 3750,12.03792801,72.67449667,5.855,5.584106,K0IV,212,4440,,Cassiopeia,222.5257167,1.01,,
250,,HIP 3760,12.07254061,7.299930471,5.912,5.613682,G8III,221,4627,62 Psc,Pisces,661.2586251,1.104,,
251,,HIP 3765,12.09573323,5.280613746,5.74,5.467689,K2.5V,222,4628,,Pisces,24.32109402,0.89,,
252,,HIP 3781,12.14757078,-74.92343528,5.083,4.622668,K4III,236,4815,λ Hydri,Hydrus,204.5171522,1.345,,
253,,HIP 3786,12.17060131,7.585081917,4.44,3.836345,K5-III,224,4656,δ Piscium,Pisces,304.9581,1.5,,
254,,HIP 3801,12.2084229,50.96816513,4.891,4.867326,B9III,223,4636,ν Cassiopeiae,Cassiopeia,389.4853692,-0.091,,
255,,,12.21358,27.74011,6.3,,~,,,BD+26 128,Andromeda,,0,,
256,,HIP 3807,12.23636469,-46.69764537,6.277,6.046485,G8III,229,4737,,Phoenix,388.0966138,0.897,,
257,Achird,HIP 3821,12.27622748,57.81517729,3.44,3.320067,F9V,219,4614,η Cassiopeiae,Cassiopeia,19.31838945,0.58,,
258,,HIP 3834,12.30812591,-24.13666407,5.9,5.656901,K0III,228,4732,,Cetus,184.2784089,0.962,,
259,,HIP 3849,12.35673719,-13.56127105,5.594,5.17749,K3III,227,4730,81 G. Cet,Cetus,325.3494091,1.325,,
260,,HIP 3858,12.38929498,-23.36214067,6.3,6.259552,A3IV,232,4772,82 G. Cet,Cetus,857.8953795,0.132,,
261,,HIP 3881,12.45352635,41.07891089,4.53,4.49091,B5V,226,4727,ν Andromedae,Andromeda,679.1658129,-0.136,,
262,,HIP 3885,12.47030751,27.71080861,6.28,,F4III,230,4757,* 65 Psc B,Pisces,346.8086915,0.398,,
263,,HIP 3885,12.47152676,27.71028818,6.29,,F5III,231,4758,* 65 Psc A,Pisces,346.8086915,0.398,,
264,,HIP 3903,12.51570232,-43.39496732,6.476,6.437698,A9/F0III,239,4849,,Phoenix,316.197939,0.286,6.47,6.485
265,,HIP 3909,12.53162068,-10.64432885,5.19,5.029543,F7V,235,4813,ϕ 2 Ceti,Cetus,50.39406309,0.514,,
266,,HIP 3919,12.57610548,45.00225987,6.15,6.125505,A3VpSiSrCrEuKsn,234,4778,GO And,Andromeda,296.0944845,0.043,6.12,6.16
267,,HIP 3949,12.67160982,-50.98681728,5.225,5.142735,F3III,242,4919,ρ Phoenicis,Phoenix,249.6173066,0.356,5.17,5.27
268,,HIP 3951,12.68165727,64.24756932,5.362,5.160959,G5III+A0V,233,4775,,Cassiopeia,812.9693049,0.528,,
269,,HIP 3965,12.7391482,51.50803443,6.36,6.324827,F5III,238,4818,,Cassiopeia,217.3335089,0.307,6.34,6.37
270,,HIP 3988,12.81826322,61.80549444,6.18,5.190644,K2.5Ib-IICN-1,237,4817,,Cassiopeia,2488.551232,1.88,,
271,,HIP 3992,12.82634991,3.385024903,6.368,6.10781,G8/K0II/III,243,4928,98 G. Psc,Pisces,448.4196681,1.069,,
272,,HIP 4023,12.8907945,51.57142447,6.22,6.196905,B9.5V,241,4881,,Cassiopeia,1147.888784,0.032,,
273,,HIP 4084,13.10216416,-69.50376128,6.22,,F7IV/V,252,5190,λ 1 Tucanae,Tucana,199.6326911,0.518,,
274,,,13.1583,-72.8003,2.2,,~,,,NAME SMC,Tucana,,,,
275,,HIP 4104,13.16926912,-24.00584309,5.48,5.067062,K1III,247,5098,88 G. Cet,Cetus,499.9994098,1.275,,
276,,HIP 4147,13.25205925,-1.144259783,4.76,4.116363,K5III,248,5112,20 Cet,Cetus,519.109534,1.55,,
277,,HIP 4151,13.26748518,61.12397202,4.8,4.635912,F9V,244,5015,,Cassiopeia,60.53853762,0.54,,
278,,HIP 4185,13.36759512,37.41820327,6.057,5.753088,K3III:,249,5118,,Andromeda,373.8536618,1.139,,
279,,HIP 4200,13.4078239,-62.87135987,5.748,4.356992,M4III,257,5276,BQ Tuc,Tucana,612.7824191,1.574,5.7,5.9
280,,HIP 4212,13.44833213,52.68929443,6.31,6.294637,A0,250,5128,,Cassiopeia,278.156981,0.191,,
281,,HIP 4257,13.5733033,-8.740663899,6.161,5.902423,G8III,255,5268,21 Cet,Cetus,379.0696639,0.911,,
282,,HIP 4267,13.64676071,19.18842217,5.79,6.14288,A1Vn,254,5267,66 Psc,Pisces,367.1184983,-0.016,,
283,,HIP 4267,13.64678952,19.18840437,6.13,6.14288,A0V,254,5267,* 66 Psc A,Pisces,367.1184983,-0.016,,
284,,HIP 4283,13.72141693,83.70740982,5.59,5.57089,A4V,240,4853,,Cepheus,245.1129633,0.105,,
285,,HIP 4288,13.74188453,23.62849729,6.43,,~,258,5286,* 36 And B,Andromeda,126.8978133,1.012,,
286,,HIP 4288,13.74210682,23.62831351,6,,~,258,5286,* 36 And A,Andromeda,126.8978133,1.012,,
287,,HIP 4288,13.74210869,23.62832774,5.45,,K0IV(e),258,5286,36 And,Andromeda,126.8978133,1.012,,
288,,HIP 4292,13.75064876,58.97269921,4.82,4.45898,K2III,253,5234,υ 1 Cassiopeiae,Cassiopeia,406.4830166,1.216,,
289,,HIP 4293,13.7512962,-69.52708464,5.454,5.136412,K2III,270,5457,λ 2 Tucanae,Tucana,210.0516548,1.095,,
290,,HIP 4298,13.77168476,48.67852253,6.31,5.374744,~,256,5273,,Cassiopeia,802.9545786,1.681,,
291,,HIP 4317,13.81113867,24.55706414,6.24,5.026295,M4III,259,5316,,Pisces,578.0144948,1.546,,
292,,HIP 4346,13.92666733,-7.34714872,5.85,5.279667,K5III,263,5384,93 G. Cet,Cetus,498.470467,1.52,,
293,,HIP 4363,13.98140508,-27.77583956,6.13,5.303872,M1/2III,268,5445,,Sculptor,1862.859204,1.674,,
294,,HIP 4366,13.99379058,27.20938196,6.1,6.066729,A5IV,262,5382,67 Psc,Pisces,273.0319304,0.133,,
295,,HIP 4371,14.00620662,-11.26652605,5.326,4.757009,K5III,267,5437,ϕ 3 Ceti,Cetus,522.4347361,1.505,,
296,,HIP 4382,14.03799938,13.95195876,6.44,6.209861,G8II,,5418,,Pisces,500.7687666,0.962,,
297,,HIP 4383,14.05405012,57.99655836,6.19,5.739205,K3III,260,5343,,Cassiopeia,496.9513092,1.376,,
298,Castula,HIP 4422,14.16627144,59.18105702,4.622,4.345562,G8.5IIIbFe-0.5,265,5395,υ 2 Cassiopeiae,Cassiopeia,205.8081019,0.957,,
299,,HIP 4427,14.17721289,60.71674002,2.39,2.064583,B0.5IVpe,264,5394,γ Cassiopeiae,Cassiopeia,549.0855153,-0.1,1.6,3
300,,HIP 4436,14.18837115,38.49933427,3.87,3.843221,A6V,269,5448,μ Andromedae,Andromeda,136.2305457,0.13,,
301,,HIP 4440,14.19571524,60.36283867,5.566,5.967921,B7Vn+B9VHgMn+A1V,266,5408,,Cassiopeia,613.936452,-0.054,,
302,,HIP 4446,14.22971961,68.77563793,6.386,6.300178,F4III,261,5357,,Cassiopeia,194.8597157,0.375,,
303,Kui,HIP 4463,14.30166783,23.41765002,4.42,4.152097,G8-III,271,5516,η Andromedae,Andromeda,242.5597212,0.94,,
304,,HIP 4475,14.33169425,61.42189477,6.437,6.19047,G5III,,5459,,Cassiopeia,574.956618,0.94,,
305,,HIP 4501,14.41518723,45.8393801,6.086,5.847157,K2III,272,5526,,Andromeda,439.3536064,1.028,,
306,,HIP 4510,14.45896739,28.99221399,5.438,5.11221,G6III,274,5575,68 Psc,Pisces,704.1048207,1.076,,
307,,HIP 4520,14.47712866,13.69586191,6.283,6.077055,G8III,276,5612,,Pisces,522.4347345,0.895,,
308,,HIP 4552,14.55924556,33.95088447,5.98,5.734967,K0III,275,5608,,Andromeda,189.7252196,1.016,,
309,,HIP 4558,14.57871272,21.4044944,6.46,,A2V,277,5641,,Pisces,427.8229802,0.089,,
310,,HIP 4563,14.59262314,-60.69623852,6.235,6.223368,A2V,281,5771,,Tucana,557.2645983,0.096,,
311,,HIP 4572,14.62942495,66.35179378,5.97,5.962488,A0III,273,5550,,Cassiopeia,376.0085269,-0.008,,
312,,HIP 4577,14.65149694,-29.35745339,4.27,4.268622,B7IIIp,280,5737,α Sculptoris,Sculptor,672.166593,-0.154,4.31,4.35
313,,HIP 4587,14.68278355,-11.37997519,5.614,5.358468,G8III,279,5722,ϕ 4 Ceti,Cetus,314.9760848,0.949,,
314,,HIP 4655,14.95702965,6.483226131,6.14,5.23396,M2.5III,284,5820,WW Psc,Pisces,1061.88995,1.654,5.97,6.11
315,,HIP 4675,15.01482355,44.71324752,6.05,6.079968,B9.5Vnn_lB,282,5788,,Andromeda,420.1032992,-0.01,,
316,,HIP 4709,15.12918227,70.98299033,6.4,6.38864,A4IV,278,5715,,Cassiopeia,355.1184403,0.135,,
317,,HIP 4770,15.32614752,-38.91652842,5.582,5.223424,K1III,288,6055,ξ Sculptoris,Sculptor,628.1304989,1.185,,
318,,HIP 4786,15.36268611,49.54422114,6.48,6.191979,G5,,5927,,Cassiopeia,920.9046813,1.099,,
319,,HIP 4801,15.41101888,-16.26557175,6.47,6.129195,K2/3III,,6037,101 G. Cet,Cetus,277.2109277,1.184,,
320,,HIP 4829,15.50758508,-57.00238736,6.1,5.877502,G8/K0III,295,6192,ω Phoenicis,Phoenix,367.9465488,0.935,,
321,,HIP 4844,15.57695715,51.03494746,6.49,6.454973,A3V,287,6028,,Cassiopeia,631.7816968,0.122,,
322,,HIP 4852,15.61012941,-31.55201383,5.501,5.490139,A1/2IV,293,6178,σ Sculptoris,Sculptor,226.5462738,0.083,5.5,5.53
323,,HIP 4879,15.67877897,-65.45610155,6.275,5.297091,M2III,304,6311,CC Tuc,Tucana,802.9545885,1.634,6.19,6.29
324,,HIP 4889,15.70456995,31.80426168,5.5,5.489895,B9.5V,291,6118,σ Piscium,Pisces,414.2320357,-0.043,,
325,,HIP 4890,15.70495705,-46.39730927,5.387,5.150322,G8III,299,6245,,Phoenix,235.2094041,0.9,,
326,,HIP 4903,15.72606128,41.34521355,5.932,5.923484,kA3hA7VmA9,290,6116,39 And,Andromeda,343.519351,0.161,,
327,,HIP 4906,15.73586826,7.890133181,4.28,3.99718,G9IIIbFe-2,294,6186,ϵ Piscium,Pisces,190.1985601,0.952,,
328,,HIP 4914,15.76057063,-4.836599219,5.408,5.078527,K0/1III,296,6203,25 Cet,Cetus,410.0624945,1.106,,
329,,HIP 4932,15.82372444,-29.52584649,6.283,6.031183,G8IIICNIV,300,6269,,Sculptor,365.0614416,0.932,,
330,,HIP 4962,15.90418082,61.0748226,6,5.841658,F0II,292,6130,,Cassiopeia,1509.259916,0.512,,
331,,HIP 4979,15.95428421,1.366847257,6.065,6.040748,A8IV,301,6288,26 Cet,Cetus,184.5978783,0.271,,
332,,HIP 4998,16.00996052,52.50216184,5.977,5.454766,K2,298,6211,,Cassiopeia,990.8806071,1.447,,
333,,HIP 5021,16.08104619,61.58018395,5.833,5.692847,F6V,297,6210,,Cassiopeia,261.4276344,0.569,,
334,,HIP 5034,16.115102,29.65878665,6.202,6.093673,F7IV-V,303,6301,,Pisces,136.859725,0.443,,
335,,HIP 5042,16.13572745,-33.532865,6.46,6.172863,K0III,,6403,,Sculptor,517.4599776,1.071,,
336,,HIP 5074,16.21932464,5.656264734,6.007,5.452981,K5III,307,6386,73 Psc,Pisces,721.2393865,1.525,,
337,,HIP 5081,16.2723164,14.94613496,5.631,5.532618,F4V((Sr)),308,6397,72 Psc,Pisces,178.3370456,0.42,,
338,,HIP 5121,16.40367813,-9.979322742,6.088,5.824743,K0III,315,6482,27 Cet,Cetus,308.128778,1.012,,
339,,HIP 5131,16.42060054,21.4731919,5.273,5.283986,A0IV-Vnn,310,6456,ψ 1 Piscium A,Pisces,238.4785255,0.003,,
340,,HIP 5132,16.42379629,21.46544778,5.455,5.548961,B9IVn,311,6457,ψ 1 Piscium B,Pisces,222.2222036,-0.048,,
341,,HIP 5165,16.52099799,-46.71841069,3.3,,G8III,322,6595,β Phoenicis,Phoenix,198.0558227,0.885,,
342,,HIP 5165,16.52103212,-46.718404,4.09,,~,322,6595B,* bet Phe B,Phoenix,198.0558227,0.885,,
343,,HIP 5165,16.52123031,-46.71849869,4,,~,322,6595,* bet Phe A,Phoenix,198.0558227,0.885,,
344,,HIP 5164,16.52145268,-9.83935521,5.565,5.572083,A0V,317,6530,28 Cet,Cetus,594.8915219,0.009,,
345,,HIP 5170,16.53214248,-23.99248441,6.114,5.840089,K1III,320,6559,106 G. Cet,Cetus,350.1599752,1.076,,
346,,HIP 5175,16.54667081,32.1814886,6.26,5.8722,K0,,6476,76 Psc,Pisces,582.1416565,1.308,,
347,,HIP 5204,16.64011065,12.95603738,6.144,5.88307,G8III,319,6557,75 Psc,Pisces,365.8796975,0.962,,
348,,HIP 5240,16.75072711,56.93497185,6.401,6.060689,K2III-IV,316,6497,,Cassiopeia,317.7389379,1.188,,
349,,HIP 5251,16.78940997,53.49818484,6.29,5.770167,K2III,318,6540,,Cassiopeia,1358.3349,1.499,,
350,,HIP 5259,16.803851,-23.99633496,6.353,6.326978,A3III,325,6668,108 G. Cet,Cetus,233.5243049,0.238,,
351,,HIP 5268,16.82776801,-61.77528842,5.342,5.1259,G5III,332,6793,ι Tucanae,Tucana,279.1095617,0.884,,
352,,HIP 5296,16.94253648,-9.785550681,5.705,5.608706,F5V,329,6706,30 Cet,Cetus,155.4603146,0.446,,
353,,HIP 5300,16.94926387,-41.48684314,5.207,5.151671,A1(V)+F1(V),331,6767,υ Phoenicis,Phoenix,197.8155594,0.159,,
354,,HIP 5310,16.98818325,20.73906955,5.563,5.54293,A3V,328,6695,ψ 2 Piscium,Pisces,161.1467334,0.121,,
355,,HIP 5336,17.06792894,54.92015589,5.17,4.948012,G5Vb,321,6582,μ Cassiopeiae,Cassiopeia,24.62235352,0.704,,
356,,HIP 5346,17.09255598,5.649850695,5.501,5.421196,F2V,330,6763,80 Psc,Pisces,117.0975975,0.334,,
357,Wurren,HIP 5348,17.0961691,-55.24576,4.014,4.032716,B6V+B9V,338,6882,ζ Phoenicis,Phoenix,279.5884542,-0.12,3.91,4.42
358,,HIP 5361,17.13944276,58.26345139,5.767,5.746417,B8V,326,6676,,Cassiopeia,566.9565744,-0.019,,
359,,HIP 5364,17.14746389,-10.18226443,3.45,3.132648,K2-IIIb,334,6805,η Ceti,Cetus,117.5621489,1.161,,
360,,HIP 5372,17.18699431,86.25709067,4.225,3.880371,K2III,285,5848,2 UMi,Cepheus,312.5601064,1.213,,
361,,HIP 5412,17.30077449,80.01158159,6.23,5.989373,~,312,6473,,Cepheus,467.7188831,0.922,,
362,,HIP 5434,17.3755086,47.24179659,4.294,,~,335,6811A,* phi And A,Andromeda,735.8930938,0.012,,
363,,HIP 5434,17.3755234,47.24179429,4.25,,B5IIIe,335,6811,ϕ Andromedae,Andromeda,735.8930938,0.012,,
364,,HIP 5434,17.3756358,47.24172966,5.62,,~,335,6811B,* phi And B,Andromeda,735.8930938,0.012,,
365,Mirach,HIP 5447,17.43301617,35.62055765,2.05,,M0+IIIa,337,6860,β Andromedae,Andromeda,199.26658,1.576,,
366,,HIP 5454,17.45500374,19.65840691,5.562,5.389902,F9IIIa,339,6903,ψ 3 Piscium,Pisces,402.9654709,0.697,,
367,,HIP 5477,17.53072084,-57.69438958,6.418,6.180314,G6II/III,350,7082,,Phoenix,412.6574651,0.888,,
368,,HIP 5483,17.54767349,15.67391059,6.043,5.474261,M0III,344,6966,,Pisces,557.2645868,1.535,,
369,,HIP 5485,17.54977388,-8.906134656,6.394,6.129053,K0III,346,6976,32 Cet,Cetus,364.6539383,1.029,,
370,,HIP 5493,17.57808504,42.081475,5.665,5.521446,F8V,340,6920,44 And,Andromeda,171.7596687,0.603,,
371,,HIP 5494,17.5810423,25.45776216,5.797,5.23482,K5III-IIIb,341,6953,,Pisces,359.8226155,1.466,,
372,,HIP 5510,17.63980434,2.44567434,5.942,5.404278,K4/5III,347,7014,33 Cet,Cetus,898.0716306,1.491,,
373,,HIP 5518,17.66384336,68.77862268,5.309,5.318598,A0Vnn,336,6829,31 Cas,Cassiopeia,317.7389402,-0.014,,
374,,HIP 5542,17.77567539,55.14989972,4.33,4.288004,A7V,343,6961,θ Cassiopeiae,Cassiopeia,137.3790462,0.17,,
375,,HIP 5544,17.77818049,31.42472935,5.152,5.08214,F0V,349,7034,82 Psc,Pisces,560.1366484,0.261,,
376,,HIP 5550,17.79282142,37.72412445,5.786,5.775824,B7III-IV,348,7019,45 And,Andromeda,915.7310578,-0.095,,
377,,HIP 5566,17.85654613,64.20267788,5.548,5.546751,B9.5V,342,6960,,Cassiopeia,409.5474185,-0.052,,
378,,HIP 5571,17.86341123,21.03464917,4.658,4.390534,G8.5III,351,7087,χ Piscium,Pisces,439.3536041,1.024,,
379,,HIP 5575,17.87071873,10.29190763,6.493,6.269106,G5,,7107,112 G. Psc,Pisces,411.617514,0.891,,
380,,HIP 5586,17.91507153,30.08963793,4.511,4.198022,K0.5IIIb,352,7106,τ Piscium,Pisces,162.1084341,1.092,,
381,,HIP 5589,17.92251006,65.01885383,5.564,5.553751,B9IV,345,6972,32 Cas,Cassiopeia,362.6262216,-0.072,5.5,5.6
382,,HIP 5594,17.9312839,-2.251078022,5.918,5.439602,K3III,353,7147,34 Cet,Cetus,440.5402452,1.403,,
383,,HIP 5626,18.07006799,79.67396377,5.6,5.584767,A3V,333,6798,,Cepheus,272.1204421,0.008,,
384,,HIP 5650,18.14201197,45.3375294,6.11,5.338117,M1III,355,7158,,Andromeda,698.0738198,1.652,,
385,,HIP 5661,18.189302,-37.85647767,5.934,5.89374,A9(IV)(+F/G),359,7312,AI Scl,Sculptor,239.3538416,0.281,5.89,5.98
386,,HIP 5679,18.24781097,30.06422783,6.23,5.953257,G9III,356,7229,,Pisces,340.2919486,0.98,,
387,Revati,HIP 5737,18.43285834,7.575359937,5.19,5.156254,A7IV,361,7344,ζ Piscium A,Pisces,147.5782824,0.32,,
388,,HIP 5742,18.43727524,24.58369762,4.66,4.391385,K0III,360,7318,ϕ Piscium,Pisces,377.3157817,1.047,,
389,,HIP 5743,18.43856123,7.57824453,6.1,6.175464,F7V,362,7345,ζ Piscium B,Pisces,195.3265417,0.492,,
390,,HIP 5772,18.5204381,28.52956902,6.347,5.362747,S3+/2-,363,7351,DT Psc,Pisces,1015.575113,1.684,,
391,,HIP 5778,18.53178401,16.13347624,5.962,5.949185,B8III,364,7374,87 Psc,Pisces,499.999406,-0.082,,
392,,HIP 5799,18.60016957,-7.922825824,5.13,5.016975,F5V,366,7439,37 Cet,Cetus,79.49283278,0.448,,
393,,HIP 5824,18.67663317,6.995138177,6.022,5.760222,G6III:,367,7446,88 Psc,Pisces,461.104332,1.081,,
394,,HIP 5833,18.70488542,-0.9737944362,5.69,5.58188,F3V,368,7476,38 Cet,Cetus,143.0452512,0.428,,
395,,HIP 5862,18.79633928,-45.53166461,4.96,4.82792,F9VFe+0.4,370,7570,ν Phoenicis,Phoenix,49.07409428,0.571,,
396,,HIP 5896,18.94203793,-68.87594481,4.95,4.829754,F6V,377,7788,κ Tucanae,Tucana,66.61225451,0.48,,
397,,HIP 5926,19.04959132,71.74384036,5.86,4.952493,K5,365,7389,V762 Cas,Cassiopeia,14818.17236,2.042,,
398,,HIP 5928,19.05503801,87.14549672,6.188,5.903064,K2III:,306,6319,,Cepheus,325.6744393,1.114,,
399,,HIP 5936,19.07884266,33.11471922,6.026,5.72535,K1III,371,7578,,Pisces,314.6719255,1.163,,
400,,HIP 5947,19.1286699,79.91001823,6.261,6.165589,F5Vs,357,7238,,Cepheus,235.5490969,0.44,,
401,,HIP 5951,19.15119977,-2.500369062,5.428,5.280871,G6III:eFe-2,373,7672,39 Cet,Cetus,255.8869322,0.888,5.35,5.58
402,,HIP 5992,19.26565794,-66.39785519,6.24,,A0V,380,7916,,Tucana,336.4288596,0.052,,
403,,,19.26565951,-66.39785297,6.41,6.414182,~,380,7916A,,Tucana,336.4288597,0.052,,
404,,HIP 5993,19.27110243,44.90199206,6.11,5.438884,K5,372,7647,,Andromeda,589.5125204,1.59,,
405,,HIP 6025,19.35046653,31.74461861,6.36,6.046234,K0,374,7724,,Pisces,276.7401816,1.132,,
406,,HIP 6061,19.44981856,3.614469093,5.137,5.123138,A1V,378,7804,89 Psc,Pisces,219.8247987,0.071,,
407,,HIP 6087,19.54228507,47.41970597,6.246,5.871308,K0,376,7758,,Andromeda,1530.518382,1.357,,
408,,HIP 6140,19.69587388,37.38627873,6.497,6.471381,A5m,379,7853,,Andromeda,455.9437511,0.233,,
409,,HIP 6193,19.86664022,27.26405866,4.748,4.72607,A3V,383,7964,υ Piscium,Pisces,310.7723116,0.032,,
410,,,19.887,58.278,6.4,,Open Cluster,,,NGC 457,Cassiopeia,,,,
411,,HIP 6226,19.95123289,-0.50903151,5.87,,G8IV+A(8),385,8036,42 Cet,Cetus,394.1960681,0.635,,
412,,HIP 6226,19.95123488,-0.5090259745,6.45,,G9III-IV,385,8036A,* 42 Cet A,Cetus,394.1960681,0.635,,
413,,HIP 6242,20.02048528,58.23161323,4.98,4.736113,F0Ia,382,7927,ϕ Cassiopeiae,Cassiopeia,2328.573193,0.683,,
414,,HIP 6261,20.08082529,77.57068563,6.318,6.070972,G5III,375,7732,,Cassiopeia,379.0696703,0.912,,
415,,HIP 6272,20.11586633,-11.23899664,6.147,5.862372,K0/1III,388,8121,128 G. Cet,Cetus,382.1797047,1.102,,
416,,HIP 6283,20.14405003,-3.246991535,6.246,5.988616,K0III,387,8120,127 G. Cet,Cetus,528.3646769,1.013,,
417,,HIP 6312,20.27194279,64.6581319,6.322,6.317571,A2Vnn,384,8003,35 Cas,Cassiopeia,238.4785305,0.113,,
418,,HIP 6315,20.2807209,28.7382072,5.223,4.749115,K5III,389,8126,91 Psc,Pisces,343.5193496,1.396,,
419,,HIP 6378,20.49626154,76.23880807,6.38,6.307611,F0IVn,381,7925,,Cassiopeia,250.0000292,0.283,,
420,Adhil,HIP 6411,20.58508365,45.52877674,4.868,4.57383,K0-IIIb,390,8207,ξ Andromedae,Andromeda,195.4435776,1.077,,
421,,HIP 6427,20.62700454,-19.08120634,6.487,,~,394,8350A,133 G. Cet,Cetus,193.8168375,0.493,,
422,,HIP 6432,20.65397246,1.726332844,6.201,5.612227,K5III,392,8334,131 G. Cet,Cetus,838.0452287,1.482,,
423,,HIP 6486,20.83924878,58.14299409,6.35,,F4V,391,8272,,Cassiopeia,188.0045829,0.457,,
424,,HIP 6492,20.85395388,20.46896843,5.971,5.193342,K5,397,8388,,Pisces,827.4111045,1.677,,
425,,HIP 6502,20.87899119,-30.94561643,5.819,5.089226,M0III,400,8498,,Sculptor,888.2851111,1.612,,
426,,HIP 6512,20.90613023,34.24586521,6.28,6.062955,G8IV,396,8375,,Andromeda,191.990583,0.829,,
427,,HIP 6514,20.91923451,37.71494427,5.587,5.539442,A2Vm,395,8374,47 And,Andromeda,211.2767504,0.276,,
428,,HIP 6522,20.94500702,78.72605786,6.064,5.941478,A0Iab,386,8065,,Cepheus,32600.01181,0.389,,
429,,HIP 6537,21.00584701,-8.183260897,3.59,3.318579,K0IIIb,402,8512,θ Ceti,Cetus,114.4664513,1.065,,
430,,HIP 6539,21.01057835,-8.007414644,6.21,6.171617,A9V,401,8511,44 Cet,Cetus,219.8247995,0.235,6.2,6.22
431,,HIP 6564,21.08542557,-6.914659298,5.92,6.269984,F4V,404,8556,137 G. Cet,Cetus,145.9919666,0.407,,
432,,HIP 6589,21.16639738,-15.66046568,6.183,5.953861,G8III/IV,405,8589,139 G. Cet,Cetus,334.0164477,0.924,,
433,,HIP 6592,21.16994389,-41.49254564,5.417,5.129308,K0III,408,8651,,Phoenix,246.5962608,1.03,,
434,,HIP 6595,21.17464248,-44.52857653,6.247,5.950671,K1II,411,8681,,Phoenix,612.7824142,1.122,,
435,,HIP 6605,21.20283755,-2.848589819,6.164,5.908588,K0III,406,8599,138 G. Cet,Cetus,267.8720004,0.959,,
436,,HIP 6631,21.27211074,-64.36947606,5.9,5.277129,K5III,420,8810,,Hydrus,1009.289843,1.561,,
437,,HIP 6669,21.39865423,23.51151669,6.187,6.078594,F6V,407,8634,,Pisces,250.5767155,0.447,,
438,,HIP 6670,21.40516435,-14.59878516,4.907,4.511536,K2+III-IIIbCN0.5,412,8705,46 Cet,Cetus,288.240489,1.231,,
439,,HIP 6685,21.44304697,70.97989908,6.36,6.331118,A0Vnn,398,8424,,Cassiopeia,514.1967177,-0.011,,
440,Ruchbah,HIP 6686,21.45396446,60.23528403,2.68,2.68053,A5IV,403,8538,δ Cassiopeiae,Cassiopeia,99.4077314,0.13,2.68,2.76
441,,HIP 6687,21.46818786,-3.927389489,6.5,6.080184,K4/5III,,8713,,Cetus,329.9610049,1.348,,
442,,HIP 6692,21.48342997,68.1300138,4.727,4.443987,K0III-IIIbCN0.5,399,8491,ψ Cassiopeiae,Cassiopeia,193.0135767,1.047,,
443,,HIP 6702,21.53660987,34.57970327,6.34,6.237758,F7V,410,8673,,Andromeda,124.7874608,0.474,,
444,,HIP 6706,21.56359332,19.17234739,5.344,5.240692,F2V,413,8723,ρ Piscium,Pisces,85.00647141,0.395,,
445,,HIP 6711,21.57785955,43.45774165,5.978,5.854733,F7V,409,8671,,Andromeda,134.6549872,0.52,,
446,,HIP 6714,21.59832221,20.07080687,6.439,6.203115,K0,,8733,,Pisces,304.3885769,0.947,,
447,,HIP 6717,21.6139455,-0.3990322853,6.426,6.042298,K1III,416,8779,144 G. Cet,Cetus,693.6173964,1.241,,
448,,HIP 6732,21.67366314,19.24042391,5.495,5.189662,K1III,414,8763,94 Psc,Pisces,306.6793797,1.106,,
449,,HIP 6748,21.7148532,-13.0565111,5.505,5.4357,F0.5V,421,8829,47 Cet,Cetus,118.3302052,0.321,,
450,,HIP 6759,21.74205799,-32.54317757,5.72,4.81754,C-N5+,423,8879,R Scl,Sculptor,1545.025389,2.45,,
451,,HIP 6789,21.84712534,-22.33823201,6.41,6.146472,K0/1III,,8896,148 G. Cet,Cetus,386.7143678,1.122,,
452,,HIP 6794,21.86113703,41.10116051,6.425,6.362264,A7m,418,8801,V529 And,Andromeda,182.0211741,0.311,,
453,,HIP 6813,21.91408631,45.40668476,4.83,4.69429,F4IV,417,8799,ω Andromedae,Andromeda,92.27301613,0.421,,
454,,HIP 6822,21.9439268,-10.90158186,6.21,5.752738,K3III,425,8921,149 G. Cet,Cetus,356.2855152,1.32,,
455,,HIP 6867,22.09136952,-43.31823474,3.42,2.760341,M0III,429,9053,γ Phoenicis,Phoenix,233.8594366,1.542,3.39,3.49
456,,HIP 6868,22.09548234,7.96135526,6.214,5.927346,K1III,426,8949,118 G. Psc,Pisces,366.7044775,1.114,,
457,,HIP 6952,22.37724497,-46.75642131,6.28,5.186196,M2III,435,9184,AW Phe,Phoenix,981.9286484,1.658,6.22,6.37
458,,HIP 6960,22.40056538,-21.6293361,5.104,5.107683,A0V,433,9132,48 Cet,Cetus,221.4675158,0.028,,
459,,HIP 6971,22.42840317,-25.61775563,6.37,6.076473,K1III,,9151,,Sculptor,588.4465014,1.141,,
460,,HIP 6981,22.47026128,18.35566873,6.023,5.987619,A3Vb_lB,432,9100,97 Psc,Pisces,378.6295617,0.162,5.9,6.02
461,,HIP 6999,22.52542296,47.00727253,5.261,5.011265,K0III,430,9057,49 And,Andromeda,289.5203658,0.999,,
462,,HIP 7007,22.54631261,6.143821712,4.84,4.346833,K3III,434,9138,μ Piscium,Pisces,360.2203352,1.372,,
463,,HIP 7016,22.59543738,-26.20785163,5.926,5.500119,K2III,436,9228,,Sculptor,443.536189,1.327,,
464,,HIP 7050,22.71716567,66.09808844,6.137,6.134582,A2Vs,428,9030,,Cassiopeia,282.4957187,0.07,,
465,,HIP 7083,22.81293373,-49.07270281,3.935,3.670876,G8.5IIIb,440,9362,δ Phoenicis,Phoenix,147.1782885,0.972,,
466,Alpherg,HIP 7097,22.87086745,15.34583184,3.62,3.382859,G7IIIa,437,9270,η Piscium,Pisces,293.958529,0.974,,
467,,HIP 7115,22.91252524,-45.57571458,6.17,6.155403,A1V,443,9414,,Phoenix,319.29494,0.066,,
468,,HIP 7118,22.93022665,-30.2830979,5.788,5.499884,K0III,441,9377,,Sculptor,303.538373,1.073,,
469,,HIP 7147,23.0315746,34.79996322,6.373,6.364553,B7IIIp(HgMn),438,9298,,Triangulum,936.7808849,-0.103,,
470,,HIP 7189,23.1515297,-49.72771379,6.26,6.16199,F5V,447,9544,,Phoenix,262.6915405,0.462,,
471,,HIP 7213,23.23351866,-36.86523481,5.493,5.192715,K1/2III,445,9525,,Sculptor,265.2565064,1.021,,
472,,,23.326158,8.208736,6.33,,~,,9496A,,Pisces,584.2280563,0.8,,
473,,HIP 7243,23.32615808,8.20873647,6.33,,K0III,,9496,121 G. Psc,Pisces,584.2280562,0.8,,
474,,HIP 7251,23.35711493,58.32734699,5.709,5.076425,K3Ib-II+B7/8:,439,9352,,Cassiopeia,1952.095216,1.435,,
475,,HIP 7271,23.41321286,-78.50481979,6.103,5.853746,K0III,467,10042,,Hydrus,440.5402605,0.97,,
476,,HIP 7276,23.42848216,-7.025344112,5.76,5.601216,G1V,448,9562,165 G. Cet,Cetus,96.70726859,0.639,,
477,,HIP 7283,23.46129206,89.01563836,6.47,6.458982,A1,286,5914,,UrsaMinor,321.1824842,0.107,,
478,,,23.46206906,30.66017511,5.72,,Galaxy,,,M 33,Triangulum,,,,
479,,HIP 7294,23.48283949,59.23205391,4.681,4.407999,G9IIIb,442,9408,χ Cassiopeiae,Cassiopeia,204.2605789,0.991,,
480,,HIP 7321,23.5692499,37.23716473,5.91,5.887056,B9IV,446,9531,KK And,Andromeda,391.8260476,-0.067,5.91,5.922
481,,HIP 7345,23.65741116,-15.67636074,5.607,5.611201,A1V,451,9672,49 Cet,Cetus,199.7549289,0.066,,
482,,HIP 7359,23.70443835,18.46051162,5.903,5.162082,M2III,450,9640,,Pisces,597.0692008,1.536,,
483,,HIP 7361,23.71159966,-31.89231568,6.11,5.807089,K0/1III,453,9742,,Sculptor,367.5325225,1.109,,
484,,HIP 7362,23.71382703,-3.523886306,6.43,6.01541,K2III,,9690,166 G. Cet,Cetus,819.094842,1.341,,
485,,HIP 7363,23.71488198,-23.69968144,6.4,5.986789,K2III,,9731,168 G. Cet,Cetus,990.8806068,1.306,,
486,,HIP 7387,23.81259639,-58.13947441,6.01,5.936207,F3V,460,9896,,Hydrus,131.8771492,0.382,,
487,,HIP 7436,23.94350972,14.66142146,6.219,6.210895,B9.5III,455,9766,101 Psc,Pisces,2295.774316,-0.036,,
488,,HIP 7443,23.96069282,-39.94712375,6.43,6.330654,F5VFe-0.7,,9895,,Phoenix,122.8335755,0.415,,
489,,HIP 7444,23.96906552,41.07641872,6.386,6.079334,G9III-IV,452,9712,,Andromeda,387.6336865,1.122,,
490,,HIP 7450,23.99570722,-15.40018228,5.402,5.035686,K1.5III,459,9856,50 Cet,Cetus,548.8211854,1.226,,
491,,HIP 7463,24.03544563,-29.90730307,5.93,5.8558,~,462,9906,* tau Scl A,Sculptor,202.1080003,0.335,,
492,,HIP 7493,24.11333578,48.7227779,6.22,5.480146,K1III:,454,9746,OP And,Andromeda,419.5621391,1.237,,
493,,HIP 7505,24.18135909,7.83152809,6.42,5.338531,M0,,9889,CY Psc,Pisces,905.5565926,1.605,,
494,,HIP 7506,24.18662181,-58.270985,6.205,5.191002,M3III,468,10052,,Hydrus,804.9399271,1.607,,
495,Titawin,HIP 7513,24.19933977,41.40545871,4.1,3.966133,F9V,458,9826,υ Andromedae,Andromeda,43.90568198,0.536,,
496,,HIP 7535,24.27469244,12.14178295,5.535,5.441884,F0V,463,9919,π Piscium,Pisces,110.2095403,0.347,,
497,,HIP 7568,24.36681872,-84.76961693,5.667,5.424797,G8III,525,11025,,Octans,364.6539547,0.939,,
498,,HIP 7580,24.40710927,-9.403822082,6.24,6.127653,F8.5VFe-0.5,466,10009,170 G. Cet,Cetus,124.6653649,0.528,,
499,Achernar,HIP 7588,24.42852283,-57.23675281,0.46,,B6Vpe,472,10144,α Eridani,Eridanus,140.1800459,-0.158,,
500,,HIP 7597,24.4669521,-3.440678756,6.44,5.715934,M0III,,10024,171 G. Cet,Cetus,895.6038097,1.568,,
501,,HIP 7601,24.48148621,-82.97499629,5.87,5.702851,G1V,512,10800,,Octans,88.44285612,0.62,,
502,Nembus,HIP 7607,24.49815843,48.62821196,3.57,3.209563,K3-IIICN0.5,464,9927,υ Persei,Andromeda,173.774024,1.275,,
503,,HIP 7617,24.53152709,57.97763203,5.536,5.10205,K0II_CN+2,461,9900,,Cassiopeia,1139.859402,1.388,,
504,,HIP 7643,24.61451626,-36.52825019,5.939,5.659163,K0III,471,10142,,Sculptor,322.7723812,1.045,,
505,,HIP 7650,24.6288246,73.04003822,5.281,5.026896,G7III-IIIb,456,9774,40 Cas,Cassiopeia,446.5745136,0.972,,
506,,HIP 7651,24.63260634,45.39970435,6.38,6.364588,A2:VpSiSrCrEu,465,9996,GY And,Andromeda,454.6723513,-0.021,6.27,6.44
507,,HIP 7679,24.71578563,-21.27538486,5.58,5.498285,F0V,473,10148,172 G. Cet,Cetus,229.4160505,0.346,,
508,,HIP 7719,24.83745239,44.38617498,5.008,4.772018,G8III,469,10072,χ Andromedae,Andromeda,242.1991662,0.883,,
509,,HIP 7740,24.92007644,16.40585514,5.979,5.660791,K2III,475,10164,105 Psc,Pisces,454.0399089,1.119,,
510,,HIP 7751,24.9481863,-56.19644811,5.797,,K2V,487,10361,* p Eri B,Eridanus,26.71,,,
511,,HIP 7751,24.94921957,-56.19331786,5.685,,K2V,486,10360,* p Eri A,Eridanus,26.71,,,
512,,HIP 7786,25.05458717,53.86827764,6.37,5.662336,K5III,470,10110,,Perseus,616.2575712,1.608,,
513,,HIP 7818,25.14506744,40.57703881,4.94,4.926168,B8III,477,10205,τ Andromedae,Andromeda,680.5839125,-0.068,,
514,,HIP 7819,25.14555366,8.760788639,6.345,6.24609,F2,,10262,124 G. Psc,Pisces,181.2117141,0.401,,
515,,HIP 7825,25.16523941,43.29767009,5.629,5.597114,A7III+,476,10204,,Andromeda,268.3127535,0.214,,
516,,HIP 7874,25.32656543,25.74571268,6.202,6.086516,F7V,484,10308,,Pisces,182.5307108,0.459,,
517,,HIP 7879,25.339467,-79.148206,6.46,6.113564,~,516,10859,* tau01 Hyi A,Hydrus,394.6720442,0.947,,
518,,HIP 7884,25.35789226,5.487611635,4.44,3.970141,K3III,489,10380,ν Piscium,Pisces,367.9465379,1.347,,
519,,HIP 7886,25.36383991,-38.13282666,6.183,6.102385,F3/5IV/V,494,10481,,Sculptor,136.573176,0.404,,
520,,HIP 7906,25.41348608,30.04712008,5.961,5.699458,K0IIICN+2,485,10348,,Triangulum,523.2758145,1.015,,
521,,,25.436771,-11.324678,6.14,,F5V,492,10453A,,Cetus,121.505772,0.443,,
522,,HIP 7918,25.44636189,42.61339488,4.96,4.800438,G1V,483,10307,41 H. And,Andromeda,41.21878911,0.618,,
523,,HIP 7921,25.44986701,-60.78933743,5.692,5.325631,K2/3III,505,10615,,Hydrus,370.8772904,1.264,,
524,,HIP 7941,25.51247424,-36.83230375,5.698,5.696486,A0V,498,10538,,Sculptor,304.3885825,-0.01,,
525,,HIP 7943,25.51454018,35.24570525,5.64,5.619659,B9V,490,10390,,Triangulum,258.524925,-0.059,,
526,,HIP 7955,25.53595557,-32.32698755,5.256,4.958862,K1II/III,497,10537,π Sculptoris,Sculptor,217.0440219,1.044,,
527,,HIP 7963,25.57375596,58.62773669,6.348,6.332971,B7III,482,10293,,Cassiopeia,1455.359056,-0.027,,
528,,HIP 7965,25.58552893,68.04302514,5.59,5.545116,A0VpSiSrEuHgMn,478,10221,43 Cas,Cassiopeia,444.1425516,-0.049,5.55,5.64
529,,HIP 7978,25.62214382,-53.74083096,5.52,5.383109,F9V,506,10647,,Eridanus,56.58814625,0.551,,
530,,HIP 7981,25.62401052,20.26851268,5.24,4.99968,K1V,493,10476,107 Psc,Pisces,24.34469523,0.836,,
531,,HIP 7999,25.68129814,-3.690199539,4.982,4.582967,K2/3IIICNII,500,10550,175 G. Cet,Cetus,1202.953461,1.378,,
532,,HIP 8016,25.73276365,70.62252558,5.174,5.169517,B9V,480,10250,42 Cas,Cassiopeia,280.5508029,-0.022,,
533,,HIP 8020,25.74300107,61.42107332,6.323,6.295097,B7III,488,10362,,Cassiopeia,1021.94516,0.013,,
534,,HIP 8044,25.81876638,45.32264919,6.32,6.088524,K0,495,10486,,Andromeda,180.709676,1.02,,
535,,HIP 8046,25.83231946,60.55133248,5.76,5.76202,B8IIIn,491,10425,44 Cas,Cassiopeia,913.16544,-0.01,,
536,,HIP 8068,25.9151582,50.68873142,4.06,4.081212,B1.5V:e-shell,496,10516,ϕ Persei,Perseus,716.483047,-0.098,3.96,4.11
537,,HIP 8086,25.95892848,32.19201634,6.3,6.079633,G8III-IV,503,10588,,Triangulum,460.4523319,0.879,,
538,,HIP 8094,25.97831704,-4.765514327,6.19,5.613664,K4III,507,10658,176 G. Cet,Cetus,716.4830448,1.537,,
539,,,26.008,61.883,6.5,,Open Cluster,,,NGC 654,Cassiopeia,,,,
540,,HIP 8102,26.01701307,-15.93747989,3.5,3.3004,G8V,509,10700,τ Ceti,Cetus,11.89041699,0.727,,
541,,,26.07484443,57.53660656,6.28,,A3V,499,10543A,,Cassiopeia,258.115798,0.131,,
542,,HIP 8127,26.11052776,46.13969242,6.31,5.837933,K5III,504,10597,,Andromeda,539.7355622,1.419,,
543,,HIP 8148,26.19238033,57.08923239,6.24,6.228676,A2V,502,10587,,Cassiopeia,560.1366514,0.062,,
544,,HIP 8159,26.23260631,20.08314914,6.279,6.109562,G3Va,508,10697,109 Psc,Pisces,106.327002,0.706,,
545,Torcular,HIP 8198,26.3484384,9.157750733,4.26,4.01252,G8III,510,10761,ο Piscium,Pisces,258.1157939,0.942,,
546,,HIP 8209,26.41148801,-25.05261174,5.31,,F1V+K1V,514,10830,ϵ Sculptoris,Sculptor,89.41301829,0.395,,
547,,HIP 8209,26.41152939,-25.05261468,5.34,,F1V,514,10830A,* eps Scl A,Sculptor,89.41301829,0.395,,
548,,HIP 8210,26.4272181,8.559249462,6.43,,B8VpSi,,10783,,Pisces,607.0774044,-0.026,6.43,6.65
549,,HIP 8230,26.49691601,-5.73329954,5.34,4.78003,K5III,513,10824,179 G. Cet,Cetus,509.3751698,1.517,,
550,,HIP 8233,26.50440853,-27.34883114,6.385,6.298695,F2V,517,10863,,Fornax,140.7599933,0.366,,
551,,HIP 8240,26.52485575,-50.81625447,5.49,4.579866,M2III,519,10934,,Phoenix,679.1658195,1.615,,
552,,HIP 8241,26.52609583,-53.5220357,5.033,5.02311,A1V,520,10939,,Eridanus,185.8608115,0.031,,
553,,HIP 8320,26.81959746,-41.75992372,6.165,5.550053,K5/M0III,524,11022,,Phoenix,563.0413153,1.544,,
554,,HIP 8362,26.93681015,63.85250306,5.63,5.410397,K0V,511,10780,,Cassiopeia,32.52195714,0.804,5.63,5.68
555,,HIP 8366,26.94352856,-80.17630878,6.04,5.974536,F0IV,550,11604,τ 2 Hydri,Hydrus,202.1080125,0.338,,
556,,HIP 8369,26.94903522,-37.15948384,6.32,6.071343,K0III,528,11050,,Fornax,557.2645922,1.016,,
557,,HIP 8370,26.95006028,46.22974887,6.317,6.224717,F6V,518,10874,,Andromeda,190.0873955,0.461,,
558,,,27.031,71.738,5.7,,Open Cluster,,,Cl Collinder 463,Cassiopeia,,,,
559,,HIP 8387,27.04551537,16.95551597,5.841,5.846977,B9.5V,522,10982,4 Ari,Aries,286.7193702,-0.039,,
560,,HIP 8404,27.10841423,3.685449663,5.904,5.655206,K0III,527,11037,131 G. Psc,Pisces,327.6398833,0.97,,
561,,HIP 8423,27.16218821,37.95287025,5.929,5.677516,K0III,521,10975,,Andromeda,308.4202213,0.975,,
562,,HIP 8475,27.31471241,47.89691658,6.46,,A2.5V,526,11031A,,Perseus,331.3008669,0.17,,
563,,HIP 8480,27.33092044,-31.07246155,6.348,5.999063,K2/3III,532,11183,,Fornax,443.5361897,1.222,,
564,,HIP 8497,27.39626153,-10.68640861,4.68,4.568229,F0V,531,11171,χ Ceti,Cetus,76.97774164,0.333,,
565,,HIP 8514,27.45358831,-38.40282898,6.37,6.244002,F9VFe-0.5,535,11262,,Fornax,88.37079853,0.523,,
566,,HIP 8544,27.53570767,22.2753361,5.86,,G3III+A3IV,530,11154,1 Ari A,Aries,573.9427524,0.743,,
567,,HIP 8544,27.53571255,22.27533611,6.2,,K0III+,530,11154,* 1 Ari A,Aries,573.9427524,0.743,,
568,,HIP 8552,27.58409001,-47.81639065,6.14,5.901974,K0III,537,11332,,Phoenix,490.2259303,0.998,,
569,,HIP 8588,27.71655254,11.04337833,5.922,5.847943,F0Vs,534,11257,54 Cet,Aries,138.9598166,0.302,,
570,,HIP 8593,27.72681339,-50.20613681,5.929,5.905222,F0VkA2mA2_lB,541,11413,BD Phe,Phoenix,243.8294996,0.154,5.9,5.94
571,,HIP 8598,27.73803387,51.9334177,5.951,5.855865,F5IV,529,11151,,Perseus,145.4058202,0.419,,
572,,HIP 8641,27.8598178,-39.83593564,6.43,6.153735,K1IIICNII,,11421,,Phoenix,449.6552137,1.094,,
573,Baten Kaitos,HIP 8645,27.86513062,-10.33503107,3.72,3.427763,K0.5III,539,11353,ζ Ceti,Cetus,258.9356855,1.136,,
574,,HIP 8664,27.90750062,-6.874139525,6.41,6.045026,K1III,,11365,186 G. Cet,Cetus,542.4283219,1.233,,
575,,HIP 8688,27.94207872,-15.64748073,6.45,5.631575,M2III,,11396,187 G. Cet,Cetus,804.939918,1.608,,
576,,HIP 8704,27.99716702,55.14738436,5.52,5.490368,B1.5V,533,11241,1 Per,Perseus,1028.390181,-0.175,5.49,5.85
577,,HIP 8714,28.03905129,50.79279281,5.689,5.683458,B9pHgMn,536,11291,2 Per,Perseus,491.7059655,-0.067,,
578,,HIP 8771,28.21135598,51.47483665,6.3,6.266432,A3V,538,11335,,Perseus,494.6888667,0.05,,
579,,HIP 8778,28.21713686,-16.92925063,5.782,5.728448,F0V,547,11522,BK Cet,Cetus,330.2935262,0.26,5.73,5.81
580,Mothallah,HIP 8796,28.27043924,29.57881867,3.42,3.305076,F5III,544,11443,α Trianguli,Triangulum,64.08508799,0.488,,
581,,HIP 8814,28.32226803,40.72979042,5.394,5.011029,K1III,543,11428,55 And,Andromeda,539.7355614,1.311,,
582,,HIP 8820,28.34655254,-38.59463166,6.086,5.787674,K1/2III,554,11643,,Fornax,378.1894676,1.125,,
583,Mesarthim,HIP 8832,28.38255387,19.29385555,4.52,,A2IVpSiSrCr,546,,* gam02 Ari,Aries,204.2605743,-0.047,4.62,4.66
584,,HIP 8832,28.38258001,19.295953,4.589,,A0Vnp_lB,545,11502,* gam01 Ari,Aries,204.2605743,-0.047,4.62,4.66
585,,HIP 8833,28.38890413,3.187532506,4.604,4.350665,G8.5IIIb,549,11559,ξ Piscium,Pisces,190.5320576,0.928,,
586,,HIP 8837,28.4114138,-46.30266927,4.41,3.213741,M4III,555,11695,ψ Phoenicis,Phoenix,321.1824807,1.597,4.3,4.5
587,,HIP 8847,28.45214391,55.59763847,6.437,6.423762,A3III,540,11408,,Perseus,239.5298789,0.185,,
588,,HIP 8882,28.59179965,-42.49692837,5.109,5.09613,A3V,558,11753,ϕ Phoenicis,Phoenix,309.0047454,-0.06,,
589,Segin,HIP 8886,28.59889203,63.67010007,3.37,3.354666,B3Vp_sh,542,11415,ϵ Cassiopeiae,Cassiopeia,465.6921271,-0.15,,
590,Sheratan,HIP 8903,28.66004579,20.80803147,2.65,,kA4hA5mA5Va,553,11636,β Arietis,Aries,59.55433788,0.165,,
591,,HIP 8922,28.72408436,40.70199775,6.248,5.858637,K2,551,11613,,Andromeda,344.9733108,1.262,,
592,,HIP 8928,28.73388102,-67.64730317,4.685,4.419435,G8IIIb,570,11977,η 2 Hydri,Hydrus,216.861452,0.931,,
593,,HIP 8930,28.74025495,37.12829634,6.267,5.955627,K0,552,11624,,Andromeda,524.9612356,1.169,,
594,,HIP 8983,28.94367509,-60.86097414,6.058,5.979588,F0IV/V,571,11995,,Hydrus,151.6278669,0.356,,
595,,HIP 8991,28.96062078,-78.34854617,6.146,6.052527,F5/6IV/V,593,12363,σ Hydri,Hydrus,134.7107476,0.448,,
596,,HIP 8993,28.96266019,23.57731542,5.749,5.405279,G8III,559,11763,7 Ari,Aries,521.6001734,1.185,,
597,,HIP 9001,28.97700293,37.27779046,5.867,5.198957,M0III,556,11727,,Andromeda,990.8806045,1.599,,
598,,HIP 9007,28.98941569,-51.60887759,3.71,3.471802,G8IIIbCNIV,566,11937,χ Eridani,Eridanus,57.00307025,0.844,,
599,,HIP 9009,29.00011792,68.68523998,4.968,4.938846,B5III,548,11529,ω Cassiopeiae,Cassiopeia,701.0762848,-0.084,,
600,,HIP 9022,29.03920243,-49.83644501,6.36,6.353268,B8/9V,,11965,9 G. Eri,Eridanus,635.4785434,-0.081,,
601,,HIP 9061,29.16751092,-22.52678469,4.85,4.407405,K3III,565,11930,56 Cet,Cetus,398.5318718,1.434,,
602,,HIP 9085,29.24993643,-51.76624585,6.1,5.973218,F8.5Fe-0.7,573,12042,10 G. Eri,Eridanus,85.85734074,0.487,,
603,,HIP 9094,29.29003093,-10.2424257,6.42,6.221883,G9VCN+1,,11964,,Cetus,110.8279629,0.82,,
604,,HIP 9095,29.29199839,-47.38527976,4.834,4.597268,G6III-IIIb,574,12055,,Phoenix,266.7759952,0.864,,
605,,HIP 9110,29.33773985,17.81755601,5.105,4.843748,G8III,563,11909,ι Arietis,Aries,658.5854229,0.921,,
606,,HIP 9132,29.43226737,27.8043772,5.85,4.951292,M2III,564,11928,,Triangulum,475.9112571,1.576,,
607,,HIP 9149,29.47218492,-65.42467714,6.357,6.135851,G8II/III,584,12270,,Hydrus,535.3052312,0.906,,
608,,HIP 9153,29.48215309,23.59606278,4.766,4.703514,F0V,569,11973,λ Arietis,Aries,133.1156126,0.29,,
609,,HIP 9163,29.49681501,47.09552226,6.45,6.151951,K0,,11884,,Andromeda,1139.8594,1.203,,
610,,HIP 9207,29.611167,-33.06679354,6.374,6.112202,K0III,576,12135,,Fornax,346.0719347,1.006,,
611,,HIP 9220,29.63847981,61.69779032,6.004,5.992555,B7I,561,11857,,Cassiopeia,721.2393906,-0.042,,
612,,HIP 9222,29.63960818,49.20435293,5.702,5.417739,K0IV,568,11949,3 Per,Perseus,246.0378182,1.005,,
613,,HIP 9237,29.6916561,-11.3009559,6.46,6.135778,K1III/IV,,12116,193 G. Cet,Cetus,409.035594,1.128,,
614,,HIP 9236,29.6922441,-61.56982215,2.84,2.807421,F0IV,591,12311,α Hydri,Hydrus,71.272424,0.29,,
615,,HIP 9295,29.8578476,12.29488031,6.076,6.065569,A6V,578,12140,,Aries,268.9771396,0.186,,
616,,HIP 9307,29.89868147,21.05856884,5.892,5.617947,K0III-IV,577,12139,,Aries,399.0208689,1.031,,
617,,HIP 9312,29.90849025,64.62160004,5.278,5.270163,A0Vn,567,11946,,Cassiopeia,256.895255,0.002,,
618,,HIP 9313,29.91172943,-42.03053236,5.563,5.283627,K1III,588,12296,,Phoenix,259.7611234,1.052,,
619,,HIP 9318,29.9213651,-66.06655865,6.078,5.763099,K1III,600,12477,,Hydrus,427.8229924,1.176,,
620,,HIP 9326,29.94250001,-20.82453857,5.429,4.662973,M1:III,583,12255,57 Cet,Cetus,668.0329091,1.64,,
621,,HIP 9347,30.0012853,-21.07783167,4.02,3.283291,M0III,585,12274,υ Ceti,Cetus,300.7380301,1.554,,
622,,HIP 9372,30.11176106,-8.523873627,5.51,3.953492,M3II,587,12292,AR Cet,Cetus,592.7268802,1.391,5.4,5.61
623,,HIP 9440,30.31134528,-30.00183035,5.35,5.09506,G8III,594,12438,π Fornacis,Fornax,278.3946356,0.883,,
624,Mira,HIP 10826,30.3224417,-2.97763889,6.47,3.568147,M5-M9IIIe,681,14386,ο Ceti,Cetus,418.4863,0.966,2,10.1
625,,HIP 9459,30.42656812,-44.71350732,5.14,4.535377,K5IV,602,12524,χ Phoenicis,Phoenix,372.1454267,1.471,,
626,,HIP 9480,30.48932001,70.90706451,4.63,4.565197,A2V,575,12111,* 48 Cas A,Cassiopeia,116.8042036,0.164,,
627,,HIP 9480,30.4895513,70.90696692,4.54,4.565197,A3Va,575,12111,48 Cas,Cassiopeia,116.8042036,0.164,,
628,,HIP 9487,30.51125939,2.763811289,5.135,,kA2hF2mF2(IV),595,12446,* alf Psc B,Pisces,139.0191489,0.024,,
629,Alrescha,HIP 9487,30.51175823,2.763771961,4.11,,kA0hA7Sr,596,12447,* alf Psc A,Pisces,139.0191489,0.024,,
630,,HIP 9505,30.57545169,54.48754032,5.04,4.963405,B8III,590,12303,4 Per,Perseus,739.2280757,-0.071,,
631,,HIP 9521,30.61776882,-29.66564283,6.41,6.397879,A3III,606,12563,,Fornax,451.5231922,0.135,,
632,,HIP 9533,30.64615421,13.4767209,5.94,5.012336,M2III,601,12479,,Aries,844.5587102,1.584,,
633,,HIP 9562,30.7155653,-23.88662853,6.29,5.867892,K2III,,12596,,Fornax,958.825015,1.34,,
634,,HIP 9564,30.71864958,64.90146401,5.986,5.989309,A1Vn,586,12279,52 Cas,Cassiopeia,283.7250647,0.029,,
635,,HIP 9568,30.73762718,77.91626249,6.046,5.703299,K0,572,12005,,Cepheus,1075.907963,1.107,,
636,,HIP 9570,30.74148262,33.2841341,5.516,5.512828,A2V,599,12471,ϵ Trianguli,Triangulum,370.0329391,0.029,,
637,,HIP 9572,30.74404005,-15.30593017,5.864,5.626321,K0II/III,608,12583,202 G. Cet,Cetus,328.9601854,0.966,,
638,,HIP 9573,30.75078172,64.39001802,5.614,5.480928,B8Ib,589,12301,53 Cas,Cassiopeia,3468.087046,0.325,,
639,,HIP 9586,30.79354274,73.85056958,6.15,6.17622,A5III,579,12173,,Cassiopeia,363.0304635,0.162,,
640,,HIP 9589,30.79854295,0.1285081766,5.423,5.409349,A3IV,607,12573,60 Cet,Cetus,288.2404871,0.146,,
641,,HIP 9598,30.85878517,72.42129412,3.938,3.948435,A2V,580,12216,50 Cas,Cassiopeia,162.0279183,-0.002,,
642,,HIP 9621,30.91393728,25.93547353,5.765,,F8IV,605,12558A,* 10 Ari A,Aries,172.486973,0.537,,
643,,HIP 9621,30.91393946,25.93547582,5.694,,F8V,605,12558,10 Ari,Aries,172.486973,0.537,,
644,,HIP 9622,30.91870393,-4.103514918,5.609,4.918644,M1IIICa1,611,12642,203 G. Cet,Cetus,654.6180022,1.589,,
645,,HIP 9627,30.92754381,18.25325535,6.214,5.729844,K4III,609,12594,,Aries,1341.56545,1.424,,
646,,HIP 9631,30.95068158,-0.3402427342,5.942,5.716679,G5IIIb+F5:IV,610,12641,61 Cet,Cetus,329.6252241,0.851,,
647,Almach,HIP 9640,30.97480121,42.32972842,2.1,,K2+IIb,603,12533,γ 1 Andromedae,Andromeda,390.0001273,1.37,,
648,,HIP 9640B,30.97815845,42.33091142,5.82,4.862768,B9.5V+A0V,604,12534,,Andromeda,,-0.8,,
649,,HIP 9655,31.05194031,-11.85976547,6.43,5.799038,K4III,,12702,205 G. Cet,Cetus,1051.614427,1.498,,
650,,HIP 9677,31.12268982,-29.2968047,4.69,4.641025,B9.5IIIspSi,612,12767,ν Fornacis,Fornax,361.0190393,-0.156,4.68,4.73
651,,HIP 9685,31.14652013,-54.88167467,6.45,6.360042,F4V,,12894,12 G. Eri,Eridanus,153.9916922,0.386,,
652,,HIP 9706,31.21254263,7.735661192,6.43,6.14387,K0,,12730,138 G. Psc,Pisces,479.412498,1.114,,
653,,HIP 9727,31.28093428,77.28134006,5.268,5.171846,F0Vn,581,12230,47 Cas,Cassiopeia,109.3958524,0.345,,
654,,HIP 9763,31.38145888,76.11506012,5.22,4.969847,G8III,592,12339,49 Cas,Cassiopeia,426.1440869,0.954,,
655,,HIP 9809,31.55109709,8.248111151,6.303,5.26151,M2III:,614,12872,WZ Psc,Pisces,878.7072226,1.636,6.2,6.38
656,,HIP 9827,31.62212226,0.03534381055,6.295,6.068046,G8III,616,12923,207 G. Cet,Cetus,545.1504222,0.897,,
657,,HIP 9836,31.64135405,22.64831878,5.019,5.008081,kA1VmF2III/IVSr,613,12869,κ Arietis,Aries,187.3564902,0.121,,
658,,HIP 9859,31.70514541,25.7045563,6.02,5.998091,B9IV-Vn,615,12885,11 Ari,Aries,1160.143125,-0.03,,
659,,HIP 9862,31.71687277,-19.1388711,6.39,6.078389,K1III,,13004,209 G. Cet,Cetus,271.4403991,1.143,,
660,Hamal,HIP 9884,31.7933571,23.46241755,2.01,,K2-IIIbCa-1,617,12929,α Arietis,Aries,65.88526019,1.151,,
661,,HIP 9951,32.02368666,-41.88042037,6.5,6.463924,A4V,,13218,,Phoenix,284.2199342,0.205,,
662,,HIP 9977,32.12192132,37.85908513,4.82,4.752885,A5IV-V,620,13041,58 And,Andromeda,197.8155531,0.12,,
663,,HIP 9983,32.13983204,44.45942964,6.38,6.133582,G8III-IV,619,13013,,Andromeda,430.0789021,0.965,,
664,,HIP 9990,32.16907957,58.42360298,5.68,5.476785,A1Ia,618,12953,V472 Per,Perseus,1821.228989,0.595,5.64,5.74
665,,HIP 9999,32.19025266,-17.77915663,6.056,5.195222,M1III,625,13215,213 G. Cet,Cetus,1298.804017,1.661,,
666,,HIP 10035,32.28871818,-43.51659524,5.83,5.467208,K1III,632,13336,,Phoenix,573.9427595,1.197,,
667,,HIP 10054,32.35545605,81.2959438,6.06,6.027644,A1.5V,597,12467,,Cepheus,223.1350126,0.118,,
668,,HIP 10053,32.35552077,25.93983787,4.977,4.882587,F2III,623,13174,14 Ari,Aries,319.9215044,0.339,,
669,,HIP 10064,32.38594634,34.98729706,3,3.007773,A5III,622,13161,β Trianguli,Triangulum,124.2379781,0.14,,
670,,HIP 10069,32.39500622,-24.34578569,6.47,6.432063,F0IV/V,630,13305,,Fornax,202.8626891,0.289,,
671,,HIP 10096,32.45195585,-40.86649789,6.49,6.39477,F3V,,13387,,Phoenix,222.0709454,0.43,,
672,,HIP 10111,32.52004558,-43.81557462,6.322,6.096204,G8III,636,13423,,Phoenix,391.8260536,0.899,,
673,,HIP 10115,32.53229389,53.84309208,6.303,6.071417,G8III,621,13137,,Perseus,589.5125213,0.948,,
674,,HIP 10138,32.60799238,-50.82374033,6.117,5.893562,K1.5V,637,13445,Gliese 86,Eridanus,35.18000608,0.82,,
675,,HIP 10155,32.6566537,19.5003367,5.688,4.687407,M3-IIIab,631,13325,15 Ari,Aries,665.3075452,1.641,5.67,5.74
676,,HIP 10176,32.72010202,39.03954272,6.07,6.089001,B9V,628,13294,59 And A,Andromeda,262.6915327,-0.054,,
677,,HIP 10180,32.72356918,39.04330951,6.1,,A1Vn,629,13295,,Andromeda,1697.916181,0.081,,
678,,HIP 10203,32.8002286,25.93694226,5.999,5.558355,K4III,633,13363,16 Ari,Aries,800.9822747,1.365,,
679,,HIP 10212,32.83782816,8.569807186,5.623,5.497467,G0IV,635,13421,64 Cet,Cetus,138.6054544,0.569,,
680,,HIP 10215,32.84260903,-10.05216091,5.999,5.904439,F3V,638,13456,219 G. Cet,Cetus,163.0000446,0.418,,
681,,HIP 10220,32.85426234,31.52639494,6.23,6.223253,A1m,634,13372,5 Tri,Triangulum,482.2486996,0.112,,
682,,HIP 10227,32.87163926,57.64554574,6.35,6.279294,B5Ia,627,13267,5 Per,Perseus,2546.875911,0.298,,
683,,HIP 10233,32.88959605,-17.74299108,6.49,5.792724,M1/2III,,13511,,Cetus,793.187614,1.622,,
684,,HIP 10234,32.89931237,-1.825426923,5.933,5.680102,K0III,639,13468,63 Cet,Cetus,354.3490731,0.967,,
685,,HIP 10273,33.06570232,2.745552946,6.49,6.212846,K0/1III,,13546,221 G. Cet,Cetus,499.2333053,1.039,,
686,,HIP 10280A,33.09283205,30.30307033,5.162,4.881029,G5III,642,13480A,iot Tri A,Triangulum,305.2436753,0.77,5.19,5.28
687,,HIP 10280,33.09283344,30.30306751,4.952,,G0III+G5III,642,13480,ι Tri,Triangulum,305.2436753,0.77,5.19,5.28
688,,HIP 10296,33.15641593,24.16778082,5.95,5.497919,K0,644,13522,,Aries,564.9907891,1.366,,
689,,HIP 10305,33.19808895,-2.393629618,5.66,5.543657,F8V,650,13612,66 Cet,Cetus,150.1611812,0.546,,
690,,HIP 10309,33.20795131,79.69153776,6.445,6.461599,A3,,12927,,Cepheus,410.0625019,0.24,,
691,,HIP 10320,33.22695832,-30.72382604,5.26,5.248445,A0V,652,13709,μ Fornacis,Fornax,331.9756891,-0.013,,
692,,HIP 10324,33.25000133,8.846702351,4.35,4.125624,G7IIIBa0.4Fe-1,649,13611,ξ 1 Ceti,Cetus,361.8209953,0.878,,
693,,HIP 10326,33.25411475,-21.00013472,5.867,5.599786,K0III,651,13692,226 G. Cet,Cetus,399.0208716,1.006,,
694,,HIP 10328,33.26376742,15.27986308,5.7,5.034757,M0III,648,13596,19 Ari,Aries,540.6288,1.551,,
695,,HIP 10340,33.30550916,44.23164665,4.826,4.276864,K4-III:,643,13520,60 And,Andromeda,556.3126678,1.476,,
696,,HIP 10350,33.33810854,74.0277206,6.261,6.019584,G8III,626,13222,,Cassiopeia,438.1734907,0.915,,
697,,HIP 10361,33.38962934,53.05858935,6.46,5.84409,K5,,13519,,Perseus,8358.969017,1.661,,
698,,HIP 10379,33.4233771,58.56058536,6.43,6.248225,A2Iab,641,13476,,Perseus,2884.957594,0.554,,
699,,HIP 10396,33.4731439,-9.064631703,6.42,5.941505,K1III,,13763,227 G. Cet,Cetus,1258.686441,1.415,,
700,,HIP 10418,33.56058677,-67.84144017,5.559,4.849447,M1-III,667,14141,π 1 Hydri,Hydrus,739.2280857,1.556,,
701,,HIP 10438,33.62120232,66.52444007,6.07,5.843784,F9II+A2Vn,640,13474,55 Cas,Cassiopeia,737.5556975,0.641,,
702,,HIP 10440,33.63310421,-41.16676285,5.907,5.667358,G8III,659,13940,,Phoenix,333.6741519,0.965,,
703,,HIP 10513,33.8692739,-67.74636332,5.658,5.260874,K2III,678,14287,π 2 Hydri,Hydrus,467.7188873,1.306,,
704,,HIP 10535,33.92823592,25.0430452,5.58,5.789789,F6V,657,13872,21 Ari,Aries,156.9573052,0.52,,
705,,HIP 10559,33.98453168,33.35889784,5.249,5.229976,A0V,655,13869,7 Tri,Triangulum,292.9022891,-0.004,,
706,,HIP 10562,33.99055431,47.81193967,6.36,6.100096,G9III-IV,653,13818,,Andromeda,462.4115943,1.029,,
707,,HIP 10602,34.12744205,-51.51216516,3.57,3.556011,B8IV,674,14228,ϕ Eridani,Eridanus,154.7959336,-0.12,,
708,,HIP 10623,34.18990936,83.56141115,6.45,6.213256,K0,,12918,,Cepheus,427.8229894,0.951,,
709,,HIP 10633,34.21548437,57.05524504,6.48,6.393757,B1Iab,654,13854,,Perseus,2379.562871,0.281,,
710,,HIP 10642,34.24601431,-6.422117061,5.499,5.250232,G8.5IIIb,666,14129,67 Cet,Cetus,340.2919484,0.962,,
711,,HIP 10670,34.32861364,33.84719682,4,4.016055,A1Vnn,664,14055,γ Trianguli,Triangulum,117.5621476,0.019,,
712,,HIP 10718,34.49953011,57.89982132,5.748,5.399425,K3III,661,13982,8 Per,Perseus,378.6295657,1.175,,
713,,HIP 10723,34.50601382,1.75781208,5.59,5.454394,G1V,672,14214,232 G. Cet,Cetus,81.41851397,0.588,,
714,,HIP 10729,34.51910235,57.51632206,6.023,5.674918,G7.0III,662,13994,7 Per,Perseus,710.2401457,1.039,,
715,,HIP 10732,34.53137755,19.90115761,5.572,5.557039,A1Vn,669,14191,θ Arietis,Aries,387.1740245,0.011,,
716,,HIP 10793,34.73747311,28.64267562,5.291,5.274439,A2V,675,14252,10 Tri,Triangulum,350.1599715,0.037,,
717,,HIP 10795,34.74140523,23.16779984,6.441,6.375805,A9V+F/G,676,14262,,Aries,342.7956285,0.376,,
718,,HIP 10798,34.74376992,-25.94568716,6.34,6.147864,G8V,683,14412,,Fornax,41.32865283,0.724,,
719,,HIP 10814,34.79510152,46.47226141,6.22,6.180693,A4V,671,14213,,Andromeda,451.5231901,0.164,,
720,,HIP 10819,34.8199872,47.3799759,5.31,5.300208,A0V,670,14212,62 And,Andromeda,255.2857892,0.006,,
721,,HIP 10830,34.84449055,48.95546055,6.41,6.304887,F4V,673,14221,,Andromeda,210.3225491,0.427,,
722,,HIP 10832,34.85319609,-41.84836841,6.37,6.030452,K2III,686,14509,,Phoenix,534.4250248,1.162,,
723,,HIP 10854,34.91990368,-4.345571475,6.491,6.489139,A2V,684,14417,,Cetus,545.1504225,0.082,,
724,,HIP 10871,34.97613144,-55.94479699,5.794,5.158563,K5III,688,14641,,Horologium,564.012799,1.57,,
725,,HIP 10884,35.01857968,30.18808825,6.49,6.149684,K0,680,14373,,Triangulum,722.8367866,1.223,,
726,,HIP 10924,35.172983,47.31080149,6.154,6.135864,B5V,679,14372,,Andromeda,835.8968895,-0.094,,
727,,HIP 10944,35.24250643,50.1514959,5.59,5.531337,B9VpSi,682,14392,PZ And,Andromeda,356.2855162,-0.089,5.59,5.64
728,,HIP 11001,35.43725986,-68.65941859,4.09,4.05324,A2V,705,15008,δ Hydri,Hydrus,135.2698351,0.034,,
729,,HIP 11020,35.48098109,57.24291667,6.48,6.234268,A1Ia,,14433,,Perseus,2936.938313,0.569,,
730,,HIP 11021,35.4859485,0.3956723883,5.287,4.452819,M1/2III,689,14652,69 Cet,Cetus,1309.236019,1.648,,
731,,HIP 11029,35.50638209,-10.77753545,5.421,5.335939,F3V(n),692,14691,238 G. Cet,Cetus,97.37165687,0.364,,
732,,HIP 11033,35.52076071,-17.66217087,5.868,5.516738,K2III,693,14728,239 G. Cet,Cetus,503.8657691,1.231,,
733,,HIP 11043,35.54895325,-43.19980949,6.298,6.042667,K0III,698,14832,,Phoenix,441.1368313,0.991,,
734,,HIP 11046,35.55164785,-0.8848537597,5.421,5.344034,F0/2V,691,14690,70 Cet,Cetus,279.1095498,0.335,,
735,,HIP 11060,35.58930963,55.84565288,5.17,5.057103,A1Ia,685,14489,9 Per,Perseus,2050.315791,0.369,5.15,5.25
736,,HIP 11072,35.63579362,-23.81679996,5.198,5.017844,G0V,695,14802,κ Fornacis,Fornax,71.49116139,0.608,,
737,,HIP 11090,35.70959758,41.39629376,5.795,5.743348,F0III-IV,687,14622,,Andromeda,154.0643816,0.289,,
738,,HIP 11095,35.7179554,-73.64579243,5.987,5.700015,K1III,715,15248,κ Hydri,Hydrus,317.7389486,1.088,,
739,,HIP 11102,35.72781278,-51.09212771,5.898,5.879465,A5V,701,14943,15 G. Eri,Eridanus,200.0000879,0.213,,
740,,HIP 11108,35.74011593,-18.35498325,6.228,5.970506,G8/K0III,697,14830,240 G. Cet,Cetus,387.6336871,0.942,,
741,,HIP 11121,35.77749006,-37.5761417,6.496,5.711231,K2III,700,14890,,Fornax,1172.661535,1.592,,
742,,HIP 11174,35.96560154,55.36486185,6.291,6.000012,F8Ib-II,690,14662,V440 Per,Perseus,2012.346557,0.845,6.18,6.32
743,,HIP 11212,36.08381818,-25.84746151,6.429,6.045775,K3III,703,14988,,Fornax,536.1854221,1.321,,
744,,HIP 11220,36.10381664,50.00654333,5.19,4.930211,G8III,694,14770,64 And,Andromeda,375.144623,0.979,,
745,,HIP 11231,36.14117853,-40.84045782,6.18,6.019824,G1V,706,15064,,Phoenix,101.7159398,0.653,,
746,,HIP 11249,36.20440681,10.61055865,5.478,5.458158,B7IV,702,14951,ξ Arietis,Aries,602.5883825,-0.098,,
747,,HIP 11258,36.22462492,-60.31194806,5.355,5.268453,F2II/III,714,15233,λ Horologii,Horologium,159.8039497,0.395,,
748,,HIP 11261,36.24328692,-2.78002824,6.335,6.327756,B9.5III/IV,704,15004,71 Cet,Cetus,645.5454187,-0.011,6.31,6.65
749,,HIP 11279,36.31678477,56.60982067,6.26,6.149098,B2Ia,696,14818,10 Per,Perseus,3543.490872,0.249,,
750,,HIP 11293,36.36022522,-66.49402648,6.44,4.983584,M5III,722,15379,TZ Hor,Horologium,920.9046912,1.511,6.41,6.52
751,,HIP 11313,36.40592907,50.2786287,4.71,4.117402,K4.5III,699,14872,65 And,Andromeda,344.608192,1.532,,
752,,HIP 11345,36.48752436,-12.29047431,4.866,4.851116,A0V,708,15130,ρ Ceti,Cetus,528.3646772,-0.027,,
753,,HIP 11348,36.50144984,-15.34124867,5.83,5.861597,A3VpSrCrEu,710,15144,AB Cet,Cetus,213.9108317,0.116,5.71,5.88
754,,HIP 11381,36.64673852,-20.04261697,5.881,5.536921,K2III,713,15220,250 G. Cet,Cetus,284.2199299,1.247,,
755,,HIP 11407,36.74634213,-47.70384066,4.25,4.201355,B7IV,721,15371,κ Eridani,Eridanus,528.364684,-0.136,,
756,,HIP 11415,36.7801581,27.01239366,6.108,5.611208,K5III,711,15152,,Aries,463.7286325,1.461,,
757,,HIP 11432,36.86571326,31.80127935,5.552,5.22053,K1III:,712,15176,11 Tri,Triangulum,286.2160265,1.114,,
758,,HIP 11465,36.965742,50.56997413,6.156,6.046488,F4V,709,15138,66 And,Andromeda,173.0362859,0.435,,
759,,HIP 11477,37.00709666,-33.81103954,5.123,5.111584,A2.5V,724,15427,ϕ Fornacis,Fornax,152.6932287,0.089,,
760,,HIP 11479,37.01827301,-64.29976788,6.349,6.349615,A0V,734,15646,,Horologium,384.8887763,-0.025,,
761,,HIP 11484,37.03982108,8.460060225,4.3,4.255358,B9III,718,15318,ξ 2 Ceti,Cetus,175.9308379,-0.053,,
762,,HIP 11486,37.04158279,29.66932931,5.29,5.221282,F0III,717,15257,12 Tri,Triangulum,155.1643049,0.311,,
763,,HIP 11524,37.14763783,-31.10244792,6.105,5.820805,K2IIICNII,727,15471,,Fornax,370.4534831,1.106,,
764,,HIP 11548,37.20206036,29.93175793,5.901,5.748618,G0V,720,15335,13 Tri,Triangulum,100.369553,0.591,,
765,,HIP 11569,37.26632087,67.4023867,4.61,,knA2h(eA)VSr((Eu)),707,15089A,* iot Cas A,Cassiopeia,141.4931696,0.153,4.45,4.53
766,,HIP 11578,37.30700931,23.46902538,6.19,6.174808,kA7IVmF2III/IVSr,723,15385,,Aries,264.3958601,0.155,,
767,,HIP 11603,37.39732606,9.565627609,6.111,5.834278,K2III,725,15453,254 G. Cet,Cetus,285.9650058,1.022,,
768,,HIP 11651,37.56919457,33.83372204,6.252,5.974038,K1III,726,15464,,Triangulum,370.8772794,1.079,,
769,,HIP 11670,37.63480554,25.23502857,5.879,5.789925,F6IV,728,15524,,Aries,166.4116347,0.412,,
770,,HIP 11671,37.63664013,-22.54531836,6.148,5.441688,M0III,735,15652,258 G. Cet,Cetus,447.8035295,1.581,,
771,,HIP 11678,37.66007139,19.85530336,6.13,6.085803,A9V,729,15550,26 Ari,Aries,225.761912,0.247,6.1,6.15
772,,HIP 11687,37.68834685,0.2557518828,5.99,5.978032,A3V,732,15633,256 G. Cet,Cetus,274.6420441,0.168,,
773,,HIP 11698,37.72665801,17.70385856,6.225,5.95932,G8III-IVFe-2,731,15596,27 Ari,Aries,313.4614857,0.908,,
774,,HIP 11738,37.87539755,2.26718292,5.269,4.864714,K2III,737,15694,259 G. Cet,Cetus,475.9112569,1.271,,
775,,HIP 11757,37.91884606,-79.10941608,5.275,5.005702,G8III,776,16522,μ Hydri,Hydrus,291.5921106,0.981,,
776,Polaris,HIP 11767,37.95456067,89.26410897,2.02,,F8Ib,424,8890,α Ursae Minoris,UrsaMinor,447.5933514,0.636,1.86,2.13
777,,HIP 11783,38.02161583,-15.24490377,4.75,4.594981,F5V,740,15798,σ Ceti,Cetus,84.17256467,0.454,,
778,,HIP 11784,38.02570738,36.14727258,5.144,4.587791,K5III,736,15656,14 Tri,Triangulum,391.356607,1.472,,
779,,HIP 11791,38.03926004,-1.034893492,5.358,5.093464,K1III,739,15779,75 Cet,Cetus,265.8175288,1.02,,
780,,HIP 11802,38.06149592,-36.42728703,6.276,5.999302,K0III,742,15889,,Fornax,420.6444624,1.027,,
781,,HIP 11840,38.21924858,34.54238374,5.826,5.542934,K0III,738,15755,,Triangulum,259.9681273,1.083,,
782,,HIP 11843,38.22559126,15.03453558,5.988,5.867583,F8V,741,15814,29 Ari,Aries,93.57049399,0.572,,
783,,HIP 11867,38.2792746,-34.64996722,5.889,5.632596,K0/1III,744,15975,λ 1 Fornacis,Fornax,379.9531272,1.064,,
784,,HIP 11907,38.41759765,-20.00192063,6.189,5.898265,K1III,745,15996,263 G. Cet,Cetus,365.0614391,1.1,,
785,,HIP 11918,38.46125624,-28.23233766,4.96,4.925496,B9.5IV,749,16046,ω Fornacis,Fornax,453.4074726,-0.05,,
786,,HIP 11925,38.47751707,-51.09354856,6.242,6.120809,F6V,755,16170,,Horologium,174.1453445,0.509,,
787,,HIP 12002,38.67759852,-7.85944517,5.731,5.28404,K2III,752,16074,77 Cet,Cetus,548.8211841,1.393,,
788,,HIP 12022,38.76722399,7.470989871,6.163,5.890975,G6III:,751,16060,264 G. Cet,Cetus,383.079463,1.053,,
789,,HIP 12057,38.86625541,39.66437953,6.345,6.334976,B9.5IIIpHg?,746,16004,,Andromeda,580.0715558,-0.095,,
790,,HIP 12072,38.91142118,37.31225909,5.71,5.254712,K4III,748,16028,,Andromeda,676.3491704,1.389,,
791,,HIP 12086,38.94508859,34.68754992,5.374,4.473692,M3III,750,16058,15 Tri,Triangulum,678.4326339,1.652,,
792,,HIP 12093,38.96864187,5.59324,4.871,4.640125,G8III,754,16161,ν Ceti,Cetus,371.721619,0.88,,
793,,HIP 12107,39.0001994,-7.831596055,5.535,4.723041,M0/1III,759,16212,80 Cet,Cetus,516.6417125,1.607,,
794,,HIP 12122,39.03860331,-30.04497833,5.729,5.471858,G8/K0III,767,16307,ι 1 Fornacis,Fornax,649.402004,1.017,,
795,,HIP 12148,39.1461249,7.730027913,5.811,5.531586,K0III:,766,16247,272 G. Cet,Cetus,291.5920939,1.04,,
796,,HIP 12153,39.15799555,12.44763177,5.64,5.491918,F7V,763,16234,31 Ari,Aries,114.7888637,0.516,,
797,,HIP 12160,39.17929989,31.6076669,6.075,5.785657,K0,757,16187,,Triangulum,452.1491087,1.052,,
798,,HIP 12186,39.24419896,-34.57797535,5.79,5.614815,G1V,772,16417,λ 2 Fornacis,Fornax,83.30035861,0.653,,
799,,HIP 12189,39.25218113,24.64721958,6.48,6.400852,F5V,765,16246,30 Ari A,Aries,130.8186158,0.51,,
800,,HIP 12200,39.27737243,32.8910897,6.226,6.110109,F8V,761,16220,,Triangulum,180.0110562,0.515,,
801,,HIP 12225,39.35145262,-52.5431089,5.293,5.212268,A6V,778,16555,η Horologii,Horologium,144.9533383,0.289,,
802,,HIP 12239,39.4002878,65.74533597,5.781,5.212021,K5III,747,16024,,Cassiopeia,815.0002854,1.561,,
803,,HIP 12247,39.42417534,-3.396173869,5.647,5.378336,K0III,771,16400,81 Cet,Cetus,316.9588676,1.02,,
804,,HIP 12272,39.50312774,7.695278395,6.39,6.29245,F5IV,770,16399,276 G. Cet,Cetus,269.1991458,0.431,,
805,,HIP 12273,39.50847155,72.81825294,5.166,4.926409,G8III,743,15920,,Cassiopeia,256.0880805,0.896,,
806,,HIP 12287,39.57429487,37.72671334,6.191,6.083054,F6III,768,16327,,Andromeda,269.8677732,0.49,,
807,,HIP 12288,39.57775574,-30.19406407,5.829,5.710351,F6VFe-0.7CH-0.4,777,16538,ι 2 Fornacis,Fornax,116.4700509,0.476,,
808,,HIP 12300,39.60348012,-37.99054526,6.483,6.361586,F6V,780,16589,,Fornax,174.2385774,0.521,,
809,,HIP 12305,39.61648216,38.08914175,6.287,6.281505,B9.5V,769,16350,,Andromeda,734.2337515,-0.029,,
810,,HIP 12318 ,39.65333879,3.443199306,6.24,5.969202,binary,775,16467A,,Cetus,436.9966227,0.999,,
811,,HIP 12318,39.65334523,3.443201719,6.237,5.969202,K0III,775,16467,279 G. Cet,Cetus,436.9966227,0.999,,
812,,HIP 12332,39.7041352,21.96140205,5.451,5.416268,A7V,773,16432,ν Arietis,Aries,346.4403098,0.168,,
813,,HIP 12387,39.87065353,0.3285086654,4.07,4.057373,B2IV,779,16582,δ Ceti,Cetus,646.826599,-0.212,4.05,4.1
814,,HIP 12390,39.89082255,-11.87209768,4.87,4.616137,F5V,781,16620,ϵ Ceti,Cetus,88.13183568,0.447,,
815,,HIP 12394,39.8973402,-68.26694668,4.096,4.112274,B9Va,806,16978,ϵ Hydri,Hydrus,153.2676495,-0.061,,
816,,HIP 12413,39.94989709,-42.89181086,4.75,4.685212,A1Vb,789,16754,,Eridanus,129.6222024,0.061,,
817,,HIP 12444,40.05175421,-9.452870925,5.79,5.665346,F8VFe-0.4,784,16673,286 G. Cet,Cetus,70.22823492,0.524,,
818,,HIP 12447,40.06538246,6.111950057,6.26,6.154814,F3V:,783,16647,285 G. Cet,Cetus,129.1602531,0.397,,
819,,HIP 12484,40.16505561,-54.54991192,5.21,5.095549,F6V,802,16920,ζ Horologii,Horologium,159.1020699,0.411,,
820,,HIP 12486,40.16681187,-39.85537653,4.116,3.821736,K0IIIb,794,16815,ι Eridani,Eridanus,145.4058234,1.006,,
821,,HIP 12489,40.17115013,27.06094355,5.296,5.276918,A2/3V,782,16628,33 Ari,Aries,233.3573891,0.081,,
822,,HIP 12530,40.30832166,-0.69566235,5.71,,F7V,790,16765,84 Cet,Cetus,70.50174821,0.511,,
823,,HIP 12530,40.30833044,-0.6956515306,5.77,,binary,790,16765A,* 84 Cet A,Cetus,70.50174821,0.511,,
824,,HIP 12562,40.39214425,-14.54930697,5.974,5.871366,F5V,796,16825,290 G. Cet,Cetus,160.6704483,0.429,,
825,,HIP 12584,40.4513635,-3.213803186,6.049,5.74267,K0III,795,16824,289 G. Cet,Cetus,726.057668,1.175,,
826,,HIP 12608,40.52753029,-38.383687,5.988,5.775376,G8III,805,16975,,Fornax,379.5097679,0.917,,
827,,HIP 12611,40.53518244,-46.52444145,6.094,5.877471,K1III,807,17006,20 G. Eri,Eridanus,133.2245046,0.876,,
828,,HIP 12623,40.56214403,40.19395048,4.92,4.721669,F9V,788,16739,12 Per,Perseus,80.45420685,0.582,,
829,,HIP 12640,40.59139915,20.0114655,5.74,5.727697,A0V,793,16811,μ Arietis,Aries,338.1729467,-0.017,,
830,,HIP 12647,40.6205712,10.74172895,6.31,6.299146,A2V,797,16861,85 Cet,Aries,425.5866184,0.064,,
831,,HIP 12653,40.63944445,-50.80029309,5.4,5.256284,F8V,810,17051,ι Horologii,Horologium,56.22937324,0.561,,
832,,HIP 12686,40.74801346,53.52610733,5.835,5.546828,G8III,787,16735,,Perseus,412.6574572,1.125,,
833,,HIP 12690,40.75773688,48.26524406,6.28,5.998536,G5II,792,16780,,Perseus,1387.234809,1.14,,
834,,HIP 12692,40.76182511,55.10601839,5.753,5.736586,B8IV,785,16727,11 Per,Perseus,420.1033002,-0.11,,
835,,HIP 12706,40.8248836,3.2364731,6.12,,F4V,804,16970,* gam Cet B,Cetus,81.95087212,0.093,,
836,,HIP 12706,40.8251629,3.23581638,3.47,,A2Vn+F4V,804,16970,γ Ceti,Cetus,81.95087212,0.093,,
837,Kaffaljidhma,HIP 12706,40.82517159,3.235824146,3.54,,A2Vn,804,16970A,* gam Cet A,Cetus,81.95087212,0.093,,
838,,HIP 12708,40.83431235,-40.5279088,6.36,,B9.5V,814,17098,21 G. Eri,Eridanus,547.8986094,-0.022,,
839,,HIP 12717,40.86089548,-66.71422941,6.46,,~,823,17326A,,Horologium,177.5598739,0.542,,
840,,HIP 12719,40.86297616,27.70714941,4.67,4.614954,B3V,801,16908,35 Ari,Aries,369.6156585,-0.122,,
841,,HIP 12720,40.87048747,-2.531424971,6.48,6.232026,G8IV,,17001,293 G. Cet,Cetus,474.5257568,0.981,,
842,,HIP 12744,40.96351494,25.63834723,6.39,6.396055,A3V,803,16955,,Aries,351.6726119,0.089,,
843,,HIP 12768,41.02150012,44.29703928,5.435,5.1839,G0Ib-IIaCa1,800,16901,14 Per,Perseus,692.143877,0.904,,
844,,HIP 12770,41.03061566,-13.85868872,4.236,4.205342,B8IV,811,17081,π Ceti,Cetus,440.5402457,-0.122,,
845,,HIP 12775,41.04405015,-52.57059685,6.151,6.160001,A2V,821,17254,,Horologium,404.4650804,0.088,,
846,,HIP 12777,41.04994423,49.22844852,4.11,3.983001,F8V,799,16895,θ Persei,Perseus,36.61697225,0.514,,
847,,HIP 12784,41.07963687,17.76392663,6.398,6.09185,K2III,808,17017,36 Ari,Aries,413.1823139,1.143,,
848,,HIP 12786,41.08557231,-32.5247161,6.204,6.206201,A1V,817,17168,,Fornax,349.0352756,0.04,,
849,,HIP 12803,41.13738311,15.31185987,5.777,5.747236,B9Vn,809,17036,ο Arietis,Aries,482.2486989,-0.024,,
850,,HIP 12821,41.20707097,67.8246312,5.945,5.93818,A5III,791,16769,,Cassiopeia,406.4830178,0.136,,
851,,HIP 12828,41.23557227,10.11414493,4.26,4.153745,A9IIIp,813,17094,μ Ceti,Cetus,84.2159207,0.311,,
852,,HIP 12832,41.23992264,12.44575607,5.17,5.120832,A7III,812,17093,38 Ari,Aries,124.6653633,0.234,5.18,5.22
853,,HIP 12843,41.27582834,-18.57262283,4.46,4.330868,F7V,818,17206,τ 1 Eridani,Eridanus,45.5562212,0.481,,
854,,HIP 12862,41.33711066,4.711631909,6.031,5.979967,kA8hA9mF0III,816,17163,297 G. Cet,Cetus,167.1796909,0.312,,
855,,HIP 12871,41.36448967,-63.70455346,5.743,5.48901,G8III/IV,833,17504,γ Horologii,Horologium,178.8260575,0.932,,
856,,HIP 12876,41.38597654,-67.61661676,4.82,4.807241,A2IV/V,837,17566,ζ Hydri,Hydrus,294.7559386,0.058,,
857,,HIP 12964,41.68793418,-21.63952194,6.469,6.397461,F3IV/V,826,17390,26 G. Eri,Eridanus,146.9794224,0.387,,
858,,HIP 12982,41.74301039,35.98352064,6.25,6.031232,G8III,819,17228,,Perseus,411.0959142,0.935,,
859,,HIP 12990,41.76489568,35.55468518,6.38,6.306928,~,820,17240A,,Perseus,153.4841008,0.385,,
860,,HIP 12990,41.76489593,35.55467485,6.25,6.306928,A9V,820,17240,,Perseus,153.4841008,0.385,,
861,,HIP 13008,41.79627954,-22.48576294,6.461,6.367655,F5V_Fe-1.2_CH-0.8,827,17438,27 G. Eri,Eridanus,124.5225784,0.398,,
862,,HIP 13036,41.87981088,44.27219931,6.47,6.239932,F5,,17245,,Perseus,1884.394769,0.637,,
863,,HIP 13055,41.94885733,81.44847382,5.781,5.485071,K1Ba5,774,16458,,Cepheus,498.4704744,1.3,,
864,Lilii Borea,HIP 13061,41.97725865,29.24711827,4.51,4.197216,K0.5IIIb,824,17361,,Aries,180.5095101,1.112,,
865,,HIP 13108,42.13370183,18.28379133,5.83,5.452237,K1III,828,17459,40 Ari,Aries,501.5381259,1.216,,
866,,HIP 13121,42.19126357,25.18805223,5.89,5.88326,A0V,830,17471,,Aries,460.4523313,-0.033,5.82,5.89
867,,HIP 13133,42.23129265,69.63428931,6.26,6.229358,A3V,815,17138,RZ Cas,Cassiopeia,203.8775308,0.151,6.18,7.72
868,,HIP 13141,42.25619706,-62.80652195,5.253,5.239997,A2V,852,17848,ν Horologii,Horologium,165.2305484,0.101,,
869,,HIP 13147,42.27257877,-32.40589778,4.46,4.179921,G9IIIb,841,17652,β Fornacis,Fornax,168.8243663,0.981,,
870,,HIP 13165,42.32316615,17.46431264,5.34,,B6,836,17543,* pi. Ari A,Aries,602.5883825,-0.066,,
871,,HIP 13176,42.36213077,37.3264108,6.448,6.350379,F6III-IV,831,17484,,Perseus,379.0696628,0.422,,
872,,HIP 13178,42.37807054,57.08431901,6.26,5.88588,A5Ia,825,17378,V480 Per,Perseus,7532.482573,0.786,6.23,6.3
873,,HIP 13197,42.46234063,-24.56031169,6.146,5.859436,K0III,844,17713,γ 1 Fornacis,Fornax,363.0304592,0.998,,
874,,HIP 13202,42.47576099,-27.94198319,5.377,5.366148,A1V,845,17729,γ 2 Fornacis,Fornax,554.4218692,0.013,,
875,Bharani,HIP 13209,42.49597184,27.26050723,3.594,3.632841,B8Vn,838,17573,41 Ari,Aries,159.4133903,-0.1,,
876,,HIP 13225,42.5615986,-35.84361756,5.92,5.705175,K0III,848,17793,η 2 Fornacis,Fornax,499.9994111,0.899,,
877,,HIP 13244,42.61858165,-75.06694826,4.742,4.331589,K3III,872,18293,ν Hydri,Hydrus,328.627679,1.337,,
878,,HIP 13257,42.64704656,36.94832731,6.44,6.294179,G0,,17605,,Perseus,198.0558151,0.617,,
879,,HIP 13265,42.6683616,-35.67584997,5.472,5.085888,K2III,851,17829,η 3 Fornacis,Fornax,530.9433422,1.259,,
880,Miram,HIP 13268,42.67420822,55.89549437,3.79,3.144855,K3-Ib-IIa,834,17506,η Persei,Perseus,1330.61185,1.69,,
881,,HIP 13271,42.69919408,-39.93222435,6.362,6.35228,A0V,853,17864,31 G. Eri,Eridanus,325.3494127,0.04,,
882,,HIP 13275,42.72011523,35.39390055,6.49,5.967968,K2,526,17624,,Perseus,441.7334053,1.476,,
883,Angetenar,HIP 13288,42.7596963,-21.00401153,4.77,4.522674,K0III,850,17824,τ 2 Eridani,Eridanus,258.1157966,1.614,3.57,3.72
884,,,42.855,60.419,6.5,,Open Cluster,,,IC 1848,Cassiopeia,,,,
885,,HIP 13327,42.87327686,15.08206763,5.516,5.500588,B7V,847,17769,σ Arietis,Aries,479.4124979,-0.099,,
886,,HIP 13328,42.87848894,35.0597397,4.53,3.901517,K5.5III,843,17709,17 Per,Perseus,409.0355934,1.554,,
887,,HIP 13339,42.92387471,46.84194176,5.859,5.629792,G8III,842,17656,,Perseus,397.0779105,0.903,,
888,,HIP 13347,42.94116661,58.31429395,6.443,6.441061,A1m,839,17581,,Cassiopeia,284.9651679,0.104,,
889,,HIP 13363,42.98435911,-30.81451731,6.382,6.264977,F6V,858,17926,,Fornax,104.5540948,0.484,,
890,,HIP 13367,42.99479663,68.88850192,5.8,5.731104,F5.5III+,829,17463,SU Cas,Cassiopeia,1411.254502,0.7,5.7,6.18
891,,HIP 13387,43.07926835,-62.90959126,6.019,5.654072,K1III,866,18185,,Horologium,553.4797371,1.249,,
892,,HIP 13402,43.13386744,-12.76971335,6.05,5.812265,K1V,857,17925,,Eridanus,33.8420582,0.862,6.03,6.08
893,,HIP 13421,43.21141202,-9.441234256,6.325,6.300977,A4V,859,17943,33 G. Eri,Eridanus,327.9691444,0.196,,
894,,HIP 13429,43.22766313,-65.4552902,6.46,6.217377,K0/1III,,18292,,Horologium,463.066865,1.008,,
895,,HIP 13448,43.2987294,16.48346015,6.3,6.195142,F5III,856,17918,,Aries,351.6726116,0.457,,
896,,HIP 13462,43.33779444,48.56995803,6.21,5.895575,G8II,849,17818,,Perseus,5174.599862,1.18,,
897,,HIP 13473,43.39332032,-38.43700126,5.926,5.824781,F5V,863,18149,ψ Fornacis,Fornax,193.7017627,0.437,,
898,,HIP 13479,43.39717638,-22.37631157,5.931,5.620814,G8/K0III,862,18071,35 G. Eri,Eridanus,303.8210134,1.041,,
899,,HIP 13487,43.41871055,64.4519839,6.408,,B5IV,,17706,,Cassiopeia,851.1765183,0.323,,
900,,HIP 13490,43.42757117,38.3374589,5.343,5.266964,F6V,855,17904,20 Per,Perseus,235.0398767,0.423,,
901,,HIP 13518,43.52695772,-50.87140168,6.198,5.611769,K4III,871,18265,,Horologium,1112.628617,1.571,,
902,,HIP 13531,43.5644905,52.76246743,3.96,3.707698,G8III+A7V,854,17878,τ Persei,Perseus,247.9087334,0.758,3.94,4.07
903,,HIP 13654,43.952075,18.3316397,5.93,3.719293,M6-III:,867,18191,ρ 2 Arietis,Aries,403.4642505,1.452,5.45,6.01
904,,HIP 13665,43.98717017,61.52113736,5.584,5.468521,F5V,860,17948,,Cassiopeia,86.2889605,0.445,,
905,,HIP 13679,44.05736351,8.381562193,5.963,5.860868,F6III-IVs,870,18262,305 G. Cet,Cetus,145.1469729,0.478,,
906,,HIP 13700,44.10271012,64.3324432,6.167,5.246683,K3Ib,861,17958,,Cassiopeia,1278.432273,1.994,,
907,Azha,HIP 13701,44.10687185,-8.898143472,3.87,3.583335,K1+IIIb,874,18322,η Eridani,Eridanus,133.1156138,1.088,,
908,,HIP 13702,44.10904886,18.02324033,5.58,5.457698,F6V,869,18256,ρ 3 Arietis,Aries,115.4392341,0.471,,
909,,HIP 13713,44.13875558,47.16400497,6.03,5.638136,K3III:,865,18155,,Perseus,1952.095214,1.305,,
910,,HIP 13717,44.15593391,-3.712321926,5.16,5.137276,A1V,875,18331,40 G. Eri,Eridanus,188.6575574,0.084,,
911,,HIP 13732,44.21107819,51.2612852,6.21,5.609264,K5III,864,18153,,Perseus,674.9473719,1.567,,
912,,HIP 13756,44.26905579,4.501025276,6.21,5.026577,M2III,877,18345,EH Cet,Cetus,556.3126661,1.623,,
913,,HIP 13768,44.3037568,-29.85527558,6.281,6.1527,A2/3(V)+(G),884,18466,,Fornax,471.0994994,0.472,,
914,,HIP 13775,44.32200717,31.93422042,5.093,5.088136,A2VspSiEu,873,18296,21 Per,Perseus,386.7143651,-0.007,5.03,5.14
915,,HIP 13782,44.34902728,-23.86216557,5.45,5.399037,A5IV/V,883,18454,4 Eri,Eridanus,158.7147751,0.238,,
916,,HIP 13789,44.38594567,-38.1909231,6.411,6.409643,A0Vn,893,18546,,Fornax,361.8210015,-0.018,,
917,,HIP 13832,44.50969789,38.61492637,6.028,5.579352,K3III,876,18339,,Perseus,1164.286588,1.403,,
918,,HIP 13835,44.52388742,-23.60601043,5.809,5.371343,K2III,889,18535,6 Eri,Eridanus,653.3074843,1.334,,
919,,HIP 13843,44.55228728,-12.00582342,6.5,6.229202,K0III,,18511,,Eridanus,417.9484373,1.031,,
920,Acamar,HIP 13847,44.56531816,-40.30467764,3.18,,A3IV-V,897,18622,* tet01 Eri,Eridanus,161.2266094,0.128,,
921,,HIP 13847,44.56834883,-40.3046962,4.11,,A1V,898,18623,* tet02 Eri,Eridanus,161.2266094,0.128,,
922,,HIP 13874,44.67531458,-2.78289707,5.23,5.215474,A0V,892,18543,43 G. Eri,Eridanus,319.6078928,0.014,,
923,,HIP 13879,44.69029234,39.66272655,4.7,4.648067,A2Vn,879,18411,π Persei,Perseus,325.3494076,0.065,,
924,,HIP 13883,44.69709049,-9.776499613,6.15,6.107175,A2II/III,895,18557,45 G. Eri,Eridanus,293.429432,0.221,,
925,,HIP 13884,44.6991516,-64.07128717,4.969,4.93999,A3/5III(m),909,18866,β Horologii,Horologium,313.4614985,0.126,,
926,,HIP 13905,44.76532018,35.1831309,4.93,4.561302,K2III,882,18449,24 Per,Perseus,350.1599721,1.235,,
927,,HIP 13907,44.77706034,-28.90721023,6.131,5.86744,K1III,900,18650,,Fornax,339.2291915,1.044,,
928,,HIP 13914,44.80282616,21.34007278,5.57,,A3IVs,887,18519,* eps Ari B,Aries,292.3767763,0.048,,
929,,HIP 13914,44.80302232,21.34043264,4.63,,A2IV+A3IVs,887,18519,ϵ Arietis,Aries,292.3767763,0.048,,
930,,HIP 13914,44.80302418,21.34042738,5.16,,A2IV,888,18520,* eps Ari A,Aries,292.3767763,0.048,,
931,,,44.825,60.4,5.9,,Cluster,,,C 0255+602,Cassiopeia,,,,
932,,HIP 13942,44.90076105,-25.27413338,5.686,5.5987,F4V,901,18692,ζ Fornacis,Fornax,105.4333161,0.427,,
933,,HIP 13947,44.90960401,-32.50719855,6.302,6.308058,A0V,903,18735,,Fornax,412.6574588,0.002,,
934,,HIP 13949,44.91616093,41.03294037,5.877,5.378367,K2,886,18482,,Perseus,779.9031085,1.445,,
935,,HIP 13951,44.921501,-2.464956148,5.55,5.535976,B9V,899,18633,5 Eri,Eridanus,334.016446,-0.072,,
936,,HIP 13954,44.92871891,8.907385888,4.7,4.663585,B6III,896,18604,λ Ceti,Cetus,423.9272779,-0.109,,
937,,HIP 13965,44.95745714,47.22071311,5.485,5.203191,G5:III:CN-3CH-2Hdel-1,885,18474,,Perseus,557.2645887,0.869,,
938,,HIP 13997,45.04952545,38.13172152,6.11,6.084088,B7IVe,894,18552,,Perseus,1112.628609,-0.057,,
939,,HIP 14036,45.18392093,10.87039176,5.931,5.217064,K6,902,18700,,Aries,441.1368241,1.593,,
940,,HIP 14040,45.21200054,-2.878621723,6.13,5.271341,M0/1III,904,18760,7 Eri,Eridanus,781.7743483,1.751,6.1,6.28
941,,HIP 14043,45.21754594,52.35173559,5.219,5.246113,B7V,890,18537,,Perseus,795.1207957,-0.049,,
942,,HIP 14060,45.29177545,-7.663009111,5.75,5.471036,G9.5III:,907,18784,ρ 1 Eridani,Eridanus,304.3885777,1.043,,
943,,HIP 14086,45.40678699,-28.09149272,5.85,5.643633,G9:V,914,18907,ϵ Fornacis,Fornax,98.96775629,0.794,,
944,,HIP 14104,45.46789864,5.336148521,6.243,5.949055,K0III,908,18832,309 G. Cet,Cetus,492.4459829,1.041,,
945,,HIP 14109,45.47558853,26.46235404,5.909,5.896229,kA2hA6mA7,905,18769,49 Ari,Aries,213.9108301,0.141,,
946,,HIP 14110,45.48382952,-9.961403615,5.837,5.548176,K1III,912,18885,53 G. Eri,Eridanus,282.251214,1.092,,
947,,HIP 14124,45.53863977,-6.494533047,6.194,6.061134,G0V,913,18894,54 G. Eri,Eridanus,105.8098437,0.598,,
948,,HIP 14131,45.56437017,-71.90245529,5.499,5.480086,B8III/IV,939,19400,θ Hydri,Hydrus,524.9612493,-0.125,,
949,Menkar,HIP 14135,45.5698878,4.08973877,2.53,,M1.5IIIa,911,18884,α Ceti,Cetus,219.9731282,1.63,2.45,2.54
950,,HIP 14143,45.59382482,4.352886223,5.607,5.600941,B8V,910,18883,93 Cet,Cetus,445.3552659,-0.107,,
951,,HIP 14146,45.597914,-23.62447172,4.09,4.066773,A3IV-V,919,18978,τ 3 Eridani,Eridanus,86.12954485,0.163,,
952,,HIP 14168,45.67620039,-7.685477279,5.336,5.102191,K0III,917,18953,ρ 2 Eridani,Eridanus,257.7076428,0.941,,
953,,HIP 14187,45.7327635,-46.97502739,5.799,5.406259,K2/3III,929,19141,58 G. Eri,Eridanus,821.1584301,1.304,,
954,,HIP 14232,45.87572133,28.2699163,6.36,6.306081,F0V,916,18928,,Aries,162.9185438,0.306,,
955,,HIP 14240,45.90341158,-59.73777459,5.122,5.022195,F0III/IV,934,19319,μ Horologii,Horologium,137.7272216,0.349,,
956,,HIP 14264,45.98642934,47.84847741,6.467,6.411676,F0,,18878,V509 Per,Perseus,363.4346986,0.301,6.47,6.64
957,,HIP 14293,46.06882035,-7.600855117,5.3,5.20904,A5V,925,19107,ρ 3 Eridani,Eridanus,140.3961743,0.193,,
958,,HIP 14315,46.15861047,1.863603938,6.035,5.758421,G8/K0III,926,19121,313 G. Cet,Cetus,337.8241271,1.045,,
959,,HIP 14318,46.16934725,15.85602278,6.37,5.941147,K3III,924,19080,,Aries,630.5624528,1.4,,
960,,HIP 14328,46.19925046,53.50646183,2.93,2.651,G9III+A2-III:,915,18925,γ Persei,Perseus,256.2895447,0.716,3.63,4.18
961,,HIP 14354,46.29414106,38.84027619,3.39,2.111629,M4+IIIa,921,19058,ρ Persei,Perseus,325.0250375,1.528,3.3,4
962,,HIP 14355,46.29707624,-8.274245833,6.31,6.041347,K0III,,19210,59 G. Eri,Eridanus,425.0324196,1.02,,
963,,HIP 14365,46.33754336,40.58217975,6.05,5.790175,K0III,923,19066,,Perseus,408.0086938,1.011,,
964,,HIP 14376,46.3612008,25.25517379,5.47,,B7Vn,927,19134,52 Ari A,Aries,401.9744302,-0.031,,
965,,HIP 14382,46.38504795,56.70571881,4.766,4.481385,G9+IIIb,918,18970,,Perseus,204.3886964,1.018,,
966,,HIP 14392,46.417363,56.06896785,6.105,5.816554,K0III,920,18991,,Perseus,246.2236395,1.049,,
967,,HIP 14417,46.5326689,79.41853529,5.52,4.726453,M2.5III,881,18438,,Cepheus,695.0974452,1.569,,
968,,HIP 14439,46.59869545,13.18725093,5.635,5.351705,K3III,931,19270,,Aries,319.294932,1.087,,
969,,HIP 14456,46.63955998,-6.088549758,5.256,4.247278,M2/3II,935,19349,61 G. Eri,Eridanus,534.425019,1.575,,
970,,HIP 14502,46.82907714,64.05763279,5.877,5.867428,B9V,922,19065,,Cassiopeia,557.2645918,-0.02,,
971,,HIP 14514,46.85697146,17.87999156,6.117,6.096141,B1.5V,938,19374,53 Ari,Aries,754.6283178,-0.123,,
972,,HIP 14521,46.88401,-78.98923275,5.667,5.607258,F0III,981,20313,BN Hyi,Hydrus,248.2865809,0.298,5.7,5.72
973,,HIP 14544,46.94726317,47.30870589,6.375,6.355355,A3Vnn,933,19279,V521 Per,Perseus,245.8523239,0.122,6.41,6.42
974,,HIP 14547,46.95393512,-69.26493833,6.122,5.853097,K1III,959,19940,,Hydrus,300.1841671,1.011,,
975,,HIP 14551,46.96187472,-27.83115117,6.17,6.155112,A3V,943,19545,,Fornax,187.8963505,0.166,,
976,,HIP 14566,47.01605198,52.21350904,6.3,6.302977,B5V,930,19268,,Perseus,693.6173989,-0.019,,
977,Algol,HIP 14576,47.04221856,40.95564667,2.12,,B8V,936,19356,β Persei,Perseus,90.00001859,-0.003,2.12,3.39
978,,HIP 14586,47.08795462,18.79505228,6.25,5.572535,M0III,940,19460,54 Ari,Aries,569.9296909,1.56,,
979,,HIP 14607,47.16163248,8.47107159,6.273,5.998988,G9III,942,19525,314 G. Cet,Cetus,467.7188739,1.026,,
980,,HIP 14626,47.22573416,62.38459717,6.498,6.432255,B1V:e,,19243,V801 Cas,Cassiopeia,2012.346559,0.231,,
981,,HIP 14649,47.33388678,20.76111983,6.4,6.04289,K2,,19549,,Aries,506.2129679,1.241,,
982,Misam,HIP 14668,47.37418183,44.85745829,3.81,3.535792,G9.5IIIb,941,19476,κ Persei,Perseus,112.2203111,0.98,,
983,,HIP 14677,47.40308672,29.07708185,5.74,5.675223,B8III,944,19548,55 Ari,Aries,1128.028854,0.115,,
984,,HIP 14719,47.53683165,27.81976593,6.412,6.409045,A0V,945,19600,,Aries,601.4767227,0.014,,
985,,HIP 14748,47.61269562,26.89623571,6.022,5.615854,K3III,946,19637,,Aries,405.9777118,1.278,,
986,,HIP 14749,47.61354281,-48.73415659,6.11,5.794438,K1III,960,19948,,Horologium,387.6336935,1.118,,
987,,HIP 14757,47.64742372,-23.73851333,6.377,6.137797,G9III-IV,953,19826,65 G. Eri,Eridanus,274.4109132,0.912,,
988,,HIP 14764,47.66163809,11.87261848,5.97,5.954712,B8V,948,19698,,Aries,522.4347337,-0.061,,
989,,HIP 14791,47.75307012,64.89626448,6.5,6.477359,A4V,,19439,,Cassiopeia,255.6864467,0.163,,
990,,HIP 14797,47.77201458,-13.26428271,6.36,6.212709,F6III,,19850,66 G. Eri,Eridanus,1031.64692,0.614,,
991,,HIP 14814,47.81970544,-16.02496425,6.243,5.890107,K2III,957,19887,67 G. Eri,Eridanus,538.8423218,1.167,,
992,,HIP 14817,47.8224249,39.61158091,4.607,4.303629,K0III,947,19656,ω Persei,Perseus,304.9581004,1.115,,
993,,HIP 14819,47.82822637,-3.811596494,6.068,5.256218,M1III,955,19836,64 G. Eri,Eridanus,783.6553691,1.67,,
994,,HIP 14821,47.84132909,13.04784282,6.09,5.824617,K0IIIp,952,19789,,Aries,344.2463291,1.038,,
995,Botein,HIP 14838,47.9073607,19.72667311,4.37,4.064342,G9.5IIIb,951,19787,δ Arietis,Aries,167.6954232,1.033,,
996,,HIP 14844,47.92780866,81.47071101,5.907,5.897759,A7III-IV,906,18778,,Cepheus,202.1080051,0.149,,
997,,HIP 14862,47.98445484,74.3936583,4.834,4.813466,A2Vnn,932,19275,,Cassiopeia,161.7866788,0.035,,
998,Dalim,HIP 14879,48.01887418,-28.98762199,3.98,3.801439,F6V,963,20010,α Fornacis,Fornax,46.00610338,0.543,,
999,,HIP 14887,48.03983246,42.3759101,6.139,6.128014,B5V,950,19736,,Perseus,657.2586044,-0.099,,
1000,,HIP 14893,48.05935881,27.25696824,5.76,5.763619,B6IV-V,954,19832,56 Ari,Aries,371.2978193,-0.106,5.75,5.81
1001,,HIP 14913,48.10727327,-44.41966479,5.93,6.0037,A8V+F3V,968,20121,71 G. Eri,Eridanus,142.7945637,0.44,,
1002,,,48.10731014,-44.41968011,6.42,,A8V,968,20121A,,Eridanus,142.7945637,0.44,,
1003,,HIP 14915,48.10984935,6.660885704,5.568,5.134409,K1IIIep+A6V,958,19926,EL Cet,Cetus,779.9031072,1.011,,
1004,,HIP 14914,48.11008558,47.72587424,6.327,5.798303,K5III,949,19735,,Perseus,501.5381287,1.425,,
1005,,HIP 14930,48.1381663,-57.32154923,5.71,4.538129,C-N5IIIb:,977,20234,TW Hor,Horologium,1314.517231,2.419,5.52,5.95
1006,,HIP 14954,48.1934857,-1.196098836,5.07,4.92225,F8.5V,962,19994,94 Cet,Cetus,72.99380878,0.57,,
1007,,HIP 14972,48.25620572,-35.94368995,6.283,6.273278,B8V,970,20144,,Fornax,479.4125038,-0.076,,
1008,,HIP 15004,48.34946796,48.17695568,5.913,5.678236,K0III,956,19845,,Perseus,311.3659598,0.972,,
1009,,HIP 15024,48.40810635,-29.80413028,6.162,5.884498,K1IICNIII,974,20176,,Fornax,452.1491127,1.041,,
1010,,HIP 15048,48.47868659,18.97333338,6.5,5.948249,K5,,20043,,Aries,1058.440868,1.487,,
1011,,HIP 15110,48.72540967,21.04444701,4.869,4.864996,A1V,972,20150,ζ Arietis,Aries,339.9366077,-0.007,,
1012,,HIP 15118,48.7358224,42.50363401,6.06,5.781248,K1IVCN0.5,966,20063,,Perseus,224.9827738,1.093,,
1013,,HIP 15125,48.75113176,-26.10045855,6.24,6.237211,A1V,980,20293,,Fornax,547.8986068,0.038,,
1014,,HIP 15154,48.83516565,30.55668928,5.61,5.589027,A1Vs,971,20149,,Aries,433.5116821,0.012,,
1015,,HIP 15191,48.94642351,32.85671351,6.304,6.210326,F4Vwv,975,20193,,Perseus,202.1079965,0.366,,
1016,,HIP 15192,48.94987709,57.14062318,5.79,5.531536,A0Ia,964,20041,,Perseus,1613.863573,0.644,,
1017,Zibal,HIP 15197,48.95844036,-8.819732384,4.8,4.733678,kA4hA9mA9V,984,20320,ζ Eridani,Eridanus,119.9412972,0.232,,
1018,,HIP 15201,48.99027386,-77.38845402,5.506,5.405928,F5IV-V,1025,21024,ι Hydri,Hydrus,95.82610529,0.438,,
1019,,,49.0035595,-5.918702774,6.39,6.384783,~,983,20319A,,Eridanus,616.2575687,-0.018,,
1020,,HIP 15203,49.00356031,-5.91870343,6.17,,B9III,983,20319,74 G. Eri,Eridanus,616.2575688,-0.018,,
1021,,HIP 15204,49.00775127,34.68850872,6.229,6.202344,A1m,976,20210,V423 Per,Perseus,217.9144384,0.29,,
1022,,HIP 15209,49.01857027,45.34613503,6.18,5.229933,M2III,973,20162,,Perseus,918.3097194,1.674,,
1023,,HIP 15219,49.05084504,50.93766811,5.03,4.678598,G5Ib-IIa,969,20123,,Perseus,833.7583296,1.107,,
1024,,HIP 15230,49.09051382,-5.730464728,6.31,5.662412,K4III,,20356,75 G. Eri,Eridanus,1055.017868,1.648,,
1025,,HIP 15241,49.14661904,32.18402973,5.994,5.709326,G8IV,978,20277,V573 Per,Perseus,550.6761247,0.988,,
1026,,HIP 15244,49.1489398,-9.154603367,6.143,6.046062,F5VFe-0.7CH-0.5,988,20395,14 Eri,Eridanus,113.0767128,0.407,,
1027,,HIP 15282,49.29774775,40.48297034,6.46,,B9.5Vn+A2VpSrCrSi,979,20283,,Perseus,704.1048211,-0.027,,
1028,,HIP 15305,49.36079774,-47.7516925,5.833,5.446888,K2III,998,20640,,Horologium,473.1500443,1.228,,
1029,,HIP 15323,49.41686179,31.12704456,6.399,6.270825,F8V,,20367,,Aries,88.44283916,0.574,,
1030,,HIP 15334,49.44064379,39.28337269,5.967,5.966695,A2IV,986,20346,,Perseus,607.0774059,0.056,,
1031,,HIP 15330,49.44234773,-62.57532013,5.54,5.344616,G2.5VHdel1,1006,20766,ζ 1 Reticuli,Reticulum,39.5102329,0.641,,
1032,,HIP 15338,49.44730418,44.02502275,5.476,5.462602,B8V,982,20315,30 Per,Perseus,644.2674999,-0.06,,
1033,,HIP 15353,49.4961452,-66.92685203,6.022,6.016111,A3V,1014,20888,,Reticulum,189.0950623,0.133,,
1034,,HIP 15357,49.51079371,-28.79706425,5.93,5.858871,F3V+A8/9,993,20606,,Fornax,201.9828159,0.337,,
1035,,HIP 15371,49.55341201,-62.50636242,5.228,5.079608,G1V,1010,20807,ζ 2 Reticuli,Reticulum,39.37689884,0.6,,
1036,,HIP 15382,49.59212561,-22.51110428,4.875,4.60132,K0III,994,20610,15 Eri,Eridanus,254.886766,0.904,,
1037,,HIP 15383 ,49.5934454,-0.930289686,5.48,5.195652,~,992,20559A,* 95 Cet A,Cetus,222.0709395,1.05,,
1038,,HIP 15404,49.65725705,50.2221763,5.157,5.124061,B3V,987,20365,29 Per,Perseus,527.5072985,-0.073,,
1039,,,49.67145807,-18.55979224,5.84,5.760518,~,997,20631A,,Eridanus,119.2827783,0.381,,
1040,,HIP 15416,49.68261105,34.22265388,4.82,4.352332,K2IIbCN0.5,991,20468,,Perseus,1475.11466,1.491,,
1041,,HIP 15444,49.78183035,50.09496938,5.032,5.009382,B5V,989,20418,31 Per,Perseus,480.8273416,-0.067,,
1042,,HIP 15457,49.84040174,3.370198606,4.85,4.65649,G5V,996,20630,κ 1 Ceti,Cetus,29.85895502,0.681,,
1043,,HIP 15474,49.87916937,-21.7578654,3.7,2.589558,M3III-IIIaCa-1,1003,20720,τ 4 Eridani,Eridanus,300.0000963,1.61,,
1044,,HIP 15479,49.8954446,-24.12290173,5.622,4.729793,M1III,1004,20729,AI For,Fornax,1172.661533,1.663,,
1045,,HIP 15510,49.9818788,-43.069782,4.27,4.063915,G6V,1008,20794,82 G. Eri[3],Eridanus,19.7650754,0.711,,
1046,,HIP 15514,49.98248256,27.07113009,5.918,5.683956,G7IV,995,20618,59 Ari,Aries,205.2897573,0.86,,
1047,,HIP 15520,49.99695558,65.65230156,4.85,4.659038,B2.5Vn(e),985,20336,BK Cam,Camelopardalis,800.9822805,-0.108,4.78,4.89
1048,,HIP 15547,50.08222671,77.73476309,5.444,5.397399,A6V,961,19978,,Cepheus,263.7539745,0.211,,
1049,,HIP 15549,50.08484196,29.04845766,4.47,3.866792,K3IIIaBa0.5,999,20644,,Aries,640.4728571,1.555,,
1050,,HIP 15557,50.10653326,25.66275663,6.127,5.79117,K3III:,1000,20663,60 Ari,Aries,288.7513294,1.241,,
1051,,HIP 15585,50.18834845,-26.60650796,6.404,6.274844,F7V,1013,20853,,Fornax,158.3294438,0.542,,
1052,,HIP 15619,50.27834658,3.675622592,5.69,5.440693,G9IIIBa0.2,1007,20791,κ 2 Ceti,Cetus,290.293962,0.964,,
1053,,HIP 15627,50.30676927,21.14706638,5.355,5.336097,B5IV,1005,20756,τ 1 Arietis,Aries,461.7563319,-0.067,,
1054,,HIP 15643,50.35002013,-23.63515676,5.496,5.262655,G7IIbCN-1Hdel-1,1016,20894,83 G. Eri,Eridanus,420.6444603,0.885,,
1055,,HIP 15648,50.3606615,43.32965087,4.946,4.930196,A3V,1002,20677,32 Per,Perseus,155.2379827,0.051,,
1056,,HIP 15655,50.38930665,-47.77666147,6.396,6.146354,K0III,1021,21011,,Horologium,453.4074772,0.989,,
1057,,HIP 15696,50.54955597,27.60755428,5.52,5.238868,G5III,1012,20825,62 Ari,Aries,973.1331576,1.1,,
1058,,HIP 15700,50.56785885,-25.58780481,6.353,6.354086,A1V,1018,20980,,Fornax,449.6552112,0.01,,
1059,,HIP 15737,50.68850556,20.74206719,5.13,4.701843,K3III,1015,20893,τ 2 Arietis,Aries,318.6706421,1.231,,
1060,,HIP 15770,50.80498774,49.21327078,5.3,5.297275,B5V,1011,20809,V575 Per,Perseus,624.5216736,-0.076,,
1061,,HIP 15776,50.82375484,-7.794098713,6.23,6.027313,G5/6V,1024,21019,86 G. Eri,Eridanus,120.3396694,0.702,,
1062,,HIP 15800,50.90127225,0.9100844505,6.472,6.159916,K1III,,21032,2 G. Tau,Taurus,369.1951188,1.154,,
1063,,HIP 15807,50.91245662,4.882102866,6.5,6.187083,G2III:CH-1:,1023,21018,1 G. Tau,Taurus,1116.439549,0.851,,
1064,,HIP 15816,50.93591953,-32.70708728,6.499,6.079444,K3III,1031,21149,,Fornax,644.267503,1.372,,
1065,,HIP 15840,51.00963726,-69.62460435,6.131,5.991094,A3/5V+G0/5,1053,21563,,Hydrus,594.8915341,0.482,,
1066,,HIP 15850,51.04220274,12.62959249,6.046,5.593529,K0III-IV,1028,21051,,Taurus,461.7563319,1.227,,
1067,,HIP 15861,51.0769908,24.72409581,5.503,5.146004,K4III,1022,21017,64 Ari,Aries,229.9014621,1.19,,
1068,Mirfak,HIP 15863,51.08070872,49.86117929,1.79,,F5Ib,1017,20902,α Persei,Perseus,591.6510818,0.481,,
1069,,HIP 15870,51.10881548,20.80349046,6.061,6.07093,A1V,1027,21050,65 Ari,Aries,302.9740625,-0.028,,
1070,,HIP 15876,51.12376214,33.53592987,5.8,5.788016,A0V,1019,20995,,Perseus,526.6564362,-0.001,,
1071,,HIP 15890,51.16898632,64.58599441,5.19,4.171272,M0II,1009,20797,CQ Cam,Camelopardalis,1249.043363,2.038,,
1072,,HIP 15900,51.20332633,9.02886962,3.6,3.382374,G6III,1030,21120,ο Tauri,Taurus,211.4136693,0.887,,
1073,,HIP 15968,51.40105322,-69.33643439,5.946,5.860497,F5V,1064,21722,,Hydrus,128.0942469,0.415,,
1074,,HIP 15987,51.48267484,-35.92088545,6.385,6.38485,A1IV,1042,21423,χ 1 Fornacis,Fornax,325.6744343,0.082,,
1075,,HIP 15988,51.48909186,49.1207583,6.09,6.068375,B7V,1029,21071,V576 Per,Perseus,602.5883856,-0.073,,
1076,,HIP 16015,51.54910008,-41.63693923,6.326,6.324152,A0V,1049,21473,89 G. Eri,Eridanus,441.1368314,0.054,,
1077,,HIP 16029,51.59385361,-27.31747978,5.933,5.685448,K0III,1045,21430,,Fornax,433.5116857,0.934,,
1078,,HIP 16042,51.64739867,28.71506289,6.37,6.325488,K0IV,,21242,UX Ari,Aries,163.7368044,0.882,6.36,6.7
1079,,HIP 16083,51.79225241,9.732741951,3.75,3.701829,B9Vn,1038,21364,ξ Tauri,Taurus,222.0709392,-0.082,,
1080,,HIP 16095,51.82781576,12.73528328,6.291,6.289849,A0Vs,1039,21379,,Taurus,340.2919479,-0.025,,
1081,,HIP 16112,51.88925497,-35.68132577,5.702,5.315132,K2III,1054,21574,χ 2 Fornacis,Fornax,464.3871585,1.284,,
1082,,,51.99546621,49.0195283,4.989,,~,,,Cl Melotte 20 772,Perseus,,,,
1083,,HIP 16142,52.00394513,-11.28659735,5.73,5.446537,K2II/III,1050,21530,91 G. Eri,Eridanus,340.2919495,1.102,,
1084,,HIP 16147,52.01279483,49.06286828,4.97,4.954242,B5V,1034,21278,,Perseus,569.9296938,-0.091,,
1085,,HIP 16168,52.08625239,33.80755759,5.73,5.70468,A2V,1041,21402,,Perseus,342.7956297,0.048,,
1086,,HIP 16177,52.09829478,60.25567525,6.49,6.4627,B9V,1033,21203,,Camelopardalis,857.8953801,0.014,,
1087,,HIP 16181,52.1106978,22.80400931,6.03,5.785825,G9IV,1048,21467,66 Ari,Aries,225.7619126,0.951,,
1088,,HIP 16210,52.21803297,49.84838556,5.572,5.550931,B6Vn,1037,21362,,Perseus,553.479728,-0.054,,
1089,,HIP 16226,52.26584778,3.248705092,6.42,6.190241,G6/8V,,21585,5 G. Tau,Taurus,455.30805,0.79,,
1090,,HIP 16228,52.26722037,59.94033366,4.22,4.071776,B9Ia,1035,21291,CS Cam,Camelopardalis,4289.476943,0.419,,
1091,,HIP 16244,52.3418729,49.50895295,4.735,4.754911,B3V,1044,21428,34 Per,Perseus,558.2197697,-0.096,,
1092,,HIP 16245,52.34448925,-62.93752894,4.7,4.61846,F3IV/V,1083,22001,κ Reticuli,Reticulum,69.8820341,0.41,,
1093,,HIP 16252,52.35952695,46.93786616,6.217,6.177663,B7Vne,1047,21455,,Perseus,575.9704757,0.131,,
1094,,HIP 16263,52.40011666,-12.67473569,5.576,5.540398,A9VnkA5mA5,1062,21688,94 G. Eri,Eridanus,420.1032986,0.171,,
1095,,HIP 16266,52.41307249,-6.80445477,5.988,5.729348,K0III,1060,21665,93 G. Eri,Eridanus,373.8536612,1.02,,
1096,,HIP 16281,52.47809835,58.87874913,4.54,4.335814,A0Ia,1040,21389,CE Cam,Camelopardalis,2469.698644,0.489,4.54,4.57
1097,,HIP 16285,52.47978034,-42.63425524,5.753,5.713648,A5V,1075,21882,99 G. Eri,Eridanus,203.2418314,0.205,,
1098,,HIP 16290,52.49538752,-78.35185094,5.668,5.451562,G8III,1109,22676,,Mensa,306.679396,0.932,,
1099,,HIP 16292,52.50076174,55.45180724,5.09,5.087484,A1Va,1046,21447,,Camelopardalis,190.9783555,0.022,,
1100,,,52.54561434,59.36595127,6.414,6.40993,~,1043,21427A,,Camelopardalis,337.1264912,0.095,,
1101,,HIP 16310,52.55658216,-41.36993697,6.112,6.001815,F7V,1076,21899,100 G. Eri,Eridanus,111.1490798,0.489,,
1102,,HIP 16319,52.58082519,71.86389717,6.41,5.248961,M2III,1032,21179,V805 Cas,Cassiopeia,855.6427217,1.772,,
1103,,HIP 16322,52.60195333,11.3364394,5.124,5.115597,A0Vn,1061,21686,4 Tau,Taurus,416.8791558,-0.041,,
1104,,HIP 16335,52.64368903,47.99521635,4.36,3.867585,K3-III,1052,21552,σ Persei,Perseus,353.1950351,1.367,,
1105,,HIP 16340,52.65396722,48.10360375,5.82,5.806673,B8V,1051,21551,,Perseus,869.3347222,-0.033,,
1106,,HIP 16339,52.65397501,-47.37512476,5.968,5.958016,A1V,1081,21981,TU Hor,Horologium,370.032947,0.116,5.9,6.04
1107,,HIP 16341,52.65440966,-5.07514798,4.725,4.705741,B9III,1070,21790,17 Eri,Eridanus,380.3964835,-0.092,,
1108,,HIP 16358,52.68925064,6.188704666,5.927,5.689323,G8III,1067,21755,6 G. Tau,Taurus,516.6417121,0.953,,
1109,,HIP 16368,52.71544953,-66.48971184,5.8,5.787191,B8IV,1092,22252,,Reticulum,851.1765262,-0.055,,
1110,,HIP 16369,52.7182399,12.93666964,4.1,3.836124,K0-III,1066,21754,5 Tau,Taurus,360.2203352,1.112,,
1111,,HIP 16424,52.87225147,49.20977268,6.28,6.269004,A0Vn,1056,21620,,Perseus,467.7188768,0.067,,
1112,,HIP 16425,52.87625002,40.75994866,6.49,6.459793,A5,,21684,,Perseus,435.8295442,0.243,,
1113,,HIP 16447,52.95432895,49.4010942,6.411,6.369414,B9II-III,1059,21661,,Perseus,2144.738465,0.075,,
1114,,HIP 16449,52.97352921,-25.61415,6.372,6.371929,A3IV/V,1082,21997,,Fornax,240.5903576,0.12,,
1115,,HIP 16470,53.03586842,48.02348015,5.461,5.425504,B9III,1063,21699,V396 Per,Perseus,585.2777793,-0.101,5.45,5.53
1116,,HIP 16489,53.08389462,84.91104575,5.609,5.39002,G5IIFe-1CH2Ba1:,965,20084,,Cepheus,355.1184434,0.894,,
1117,,HIP 16499,53.1094136,46.05686156,5.32,5.192072,F6III,1069,21770,36 Per,Perseus,118.7181459,0.398,,
1118,,HIP 16509,53.14501021,-50.37864531,5.658,5.367917,K2III,1090,22231,,Horologium,306.6793888,1.101,,
1119,,HIP 16511,53.1497639,9.373449983,5.757,5.744525,B9III,1079,21933,6 Tau,Taurus,355.1184335,-0.072,,
1120,,HIP 16516,53.16240705,44.85575966,6.41,6.381155,B2IV,1072,21803,KP Per,Perseus,1559.809492,-0.007,6.37,6.51
1121,,HIP 16518,53.16672926,35.4617243,5.9,5.870154,B1V,1074,21856,,Perseus,1638.192959,-0.084,,
1122,,HIP 16531,53.21481965,-61.01687257,6.421,6.152584,K0III,1096,22382,,Reticulum,428.9476917,1.037,,
1123,Ran,HIP 16537,53.23268538,-9.458260971,3.73,3.465752,K2V,1084,22049,ϵ Eridani,Eridanus,10.49073511,0.881,3.73,3.78
1124,,HIP 16587,53.38419579,58.76524327,6.409,6.432367,kA4hA5mA6(V),1068,21769,,Camelopardalis,763.4661856,0.168,,
1125,,HIP 16591,53.39597548,39.89947684,5.776,5.777679,A3V,1078,21912,IW Per,Perseus,178.2395728,0.139,5.79,5.84
1126,,HIP 16599,53.41274999,54.97486029,5.969,5.959241,A3V,1073,21819,,Camelopardalis,221.6181286,0.114,,
1127,,HIP 16602,53.42183738,57.86873004,6.38,6.255855,F7V,1071,21794,,Camelopardalis,234.3637557,0.523,,
1128,,HIP 16611,53.44698288,-21.63288448,4.25,4.256469,B9V,1088,22203,τ 5 Eridani,Eridanus,295.825861,-0.106,,
1129,,HIP 16628,53.48663204,-31.0801271,6.2,6.090067,F4V+F6V,1093,22262,,Fornax,138.4877736,0.482,,
1130,,HIP 16641,53.53490866,17.83282842,6.16,5.914572,K0.5IVFe-1,1085,22072,,Taurus,138.3114029,0.891,,
1131,,HIP 16672,53.63995628,-31.87480165,6.43,5.938673,K3III,1095,22322,,Fornax,1381.35703,1.404,,
1132,,HIP 16677,53.65613075,-9.868259075,6.239,6.234341,A0V,1091,22243,104 G. Eri,Eridanus,518.284754,0.019,,
1133,,HIP 16695,53.70450854,6.417694584,6.482,6.335125,G0,1089,22211,9 G. Tau,Taurus,438.7635439,0.642,,
1134,,HIP 16697,53.71835752,-25.58282685,6.48,6.223622,K0III,,22333,,Fornax,599.2664456,0.985,,
1135,,HIP 16779,53.98852806,-5.124951781,6.5,6.182019,K0III,,22379,105 G. Eri,Eridanus,779.9031083,1.091,,
1136,,HIP 16780,53.99027814,-11.19378509,5.58,5.323981,K0III,1098,22409,106 G. Eri,Eridanus,379.0696637,0.915,,
1137,,HIP 16803,54.07251712,-17.46707564,5.23,5.157641,B8/9III,1100,22470,20 Eri,Eridanus,473.1500386,-0.117,5.23,5.32
1138,,HIP 16826,54.12241555,48.19263456,4.23,4.12316,B5Ve,1087,22192,ψ Persei,Perseus,699.5701608,-0.058,4.17,4.28
1139,,HIP 16827,54.12559775,-78.32307287,6.298,6.000551,K2III,1154,23474,,Mensa,795.120809,1.15,,
1140,,HIP 16846,54.19704346,0.5877621367,5.9,5.607425,K2:Vnk,1099,22468,V711 Tau,Taurus,94.43798151,0.885,5.71,5.94
1141,,HIP 16852,54.21826544,0.4016644716,4.3,4.141093,F9IV-V,1101,22484,10 Tau,Taurus,44.72491952,0.575,,
1142,,HIP 16870,54.27365849,-40.27466034,4.58,4.18645,K1III,1106,22663,,Eridanus,219.0860888,1.023,,
1143,,HIP 16924,54.44929364,15.43055429,6.42,6.382734,A5IV,1102,22522,,Taurus,241.1243422,0.167,,
1144,,HIP 16938,54.50075951,42.58284338,6.402,6.385166,B8Vn,1097,22402,,Perseus,829.5170671,-0.064,,
1145,,HIP 16974,54.5822229,56.93271539,6.282,6.26509,B9p,1094,22316,KZ Cam,Camelopardalis,557.2645906,-0.099,6.28,6.3
1146,,HIP 16989,54.62188674,-7.391861425,5.849,5.606511,G8.5IIIb,1108,22675,109 G. Eri,Eridanus,390.4177275,0.98,,
1147,,HIP 17007,54.6986306,-27.94305312,6.01,6.0063,A0V,1114,22789,τ Fornacis,Fornax,417.4138002,-0.027,,
1148,,HIP 17026,54.75024407,20.91577334,6.493,6.483263,A4III,1103,22615,,Taurus,493.9390639,0.151,,
1149,,HIP 17027,54.75465215,-5.626213439,5.96,5.714155,K0IV,1111,22713,21 Eri,Eridanus,114.6271694,0.921,,
1150,,HIP 17056,54.85451485,75.73962186,6.247,5.993393,G9III-IV,1080,21970,,Cassiopeia,428.947688,0.973,,
1151,,HIP 17057,54.85586686,-10.43727389,6.182,5.904958,G8/K0III,1117,22799,113 G. Eri,Eridanus,375.5749424,1.031,,
1152,,HIP 17058,54.85730597,16.53668862,6.168,5.939042,K0III,1110,22695,,Taurus,402.9654709,1,,
1153,,HIP 17086,54.90977947,-3.393005594,6.219,5.951259,K0III,1116,22798,112 G. Eri,Eridanus,335.0466071,1.041,,
1154,,HIP 17103,54.96300807,3.056866149,5.555,5.292956,K0III,1115,22796,12 Tau,Taurus,400.4911303,0.931,,
1155,,HIP 17120,54.99820488,-1.121224279,6.123,5.863497,K0III,1119,22819,14 G. Tau,Taurus,421.1888781,0.994,,
1156,,HIP 17136,55.0476525,-15.22653435,6.343,6.114727,G8/K0III+(G),1120,22905,114 G. Eri,Eridanus,644.2675004,0.881,,
1157,,HIP 17167,55.15972131,-5.210709925,5.53,5.495112,B9IIIpSi4200,1121,22920,22 Eri,Eridanus,739.2280737,-0.145,,
1158,,HIP 17181,55.19295726,25.32948848,6.102,6.092988,A2IV,1118,22805,11 Tau,Taurus,522.4347344,0.097,,
1159,,HIP 17203,55.28273833,37.58019664,5.57,5.533837,B7Vn,1113,22780,,Perseus,806.9317784,-0.062,,
1160,,HIP 17214,55.30748691,-11.80238971,6.485,6.418477,F2III,1125,23010,117 G. Eri,Eridanus,299.6325631,0.377,,
1161,,HIP 17296,55.53885631,63.21679683,5.11,3.957753,S3.5/2,1105,22649,BD Cam,Camelopardalis,519.9375783,1.651,5.04,5.17
1162,,HIP 17304,55.56209392,-31.93836228,4.973,4.943464,B5III,1134,23227,δ Fornacis,Fornax,732.5841952,-0.159,,
1163,,HIP 17309,55.57894866,19.70025513,5.69,5.656581,B7Ve,1126,23016,13 Tau,Taurus,409.0355932,-0.016,,
1164,,HIP 17313,55.59435805,33.96502603,4.972,4.917594,B0.5V,1123,22951,40 Per,Perseus,923.5126804,-0.048,,
1165,,HIP 17342,55.6780708,59.96938969,5.78,5.003071,K3.5IIIb+G,1112,22764,,Camelopardalis,2202.704547,1.736,,
1166,,HIP 17351,55.70856211,-37.31351682,4.583,4.250111,K1.5IIIbCN0.5,1143,23319,,Eridanus,177.7535112,1.191,,
1167,,HIP 17358,55.73122002,47.78749674,3.01,2.982313,B5III,1122,22928,δ Persei,Perseus,527.5072985,-0.125,2.99,3.04
1168,Rana,HIP 17378,55.81208557,-9.763391932,3.54,3.275567,K0+IV,1136,23249,δ Eridani,Eridanus,29.48092683,0.915,3.51,3.56
1169,,HIP 17395,55.89097448,-10.48565699,5.61,5.555508,A5III-IV,1139,23281,122 G. Eri,Eridanus,139.9143471,0.216,,
1170,,HIP 17408,55.94672369,19.66503485,6.14,5.869091,G8III,1132,23183,14 Tau,Taurus,347.1770708,0.994,,
1171,,HIP 17437,56.02678321,48.5236578,6.042,5.450496,K4III,1127,23049,,Perseus,827.4111073,1.552,,
1172,,HIP 17440,56.04992268,-64.80691413,3.833,3.51656,K2-IIIb,1175,23817,β Reticuli,Reticulum,99.66377551,1.133,,
1173,Atik,HIP 17448,56.07972404,32.28824649,3.91,3.842228,B1III,1131,23180,ο Persei,Perseus,1100.000384,0.05,,
1174,,HIP 17453,56.11751582,20.92873573,6.074,6.081681,A0Vp_lB,1137,23258,,Taurus,243.4653493,0.028,,
1175,,HIP 17457,56.12712711,-1.163090966,5.25,5.228751,B7IV,1146,23363,24 Eri,Eridanus,653.3074823,-0.088,,
1176,,HIP 17460,56.13101387,36.46009427,5.588,5.587322,kA2hA4mA5,1133,23193,,Perseus,331.6366462,0.062,,
1177,,,56.141179,-54.274058,6.35,,~,1168,23697A,,Reticulum,254.488727,1.035,,
1178,,HIP 17464,56.14120688,-54.27402748,6.3,6.067494,K2III-IV,1168,23697,,Reticulum,254.488727,1.035,,
1179,,HIP 17475,56.17042446,46.09981218,6.091,6.031807,A7IV,1130,23139,,Perseus,572.9354147,0.291,,
1180,Celaeno,HIP 17489,56.20089557,24.28946759,5.46,5.441325,B7V,1140,23288,,Taurus,334.3587463,-0.034,,
1181,,HIP 17493,56.21034639,-48.06129864,6.488,6.23765,G8/K0III,1167,23670,,Horologium,507.7875572,1.011,,
1182,Electra,HIP 17499,56.21890454,24.11333785,3.7,3.698209,B6IIIe,1142,23302,,Taurus,370.4534794,-0.105,,
1183,,HIP 17506,56.2354052,-0.2967206424,5.553,5.055646,K3III,1150,23413,25 Eri,Eridanus,351.2944528,1.411,,
1184,,HIP 17527,56.29058389,24.839262,5.64,5.640408,B8V,1144,23324,18 Tau,Taurus,367.5325184,-0.064,,
1185,,HIP 17529,56.29846973,42.57853043,3.8,3.663778,F4II,1135,23230,ν Persei,Perseus,556.3126683,0.425,,
1186,Taygeta,HIP 17531,56.3020833,24.46727376,4.3,4.261022,B6IV,1145,23338,,Taurus,372.5724802,-0.11,,
1187,,HIP 17534,56.31615059,-47.3594753,5.708,5.480812,K1III,1169,23719,,Horologium,365.0614454,0.961,,
1188,,HIP 17543,56.34889865,-71.65813181,6.255,6.238025,ApSi,,24188,CT Hyi,Hydrus,463.066867,-0.123,,
1189,,HIP 17558,56.40453593,38.67626178,6.443,6.108968,K0,,23301,,Perseus,459.8035929,1.195,,
1190,,HIP 17563,56.41851403,6.04999593,5.337,5.329274,B3V,1153,23466,29 Tau,Taurus,588.4464984,-0.099,,
1191,Maia,HIP 17573,56.45670065,24.36774377,3.87,3.863349,B7III,1149,23408,,Taurus,359.8226156,-0.063,,
1192,Asterope,HIP 17579,56.47698521,24.55450992,5.76,5.752026,B8V,1151,23432,,Taurus,386.7143653,-0.036,,
1193,,HIP 17584,56.49691638,45.68189933,5.655,5.631493,B6V,1141,23300,,Perseus,1038.215823,-0.08,,
1194,,HIP 17585,56.50391676,67.20160228,5.782,5.708734,F1IVnn,1124,23005,,Camelopardalis,180.5095162,0.347,,
1195,,HIP 17587,56.50971455,63.34505876,4.81,4.491409,G2Ib/II+B7III/IV,1129,23089,,Camelopardalis,799.0197595,0.747,,
1196,,HIP 17588,56.51208469,24.52789678,6.421,6.425264,A0Vn,1152,23441,Sterope II,Taurus,353.9643935,-0.02,,
1197,,HIP 17593,56.53556342,-12.10158848,4.42,3.650564,M1III,1162,23614,π Eridani,Eridanus,496.9513068,1.604,4.38,4.44
1198,,HIP 17595,56.53901529,6.803524665,5.922,5.651594,G9III,1159,23526,18 G. Tau,Taurus,336.7776672,0.992,,
1199,Merope,HIP 17608,56.58160786,23.94835894,4.18,4.172742,B6IV(e),1156,23480,,Taurus,359.0304353,-0.051,4.18,4.19
1200,,HIP 17618,56.61428482,-29.33815784,5.904,5.894097,A2V,1171,23738,σ Fornacis,Fornax,329.2927087,0.11,,
1201,,HIP 17651,56.71203049,-23.2497228,4.2,4.113062,F5IV-V,1173,23754,τ 6 Eridani,Eridanus,58.43355346,0.434,,
1202,,HIP 17678,56.80975276,-74.23896288,3.26,2.474004,M1III,1208,24512,γ Hydri,Hydrus,214.0513514,1.59,,
1203,,-,56.83766096,24.11626782,6.28,,A0V,-,23629,* 24 Tau,Taurus,,-0.02,,
1204,Alcyone,HIP 17702,56.8711523,24.10513565,2.87,2.773,B7III,1165,23630,η Tauri,Taurus,367.5325184,-0.086,,
1205,,HIP 17707,56.88394957,55.92195887,6.082,6.070801,B9Vnn,1147,23383,,Camelopardalis,431.2166449,-0.02,,
1206,,HIP 17717,56.91520873,-23.87467746,5.235,5.217292,A3Vs,1181,23878,τ 7 Eridani,Eridanus,272.120437,0.075,,
1207,,HIP 17732,56.95424718,32.19541422,6.252,6.132299,G0,1164,23626,,Perseus,181.9197876,0.474,,
1208,,HIP 17734,56.95675558,-36.10580264,6.19,6.190441,B7V,1186,23958,133 G. Eri,Eridanus,529.2220624,-0.102,,
1209,,HIP 17738,56.98350138,-30.16788279,5.54,5.256703,G6III,1184,23940,ρ Fornacis,Fornax,282.2512178,0.973,,
1210,,HIP 17759,57.02724955,24.98841598,6.49,5.604983,K5,,23712,,Taurus,737.5556925,1.701,,
1211,,HIP 17771,57.06777822,11.14329893,5.07,5.053788,B3V,1174,23793,30 Tau,Taurus,564.9907898,-0.125,,
1212,,HIP 17772,57.07531084,50.736766,6.14,6.154135,B8V,1160,23552,,Perseus,593.805943,0.028,,
1213,,HIP 17776,57.08673659,23.42124885,5.45,5.428299,B8V,1172,23753,,Taurus,338.1729478,-0.067,,
1214,,HIP 17797,57.1478237,-37.62200345,5.25,,A1Va,1189,24071,* f Eri B,Eridanus,161.1467394,-0.038,,
1215,,HIP 17798,57.14876498,-20.90297714,5.801,5.123541,K5III,1187,23978,132 G. Eri,Eridanus,829.5170685,1.602,,
1216,,HIP 17797,57.14947508,-37.62014329,4.72,,B9.5Van,1190,24072,* f Eri A,Eridanus,161.1467394,-0.038,,
1217,,HIP 17797,57.14948851,-37.6201504,4.27,,~,1189,24071,,Eridanus,161.1467394,-0.038,,
1218,,HIP 17805,57.16230721,0.2278606482,5.901,5.554883,K2III,1182,23887,129 G. Eri,Eridanus,495.4419251,1.224,,
1219,,HIP 17832,57.23725792,23.85713189,6.464,6.385194,F0,,23822,26 Tau,Taurus,242.5597211,0.377,,
1220,,HIP 17846,57.2837907,43.96313935,5.97,5.913298,A9IV,1170,23728,V376 Per,Perseus,225.9183948,0.279,5.77,5.91
1221,Atlas,HIP 17847,57.29059607,24.05341713,3.63,3.615795,B8III,1178,23850,,Taurus,380.3964831,-0.07,,
1222,Pleione,HIP 17851,57.29673582,24.1367102,5.09,5.203287,B8Vne,1180,23862,,Taurus,387.1740256,-0.082,4.77,5.5
1223,,HIP 17854,57.30724702,70.8710502,5.391,5.384936,kA2hA6VmA7,1138,23277,,Camelopardalis,325.3494134,0.096,,
1224,,HIP 17858,57.33232682,57.11826789,6.448,6.440273,B9V,1161,23594,,Camelopardalis,530.9433413,0.061,,
1225,,HIP 17874,57.36352608,-36.20025674,4.17,3.928332,G7III,1195,24160,,Eridanus,209.7813927,0.927,,
1226,,HIP 17884,57.38032312,65.5259794,4.48,3.267435,M2II,1155,23475,BE Cam,Camelopardalis,964.4974199,1.87,4.35,4.48
1227,,HIP 17886,57.38618181,33.09136457,5.11,5.134794,A3V,1177,23848,42 Per,Perseus,297.4454276,0.057,5.05,5.18
1228,,HIP 17891,57.40244133,63.29695883,5.817,5.782506,A5Vn,1158,23523,,Camelopardalis,231.0418157,0.189,,
1229,,HIP 17900,57.43138162,23.71185214,6.153,6.159169,B8.5V,1183,23923,,Taurus,379.9531229,-0.046,,
1230,,HIP 17921,57.47945631,22.24414891,6.07,6.040353,B8III,1185,23950,,Taurus,321.4990197,-0.006,,
1231,,HIP 17932,57.51843813,44.96786907,5.657,5.431451,G7III+F0IV:,1176,23838,,Perseus,346.4403126,0.779,,
1232,,HIP 17950,57.56735206,-1.522574482,6.491,6.403721,F5V,,24098,134 G. Eri,Eridanus,146.7147089,0.435,,
1233,,HIP 17954,57.57892175,25.57937443,5.234,,A2IVp,1188,23985,,Taurus,192.217153,0.231,,
1234,,HIP 17959,57.58962223,71.33226611,4.604,4.575176,A2IVn,1148,23401,γ Camelopardalis,Camelopardalis,335.0466131,0.064,,
1235,,HIP 18033,57.81612836,13.04607656,6.38,6.2474,B9pS,1194,24155,V766 Tau,Taurus,442.9363456,-0.058,6.3,6.365
1236,,HIP 18067,57.92406514,68.50748617,6.299,6.290662,B9IVp,1166,23662,,Camelopardalis,821.1584286,-0.057,,
1237,,HIP 18081,57.97382807,34.3591176,5.772,5.727925,B1V,1191,24131,,Perseus,1034.919961,-0.036,,
1238,,HIP 18089,58.00095488,6.534898094,6.26,6.1716,~,1199,24263,* 31 Tau A,Taurus,704.1048203,0.046,,
1239,,HIP 18094,58.01855396,31.16859136,6.212,6.189259,A5V,1197,24167,,Perseus,411.0959147,0.206,,
1240,,HIP 18141,58.17353643,-5.361227184,5.475,5.465395,B8III,1202,24388,30 Eri,Eridanus,502.3107481,-0.09,,
1241,,HIP 18170,58.29185913,17.32708535,5.946,5.883992,F4V,1201,24357,,Taurus,135.0455341,0.354,,
1242,,HIP 18173,58.30386882,-18.43443789,6.216,5.921707,K0/1III+A2V,1206,24497,147 G. Eri,Eridanus,698.0738206,0.866,,
1243,,HIP 18199,58.38892975,-46.89368494,5.921,5.570428,K2III,1216,24706,,Horologium,359.8226235,1.22,,
1244,,HIP 18201,58.39366468,25.68287684,6.349,6.317315,A2V,,24368,,Taurus,478.0074386,0.11,,
1245,,HIP 18212,58.41123878,48.65049684,5.76,5.491262,K0III,1198,24240,,Perseus,430.0789035,1.04,,
1246,,HIP 18213,58.41228081,-34.73229731,5.092,5.07183,B6/7V,1214,24626,,Eridanus,354.7337591,-0.133,,
1247,,HIP 18216,58.42792648,-24.61222817,4.623,4.596625,B6V,1213,24587,τ 8 Eridani,Eridanus,385.3419083,-0.136,4.63,4.66
1248,,HIP 18217,58.43035937,57.97514619,5.786,5.792563,kA3hF0mF0,1192,24141,,Camelopardalis,170.3239668,0.182,,
1249,,HIP 18246,58.53301031,31.88363368,2.85,2.821989,B1Ib,1203,24398,ζ Persei,Perseus,750.0002576,0.12,,
1250,,HIP 18255,58.57252866,-2.952865682,6.09,,A1V,1211,24554,* 32 Eri B,Eridanus,344.6081908,0.672,,
1251,,HIP 18255,58.57292417,-2.9547343,4.45,,G8III+A1V,1211,24554,32 Eri A,32 Eri B,Eridanus,344.6081908,0.672,
1252,,HIP 18255,58.57292419,-2.954733257,4.7,,G6.5III,1212,24555,* 32 Eri A,Eridanus,344.6081908,0.672,,
1253,,HIP 18262,58.59652911,-40.35700558,5.705,5.500099,G8/K1III,1219,24744,153 G. Eri,Eridanus,515.8234586,0.599,,
1254,,HIP 18275,58.64150364,-52.69042653,6.461,6.43641,A4V,1227,24863,,Dorado,349.4101811,0.158,,
1255,,HIP 18339,58.81721388,-12.09909103,6,5.942068,A9VpSrEuCr,1217,24712,DO Eri,Eridanus,159.7257008,0.323,5.97,6
1256,,HIP 18396,58.99239099,47.87142306,5.379,5.345923,B6V,1207,24504,,Perseus,844.5587136,-0.073,,
1257,,HIP 18401,59.01665084,-63.46371496,6.137,5.842294,K1/2III,1236,25170,,Reticulum,370.8772916,1.094,,
1258,,HIP 18428,59.11526696,-13.59753471,6.38,5.492945,M1III,,24834,,Eridanus,4024.699645,1.585,,
1259,,HIP 18434,59.11954913,35.08089318,5.488,5.441631,B1.5V,1215,24640,,Perseus,970.2382777,-0.058,,
1260,,HIP 18438,59.12597336,71.82162736,6.3,6.240151,A5m,1196,24164,,Camelopardalis,195.9136748,0.333,,
1261,,HIP 18455,59.15805471,-9.75083639,6.177,6.129708,A9V,1225,24832,DL Eri,Eridanus,346.4403122,0.269,6.15,6.24
1262,,HIP 18471,59.21698796,22.47797357,5.617,5.531594,F2IVs,1218,24740,32 Tau,Taurus,146.1226923,0.345,,
1263,,HIP 18481,59.25715831,6.039970244,6.072,6.07927,A0Vn,1224,24817,24 G. Tau,Taurus,245.8523226,0.058,,
1264,,HIP 18485,59.26586327,23.17554197,6.038,6.028158,B9.5IV,1221,24769,33 Tau,Taurus,530.9433378,0.031,6.06,6.11
1265,,HIP 18488,59.28453972,61.10888504,5.05,4.458921,K4III,1205,24480,,Camelopardalis,1852.273981,1.435,,
1266,,HIP 18505,59.35601916,63.07226382,5.04,4.933301,B9IV,1204,24479,,Camelopardalis,337.8241325,-0.074,,
1267,,HIP 18508,59.35992364,24.46193671,6.165,5.759932,K0,1222,24802,,Taurus,1072.367594,1.372,,
1268,,HIP 18532,59.46349742,40.01019978,2.89,2.904279,B0.5III,1220,24760,ϵ Persei,Perseus,537.9556015,-0.199,2.88,3
1269,Zaurak,HIP 18543,59.50735759,-13.50851481,2.94,2.270793,M0III-IIIb,1231,25025,γ Eridani,Eridanus,221.0169832,1.588,2.88,2.96
1270,,HIP 18565,59.62152083,38.84025672,6.313,6.024616,K1III:,1226,24843,,Perseus,416.3477774,1.081,,
1271,,HIP 18592,59.67875659,-57.10236116,6.043,5.944658,F5IV/V,1245,25346,,Reticulum,201.2346526,0.439,,
1272,,HIP 18597,59.68645393,-61.40018563,4.57,3.804274,M1.5III,1247,25422,δ Reticuli,Reticulum,530.0827088,1.59,,
1273,,HIP 18606,59.71830798,-5.469947541,5.833,5.567367,K0/1III,1232,25069,159 G. Eri,Eridanus,142.4825759,1.001,,
1274,Menkib,HIP 18614,59.74126013,35.79103042,4.06,3.974884,O7.5III(n)((f)),1228,24912,ξ Persei,Perseus,1356.160478,0.016,4,4.06
1275,,HIP 18647,59.87555202,-12.57442468,5.589,5.064949,K4III,1235,25165,160 G. Eri,Eridanus,890.7105498,1.479,,
1276,,HIP 18658,59.91873338,10.33037776,6.34,6.253909,F5V,1233,25102,25 G. Tau,Taurus,128.2454979,0.417,,
1277,,HIP 18673,59.98118237,-24.01621589,4.66,4.584998,ApSi,1240,25267,τ 9 Eridani,Eridanus,330.9650886,-0.121,4.62,4.67
1278,,HIP 18717,60.15369851,17.29665899,6.305,6.292517,A0V,1237,25175,,Taurus,923.51268,0.056,,
1279,,HIP 18723,60.16940217,-30.49070837,5.919,5.919007,A1V,1246,25371,163 G. Eri,Eridanus,358.6359798,0.036,,
1280,,HIP 18724,60.17006989,12.49034444,3.41,3.475632,B4IV,1239,25204,λ Tauri,Taurus,370.0329395,-0.099,3.37,3.91
1281,,HIP 18735,60.20319248,18.19400141,5.865,5.804048,F4V,1238,25202,,Taurus,148.2491911,0.319,,
1282,,HIP 18744,60.22419835,-62.15928285,4.5,3.346067,M4III,1264,25705,γ Reticuli,Reticulum,490.2259345,1.5,4.42,4.64
1283,,HIP 18769,60.31179464,36.98947815,6.389,6.375572,A0V,1234,25152,,Perseus,372.9962815,-0.005,,
1284,,HIP 18772,60.3256292,-61.07882292,4.956,4.472711,K4III,1266,25728,ι Reticuli,Reticulum,330.9650966,1.386,,
1285,,HIP 18788,60.38352959,-1.549658645,5.28,5.246787,B5III/IV,1244,25340,35 Eri,Eridanus,452.7782901,-0.133,,
1286,,HIP 18805,60.44222756,9.998016647,5.691,5.772417,B5V,1243,25330,26 G. Tau,Taurus,564.9907902,0.005,,
1287,,,60.44223793,9.998017161,5.81,,~,1243,25330A,,Taurus,564.9907901,0.005,,
1288,,HIP 18859,60.65310113,-0.2689222003,5.38,5.247617,F7V,1249,25457,164 G. Eri,Eridanus,62.69241669,0.516,,
1289,,HIP 18907,60.78907978,5.989300702,3.883,3.91042,A0.5Va,1251,25490,ν Tauri,Taurus,129.1602544,0.032,,
1290,,HIP 18926,60.85311353,-20.14379606,6.45,6.427476,B3V,1258,25631,166 G. Eri,Eridanus,956.0116346,-0.178,,
1291,,HIP 18957,60.93585189,5.435618279,5.33,5.255648,B5V,1253,25558,40 Tau,Taurus,1044.872744,-0.08,,
1292,,HIP 18990,61.03628154,-16.58872806,6.364,5.952704,K2/3III/IV,1263,25700,168 G. Eri,Eridanus,452.7782918,1.266,,
1293,,HIP 19009,61.09028579,24.10601796,5.512,5.107828,K1II+B7.5IV:,1252,25555,36 Tau,Taurus,953.217811,0.813,,
1294,,HIP 19011,61.09464841,-12.7922968,5.611,5.322019,K1III,1265,25723,169 G. Eri,Eridanus,401.4789127,1.062,,
1295,,HIP 19018,61.11317892,59.15550907,5.12,4.853897,F0II,1242,25291,,Camelopardalis,1734.043518,0.495,,
1296,,HIP 19037,61.17042648,-20.38186206,6.111,5.812447,K1II,1267,25803,171 G. Eri,Eridanus,447.8035305,1.157,,
1297,,HIP 19038,61.17380367,22.08192967,4.37,4.065172,K0III-IIIb,1256,25604,37 Tau,Taurus,180.7096751,1.064,,
1298,,HIP 19076,61.33440852,22.00890483,5.9,5.756682,G5V,1262,25680,39 Tau,Taurus,54.52415734,0.62,,
1299,,HIP 19095,61.40598332,-27.65180715,5.59,5.517317,F0IV/V,1275,25945,174 G. Eri,Eridanus,140.7599945,0.324,,
1300,,HIP 19111,61.44462715,-20.51256206,6.334,6.110061,G8/K0III,1274,25944,173 G. Eri,Eridanus,311.3659611,0.918,,
1301,,HIP 19121,61.48545035,-8.856104408,6.261,6.259912,A1V,1272,25910,172 G. Eri,Eridanus,265.9055692,0.063,,
1302,,HIP 19129,61.5132619,68.67997194,5.864,5.236513,K2III,1241,25274,,Camelopardalis,623.3285171,1.543,,
1303,,HIP 19167,61.64601079,50.35126151,4.29,4.236291,A0IVn,1261,25642,λ Persei,Perseus,346.4403136,-0.011,,
1304,,HIP 19171,61.65171915,27.59990004,5.172,5.144544,Ap,1268,25823,41 Tau,Taurus,493.9390648,-0.124,5.15,5.22
1305,,HIP 19172,61.65262372,54.00866765,6.302,6.045487,G8IV,1255,25602,,Camelopardalis,319.2949363,0.983,,
1306,,HIP 19177,61.6618422,65.52079824,6.131,6.12382,A3m,1248,25425,,Camelopardalis,457.2216763,0.145,,
1307,,HIP 19205,61.75190397,29.00130813,5.2,5.116439,F1V_(dD),1269,25867,ψ Tauri,Taurus,89.90625449,0.359,,
1308,,HIP 19222,61.7949106,74.00035944,6.49,6.239209,K0,,25225,,Camelopardalis,409.0356006,0.977,,
1309,,HIP 19233,61.84013098,-64.22235246,6.38,6.215998,G1V,1294,26491,,Reticulum,75.6030109,0.636,,
1310,,HIP 19261,61.92493284,15.16278919,6.07,5.984928,F3V,1279,26015,,Taurus,153.2676371,0.397,,
1311,,HIP 19284,61.99757047,17.33989787,5.94,5.328031,K5III,1280,26038,,Taurus,344.6081904,1.497,,
1312,,HIP 19343,62.16538987,47.71251056,4.03,3.944419,B3Ve,1273,25940,48 Per,Perseus,553.4797283,-0.025,4,4.09
1313,,HIP 19376,62.2565446,13.39828158,5.927,5.913358,B9.5V,1284,26171,,Taurus,445.355267,0.052,,
1314,,HIP 19388,62.29152508,19.60921713,5.504,5.212071,K2III,1283,26162,ω 1 Tauri,Taurus,290.811977,1.077,,
1315,,HIP 19398,62.32431692,-16.38585563,5.435,5.415455,B5IV,1288,26326,GU Eri,Eridanus,726.0576709,-0.147,,
1316,,HIP 19400,62.34263881,54.8288646,6.26,6.151735,F5V,1276,25948,,Camelopardalis,154.5755528,0.448,,
1317,,HIP 19412,62.36487954,59.90807021,6.295,5.967968,G7II,1270,25877,,Camelopardalis,1072.367598,1.112,,
1318,,HIP 19434,62.42919591,3.322698692,6.48,6.391298,F3IV,,26292,37 G. Tau,Taurus,204.260576,0.443,,
1319,,HIP 19461,62.51140554,80.69867232,5.62,5.312837,G8III,1230,25007,,Cepheus,345.338439,0.589,,
1320,,,62.51249894,80.69855702,6.32,,A3.5IV:,1230,25008,,Cepheus,345.338439,0.589,,
1321,,HIP 19483,62.59383276,-6.923851933,5.442,5.208221,G8III,1290,26409,37 Eri,Eridanus,376.8789433,0.941,,
1322,,HIP 19509,62.6911292,-35.27378804,6.44,6.132473,K0IIICN-0.5CH-2,1299,26575,188 G. Eri,Eridanus,1185.453781,1.07,,
1323,,HIP 19511,62.69901422,-8.819815449,5.689,5.418202,K1III,1293,26464,184 G. Eri,Eridanus,324.0558404,1.057,,
1324,,HIP 19513,62.70775352,26.48095458,5.387,5.294026,F2IV-V,1287,26322,44 Tau,Taurus,194.9760925,0.352,5.37,5.58
1325,,HIP 19515,62.71071136,-41.99364278,4.93,4.776711,F2IV/V,1302,26612,δ Horologii,Horologium,175.1748519,0.334,,
1326,,HIP 19525,62.74593413,33.58677857,5.74,5.238405,K2-IIICN1,1286,26311,,Perseus,547.8986049,1.412,,
1327,,HIP 19554,62.83450933,5.523052222,5.699,5.622957,F4V,1292,26462,45 Tau,Taurus,125.9175315,0.36,,
1328,,HIP 19571,62.90084881,-20.35615463,5.8,5.77283,A1V+(F/G),1300,26591,GW Eri,Eridanus,249.6173009,0.165,,
1329,Beid,HIP 19587,62.9664127,-6.837579624,4.026,3.973952,F0III,1298,26574,ο 1 Eridani,Eridanus,125.4810183,0.327,4,4.05
1330,,HIP 19590,62.9838848,-8.837464377,6.44,6.198404,G8III,,26584,186 G. Eri,Eridanus,535.305221,0.95,,
1331,,HIP 19601,63.00113219,-17.27473285,6.4,6.166859,K0III,,26625,189 G. Eri,Eridanus,343.1574924,0.968,,
1332,,HIP 19641,63.13064466,17.27746009,6.087,5.804848,K0III,1295,26546,,Taurus,285.4642712,1.081,,
1333,,HIP 19672,63.21354502,22.41346728,6.12,6.078153,B8III,1297,26571,V1137 Tau,Taurus,1031.64692,0.171,,
1334,,HIP 19673,63.21593557,68.50115401,6.326,6.00226,K0,1282,26101,,Camelopardalis,386.7143714,1.169,,
1335,,HIP 19719,63.38787686,7.716115963,5.29,5.141016,F2V,1309,26690,46 Tau,Taurus,120.5620016,0.366,,
1336,,HIP 19720,63.39404433,10.2124773,6.249,6.204083,B8V,1307,26676,40 G. Tau,Taurus,502.3107478,0.021,,
1337,,HIP 19721,63.39883661,-40.35776203,6.344,5.836431,K3III,1323,26927,,Horologium,999.9988345,1.468,,
1338,,HIP 19725,63.40894447,-1.149737977,6.423,6.423699,B4V,1312,26739,GY Eri,Eridanus,1399.143593,-0.125,,
1339,,HIP 19730,63.43676695,72.12614855,6.037,5.780776,K1III,1281,26076,,Camelopardalis,365.4722045,1.019,,
1340,,HIP 19736,63.45765872,12.75370715,6.25,5.93483,K0,1310,26703,,Taurus,358.6359757,1.143,,
1341,,HIP 19740,63.48493935,9.263824264,4.95,,G3IIIFe-0.5,1311,26722A,* 47 Tau A,Taurus,371.2978202,0.799,,
1342,,HIP 19746,63.49872069,37.96714946,6.45,6.190117,G9III,1301,26605,,Perseus,393.7201094,1.029,,
1343,,HIP 19747,63.50047593,-42.29436854,3.86,3.526655,K2III,1326,26967,α Horologii,Horologium,117.0555509,1.085,,
1344,,HIP 19777,63.59869958,-10.25628346,4.9,4.551864,K2III,1318,26846,39 Eri,Eridanus,206.329048,1.156,,
1345,Rhombus,HIP 19780,63.60612502,-62.47380349,3.36,3.125906,G8IIIa:,1336,27256,α Reticuli,Reticulum,163.1633823,0.915,,
1346,,HIP 19799,63.6509692,10.0114072,5.218,5.188722,B9Vn,1315,26793,43 G. Tau,Taurus,473.8378975,-0.085,,
1347,,HIP 19805,63.70227199,-62.19181128,5.46,5.141684,K0III,1340,27304,,Reticulum,266.9944199,1.106,,
1348,,HIP 19810,63.71694763,37.54267193,6.308,6.070096,G5,,26702,,Perseus,419.0242386,0.958,,
1349,,HIP 19811,63.72221834,40.48364038,4.691,4.385077,G5II+A2V,1306,26673,52 Per,Perseus,626.9242942,1.007,,
1350,,HIP 19812,63.72443131,48.40933065,4.16,3.846112,G0Ib,1303,26630,μ Persei,Perseus,722.8367899,0.935,,
1351,,HIP 19823,63.75748074,57.46036449,6.08,5.842825,A4III,1296,26553,,Camelopardalis,1309.236024,0.6,,
1352,Keid,HIP 19849,63.81799841,-7.652869661,4.43,4.179894,K0V,1325,26965,ο 2 Eridani,Eridanus,16.44470434,0.82,,
1353,,,63.878,51.218,6.4,,~,,,NGC 1528,Perseus,,,,
1354,,HIP 19860,63.88357029,8.892358769,4.279,4.259019,B3IV,1320,26912,μ Tauri,Taurus,434.6657234,-0.054,,
1355,,HIP 19877,63.94285197,15.40069607,6.3,6.218952,F5V,1319,26911,48 Tau,Taurus,144.8245603,0.4,6.31,6.33
1356,,HIP 19893,64.00661093,-51.48664798,4.2,4.187571,F1V,1338,27290,γ Doradus,Dorado,66.17932257,0.312,4.23,4.27
1357,,HIP 19917,64.08739027,-60.94847805,6.366,,ApEuCr(Sr),1357,27463,TT Ret,Reticulum,387.6336973,0.097,6.37,6.385
1358,,HIP 19921,64.12095061,-59.30215441,4.44,4.134786,K2III,1355,27442,ϵ Reticuli,Reticulum,59.49094129,1.08,,
1359,,HIP 19949,64.17954879,53.61180022,5.187,5.169462,A2Vn,1314,26764,,Camelopardalis,352.8136166,0.052,,
1360,,HIP 19968,64.22315037,61.84999087,5.7,5.670231,B7V,1305,26670,,Camelopardalis,409.0355983,-0.116,,
1361,,HIP 19983,64.28372302,57.8603198,5.721,5.410627,K1III,1313,26755,,Camelopardalis,263.3278888,1.108,,
1362,,HIP 19990,64.31525469,20.57859738,4.914,4.864198,A3m,1329,27045,ω 2 Tauri,Taurus,93.48997375,0.259,,
1363,,HIP 19996,64.33009093,-6.472173861,5.932,5.674593,K0II,1332,27179,202 G. Eri,Eridanus,550.6761265,1.078,,
1364,,HIP 20020,64.41779779,-63.25541306,6.05,,B9IV,1372,27657A,* tet Ret A,Reticulum,462.411605,-0.061,,
1365,,HIP 20039,64.46585304,80.53578696,6.38,6.164024,K0,,25904,,Cepheus,944.9276363,0.947,,
1366,,HIP 20042,64.47359334,-33.79834789,3.56,3.551744,B8V+B9.5V?,1347,27376,υ 4 Eridani,Eridanus,178.4345256,-0.108,,
1367,,HIP 20049,64.49695747,-80.2140319,5.68,5.438815,K2/3III+A,1426,28525,δ Mensae,Mensa,407.5001492,0.836,,
1368,,HIP 20063,64.53378729,42.14116511,6.205,6.204442,B9V,1328,27026,V545 Per,Perseus,388.5595281,-0.072,6.22,6.26
1369,,HIP 20070,64.56092275,50.29549307,4.594,4.582041,A1III,1324,26961,,Perseus,318.0489635,0.043,4.52,4.68
1370,,HIP 20075,64.56698668,-20.71525902,6.052,4.808891,M4III,1345,27362,GZ Eri,Eridanus,1044.872747,1.597,,
1371,,HIP 20087,64.59671248,21.57921916,5.631,5.553771,F0V,1331,27176,51 Tau,Taurus,178.6301207,0.277,,
1372,,HIP 20106,64.65621519,-22.96972092,6.06,6.04229,A3mA5-F2,1353,27411,205 G. Eri,Eridanus,300.1841578,0.302,,
1373,,HIP 20109,64.66677388,-52.86009219,6.17,6.053299,~,1365,27604A,,Dorado,241.6606225,0.489,,
1374,,,64.76203832,-33.9046173,6.5,6.487221,~,1359,27490A,,Eridanus,378.6295681,0.132,,
1375,,HIP 20156,64.80505539,50.04870839,5.4,5.388618,A7IV,1330,27084,,Perseus,258.9356881,0.235,,
1376,,HIP 20161,64.81956857,-44.2679178,5.332,5.018357,K2III,1364,27588,,Horologium,231.2057968,1.066,,
1377,,HIP 20171,64.85873996,21.14230527,5.482,5.480601,B9Vsp,1339,27295,53 Tau,Taurus,267.2131548,-0.069,,
1378,,HIP 20186,64.90293704,21.77349079,5.346,5.319738,A0VpSi,1341,27309,56 Tau,Taurus,315.8914925,-0.107,5.36,5.4
1379,,HIP 20188,64.90590288,10.12143727,6.3,5.793408,K0,1349,27386,47 G. Tau,Taurus,583.1848573,1.428,,
1380,Prima Hyadum,HIP 20205,64.94834968,15.62764205,3.65,3.402757,G9.5IIIabCN0.5,1346,27371,γ Tauri,Taurus,153.9916837,0.981,,
1381,,HIP 20219,64.99043571,14.03520339,5.568,5.511114,F0IV,1351,27397,57 Tau,Taurus,146.1226929,0.283,5.55,5.59
1382,,HIP 20231,65.04144738,31.9531757,6.167,5.424322,K5III,1344,27349,,Perseus,819.0948433,1.679,,
1383,,HIP 20234,65.04796906,50.92093473,5.545,5.506033,B1.5IV,1333,27192,,Perseus,1189.78306,-0.031,,
1384,,HIP 20241,65.06010696,41.8081189,5.958,5.706451,K0III,1337,27278,,Perseus,346.0719327,0.962,,
1385,,HIP 20250,65.08840041,27.35075231,4.951,4.599448,K2III,1348,27382,ϕ Tauri,Taurus,342.0784302,1.15,,
1386,,HIP 20252,65.10265795,34.56672594,4.929,4.68065,G8+IIIb,1343,27348,54 Per,Perseus,226.0748746,0.95,,
1387,,HIP 20255,65.1045913,18.74268117,6.094,6.014479,F2Vn,1354,27429,,Taurus,154.3561519,0.404,,
1388,,HIP 20261,65.15129318,15.09545282,5.242,5.201929,F0IV-V,1356,27459,58 Tau,Taurus,153.7735897,0.225,5.22,5.28
1389,,HIP 20263,65.16100755,-6.245993826,6.154,6.083227,K0III,1362,27536,EK Eri,Eridanus,205.9381736,0.901,6.24,6.36
1390,,HIP 20264,65.16255445,-20.63962253,5.38,5.364614,A0V,1367,27616,212 G. Eri,Eridanus,462.4115963,-0.027,,
1391,,HIP 20266,65.16802348,65.14044148,5.27,5.049634,G4III,1327,27022,,Camelopardalis,332.6537713,0.82,,
1392,,HIP 20268,65.17186819,6.130791776,5.751,5.522059,G8III-IV,1360,27497,49 G. Tau,Taurus,427.8229812,0.914,,
1393,,HIP 20271,65.17847543,-7.592496031,5.838,5.829944,B7II,1363,27563,EM Eri,Eridanus,756.3822012,-0.124,5.84,5.9
1394,,,65.202,50.221,6.2,,Open Cluster,,,NGC 1545,Perseus,,,,
1395,,HIP 20284,65.21966842,13.86442595,6.141,6.048008,DA3+F6V,1358,27483,,Taurus,149.5414561,0.456,,
1396,,HIP 20297,65.24196711,-81.5799219,5.764,5.689553,F0/2III,1456,29116,ν Mensae,Mensa,175.1748614,0.359,,
1397,,HIP 20341,65.36265762,-0.09817370965,5.854,5.411451,K3III,1366,27611,211 G. Eri,Eridanus,467.0473158,1.32,,
1398,,HIP 20354,65.38819268,46.49887912,4.812,4.782536,B4IV,1350,27396,53 Per,Perseus,463.7286359,-0.022,4.81,4.86
1399,,HIP 20360,65.40627156,-6.28416275,6.429,6.427737,A1IV,,27660,213 G. Eri,Eridanus,498.4704677,0.056,,
1400,,HIP 20376,65.44853821,60.73562391,5.398,4.771924,M0III,1335,27245,,Camelopardalis,426.7015446,1.497,,
1401,,HIP 20380,65.46585931,56.5063153,5.92,5.888953,A3V,1342,27322,,Camelopardalis,309.5918695,0.112,,
1402,,HIP 20384,65.47219058,-63.38639076,5.24,4.978877,G8III,1395,28093,η Reticuli,Reticulum,379.9531352,0.955,,
1403,,HIP 20400,65.51465892,14.07719803,5.71,5.644246,kA3hF2mF2(III),1368,27628,60 Tau,Taurus,149.062562,0.315,5.72,5.73
1404,,HIP 20417,65.59470725,20.82141317,5.95,5.088222,M0III,1370,27639,,Taurus,1752.687461,1.66,,
1405,,HIP 20430,65.64559882,25.62931599,5.378,5.375551,B9Vnn,1369,27638,χ Tauri,Taurus,267.4325531,-0.041,,
1406,Secunda Hyadum,HIP 20455,65.73372983,17.54251383,3.76,3.516044,G9.5IIICN0.5,1373,27697,δ 1 Tauri,Taurus,153.1235455,0.983,,
1407,,HIP 20456,65.74145379,59.61618226,6.18,6.177563,A4V,1352,27402,,Camelopardalis,378.1894669,0.108,,
1408,,HIP 20465,65.77359517,-24.8921395,5.796,5.202132,K5III,1384,27881,216 G. Eri,Eridanus,454.039914,1.507,,
1409,,HIP 20467,65.78231736,-35.54481228,6.37,6.021792,K1III,1386,27941,218 G. Eri,Eridanus,840.2066158,1.242,,
1410,,HIP 20484,65.85443363,16.77726412,5.625,5.573977,kA4VmF2/5IIIp,1376,27749,63 Tau,Taurus,153.9916838,0.31,,
1411,,HIP 20493,65.88485952,20.98204502,5.986,5.969014,B8IV-V,1375,27742,V1141 Tau,Taurus,481.5347606,0.029,,
1412,,,65.89924677,42.42789109,6.38,,~,1371,27650A,,Perseus,552.5441076,0.023,,
1413,,HIP 20507,65.92021681,-3.745468067,5.165,5.148231,A1V,1383,27861,ξ Eridani,Eridanus,208.1738823,0.072,,
1414,,HIP 20522,65.9659397,9.46097053,5.098,,A3V,1381,27820,66 Tau,Taurus,396.1129497,0.074,,
1415,,HIP 20533,65.99901145,24.30097974,6.337,6.293403,B3V,1378,27778,62 Tau,Taurus,726.0576693,0.173,,
1416,Beemim,HIP 20535,66.00919306,-34.01684951,3.96,3.400128,K3.5III,1393,28028,,Eridanus,272.80341,1.468,,
1417,,HIP 20542,66.02400605,17.44413092,4.8,4.755856,A2Vs,1380,27819,δ 2 Tauri,Taurus,145.7960409,0.154,,
1418,,HIP 20558,66.06033135,12.1579879,6.39,5.940737,K0,,27860,,Taurus,713.3469246,1.408,,
1419,,HIP 20579,66.12148061,34.13075774,5.718,5.717397,B8V,1377,27777,55 Per,Perseus,610.4873679,-0.054,,
1420,,HIP 20591,66.15607614,33.95980293,5.795,5.681193,F4IV-V+DA,1379,27786,56 Per,Perseus,135.8334779,0.4,,
1421,,HIP 20614,66.23803151,19.0420091,5.965,5.881098,F4V,1385,27901,,Taurus,159.80394,0.378,,
1422,,HIP 20619,66.27223724,-61.23819206,5.922,5.338767,K4/5III,1416,28413,,Reticulum,641.7312296,1.533,,
1423,,HIP 20630,66.32966525,-44.16089511,6.383,6.273447,F5.5V,1404,28246,,Caelum,120.7406569,0.457,,
1424,,HIP 20635,66.34235197,22.29387109,4.201,4.167236,A7IV-V,1387,27934,κ 1 Tauri,Taurus,153.2676377,0.136,,
1425,,HIP 20641,66.3542302,22.19999875,5.264,5.224731,F0Vn,1388,27946,κ 2 Tauri,Taurus,143.9293643,0.25,,
1426,,HIP 20648,66.37243633,17.92790651,4.298,4.295662,A2IV-Vs,1389,27962,δ 3 Tauri,Taurus,147.8459297,0.049,4.29,4.32
1427,,HIP 20661,66.40551052,15.94102321,6.439,6.341617,F7V,1391,27991,70 Tau,Taurus,151.8397571,0.509,,
1428,,HIP 20698,66.5056217,4.373454714,6.32,5.713375,K4III,,28086,,Taurus,630.5624549,1.078,,
1429,,HIP 20704,66.52629625,31.43890819,5.284,5.030899,K0III,1390,27971,,Perseus,242.9209306,0.986,,
1430,,HIP 20711,66.57692968,22.8135804,4.282,4.228601,A8Vn,1392,28024,υ Tauri,Taurus,154.7222503,0.263,4.28,4.31
1431,,HIP 20713,66.58654509,15.61830114,4.48,4.406166,F0V,1394,28052,71 Tau,Taurus,156.2798788,0.262,4.73,4.75
1432,,HIP 20715,66.58792604,8.590264462,6.055,6.032382,B6IV,1397,28114,V1143 Tau,Taurus,597.0692026,-0.01,,
1433,,HIP 20732,66.65154769,14.71378186,4.69,4.409833,G7IIIFe-0.5,1396,28100,π Tauri,Taurus,454.6723509,0.979,,
1434,,HIP 20771,66.75295367,2.079410633,6.221,5.944519,K0III,1400,28191,52 G. Tau,Taurus,394.6720296,1.087,,
1435,,HIP 20772,66.75363225,57.58530713,6.29,6.254674,A0III,1382,27855,,Camelopardalis,754.628323,0.063,,
1436,,HIP 20776,66.76223021,80.82416,5.43,5.098255,G6III:,1317,26836,,Cepheus,936.7808934,1.179,,
1437,,HIP 20781,66.77485264,-46.94749157,6.1,5.993084,F5.5V,1418,28454,,Caelum,105.7756222,0.47,,
1438,,HIP 20789,66.82271179,22.99632728,5.514,5.497208,B7V,1399,28149,72 Tau,Taurus,414.7568965,-0.098,,
1439,,HIP 20804,66.86987283,11.21228039,5.87,5.835203,B8IV,1402,28217,,Taurus,486.5682025,0.049,,
1440,,HIP 20825,66.94178689,-62.52120313,5.735,5.48091,K0III,1435,28732,,Reticulum,328.6276765,1.005,,
1441,,HIP 20842,67.00326165,21.61990296,5.711,5.657322,Am,1403,28226,,Taurus,156.3548589,0.27,,
1442,,HIP 20848,67.0151498,1.858584859,6.139,5.877924,K0III,1413,28322,53 G. Tau,Taurus,349.4101732,1.018,,
1443,,HIP 20856,67.039432,-41.95983368,6.399,5.644824,M1III,1429,28552,RV Cae,Caelum,1072.367601,1.614,,
1444,,HIP 20860,67.05528185,83.80778723,5.507,5.538429,B5V,1289,26356,V408 Cep,Cepheus,684.8740828,-0.106,,
1445,,HIP 20873,67.09753243,14.74095888,5.892,5.822566,F0IV,1408,28294,76 Tau,Taurus,176.9815383,0.325,,
1446,,HIP 20877,67.10987462,16.35967495,4.969,4.623151,K1IIIb,1407,28292,75 Tau,Taurus,194.2791046,1.137,,
1447,,HIP 20884,67.13383773,1.380825294,5.532,5.504563,B5III/IV,1415,28375,44 Eri,Taurus,384.8887662,-0.099,,
1448,,HIP 20885,67.14374134,15.96228366,3.84,3.577121,G9IIIFe-0.5,1411,28307,θ 1 Tauri,Taurus,157.7928454,0.952,,
1449,Ain,HIP 20889,67.15416773,19.18043421,3.53,3.280453,G9.5IIICN0.5,1409,28305,ϵ Tauri,Taurus,154.9429524,1.014,,
1450,,HIP 20892,67.1626553,-19.45887314,5.933,5.601201,K2III,1421,28479,227 G. Eri,Eridanus,323.0921859,1.215,,
1451,Chamukuy,HIP 20894,67.16559005,15.87087465,3.41,3.377908,A7III,1412,28319,θ 2 Tauri,Taurus,148.9266202,0.179,3.35,3.42
1452,,HIP 20901,67.20901509,13.047602,5.014,4.974638,kA5hF0VmF0,1414,28355,79 Tau,Taurus,160.3542284,0.215,,
1453,,HIP 20904,67.21664376,30.36155001,6.383,6.271644,F7V,1406,28271,,Taurus,176.9815387,0.547,,
1454,,HIP 20922,67.27885587,-13.04836882,5.41,5.358485,B2(V)ne,1423,28497,DU Eri,Eridanus,1574.880479,-0.202,5.41,5.49
1455,,HIP 20934,67.33369184,-46.5152705,6.117,5.854775,K1III,1433,28700,,Caelum,391.8260558,1.062,,
1456,,HIP 20982,67.5014798,83.34037679,5.472,5.24088,G8III,1304,26659,,Cepheus,303.5383785,0.855,,
1457,,HIP 20985,67.50954276,10.26221522,6.46,6.19043,G8III,1425,28505,55 G. Tau,Taurus,365.4721988,1.038,,
1458,,HIP 20995,67.53582394,15.63783872,5.552,,F0V,1422,28485,80 Tau,Taurus,142.1718978,0.324,,
1459,,HIP 20995,67.53582486,15.63783307,5.666,,~,1422,28485,* 80 Tau A,Taurus,142.1718978,0.324,,
1460,,HIP 20997,67.54168202,-13.59237113,6.219,5.969501,K0III,1431,28625,229 G. Eri,Eridanus,432.3609048,1.001,,
1461,,HIP 21029,67.64013589,16.1940138,4.764,4.752029,A6IV,1427,28527,,Taurus,144.6318947,0.17,,
1462,,HIP 21036,67.65567885,13.72440231,5.395,5.340581,F0IV,1430,28556,83 Tau,Taurus,149.2672904,0.263,,
1463,,HIP 21038,67.66003087,32.45776871,6.169,6.168822,B9.5Vn,1419,28459,,Perseus,306.6793819,-0.026,,
1464,,HIP 21039,67.662038,15.6918779,5.454,5.417587,kA3hA8mF3,1428,28546,81 Tau,Taurus,144.5676726,0.258,,
1465,,HIP 21042,67.66804007,-35.65351036,5.95,5.691748,K0II,1439,28776,233 G. Eri,Eridanus,365.472204,1.005,,
1466,,HIP 21053,67.69499198,16.14868097,6.491,6.406904,F5V,,28568,,Taurus,134.2670469,0.428,,
1467,,HIP 21060,67.70874891,-44.9537499,5.059,5.026818,B2IV/V,1443,28873,δ Caeli,Caelum,710.2401508,-0.194,,
1468,,HIP 21082,67.77996007,15.10503771,6.303,5.320746,M3III,,28595,84 Tau,Taurus,455.3080513,1.725,,
1469,,HIP 21110,67.85771077,-13.64422304,6.25,6.249477,A2/3V,1438,28763,232 G. Eri,Eridanus,399.5098729,0.086,,
1470,,HIP 21137,67.96566186,15.85162393,5.998,5.928877,F1.5Vn,1432,28677,85 Tau,Taurus,146.5168274,0.338,,
1471,,HIP 21139,67.96945262,-0.04401106574,4.896,4.511414,K0/1III,1437,28749,45 Eri,Eridanus,829.5170675,1.32,,
1472,,HIP 21144,67.98727404,36.7426887,6.34,6.095741,G5,,28591,,Perseus,384.8887666,1.089,6.7,6.77
1473,,HIP 21148,68.00766961,53.91083771,5.77,,O9.7IIn,1417,28446A,* 1 Cam A,Camelopardalis,,0.119,,
1474,,HIP 21148,68.00767612,53.91084583,5.772,,B0III+B0IV/V,1417,28446,DL Cam,Camelopardalis,,0.119,,
1475,,HIP 21152,68.02003579,5.410041157,6.352,6.267808,F5V,1436,28736,58 G. Tau,Taurus,140.9425517,0.42,,
1476,,HIP 21192,68.15647389,-3.209540231,5.81,5.751262,B9III,1441,28843,DZ Eri,Eridanus,428.3837024,-0.117,,
1477,,HIP 21239,68.34202859,-10.78533719,6.052,5.592757,K3III,1447,28970,236 G. Eri,Eridanus,944.9276303,1.379,,
1478,,HIP 21242,68.35376265,43.06389316,6.078,5.985895,F0V,1434,28704,57 Per,Perseus,210.5944341,0.37,,
1479,,HIP 21248,68.37730105,-29.76649185,4.51,4.224946,K0+IIIbFe-0.5,1453,29085,υ 1 Eridani,Eridanus,124.3325237,0.972,,
1480,,HIP 21247,68.37783372,72.52860564,5.928,5.89424,A8m,1401,28204,,Camelopardalis,372.9962875,0.306,,
1481,,HIP 21252,68.3867946,-63.02916529,6.5,,M6.5e,,29383,,Reticulum,2394.336335,,6.5,14.2
1482,,HIP 21253,68.39145558,-62.82367692,5.78,5.513021,K1III,1475,29399,,Reticulum,149.9541839,1.028,,
1483,,HIP 21269,68.45072933,9.413561159,6.011,5.709943,G8III,1446,28930,59 G. Tau,Taurus,470.4181569,1.061,,
1484,,HIP 21273,68.46215763,14.84442824,4.65,4.601561,A8V,1444,28910,ρ Tauri,Taurus,152.4076496,0.255,4.9,4.91
1485,,HIP 21278,68.47803183,-6.738911792,5.72,5.729648,ApSi,1449,29009,46 Eri,Eridanus,779.9031101,-0.128,5.72,5.755
1486,,HIP 21281,68.49907161,-55.04497896,3.28,,B8IIIpSi,1465,29305,α Doradus,Dorado,175.6465774,-0.079,3.26,3.3
1487,,HIP 21295,68.53444801,5.568620996,5.678,5.666217,A2IV,1448,28978,60 G. Tau,Taurus,408.0086945,0.055,,
1488,,HIP 21296,68.5484519,-8.231351554,5.188,4.292685,M0/1III,1451,29064,47 Eri,Eridanus,804.9399193,1.708,5.1,5.13
1489,,HIP 21297,68.54904121,-8.97025547,5.229,4.705422,K3III,1452,29065,242 G. Eri,Eridanus,657.2586059,1.465,,
1490,,HIP 21298,68.55913285,-6.837810871,6.063,5.622697,K3III,1450,29063,240 G. Eri,Eridanus,512.5797533,1.384,,
1491,,HIP 21323,68.6583033,28.96115054,5.9,5.865571,B8/9,1445,28929,,Taurus,465.7139755,-0.048,,
1492,,HIP 21324,68.65892586,-24.04050228,6.38,6.043333,K1III,,29163,246 G. Eri,Eridanus,432.3609064,1.137,,
1493,,HIP 21363,68.75296085,-19.92138283,6.111,5.810694,K2IIICNIb,1461,29184,247 G. Eri,Eridanus,329.9610087,1.174,,
1494,,HIP 21377,68.80881653,-9.736369329,6.37,,A2IIIs,1460,29173,,Eridanus,387.6336883,0.039,,
1495,Theemin,HIP 21393,68.88765817,-30.56234204,3.82,3.565926,G8+III,1464,29291,υ 2 Eridani,Eridanus,208.7068965,0.957,,
1496,,HIP 21402,68.91360921,10.16075323,4.25,4.107345,kA4hA6mA7,1458,29140,88 Tau,Taurus,150.369171,0.184,,
1497,,HIP 21408,68.92735096,19.8817894,6.35,6.14231,G8III+F6IV,1455,29104,,Taurus,463.7286345,0.754,,
1498,Aldebaran,HIP 21421,68.98016279,16.50930235,0.86,,K5+III,1457,29139,α Tauri,Taurus,65.08297602,1.54,0.75,0.95
1499,,HIP 21428,69.00695929,-3.611633627,6.34,6.332744,B5III,1462,29227,248 G. Eri,Eridanus,873.996524,-0.1,,
1500,,HIP 21444,69.07975799,-3.352460485,3.928,3.913928,B2III,1463,29248,ν Eridani,Eridanus,586.3307598,-0.21,3.92,4.06
1501,,HIP 21452,69.10082506,64.26160024,5.91,5.903902,A1V,1440,28780,,Camelopardalis,442.9363513,-0.009,,
1502,,HIP 21459,69.12145766,23.34083932,6.019,5.919667,F2,1459,29169,V1116 Tau,Taurus,144.2478668,0.38,6.02,6.03
1503,,HIP 21476,69.17263542,41.26483482,4.26,3.81,K0II-III+B9V,1454,29094,58 Per,Perseus,641.7312202,1.171,,
1504,,HIP 21479,69.18996364,-62.07716594,5.4,1.958775,M8III:e,1492,29712,R Dor,Dorado,203.4957912,1.5,4.8,6.6
1505,,HIP 21486,69.2122116,-30.71677782,6.271,6.26494,ApSi,1476,29435,253 G. Eri,Eridanus,393.7201136,-0.095,,
1506,,HIP 21515,69.30698198,0.9983278096,5.315,5.312362,B8IV,1469,29335,49 Eri,Taurus,846.7526938,-0.107,,
1507,,HIP 21517,69.31157357,18.54303526,6.37,6.27181,F6.7:Ib,,29260,SZ Tau,Taurus,1044.872745,0.81,6.33,6.75
1508,,HIP 21525,69.33028384,-41.87294345,6.4,6.374142,A3V(s),,29559,,Caelum,358.2415228,0.167,,
1509,,HIP 21547,69.40055254,-2.473548813,5.209,5.141171,F0IV,1474,29391,51 Eri,Eridanus,95.88999707,0.28,,
1510,,HIP 21588,69.53933589,16.03325629,5.776,5.702679,F0V,1472,29375,89 Tau,Taurus,148.4516383,0.312,,
1511,,HIP 21589,69.53942456,12.51083696,4.27,4.253432,A6V,1473,29388,90 Tau,Taurus,149.6099168,0.122,,
1512,,HIP 21594,69.5450984,-14.3040279,3.87,3.601026,K2-IIIb,1481,29503,,Eridanus,109.2494741,1.082,,
1513,Sceptrum,HIP 21594,69.54510425,-14.30398315,3.89,3.601026,~,1481,29503A,* l Eri A,Eridanus,109.2494741,1.082,,
1514,,HIP 21604,69.56595901,20.68472486,5.842,5.861939,B8V,1471,29365,HU Tau,Taurus,361.0190374,-0.019,5.85,6.68
1515,,HIP 21611,69.59052272,-77.65600513,6.038,5.739239,K2III,1531,30479,,Mensa,654.6180183,1.08,,
1516,,HIP 21644,69.72312562,-12.12307448,5.002,4.909616,A0V,1483,29573,,Eridanus,227.3361706,0.074,,
1517,,HIP 21666,69.76792354,-51.6727541,6.44,6.022605,K2III,1498,29805,,Pictor,655.9350528,1.321,,
1518,,HIP 21670,69.77566258,7.870987059,5.365,5.32378,A5m,1480,29499,63 G. Tau,Taurus,167.6954255,0.257,,
1519,,HIP 21673,69.78843011,15.79983646,5.076,5.05547,kA4hA5mA7,1478,29479,σ 1 Tauri,Taurus,151.6985995,0.141,,
1520,,HIP 21683,69.81875915,15.91797531,4.665,4.641709,A5Vn,1479,29488,σ 2 Tauri,Taurus,158.9468862,0.147,,
1521,,HIP 21685,69.83212767,-14.35918947,5.463,5.148608,K0.5IVa,1487,29613,257 G. Eri,Eridanus,198.5382985,1.054,,
1522,,HIP 21689,69.84645496,25.21827663,6.2,6.171467,A3,1477,29459,,Taurus,363.4346984,0.176,,
1523,,HIP 21718,69.94675483,-1.05246133,6.099,5.877982,K0II/III,1488,29610,256 G. Eri,Eridanus,578.0144967,0.943,,
1524,,HIP 21727,69.97783769,53.0795354,5.073,4.751208,G9III,1467,29317,3 Cam,Camelopardalis,495.4419287,1.079,,
1525,,HIP 21730,69.9918214,53.4732275,5.56,5.435337,A9V,1466,29316,NAME * 2 Cam AB,Camelopardalis,277.2109294,0.331,,
1526,,HIP 21735,70.01424971,12.19761297,5.445,5.413794,B8IV,1484,29589,93 Tau,Taurus,344.6081915,-0.121,,
1527,,HIP 21743,70.02833872,-24.48236824,5.563,5.308481,G6/8III,1495,29737,258 G. Eri,Eridanus,315.2805722,0.926,,
1528,,HIP 21763,70.11046426,-19.67149187,4.3,3.308113,M3/4III,1496,29755,54 Eri,Eridanus,361.0190401,1.599,4.28,4.36
1529,,HIP 21770,70.14046881,-41.86375126,4.45,4.350951,F2V,1502,29875,α Caeli,Caelum,65.63327089,0.342,,
1530,,HIP 21819,70.33233933,28.61498841,5.729,5.728745,A2V,1490,29646,,Taurus,334.7010482,0.018,,
1531,,HIP 21823,70.35053546,48.30087925,5.652,5.653789,A0V,1482,29526,,Perseus,311.0686493,0.002,,
1532,,HIP 21861,70.51450958,-37.14433024,5.05,4.933178,F3IV,1503,29992,β Caeli,Caelum,90.1549989,0.391,,
1533,,HIP 21881,70.56124685,22.95690281,4.258,4.321627,B3V,1497,29763,τ Tauri,Taurus,304.6141678,-0.112,,
1534,,HIP 21914,70.69343169,-50.48133486,5.298,5.031358,K0/1III,1516,30185,λ Pictoris,Pictor,343.1574993,0.977,,
1535,,HIP 21928,70.72640179,43.36512021,5.298,5.305464,A1Vn,1494,29722,59 Per,Perseus,271.2148083,0.028,,
1536,,HIP 21949,70.76651768,-70.93102624,5.511,5.500664,B8II/III(pSi),1541,30612,μ Mensae,Mensa,482.9626546,-0.114,,
1537,,HIP 21958,70.78872073,-30.76556017,5.663,5.177141,K3III,1509,30080,,Caelum,747.707342,1.391,,
1538,,HIP 21961,70.80731837,24.08891734,6.151,6.02485,G0,1499,29859,95 Tau,Taurus,162.7558718,0.544,,
1539,,HIP 21972,70.83997718,49.9737879,5.856,5.822247,B9III,1493,29721,,Perseus,640.4728609,0.013,,
1540,,HIP 21998,70.93446687,-41.06478658,6.218,5.708334,K3/4III,1518,30202,λ Cae,Caelum,652.0002293,1.468,,
1541,,HIP 22003,70.95105007,32.86547975,6.48,6.422397,A8V,1501,29867,,Auriga,234.7011643,0.311,,
1542,,HIP 22024,71.0221697,-8.50357019,5.81,5.996995,B2(V)nne,1508,30076,56 Eri,Eridanus,1341.565454,-0.076,5.76,5.98
1543,,HIP 22028,71.03325623,-18.66658548,5.522,5.521369,A1V,1513,30127,264 G. Eri,Eridanus,294.7559301,0.025,,
1544,,HIP 22034,71.05425207,40.78644927,6.08,6.049207,B8V,1500,29866,,Perseus,541.5285641,0.04,,
1545,,HIP 22040,71.08824306,-59.73273786,5.282,5.230139,A8/9III/IV,1530,30478,κ Doradus,Dorado,222.3738056,0.206,,
1546,,HIP 22044,71.1076188,11.14613429,5.379,5.326206,F0V,1507,30034,,Orion,157.2601618,0.251,,
1547,,HIP 22081,71.24125002,-63.22971498,6.466,6.184355,K0/1III,1540,30610,,Dorado,455.943763,1.077,,
1548,,HIP 22086,71.26733764,-21.28338182,5.692,5.177084,K4III,1521,30238,267 G. Eri,Eridanus,626.9242968,1.476,,
1549,,HIP 22109,71.37563095,-3.254659811,4,4.00829,B5IV,1520,30211,μ Eridani,Eridanus,531.8105003,-0.148,,
1550,,HIP 22128,71.42694584,23.62799314,6.329,6.299942,B,1512,30122,,Taurus,704.104822,0.058,,
1551,,,71.481,19.079,6.4,,Open Cluster,,,NGC 1647,Taurus,,,,
1552,,HIP 22144,71.48104801,-39.35661373,6.045,5.747452,K1III,1526,30432,,Caelum,314.6719328,1.065,,
1553,,HIP 22157,71.50725171,11.70558676,5.346,5.316419,Am,1519,30210,,Orion,266.3398014,0.197,,
1554,,HIP 22170,71.53977632,-49.2458504,6.35,,K2/3(II)pe,,30551,R Pic,Pictor,1461.882324,1.472,6.35,10.1
1555,,HIP 22176,71.57011226,18.73469213,5.981,5.645707,K4III,1517,30197,,Taurus,301.5725901,1.221,,
1556,,HIP 22189,71.60067652,-2.954527846,6.316,6.326743,A0/1V,1522,30321,,Orion,277.2109281,0.041,,
1557,,HIP 22192,71.60728964,-28.08744588,6.173,6.151701,A7VkA3mA3,1525,30422,EX Eri,Eridanus,187.3564967,0.189,6.19,6.22
1558,,HIP 22220,71.68532,40.31259025,6,5.732945,G9III,1514,30138,,Perseus,442.9363484,0.934,,
1559,,HIP 22263,71.90121543,-16.93445569,5.5,5.318377,G2.5IV-V,1532,30495,58 Eri,Eridanus,43.40886091,0.632,5.47,5.51
1560,,HIP 22280,71.95657122,-30.02037218,6.346,6.053448,K0III,1539,30608,ζ Caeli,Caelum,513.3849772,1.071,,
1561,,HIP 22287,72.00113718,56.75717693,5.275,5.225679,A3m,1511,30121,4 Cam,Camelopardalis,162.0279166,0.246,,
1562,,HIP 22300,72.02926743,55.60261178,6.32,6.250205,F2V,1515,30144,,Camelopardalis,166.326554,0.32,,
1563,,HIP 22325,72.13555679,-16.32948647,5.755,5.629999,F8V,1538,30606,59 Eri,Eridanus,135.4947662,0.537,,
1564,,HIP 22336,72.15160452,-5.674043816,5.77,5.618343,G2IV,1536,30562,,Eridanus,86.43145939,0.62,,
1565,,HIP 22354,72.18593485,3.588530737,6.028,5.696211,K0III,1534,30545,,Orion,707.1594435,1.2,,
1566,,,72.198,10.882,6.4,,Open Cluster,,,NGC 1662,Orion,,,,
1567,,HIP 22361,72.20980486,75.94121989,5.952,5.898362,A9IV,1491,29678,,Camelopardalis,148.722551,0.283,,
1568,,HIP 22393,72.30353001,31.43737438,5.578,5.236925,K1III,1529,30454,,Auriga,234.5322963,1.132,,
1569,,HIP 22407,72.3295004,32.58819221,5.824,5.792547,A8m,1528,30453,,Auriga,335.737729,0.25,,
1570,,HIP 22439,72.42601714,-13.76966884,6.26,6.153577,F6VFe-0.9CH-0.5,1545,30743,272 G. Eri,Eridanus,115.2759126,0.456,,
1571,,HIP 22441,72.43367447,15.90421891,6.11,5.460897,K3III,1537,30605,96 Tau,Taurus,1411.254498,1.551,,
1572,Tabit,HIP 22449,72.46004669,6.961277951,3.19,3.087922,F6V,1543,30652,π 3 Orionis,Orion,26.16371345,0.484,,
1573,,HIP 22453,72.47765909,37.48827964,4.867,4.326641,K3+III,1533,30504,1 Aur,Perseus,527.5072989,1.447,,
1574,,HIP 22479,72.54840065,-16.21715991,5.028,4.769715,K0III,1549,30814,60 Eri,Eridanus,243.2837713,0.992,,
1575,,HIP 22488,72.56741801,-41.3208488,6.055,5.969922,F2/3V,1557,30985,ν Cae,Caelum,170.5912911,0.408,,
1576,,HIP 22508,72.65162656,70.94152621,6.341,6.344663,A0IV,1510,30085,,Camelopardalis,646.8266066,-0.069,,
1577,,HIP 22509,72.65301037,8.900181169,4.35,4.341834,A1Vn,1544,30739,π 2 Orionis,Orion,193.5866813,0.01,,
1578,,HIP 22531,72.7279,-53.4561,5.23,5.554189,~,1563,31203,* iot Pic,Pictor,143.4714366,,,
1579,,HIP 22531,72.73054023,-53.46153587,5.57,5.554189,F0V,1563,31203,iot Pic A,Pictor,143.4714366,0.29,,
1580,,HIP 22534,72.73540492,-53.4596996,6.19,6.310316,F4V,1564,31204,ι Pictoris,Pictor,104.5541017,0.483,,
1581,,HIP 22545,72.78883945,48.74066511,5.643,5.37402,G9III,1535,30557,,Auriga,320.8662572,1.013,,
1582,,HIP 22549,72.80152405,5.60510385,3.68,3.668258,B2III,1552,30836,π 4 Orionis,Orion,1258.686443,-0.157,,
1583,,HIP 22565,72.84359805,18.83985719,5.085,5.033988,A7IV-V,1547,30780,97 Tau,Taurus,188.7667694,0.214,5.09,5.13
1584,,HIP 22573,72.86756851,-34.90628724,5.833,5.816542,A2/3V,1559,31093,,Caelum,286.2160338,0.105,,
1585,,HIP 22597,72.93075518,9.97508073,6.122,6.072128,B5V,1553,30870,,Orion,704.1048223,0.06,,
1586,,,72.9582442,13.65514804,6.36,,~,,30869A,,Orion,136.3446464,0.502,,
1587,,HIP 22607,72.95830461,13.65513514,6.25,6.308431,F7V,,30869,,Orion,136.3446465,0.502,,
1588,,HIP 22626,73.02174808,63.50542148,5.467,4.433933,M2III,1527,30442,,Camelopardalis,499.2333119,1.559,,
1589,,HIP 22667,73.13317667,14.25064209,4.721,3.52523,M3SIII,1556,30959,ο 1 Orionis,Orion,541.5285633,1.773,4.65,4.88
1590,,HIP 22678,73.15825144,36.70318809,4.779,4.280531,K3-IIIBa0.4,1551,30834,2 Aur,Auriga,561.1016111,1.414,,
1591,,HIP 22697,73.19632078,27.89748983,5.961,5.880425,F2IVn,1554,30912,,Taurus,351.6726147,0.368,,
1592,,HIP 22699,73.19898893,42.58662749,5.675,5.635859,A3III,1550,30823,,Auriga,516.6417155,0.115,,
1593,,HIP 22701,73.22362244,-5.452696321,4.4,4.281292,A9IVn,1560,31109,ω Eridani,Eridanus,226.5462722,0.257,,
1594,,HIP 22717,73.2735191,-72.40767915,6.28,6.157237,F9VFe-0.5,1606,31975,,Mensa,106.0507725,0.521,,
1595,,HIP 22720,73.2907581,52.84115492,6.4,6.390154,A2V,1546,30752,,Camelopardalis,523.275819,0.068,,
1596,,HIP 22730,73.34489101,2.508224485,5.324,4.478994,M1III,1562,31139,5 Ori,Orion,637.9659187,1.632,,
1597,,HIP 22737,73.37706999,-66.67541507,6.416,5.722391,M0/1III,1598,31754,,Dorado,1147.888795,1.64,,
1598,,HIP 22783,73.51254745,66.34267601,4.29,4.212864,O9Ia,1542,30614,α Camelopardalis,Camelopardalis,6936.174105,-0.008,,
1599,,HIP 22797,73.56290435,2.440671658,3.73,3.692016,B2III,1567,31237,π 5 Orionis,Orion,1341.565454,-0.179,3.66,3.73
1600,,HIP 22833,73.69539655,11.42598306,5.184,5.149465,A3V,1569,31283,6 Ori,Orion,240.7680265,0.121,,
1601,,HIP 22834,73.6990918,7.779096309,5.324,4.963736,K1III,1571,31296,,Orion,441.1368272,1.214,,
1602,,HIP 22840,73.71128754,0.4671664261,5.965,5.958905,B5/7II,1574,31331,,Orion,964.4974172,-0.116,,
1603,,HIP 22842,73.71351218,44.06086201,6.058,6.052764,A0V,1558,31069,,Auriga,339.9366117,-0.032,,
1604,,HIP 22844,73.72098548,-58.54765369,6.107,6.005004,F5V,1597,31746,,Dorado,100.6795915,0.442,,
1605,,HIP 22845,73.72386708,10.15083429,4.648,4.636332,A0Va_lB,1570,31295,π 1 Orionis,Orion,120.562003,0.085,,
1606,,HIP 22847,73.72838828,-39.62860794,6.089,5.581359,K3III,1584,31529,,Caelum,1012.4227,1.423,,
1607,,HIP 22850,73.74317365,19.48538692,6.347,6.290198,F1V(n),1566,31236,,Taurus,222.2222057,0.292,,
1608,,HIP 22854,73.76304502,55.25912706,5.52,5.485018,B9.5V,1555,30958,5 Cam,Camelopardalis,661.2586294,0.015,,
1609,,HIP 22860,73.77843433,-16.74066632,5.688,5.466238,G8/K0III,1579,31414,278 G. Eri,Eridanus,475.9112619,0.953,,
1610,,HIP 22871,73.79667526,-74.93685317,5.449,4.887222,K4III,1629,32440,η Mensae,Mensa,711.7919186,1.518,,
1611,,HIP 22881,73.82774097,-16.41777066,5.715,5.507933,G6/8III,1581,31444,R Eri,Eridanus,288.4957499,0.874,,
1612,,HIP 22913,73.95896468,15.04026178,5.776,5.760395,B9V,1576,31373,,Orion,422.8286604,-0.085,,
1613,,HIP 22923,73.99313373,5.399023755,6.485,6.488442,A0V,1578,31411,,Orion,489.4891649,0.025,,
1614,,HIP 22936,74.02946825,52.86973734,5.74,5.731692,A2Vs,1561,31134,,Camelopardalis,478.0074427,0.105,,
1615,,HIP 22938,74.03739574,7.904670525,6.42,6.328219,F5,,31423,,Orion,191.5394008,0.415,,
1616,,HIP 22949,74.0649067,24.5922183,6.324,6.243255,F0,1575,31362,,Taurus,140.8206283,0.351,,
1617,,HIP 22955,74.08369987,36.16853154,6.089,5.957391,B2II,1573,31327,,Auriga,11642.86601,0.352,,
1618,,HIP 22957,74.09281653,13.51446878,4.06,3.719161,K2-IIIb,1580,31421,ο 2 Orionis,Orion,169.2628346,1.158,,
1619,,HIP 22958,74.10077804,-5.171356793,5.482,5.483439,B5III,1582,31512,62 Eri,Eridanus,739.2280761,-0.123,,
1620,Hassaleh,HIP 23015,74.24841676,33.16609377,2.69,2.197542,K3II-III,1577,31398,ι Aurigae,Auriga,511.7745331,1.49,,
1621,,HIP 23041,74.32162938,-1.067256607,6.241,6.149923,F3/5III,1591,31623,,Orion,273.7197931,0.423,,
1622,,HIP 23040,74.32165746,53.75210201,4.433,4.449441,A1V,1568,31278,7 Cam,Camelopardalis,375.5749457,-0.017,,
1623,,HIP 23043,74.34310357,17.15366618,5.49,5.112151,K1III,1585,31539,,Taurus,471.7808382,1.304,,
1624,,HIP 23060,74.43618579,-14.23191721,6.139,6.116922,B2V,1595,31726,281 G. Eri,Eridanus,993.9026294,-0.202,,
1625,,HIP 23068,74.4526902,23.94856852,5.806,5.426897,K0III,1586,31553,99 Tau,Taurus,471.099498,1.109,,
1626,,HIP 23088,74.53913355,25.05040692,5.785,5.782125,A0V,1590,31592,98 Tau,Taurus,296.0944847,0.018,,
1627,,HIP 23092,74.54546618,-2.212735629,6.338,6.333508,A1V,1596,31739,,Orion,454.0399126,0.11,,
1628,,HIP 23123,74.63709287,1.714013537,4.459,4.020653,K2-IIb,1601,31767,π 6 Orionis,Orion,953.2178132,1.369,,
1629,,HIP 23148,74.71236284,-82.47051586,5.828,5.597562,G8/K0III,1716,34172,ξ Mensae,Mensa,349.0352888,0.932,,
1630,,HIP 23161,74.74754659,14.54324972,6.058,6.037546,B7IIIe,1600,31764,,Orion,670.7810904,0.156,,
1631,,,74.75568925,-16.37603603,5.92,5.766126,~,1604,31925A,,Lepus,140.6993585,0.447,,
1632,,HIP 23179,74.81420568,37.89024477,5,4.980049,A1V,1592,31647,ω Aurigae,Auriga,159.0244757,0.037,,
1633,,HIP 23216,74.94303419,53.15545205,6.083,5.564556,K3III,1588,31579,8 Cam,Camelopardalis,767.0587076,1.462,,
1634,,HIP 23221,74.96022283,-10.26331016,5.39,5.160837,G4IV-V+DA,1608,32008,63 Eri,Eridanus,178.2395755,0.797,,
1635,,HIP 23231,74.98223663,-12.53741679,4.77,4.70063,F0V,1611,32045,64 Eri,Eridanus,290.8119805,0.267,4.77,4.8
1636,,HIP 23251,75.05515435,-78.30002741,6.279,5.720325,K5/M0III,1682,33519,,Mensa,1072.36761,1.517,,
1637,,HIP 23261,75.0764152,39.39470533,5.97,5.876183,F5V,1599,31761,5 Aur,Auriga,172.8527489,0.415,,
1638,,HIP 23265,75.08634367,81.19409099,5.09,4.671559,K3III,1523,30338,,Cepheus,344.6081991,1.304,,
1639,,HIP 23268,75.09672787,39.65465417,6.48,5.741249,K5III,1602,31780,6 Aur,Auriga,1244.273979,1.677,,
1640,,HIP 23296,75.16586618,-2.066030359,6.32,6.252152,A9V,1613,32115,,Orion,161.6262827,0.293,,
1641,,HIP 23311,75.20416394,-5.753673424,6.21,5.886492,K3+V,1614,32147,,Eridanus,28.7325957,1.049,,
1642,,HIP 23362,75.35658564,-20.05191897,4.885,4.871151,B9V,1621,32309,,Lepus,208.9745418,-0.047,,
1643,,HIP 23364,75.35977409,-7.173964786,4.81,4.735605,B3IV,1617,32249,ψ Eridani,Eridanus,956.011635,-0.164,,
1644,,HIP 23377,75.39384322,-39.71804634,6.007,5.789877,G8III,1631,32453,,Caelum,366.2937261,0.893,,
1645,,,75.40018418,61.07799732,6.026,5.938819,~,1593,31662A,,Camelopardalis,120.2953383,0.448,,
1646,,HIP 23408,75.45980285,0.7221093288,5.908,5.536574,K2III,1618,32263,,Orion,497.7108884,1.267,,
1647,Almaaz,HIP 23416,75.49222654,43.82331031,2.99,2.847648,A9Ia,1605,31964,ϵ Aurigae,Auriga,2037.500727,0.537,2.92,3.83
1648,,HIP 23430,75.54092305,-26.27502794,5.002,4.717308,K1III,1628,32436,,Lepus,242.3791229,1.056,,
1649,,HIP 23442,75.58255862,74.26936716,6.04,5.416303,K5III,1572,31312,,Camelopardalis,628.1305006,1.562,,
1650,,HIP 23446,75.59501858,-31.77133411,5.903,5.597626,K2III,1635,32515,,Caelum,329.2927113,1.17,,
1651,Saclateni,HIP 23453,75.61951435,41.07583199,3.75,3.163279,K5II+B7V,1612,32068,ζ Aurigae,Auriga,787.4402337,1.154,3.7,3.97
1652,,HIP 23467,75.67915862,-71.31429917,5.294,5.038539,G8III,1677,33285,β Mensae,Mensa,641.7312325,0.996,,
1653,,HIP 23474,75.68741198,-22.7950526,5.738,5.378245,K1IV,1634,32503,1 Lep,Lepus,524.1169005,1.188,,
1654,,HIP 23475,75.68914512,-4.210121139,5.853,5.520899,K2IIIbCN1,1625,32393,287 G. Eri,Eridanus,311.0686491,1.212,,
1655,,HIP 23482,75.70285864,-49.15140635,5.372,5.268986,F5V,1649,32743,η 1 Pictoris,Pictor,85.36280014,0.421,,
1656,,HIP 23497,75.77394385,21.5899612,4.615,4.583001,A7V,1620,32301,ι Tauri,Taurus,162.9185465,0.155,,
1657,,HIP 23511,75.82765538,41.44164875,6.111,6.040819,A3III,1615,32188,,Auriga,2037.500727,0.188,,
1658,,HIP 23522,75.85454611,60.44224554,4.02,3.789696,G1Ib,1603,31910,β Camelopardalis,Camelopardalis,996.940952,0.921,,
1659,,HIP 23551,75.9671862,-14.37022989,6.406,6.379768,B2IV,1640,32612,,Lepus,1319.837548,-0.187,,
1660,,HIP 23554,75.97196603,-24.38814751,5.582,5.573591,A2IV,1645,32667,,Lepus,195.7959878,0.094,,
1661,,HIP 23555,75.97480149,-41.74495165,6.303,6.190889,F8V,1651,32820,,Caelum,102.0983408,0.528,,
1662,,HIP 23582,76.05331579,73.76388739,6.22,5.548585,K0,1587,31563,,Camelopardalis,1330.611855,1.609,,
1663,,HIP 23583,76.06070238,30.49458283,6.16,5.791134,K0II-III,1626,32406,,Auriga,581.1049784,1.208,,
1664,,HIP 23589,76.08995347,21.27792997,6.188,5.769759,K0,1633,32482,,Taurus,615.0937504,1.324,,
1665,,HIP 23595,76.10167558,-35.48297537,4.574,4.194447,K2III-IIIb,1652,32831,γ 1 Caeli,Caelum,184.9121497,1.177,,
1666,,HIP 23596,76.10898791,-35.70510624,6.31,6.304183,F2IV/V,1653,32846,γ 2 Caeli,Caelum,333.6741536,0.311,6.28,6.39
1667,,HIP 23607,76.14228829,15.40410214,4.661,4.6403,A1VpSiCr,1638,32549,11 Ori,Orion,399.9988725,-0.064,4.65,4.69
1668,,HIP 23617,76.16528137,74.06695557,6.12,6.282616,A1V,1589,31590,,Camelopardalis,537.0688876,0.018,,
1669,,HIP 23643,76.22718956,-3.039676071,6.031,6.020232,B4II/III,1646,32686,,Orion,3075.472063,-0.117,,
1670,,HIP 23649,76.24172584,-49.57783409,5.01,6.057767,K5III,1663,33042,η 2 Pictoris,Pictor,473.837907,1.484,,
1671,,HIP 23653,76.2525239,-54.40740097,6.261,5.486286,M2III,1667,33116,,Pictor,699.5701698,1.554,,
1672,,HIP 23668,76.31748142,-26.15239035,5.695,5.375147,K2III,1655,32890,,Lepus,240.0589801,1.166,,
1673,,HIP 23680,76.34882946,1.177626289,6.1,4.575784,C-N5,1648,32736,W Ori,Orion,699.5701616,3.332,,
1674,,HIP 23685,76.36526836,-22.37103449,3.18,2.653493,K4III,1654,32887,ϵ Leporis,Lepus,226.5462747,1.46,,
1675,,HIP 23693,76.37773198,-57.47270469,4.708,4.550013,F9VFe-0.5,1674,33262,ζ Doradus,Dorado,37.98194476,0.526,,
1676,,HIP 23724,76.50383009,35.93635115,6.5,,A5V,1639,32608,,Auriga,268.5337835,0.184,,
1677,,HIP 23734,76.53521972,58.97237312,5.08,5.261821,B3Ve,1622,32343,11 Cam,Camelopardalis,670.7810936,-0.08,5.08,5.15
1678,,HIP 23737,76.5387305,-73.03767108,6.257,6.260406,A1V,1700,33875,,Mensa,423.3763538,0.01,,
1679,,HIP 23743,76.55057363,59.02133876,6.13,5.807645,K0IIIe,1623,32357,12 Cam,Camelopardalis,624.5216769,1.112,6.18,6.32
1680,,HIP 23766,76.62379161,61.16974987,5.994,5.51609,K5II,1624,32356,,Camelopardalis,563.0413149,1.38,,
1681,Haedus,HIP 23767,76.62872559,41.23447574,3.18,3.172348,B3V,1641,32630,η Aurigae,Auriga,219.233438,-0.148,,
1682,,HIP 23777,76.65309527,-13.12262128,6.039,6.031748,B9.5/A0IV,1661,32996,,Lepus,363.030461,-0.03,,
1683,,HIP 23794,76.69021995,-4.655166951,5.12,5.085554,B9V,1657,32964,66 Eri,Eridanus,279.828384,-0.059,,
1684,,HIP 23799,76.70648052,43.17470581,6.207,6.084563,F0IIIa,1644,32655,,Auriga,860.1578204,0.444,,
1685,,HIP 23818,76.79060394,-19.39190344,6.44,6.321178,G1V,,33095,,Lepus,123.298125,0.648,,
1686,,HIP 23831,76.85401324,-12.49127042,5.956,5.818485,G0IV,1665,33093,,Lepus,118.1160262,0.606,,
1687,,HIP 23840,76.89177859,-63.39967982,5.205,4.11005,M3III,1695,33684,WZ Dor,Dorado,626.9243055,1.646,5.2,5.32
1688,,HIP 23871,76.95166514,20.41837645,5.28,5.270969,A5IV,1658,32977,l Tau,Taurus,173.4043405,0.118,,
1689,,HIP 23874,76.95753321,-12.59265863,6.33,5.472393,M1III,,33162,,Lepus,763.4661861,1.617,,
1690,Cursa,HIP 23875,76.96239535,-5.086496984,2.79,2.777715,A3IV,1666,33111,β Eridani,Eridanus,88.80405089,0.161,,
1691,,HIP 23879,76.97035639,8.498434239,5.72,5.672756,~,1664,33054,* i Ori A,Orion,193.5866817,0.338,,
1692,,HIP 23883,76.98097899,21.70481927,5.92,5.723025,B2Ve,1660,32991,105 Tau,Taurus,1031.646922,0.168,,
1693,,HIP 23900,77.02759315,24.26517461,5.5,5.489351,B2V,1659,32990,103 Tau,Taurus,3227.723897,0.03,,
1694,,HIP 23908,77.05525402,-15.09534162,6.39,6.142945,K1III+F/G,,33238,,Lepus,710.2401471,0.889,,
1695,,HIP 23916,77.08412798,-8.665325424,5.78,5.798193,B8III,1671,33224,291 G. Eri,Eridanus,759.9062644,-0.059,,
1696,,HIP 23941,77.18207797,-4.456208286,5.119,4.981437,F5.5VkF4mF2,1673,33256,68 Eri,Eridanus,81.52055624,0.455,,
1697,,HIP 23949,77.21013814,19.85985933,6.5,6.286195,G5III,,33121,,Taurus,548.8211866,0.903,,
1698,,HIP 23972,77.28660023,-8.754083776,4.27,4.243453,B2III(e)p,1679,33328,λ Eridani,Eridanus,1752.687464,-0.187,4.22,4.34
1699,,HIP 23983,77.33184697,9.829584076,5.43,5.381698,A2m,1672,33254,16 Ori,Orion,175.8359756,0.249,,
1700,Mago,HIP 24003,77.40300153,69.63940411,6.42,6.128958,K1III,1636,32518,,Camelopardalis,382.8098715,1.109,,
1701,,HIP 24010,77.42482144,15.59721305,4.82,4.712814,F2IV,1676,33276,15 Ori,Orion,318.3596411,0.313,,
1702,,HIP 24019,77.43789055,28.03046848,5.997,5.972254,A7VAm:,1670,33204,V1156 Tau,Taurus,178.3370485,0.311,,
1703,,HIP 24041,77.51359008,-0.5653219326,6.102,5.814332,K1III,1681,33419,,Orion,314.3684224,1.098,,
1704,,HIP 24114,77.68579447,-25.91045819,6.395,6.030032,K1III/IV,1694,33667,,Lepus,724.4439738,1.246,,
1705,,HIP 24126,77.73852162,-48.50707053,6.5,,M7e,,33894,,Pictor,1680.61264,3.96,6.5,14
1706,,HIP 24130,77.74176794,-2.254114514,6.236,5.964251,K1-IV,1685,33555,,Orion,157.7928478,0.984,,
1707,,HIP 24162,77.82990136,-2.490782458,5.892,5.785337,F5V,1687,33608,,Orion,125.192184,0.462,,
1708,,HIP 24169,77.84529847,-11.8490871,5.68,3.634044,M6III,1693,33664,RX Lep,Lepus,446.5745114,1.35,5,7.4
1709,,HIP 24193,77.90963048,29.90356369,6.423,5.399586,M2III,,33463,,Auriga,1143.859423,1.752,,
1710,,HIP 24197,77.92318366,16.04567497,5.163,4.57964,K5III,1684,33554,,Orion,321.1824762,1.525,,
1711,,,77.93895895,1.037023437,6.15,5.926137,~,1691,33646A,,Orion,915.7310601,0.662,,
1712,,HIP 24203,77.93896563,1.03702886,5.89,,A2/3V+KIII,1691,33646,,Orion,915.7310602,0.662,,
1713,,HIP 24244,78.07462744,-11.86910091,4.45,4.403952,B7.5Vn,1696,33802,ι Leporis,Lepus,240.9460249,-0.099,,
1714,,HIP 24254,78.09356048,73.94667789,5.45,5.403789,B9.5VpSi,1643,32650,BN Cam,Camelopardalis,374.2839886,-0.108,5.3,5.35
1715,,,78.1625,73.97472,4.2,,~,,,C 0516+732,Camelopardalis,,,,
1716,,HIP 24294,78.20053727,-6.057189405,5.892,5.657002,G7III,1697,33833,,Orion,445.9648906,0.96,,
1717,,HIP 24305,78.23292902,-16.2054635,3.29,3.291787,B9IV:HgMn,1702,33904,μ Leporis,Lepus,133.0066091,-0.11,2.97,3.41
1718,,HIP 24313,78.26172863,61.85004063,6.167,6.170216,A2III,1675,33266,,Camelopardalis,477.3065441,0.032,,
1719,,HIP 24327,78.30782096,-12.94129246,4.44,4.419652,B7V,1705,33949,κ Leporis,Lepus,559.1782123,-0.094,,
1720,,HIP 24332,78.32269904,37.33731133,6.47,6.3506,F8V,,33632,,Auriga,84.67525921,0.542,,
1721,,HIP 24331,78.32283087,2.861239207,4.48,4.15373,K1III,1698,33856,ρ Orionis,Orion,343.5193529,1.166,,
1722,,HIP 24340,78.3571751,38.48449878,4.821,4.731968,A4m,1689,33641,μ Aurigae,Auriga,162.3506554,0.189,,
1723,,HIP 24348,78.38018749,62.69113273,6.477,6.456713,A7Vn,1678,33296,14 Cam,Camelopardalis,268.0920564,0.204,,
1724,,HIP 24349,78.38148027,1.96767996,6.09,6.3216,A2/3V+(K),1701,33883,,Orion,878.7072268,0.421,,
1725,,-,78.38864409,-8.147764756,6.372,,B5III,1704,33948,,Orion,,-0.129,,
1726,,HIP 24372,78.43939878,-67.18525827,4.801,4.436511,K2+III,1744,34649,θ Doradus,Dorado,546.0632371,1.274,,
1727,,HIP 24377,78.44690173,0.5604143456,6.323,5.728749,K4III,1703,33946,,Orion,831.6328099,1.463,,
1728,,HIP 24384,78.47222408,-52.03075456,6.023,5.57108,K3III,1727,34347,,Pictor,701.0762901,1.392,,
1729,,HIP 24394,78.49978892,-14.6068697,6.21,6.138669,A9II/III,1710,34045,,Lepus,244.9287687,0.377,,
1730,,HIP 24426,78.62019075,-35.97699734,5.731,5.486539,G8III,1721,34266,,Columba,484.3970486,1.009,,
1731,Rigel,HIP 24436,78.63446707,-8.20163836,0.13,,B8Ia,1713,34085,β Orionis,Orion,863.000302,-0.03,,
1732,,HIP 24440,78.64800639,76.47275647,6.42,6.41571,A0III:,1650,32781,,Camelopardalis,420.6444659,-0.011,,
1733,,HIP 24450,78.68353794,5.156146754,5.494,5.032533,K4III,1709,34043,,Orion,598.1645651,1.369,,
1734,,HIP 24451,78.6844695,53.21394679,6.16,6.119024,A0V,1692,33654,,Auriga,1715.790772,0.084,,
1735,,HIP 24479,78.79750859,59.40568815,6.135,5.815626,K2III,1688,33618,,Camelopardalis,307.2573841,1.179,,
1736,,HIP 24493,78.8270723,-1.409155766,6.154,6.050684,F2/3V,1717,34180,,Orion,149.747491,0.401,,
1737,,HIP 24505,78.85155091,-26.94350813,5.04,5.041214,B9V,1723,34310,,Lepus,272.1204403,-0.067,,
1738,,HIP 24504,78.85164249,32.68759991,5,4.945833,A8III,1706,33959,KW Aur,Auriga,268.5337836,0.222,4.95,5.08
1739,,HIP 24507,78.85348908,-73.58847565,6.5,6.474851,A6V,,35184,,Mensa,358.6359905,0.15,,
1740,,HIP 24512,78.86522773,22.28485633,6.27,6.252536,A2V,1711,34053,108 Tau,Taurus,657.2586062,0.075,,
1741,,HIP 24520,78.91172602,-52.18217784,6.45,6.113461,K2III,1742,34587,,Pictor,855.6427262,1.213,,
1742,,HIP 24555,79.01722776,11.34135505,5.515,5.504692,A0V,1718,34203,18 Ori,Orion,367.9465415,-0.012,,
1743,,HIP 24560,79.04398538,-11.35255954,6.46,6.266373,A2/3V+G8III+K1III,,34318,,Lepus,838.0452334,0.67,,
1744,,HIP 24575,79.07562221,34.31231789,5.96,5.939674,O9.5V,1712,34078,AE Aur,Auriga,1455.359056,0.199,5.78,6.08
1745,,HIP 24607,79.17099785,1.947327344,6.408,6.406765,A0V,1724,34317,,Orion,608.208629,-0.015,,
1746,Capella,HIP 24608,79.17232794,45.99799147,0.08,,G3III:,1708,34029,α Aurigae,Auriga,42.17886259,0.795,,
1747,,HIP 24645,79.32371492,53.58611998,6.5,,M6.5-8.5e,1707,34019,,Auriga,932.9952871,,6.7,13.9
1748,,HIP 24659,79.37120308,-34.89520077,4.83,4.53894,K1IV,1743,34642,ο Columbae,Columba,110.0237289,0.987,,
1749,,HIP 24674,79.4016264,-6.84440744,3.59,3.58838,B6III,1735,34503,τ Orionis,Orion,554.4218702,-0.115,,
1750,,HIP 24679,79.41767463,-13.51982672,5.488,5.21848,G8IV,1737,34538,,Lepus,157.5639971,0.932,,
1751,,HIP 24732,79.55517553,73.26809746,5.83,5.80542,A0V,1683,33541,,Camelopardalis,358.635983,-0.023,,
1752,,HIP 24738,79.56540514,42.7921102,5.65,4.171068,M4III,1722,34269,PU Aur,Auriga,693.6174004,1.492,5.64,5.74
1753,,HIP 24740,79.57873355,33.76736581,6.144,6.142213,B9V+B9.5V,1728,34364,AR Aur,Auriga,397.5603926,-0.043,6.15,6.82
1754,,HIP 24771,79.66803015,40.46512309,6.199,5.774948,K0,1725,34332,,Auriga,676.349174,1.386,,
1755,,HIP 24786,79.71030372,-18.13005152,5.96,5.815227,G0V,1747,34721,,Lepus,81.27638405,0.572,,
1756,,HIP 24799,79.75011857,33.74839467,5.371,5.330472,A0p,1732,34452,IQ Aur,Auriga,447.8035308,-0.167,5.35,5.43
1757,,HIP 24813,79.78531437,40.09905141,4.71,4.525885,G1.5IV-VFe-1,1729,34411,λ Aurigae,Auriga,41.22400786,0.63,,
1758,,HIP 24817,79.7967504,2.595799972,5.325,5.231286,F5III-IV,1746,34658,21 Ori,Orion,197.9358504,0.412,,
1759,,HIP 24820,79.81121035,20.13459133,6.107,5.833735,K0III,1741,34579,,Taurus,431.2166444,1.02,,
1760,,HIP 24822,79.8191924,22.09650595,4.948,4.702397,G8III,1739,34559,109 Tau,Taurus,205.9381748,0.937,,
1761,,HIP 24825,79.82265494,-18.51991828,6.39,6.354102,B5Vs,1753,34798,,Lepus,791.2609574,-0.134,,
1762,,HIP 24829,79.84222921,-50.60596717,5.45,5.305934,F6IV,1767,35072,ζ Pictoris,Pictor,117.6896246,0.517,,
1763,,HIP 24831,79.84868759,-27.3688845,5.972,5.973187,A0V,1758,34868,,Columba,445.9648935,-0.022,,
1764,,HIP 24832,79.84897371,33.98538756,6.489,6.447959,A7V,1734,34499,18 Aur,Auriga,235.3792458,0.256,,
1765,,HIP 24836,79.8660808,58.11736543,6.125,6.103759,B5V,1719,34233,15 Cam,Camelopardalis,878.7072292,-0.031,,
1766,,HIP 24845,79.89384295,-13.1767694,4.29,4.218469,B0.5V,1756,34816,λ Leporis,Lepus,1075.90796,-0.235,,
1767,,HIP 24847,79.89702682,-1.411911269,6.35,6.299583,B3V,1748,34748,,Orion,1862.859204,-0.105,,
1768,,HIP 24873,79.99592997,-12.31558626,5.284,5.262699,B7/8V,1757,34863,ν Leporis,Lepus,331.6366501,-0.104,,
1769,,HIP 24879,80.00383791,33.95805413,5.03,4.933316,A5II+,1740,34578,19 Aur,Auriga,3075.472063,0.287,,
1770,,HIP 24881,80.00966112,44.42538364,6.48,6.051115,K0,1733,34498,,Auriga,947.6758127,1.331,,
1771,,HIP 24902,80.06114342,41.08623772,5.456,5.405842,A3V,1738,34557,,Auriga,305.8161358,0.122,,
1772,,HIP 24909,80.08628953,-34.69884958,6.336,6.269843,F0/2IV,1766,35046,,Columba,698.0738261,0.318,,
1773,,HIP 24914,80.09421107,62.65371135,5.598,4.924969,K4I,1720,34255,,Camelopardalis,1975.759567,1.728,,
1774,,HIP 24925,80.11003065,-5.36752595,6.42,6.484241,B8II,1759,34880,,Orion,679.1658154,-0.047,,
1775,,HIP 24927,80.11214492,-21.2397635,4.729,4.71341,A0V,1762,34968,,Lepus,458.5093772,-0.048,,
1776,,HIP 24955,80.16951518,66.74687936,6.38,6.162518,G5,,34200,,Camelopardalis,383.529351,0.921,,
1777,,HIP 24960,80.18234281,2.544779482,6.43,6.150049,G8III,,34878,,Orion,414.756899,1.041,,
1778,,HIP 24977,80.23589454,19.81434443,6.205,5.845969,K0III,1755,34810,,Taurus,624.5216746,1.229,,
1779,,HIP 24984,80.24720168,27.95726892,6.33,6.314634,B9IV,1750,34762,,Taurus,695.0974402,0.039,,
1780,,HIP 25001,80.30286428,29.56988687,5.67,5.655967,A1Vs,1752,34790,,Auriga,278.1569812,0.06,,
1781,,HIP 25007,80.32025137,-34.34504821,6.09,6.105638,B3IVe,1772,35165,AN Col,Columba,1895.34838,-0.176,6.03,6.11
1782,,HIP 25028,80.38268332,-0.4164928671,5.68,5.61171,B5II/III,1764,35007,,Orion,1075.907959,-0.125,,
1783,,HIP 25041,80.43150992,8.428555355,5.8,5.743621,B1V,1763,34989,,Orion,735.8930951,-0.114,,
1784,,HIP 25044,80.44061399,-0.3824668706,4.74,4.669241,B2IV,1765,35039,22 Ori,Orion,1288.538276,-0.168,,
1785,,HIP 25045,80.442683,-24.772978,5.34,,G8/K0II/III,1771,35162,,Lepus,293.9585361,0.662,,
1786,,HIP 25045,80.44272716,-24.77298379,5.06,,G8/K0II/III+A2/3,1771,35162,,Lepus,293.9585361,0.662,,
1787,,HIP 25048,80.4517356,41.80457204,5.207,5.182961,B4V,1749,34759,ρ Aurigae,Auriga,641.7312217,-0.129,,
1788,,HIP 25059,80.48045876,-17.60363191,6.47,6.130528,K0III,,35137,,Lepus,461.1043378,1.206,,
1789,,,80.577,41.025,4.2,,Open Cluster,,,C 0519+409,Auriga,,,,
1790,,HIP 25098,80.59227869,-56.13439889,6.086,6.082637,B8/9V,1801,35580,κ Pictoris,Pictor,749.4253687,-0.091,,
1791,,HIP 25142,80.70834994,3.544458738,5,4.937566,B2IV/V,1770,35149,23 Ori,Orion,961.6514373,-0.096,,
1792,,HIP 25143,80.7096426,41.02925968,5.542,5.509264,A3V,1760,34904,,Auriga,299.9080358,0.127,,
1793,,HIP 25180,80.79997067,-26.70543166,6.49,6.359919,F6V,1785,35386,,Lepus,170.8595879,0.505,,
1794,,HIP 25187,80.82712552,-8.415594549,6.15,6.153103,B8III,1778,35281,,Orion,493.1925284,-0.037,,
1795,,HIP 25192,80.84530238,28.93676088,6.46,6.439537,B9Vs,1768,35076,22 Aur,Auriga,592.7268833,-0.04,,
1796,,HIP 25194,80.85010226,-39.67841932,5.77,4.807367,M2III,1793,35515,SW Col,Columba,561.1016174,1.626,5.71,6.05
1797,,HIP 25197,80.86601114,57.54439921,5.25,5.216468,A0Vne,1751,34787,16 Cam,Camelopardalis,339.936614,-0.011,,
1798,,HIP 25202,80.87565019,-13.92735292,5.229,5.18932,B2IV,1783,35337,8 Lep,Lepus,1811.113207,-0.219,,
1799,,HIP 25205,80.87943996,5.323086497,6.334,6.323853,hA3VamA1_lB,1777,35242,V1649 Ori,Orion,244.7449034,0.123,6.34,6.35
1800,,,80.8942,-69.7561,0.4,,Galaxy,,,NAME LMC,Dorado,,,,
1801,,HIP 25216,80.90712015,16.69926562,6.096,6.071668,A2IV,1774,35189,110 Tau,Taurus,445.3552698,0.141,,
1802,,HIP 25223,80.92628593,-0.159818618,5.7,5.654259,B1.5V,1781,35299,,Orion,808.9334222,-0.208,,
1803,,HIP 25247,80.98678244,-7.808062597,4.12,3.875156,G8+III,1784,35369,29 Ori,Orion,174.2385768,0.943,,
1804,,HIP 25280,81.11869583,-16.97577656,5.636,5.636658,A0V,1792,35505,,Lepus,219.6764743,-0.001,,
1805,,HIP 25281,81.11923634,-2.39714754,3.35,,B1V+B2:,1788,35411,η Orionis,Orion,900.5524956,-0.24,3.31,3.6
1806,,HIP 25281,81.1192392,-2.397146951,3.59,,B1V,1788,35411,* eta Ori A,Orion,900.5524956,-0.24,3.31,3.6
1807,,HIP 25281,81.11971258,-2.397030959,4.89,,B2:,1788,35411,* eta Ori B,Orion,900.5524956,-0.24,3.31,3.6
1808,,HIP 25282,81.12040408,-0.8913348192,5.072,4.795365,G9III-IVBa0.5,1787,35410,27 Ori,Orion,172.2134636,0.961,,
1809,,HIP 25288,81.15042537,2.353164728,6.297,6.288259,B3V,1786,35407,,Orion,1225.564833,-0.145,,
1810,,HIP 25290,81.16009699,31.22391311,6.29,5.922627,K1III,1775,35238,,Auriga,744.2941183,1.251,,
1811,,HIP 25291,81.16049893,31.14314834,5.925,5.905025,B9III,1776,35239,,Auriga,821.1584262,0.034,,
1812,,HIP 25292,81.1630895,37.3853491,4.996,4.515971,K3IIICN+2,1773,35186,σ Aurigae,Auriga,513.384975,1.445,,
1813,,HIP 25301,81.18666779,36.19994546,6.46,5.851271,K2,,35202,,Auriga,1495.414691,1.645,,
1814,,HIP 25302,81.18678077,1.846444977,4.96,4.64114,B1Vn,1789,35439,ψ 1 Orionis,Orion,1108.843751,-0.2,4.92,4.96
1815,,HIP 25303,81.19286747,-52.31624543,6.23,,A0V,1818,35860,θ Pictoris,Pictor,510.0001813,0.067,,
1816,,HIP 25317,81.23156891,-44.22568814,6.084,5.743256,K1III,1813,35765,,Pictor,531.8105077,1.195,,
1817,,HIP 25322,81.24756916,73.70719592,6.47,5.621832,M0.5IIIbBa0.5,,34450,,Camelopardalis,1253.845347,1.738,,
1818,,HIP 25329,81.25726601,-10.32888584,5.586,5.010555,K4III,1799,35536,,Orion,635.4785402,1.543,,
1819,Bellatrix,HIP 25336,81.28276356,6.34970326,1.64,,B2III,1790,35468,γ Orionis,Orion,242.9209328,-0.224,,
1820,,HIP 25368,81.40207657,-1.491293463,6.42,6.396706,B5II/III,,35575,,Orion,791.260956,-0.162,,
1821,,HIP 25378,81.44591137,0.5202419378,6.144,6.130819,B2V,1803,35588,,Orion,1582.525183,-0.178,,
1822,,HIP 25397,81.49927159,-19.69540303,5.817,5.73041,F5V,1812,35736,,Lepus,140.2755599,0.441,,
1823,,HIP 25401,81.50984647,-5.518505689,6.233,6.224622,B8/9V,1806,35640,,Orion,666.6669712,-0.047,,
1824,,HIP 25410,81.52384222,16.70015969,6.23,6.186985,B2Vn,1798,35532,113 Tau,Taurus,654.6180057,-0.084,,
1825,,HIP 25412,81.52580663,-86.38826627,6.4,,M5.5e,,40857,R Oct,Octans,1901.565394,,6.4,13.2
1826,Elnath,HIP 25428,81.57297133,28.60745172,1.65,,B7III,1791,35497,β Tauri,Taurus,130.976404,-0.13,,
1827,,HIP 25429,81.58027406,-58.91251778,5.129,4.874447,G8III,1836,36189,λ Doradus,Dorado,467.047327,0.986,,
1828,,HIP 25453,81.66178998,6.868658151,6.399,6.406226,B9V,1807,35656,,Orion,305.2436794,-0.023,,
1829,,HIP 25471,81.70334837,34.39180685,5.905,5.853491,A1p,1795,35520,,Auriga,1288.538276,0.138,,
1830,,HIP 25473,81.70928885,3.095672821,4.611,4.553474,B2IV,1811,35715,ψ 2 Orionis,Orion,1417.393083,-0.199,4.55,4.61
1831,,HIP 25475,81.71367869,33.26225911,6.158,5.870617,K0,1796,35521,,Auriga,343.8812134,1.152,,
1832,,HIP 25476,81.72632296,35.45727376,6.151,5.662334,K2,1794,35519,,Auriga,644.2675024,1.453,,
1833,,,81.7292,35.4567,6.17,,~,,,NGC 1912 562,Auriga,,,,
1834,,HIP 25482,81.74918226,-68.62254112,6.12,,F0IV/V,1859,36584,,Dorado,247.7203175,0.346,,
1835,,HIP 25486,81.7698472,-11.90096278,6.295,6.209527,F8V(n)k:,1817,35850,,Lepus,87.49320596,0.553,6.26,6.35
1836,,HIP 25488,81.77213162,-40.94352418,5.847,5.828556,A5mA5-F2,1827,36060,,Columba,309.8859267,0.239,,
1837,,HIP 25492,81.78446816,30.20860273,5.72,5.633177,B9Ib,1804,35600,,Auriga,2312.058026,0.175,,
1838,,HIP 25499,81.79206162,17.96221126,5.404,5.372287,B5V,1808,35671,115 Tau,Taurus,668.0329106,-0.09,,
1839,,HIP 25502,81.8078919,15.25762808,6.182,6.163518,A1IV,1809,35693,,Orion,461.1043356,0.083,,
1840,,HIP 25505,81.81417596,2.341202408,6.35,6.126135,K0III,,35775,,Orion,425.0324231,0.965,,
1841,,HIP 25532,81.90208535,-21.37571293,6.065,5.82068,K0III,1823,35991,,Lepus,379.5097689,1.032,,
1842,,HIP 25539,81.90868401,21.93696808,4.868,4.829603,B2.5V,1810,35708,114 Tau,Taurus,695.0974404,-0.14,,
1843,,HIP 25541,81.91201592,34.47587971,5.059,4.629645,K3IIIFe1,1805,35620,ϕ Aurigae,Auriga,400.491134,1.4,,
1844,,HIP 25555,81.94003373,15.8740505,5.515,5.491961,B9.5Vn,1814,35770,116 Tau,Taurus,564.9907933,0.015,,
1845,,HIP 25582,82.00612562,1.298250052,6.38,6.366468,B2V,1820,35912,,Orion,1160.14313,-0.173,,
1846,,HIP 25583,82.00670855,17.23912988,5.758,5.060231,M1III,1816,35802,117 Tau,Taurus,704.1048237,1.634,,
1847,Nihal,HIP 25606,82.06134537,-20.75944389,2.84,2.627176,G5II-IIIa:,1829,36079,β Leporis,Lepus,159.102067,0.807,,
1848,,HIP 25608,82.06389586,-37.23076324,5.552,5.552186,A0V,1835,36187,,Columba,293.6938263,0.026,,
1849,,HIP 25638,82.1448897,13.67897886,6.34,6.322835,A4V,1819,35909,,Orion,321.8165473,0.168,,
1850,,,82.167,35.824,6.4,,Open Cluster,,,M 38,Auriga,,,,
1851,,HIP 25667,82.23712286,-3.307429003,6.38,,B9V,1826,36058,,Orion,761.6829656,-0.007,,
1852,,HIP 25695,82.31874511,25.15021277,5.84,,B8.5V,1821,35943,* 118 Tau A,Taurus,433.5116857,-0.042,,
1853,,HIP 25695,82.31875034,25.15021613,5.48,,B9V,1821,35943,118 Tau,Taurus,433.5116857,-0.042,,
1854,,HIP 25708,82.34868594,-3.446393166,5.78,5.46907,K1-IIIFe-0.5,1830,36134,,Orion,467.0473188,1.149,,
1855,,HIP 25730,82.41939092,29.18646402,6.19,6.086667,F6III,1822,35984,,Auriga,290.0357739,0.476,,
1856,,HIP 25732,82.4233691,-0.802546764,6.5,6.456484,A5III/IV,,36150,,Orion,391.3566112,0.251,,
1857,,HIP 25737,82.43325837,-1.092238426,4.71,4.052642,K4III,1834,36167,31 Ori,Orion,455.9437546,1.592,4.67,4.71
1858,,HIP 25751,82.47822588,1.789259247,5.745,5.730787,B2V,1833,36166,,Orion,1253.845344,-0.192,,
1859,,HIP 25768,82.53949562,-47.07765449,5.453,5.350806,F8/G2,1856,36553,,Pictor,142.5448513,0.615,,
1860,,HIP 25769,82.54251353,63.06721919,5.407,4.606586,M1III,1802,35583,17 Cam,Camelopardalis,931.4279692,1.704,,
1861,,HIP 25776,82.55784478,-84.7851016,6.186,6.170186,B9.5IV/V,2059,39780,TZ Men,Mensa,348.6636493,-0.003,6.19,6.87
1862,,HIP 25781,82.56613625,-63.92768428,6.19,6.158902,F0IV,1882,36876,,Dorado,399.5098836,0.225,,
1863,,HIP 25785,82.58301377,4.204794749,6.202,5.812207,K2/3III,1837,36217,CK Ori,Orion,573.9427571,1.28,5.9,7.1
1864,,HIP 25786,82.5864738,-7.434816144,6.313,6.296707,B2V,1840,36285,,Orion,1216.417271,-0.194,,
1865,,HIP 25790,82.60901566,15.36044716,5.934,5.907031,A3Vn,1832,36162,,Orion,344.2463334,0.103,,
1866,,HIP 25806,82.68061648,22.46225492,6.291,5.95634,K0,1831,36160,,Taurus,394.6720317,1.18,,
1867,,HIP 25810,82.68784994,39.82591335,6.377,6.138976,G9III,1825,36041,,Auriga,460.4523362,0.986,,
1868,,HIP 25813,82.69604545,5.94813679,4.2,,B5IV+B7V,1839,36267,32 Ori,Orion,288.4957496,-0.143,,
1869,,HIP 25813,82.69604602,5.948145281,4.46,,B5IV,1839,36267,* 32 Ori A,Orion,288.4957496,-0.143,,
1870,,HIP 25813,82.696285,5.948367715,5.76,,B7V,1839,36267,* 32 Ori B,Orion,288.4957496,-0.143,,
1871,,HIP 25816,82.70271312,41.46199221,5.991,5.699768,K0.5IIIbCN0.5,1824,36040,,Auriga,385.7983092,1.112,,
1872,,HIP 25853,82.78178289,-20.86365768,5.525,5.525043,A0V,1849,36473,10 Lep,Lepus,271.6666479,0.012,,
1873,,HIP 25859,82.8031145,-35.4705066,3.87,3.545657,K1II/III,1862,36597,ϵ Columbae,Columba,276.975562,1.13,,
1874,,HIP 25861,82.81054929,3.29213136,5.46,,B3II/III,1842,36351,33 Ori,Orion,1567.307497,-0.176,,
1875,,HIP 25861,82.81055292,3.292133333,5.74,,~,1842,36351,* n01 Ori A,Orion,1567.307497,-0.176,,
1876,,HIP 25869,82.83705546,-6.708380046,6.208,6.188286,B3V,1848,36430,,Orion,1762.164288,-0.178,,
1877,,HIP 25887,82.90000942,-45.92531806,5.844,5.423465,K3III,1870,36734,,Pictor,468.3904452,1.349,,
1878,,HIP 25918,82.97021911,-76.34090168,5.2,4.846947,K2III,1953,37763,γ Mensae,Mensa,100.5240938,1.13,,
1879,,HIP 25923,82.98274983,-7.301537746,4.63,4.546215,O9.7V,1855,36512,υ Orionis,Orion,1545.02539,-0.261,,
1880,Mintaka,HIP 25930,83.00166706,-0.29909511,2.41,2.248773,O9.5IINwk,1852,36486,δ Orionis,Orion,1200.000424,-0.175,2.14,2.26
1881,,HIP 25945,83.0531318,18.5942366,4.33,3.133793,M2Iab-Ib,1845,36389,119 Tau,Taurus,1917.646784,2.06,4.23,4.54
1882,,HIP 25950,83.05892228,17.05813286,6.09,6.062156,B5V,1847,36408,,Taurus,1116.439553,-0.004,,
1883,,,83.06069522,17.05604988,6.49,6.464407,B8V,1847,36408B,,Taurus,1116.439553,-0.004,,
1884,,HIP 25976,83.1582648,0.01192483474,6.16,5.507179,K4III,,36558,,Orion,1495.414691,1.553,,
1885,,HIP 25980,83.17229587,-1.591832069,5.34,5.30375,B1IV,1861,36591,,Orion,2566.93144,-0.188,,
1886,,HIP 25984,83.18197657,32.19202237,4.79,4.58892,B4Ia,1843,36371,χ Aurigae,Auriga,4075.001466,0.281,,
1887,Arneb,HIP 25985,83.18256716,-17.82228927,2.57,2.3895,F0Ib,1865,36673,α Leporis,Lepus,1283.465716,0.211,,
1888,,HIP 25993,83.21422089,-38.51336962,5.456,5.097193,K2/3III,1877,36848,,Columba,172.3044227,1.224,,
1889,,HIP 26001,83.24819048,-64.22751492,5.341,5.033576,G8/K0III,1917,37297,,Dorado,231.6987149,1.039,,
1890,,HIP 26020,83.28060658,-1.71735977,6.46,,B3V,1863,36646,,Orion,2762.714071,-0.099,,
1891,,HIP 26019,83.28078088,-35.13937422,5.758,5.446808,K0III,1881,36874,,Columba,277.6833083,1.085,,
1892,,HIP 26054,83.36418331,32.80118106,6.474,6.482007,A2m,1850,36484,,Auriga,296.9036186,0.094,,
1893,,HIP 26063,83.38102706,-1.15607207,5.34,5.309615,B1V+B4.5V,1868,36695,VV Ori,Orion,1852.273981,-0.175,5.31,5.66
1894,,HIP 26064,83.38179343,18.54022984,5.69,5.454994,B2IV-Ve,1858,36576,120 Tau,Taurus,1873.565048,-0.022,5.53,5.69
1895,,HIP 26069,83.40631655,-62.48982679,3.76,3.593462,F8/G0Ib,1922,37350,β Doradus,Dorado,1038.215835,0.64,3.46,4.08
1896,,HIP 26071,83.40922954,34.72557111,6.261,6.235323,A3IV,1854,36499,,Auriga,408.008697,0.17,,
1897,,HIP 26072,83.41182067,20.47421966,6.189,6.171842,B6V,1860,36589,,Taurus,799.0197583,-0.034,,
1898,,HIP 26079,83.43484994,-54.90229079,6.418,6.286509,F8V,1912,37226,,Pictor,183.1462116,0.55,,
1899,,HIP 26093,83.47617712,14.30556772,5.593,5.574016,B3V,1864,36653,35 Ori,Orion,513.3849749,-0.118,,
1900,,HIP 26104,83.51030086,-7.023750955,6.45,6.150098,K0III,,36814,,Orion,636.7206008,1.116,,
1901,,HIP 26106,83.51621148,-1.035726707,6.22,6.206716,B2/3IV/V,1873,36779,,Orion,1239.543719,-0.16,,
1902,,HIP 26108,83.51686473,-1.470242381,5.895,5.30662,K4III,1874,36780,,Orion,842.3777749,1.535,,
1903,,HIP 26126,83.56988934,3.766906267,5.326,5.321539,A1V,1872,36777,38 Ori,Orion,344.9733143,0.051,,
1904,,HIP 26149,83.62202425,-0.01234644417,6.251,6.001032,G8II/III,,36840,,Orion,1230.187515,0.997,,
1905,,HIP 26169,83.68659149,-73.74127806,5.85,4.629465,M2/3III,1964,37993,WX Men,Mensa,1044.872759,1.717,5.72,5.87
1906,,HIP 26176,83.70515678,9.489586217,4.41,4.313984,B0.2IV,1876,36822,ϕ 1 Orionis,Orion,984.895246,-0.157,,
1907,,HIP 26190,83.73930316,-61.17604871,6.311,6.100951,G6III,1936,37501,,Dorado,347.9203645,0.845,,
1908,,HIP 26197,83.75419588,-6.009268531,5.53,5.678608,B1V,1886,36959,,Orion,5927.268938,-0.228,,
1909,,HIP 26199,83.76117629,-6.002030097,4.72,4.716487,B0.5V,1887,36960,,Orion,1862.859205,-0.248,,
1910,Meissa,HIP 26207,83.78448367,9.934164257,3.47,,O8III((f)),1879,36861,* lam Ori A,Orion,1176.860416,-0.16,,
1911,,HIP 26207,83.78449002,9.93415587,3.66,,O8IIIf+B0.5V,1879,36861,λ Orionis,Orion,1176.860416,-0.16,,
1912,,,83.792,9.813,2.8,,Open Cluster,,,Cl Collinder 69,Orion,,,,
1913,,HIP 26215,83.80519447,10.24007744,5.638,5.547826,B9IIIp,1883,36881,,Orion,1461.882319,0.149,,
1914,,,83.81,-5.924,2.5,,Open Cluster,,,NGC 1980,Orion,,,,
1915,,HIP 26219,83.81448025,-33.07972695,5.755,5.461114,K2III-IIIbCN0.5,1909,37192,,Columba,317.1208464,1.12,,
1916,,HIP 26221,83.81860957,-5.389700503,5.13,4.96096,O7Vp,1895,37022,θ 1 Orionis C,Orion,1303.895792,0.02,,
1917,,,83.84299168,-4.424319139,6.35,,~,1891,37016A,,Orion,1128.028859,-0.148,,
1918,,HIP 26235,83.84542183,-5.41606462,6.39,5.001814,O9.5IVp,1897,37041,θ 2 Orionis,Orion,1695.200604,-0.097,,
1919,,HIP 26237,83.84651939,-4.83834994,4.59,4.48509,B1V+?,1892,37018,42 Ori,Orion,785.5429146,-0.183,,
1920,,,83.848,-4.486,4.2,,Open Cluster,,,NGC 1981,Orion,,,,
1921,Hatysa,HIP 26241,83.85827581,-5.909888524,2.77,2.740842,O9IIIvar,1899,37043,ι Orionis,Orion,1343.764753,-0.24,,
1922,,HIP 26235,83.86000314,-5.416887158,6.38,5.001814,B0.7V,1897,37042,* tet02 Ori B,Orion,1695.200604,-0.097,,
1923,,HIP 26248,83.86304858,24.03959602,5.38,5.337153,B2.5IV,1875,36819,121 Tau,Taurus,599.2664461,-0.092,,
1924,,,83.87948172,-4.364045292,6.45,6.449434,B3V,1898,37040A,,Orion,1263.566668,-0.16,,
1925,,HIP 26257,83.8794965,-4.364049272,6.38,,B3V+B7V,1898,37040,,Orion,1263.566668,-0.16,,
1926,,HIP 26263,83.89960126,-3.252838729,6.41,6.393734,B3III,1900,37055,V1377 Ori,Orion,2608.000935,-0.122,,
1927,,HIP 26264,83.90074458,-78.82086913,6.033,6.014167,B8III,1991,38602,ι Mensae,Mensa,795.12081,-0.018,6,6.05
1928,,HIP 26268,83.91451732,-4.856066549,5.234,5.174668,A9IV/V,1901,37077,45 Ori,Orion,370.4534842,0.269,,
1929,,HIP 26291,83.98125111,27.66234713,6.247,5.669123,K0,1878,36859,,Taurus,799.0197585,1.529,,
1930,,HIP 26300,84.01185797,-47.31374625,6.1,5.778487,K2III,1927,37434,TX Pic,Pictor,521.6001849,1.159,6.08,6.12
1931,,HIP 26309,84.0428974,-28.7080135,6.256,6.240491,A2III/IV,1915,37286,,Columba,184.3892456,0.151,,
1932,Alnilam,HIP 26311,84.05338894,-1.20191914,1.69,,B0Ia,1903,37128,ϵ Orionis,Orion,1341.565456,-0.184,1.64,1.74
1933,,HIP 26315,84.06649495,47.71528705,6.095,6.060009,F0V:,1869,36719,,Auriga,332.9928108,0.295,,
1934,,,84.084,34.135,6,,Open Cluster,,,M 36,Auriga,,,,
1935,,HIP 26344,84.14674258,54.4286586,5.716,5.014945,M0III,1866,36678,,Auriga,745.9958411,1.671,,
1936,,HIP 26345,84.14872228,-6.064750682,5.75,5.723025,B2IV,1911,37209,,Orion,1917.646785,-0.212,,
1937,,HIP 26363,84.21840015,40.18238071,6.082,5.795647,G3Ib,1884,36891,,Auriga,2546.875912,1.032,,
1938,,HIP 26366,84.22661905,9.290671253,4.09,3.797651,G9.5IIIbFe-2.5,1907,37160,ϕ 2 Orionis,Orion,116.0143032,0.951,,
1939,,HIP 26368,84.22907733,-66.56028548,6.274,6.269566,A1IIIe,1960,37935,,Dorado,855.6427296,-0.052,6.26,6.29
1940,,HIP 26382,84.26556488,17.04032716,5.525,5.479177,F0V,1905,37147,122 Tau,Taurus,175.6465707,0.237,,
1941,,HIP 26386,84.26826017,11.03499586,5.9,5.298023,K5III,1908,37171,,Orion,821.1584267,1.592,,
1942,,HIP 26395,84.28655119,-11.77551595,6.089,6.09205,A1V,1919,37306,,Lepus,215.3237207,0.051,,
1943,,HIP 26394,84.29119519,-80.46912071,5.67,5.51158,G0V,2022,39091,π Mensae,Mensa,59.39310009,0.6,,
1944,,HIP 26408,84.31277863,64.15468824,6.179,6.186112,A0V,1857,36570,19 Cam,Camelopardalis,371.7216266,0.006,,
1945,,HIP 26410,84.31676725,66.69669171,6.29,,A8Vn,1853,36496,,Camelopardalis,258.730312,0.231,,
1946,,HIP 26412,84.31876251,-27.87145429,6.14,6.068898,F0IV,1926,37430,ν 1 Columbae,Columba,145.2764034,0.322,,
1947,,HIP 26414,84.33046301,8.951874592,6.095,6.072995,B2IV-V,1913,37232,,Orion,867.0201234,-0.17,,
1948,,HIP 26427,84.36398972,-5.938390139,6.024,5.992947,B2V(n),1918,37303,,Orion,1358.334902,-0.21,,
1949,Tianguan,HIP 26451,84.41118926,21.14254411,3.03,2.911981,B1IVe_shell,1910,37202,ζ Tauri,Taurus,416.8791601,-0.148,2.88,3.17
1950,,HIP 26460,84.43590679,-28.68969025,5.31,5.155013,F5V,1935,37495,ν 2 Columbae,Columba,138.4877771,0.486,,
1951,,HIP 26463,84.4408576,33.55916757,6.355,5.961921,K0,1904,37138,,Auriga,498.4704699,1.306,,
1952,,HIP 26477,84.4724382,-4.814034805,6.18,6.15851,B3V,1923,37356,,Orion,1120.276576,-0.029,,
1953,,HIP 26487,84.50466188,7.541416687,5.852,5.844163,B8III,1920,37320,,Orion,556.3126709,-0.061,,
1954,,HIP 26515,84.57258528,-50.64099558,6.42,6.422808,A0V,,37781,,Pictor,521.6001856,-0.047,,
1955,,HIP 26535,84.6582232,-6.57395749,5.96,5.917894,B1.5IV,1933,37481,,Orion,1567.307498,-0.216,,
1956,,HIP 26536,84.6586879,30.49241816,5.406,5.274043,A2.5V+F6III,1914,37269,26 Aur,Auriga,447.1873912,0.45,,
1957,,,84.67665,-69.100933,5.4,,Cluster,,,RMC 136,Dorado,,,,
1958,,HIP 26545,84.6813653,-40.70731026,5.804,5.788716,B8V,1947,37717,,Columba,490.2259325,-0.078,,
1959,,HIP 26549,84.68652243,-2.600078661,3.79,3.790166,O9.5V+B0.2V(n),1931,37468,σ Orionis,Orion,1147.888786,-0.19,,
1960,,-,84.69668752,-2.594589285,6.46,,B2IV-Vp_He,1932,37479,* sig Ori E,Orion,,-0.08,,
1961,,HIP 26563,84.72117994,-7.212829772,4.8,4.739983,A4Vn,1937,37507,49 Ori,Orion,153.484106,0.139,,
1962,,HIP 26571,84.73905594,26.61807026,6.43,6.18417,G9III,1921,37329,,Taurus,426.1440835,0.98,,
1963,,HIP 26592,84.7862328,41.35856334,6.44,6.179133,K0,,37250,,Auriga,249.8086643,1,,
1964,,HIP 26594,84.79644083,4.12146897,4.59,4.466577,B3Ve,1934,37490,ω Orionis,Orion,1621.889697,-0.098,4.4,4.59
1965,,HIP 26606,84.82630647,29.21521913,5.984,5.91056,B2IV-V,1924,37367,V433 Aur,Auriga,1176.896276,0.144,,
1966,,HIP 26616,84.86297978,21.76295206,6.43,6.395798,A1Vn,1929,37439,,Taurus,659.9187682,0.066,,
1967,,HIP 26623,84.87850573,-9.706628648,6.481,6.467787,B8II,1942,37635,,Orion,565.9720557,-0.107,,
1968,,HIP 26624,84.87979411,-3.56470419,5.974,5.912883,A9V,1940,37594,,Orion,134.933721,0.294,,
1969,Phact,HIP 26634,84.9122543,-34.07410972,2.65,2.653204,B9Ve,1956,37795,α Columbae,Columba,268.0920589,-0.12,,
1970,,HIP 26638,84.9321116,75.04387396,6.17,5.495653,M0III,1844,36384,,Camelopardalis,579.0414034,1.606,,
1971,,HIP 26640,84.93416998,25.89709445,5.166,5.151171,B3IV,1928,37438,125 Tau,Taurus,495.4419287,-0.15,,
1972,,HIP 26649,84.95766557,-32.6292159,5.437,5.200505,G6/8III,1958,37811,,Columba,381.7330919,0.913,,
1973,,HIP 26712,85.14961392,31.35819952,6.04,6.004388,B9.5III-IVp:(Hg?),1938,37519,,Auriga,502.3107513,0.037,,
1974,,HIP 26713,85.15540354,-2.825236733,6.22,6.177242,B1.5V,1950,37744,,Orion,1680.413239,-0.194,,
1975,,HIP 26718,85.1752074,31.92061043,6.21,5.079807,M2Iab,1939,37536,NO Aur,Auriga,1369.748166,2.088,6.1,6.3
1976,,HIP 26727,85.18969443,-1.94257359,1.77,,O9.7Ib+B0III,1948,37742,ζ Orionis,Orion,779.1402723,-0.199,,
1977,Alnitak,HIP 26727,85.18969643,-1.942572322,1.9,,O9.2IbvarNwk,1948,37742,* zet Ori A,Orion,779.1402723,-0.199,,
1978,,HIP 26727,85.18988003,-1.943218622,3.73,,O9.5II-III(n),1949,37743,* zet Ori B,Orion,779.1402723,-0.199,,
1979,,HIP 26736,85.21131486,-1.128787524,4.95,4.895093,B3V,1952,37756,,Orion,2089.745507,-0.197,,
1980,,HIP 26762,85.27331598,0.3377544065,5.912,5.850225,F0V,1955,37788,,Orion,167.5233006,0.311,,
1981,,HIP 26777,85.32382365,16.53414592,4.836,4.6906,B3IV,1946,37711,126 Tau,Taurus,747.7073401,-0.125,,
1982,,HIP 26779,85.334732,53.48105801,6.23,5.990948,K0V,1925,37394,V538 Aur,Auriga,39.90696929,0.84,,
1983,,HIP 26781,85.3374031,29.48741576,6.392,6.39104,B8IV,1945,37646,,Auriga,502.3107513,-0.081,,
1984,,HIP 26796,85.36219011,-33.40074207,6.342,6.342966,B9.5V,1966,38056,,Columba,431.7871502,-0.04,,
1985,,HIP 26821,85.4229613,-16.72582892,6.2,6.183902,B4/5III,1962,37971,,Lepus,1220.974754,-0.136,,
1986,,HIP 26853,85.51660498,22.66032841,6.35,6.000164,K2,1954,37784,,Taurus,359.0304393,1.194,,
1987,,HIP 26862,85.54824062,-30.53543243,6.172,6.178256,A0V,1972,38138,,Columba,565.9720584,0.023,,
1988,,HIP 26865,85.55816158,-22.37371403,5.89,5.849625,A2/3V,1968,38090,12 Lep,Lepus,765.2591895,0.08,,
1989,,HIP 26866,85.56031819,-17.53037418,6.144,5.717367,K3III,1965,38054,,Lepus,597.069208,1.376,,
1990,,HIP 26868,85.56331029,-34.66781664,5.283,5.269876,B9/9.5V,1973,38170,WZ Col,Columba,362.6262254,-0.032,,
1991,,HIP 26882,85.61020222,65.69764927,5.609,5.254742,K5III,1916,37289,,Camelopardalis,278.6326192,1.249,,
1992,,HIP 26885,85.61930096,1.474629399,4.9,4.534766,K1III,1963,37984,51 Ori,Orion,301.8519753,1.144,,
1993,,HIP 26926,85.72464226,-6.796168401,5.965,5.8467,F5V,1967,38089,,Orion,163.4906798,0.447,,
1994,,HIP 26942,85.75697511,56.58152324,6.045,5.800827,K0III,1941,37601,24 Cam,Camelopardalis,200.4920199,0.951,,
1995,,HIP 26953,85.78882874,-1.613251992,6.311,5.733394,K4+III,1970,38099,V1197 Ori,Orion,679.1658162,1.467,6.3,6.33
1996,,HIP 26964,85.83126013,23.2043745,6.21,6.131851,B4Ve,1961,37967,V731 Tau,Taurus,1097.642387,-0.071,5.98,6.27
1997,,HIP 26966,85.84029552,-18.55747545,5.727,5.72955,A0V,1975,38206,,Lepus,225.6057656,-0.014,,
1998,,HIP 26981,85.87577184,-39.40690891,6.243,6.162894,F3V,1981,38385,,Columba,174.0524359,0.377,,
1999,,HIP 27001,85.92141531,-45.83286645,6.364,6.321973,A9V,1984,38458,,Pictor,266.3398104,0.295,,
2000,,HIP 27046,86.03519326,61.47653489,6.161,5.944503,G5III:,1943,37638,23 Cam,Camelopardalis,317.7389409,0.902,,
2001,,,86.11056968,-22.42183736,6.15,,K2.5V(k),1982,38392,V* AK Lep,Lepus,,0.94,,
2002,,HIP 27072,86.11579424,-22.44838549,3.6,3.476823,F6V,1983,38393,γ Leporis,Lepus,29.24027953,0.481,,
2003,,HIP 27075,86.11831418,-20.12657273,6.341,6.21347,F8.5V,1980,38382,,Lepus,83.26955021,0.58,,
2004,,HIP 27100,86.19320832,-65.7354981,4.36,4.261496,A7V,2015,39014,δ Doradus,Dorado,145.0178921,0.217,,
2005,,HIP 27116,86.25536924,12.88833269,6.46,6.44057,A3,,38263,,Taurus,347.5487154,0.234,,
2006,,HIP 27118,86.25751849,4.008232594,6.089,6.029746,F2V,1978,38309,,Orion,164.7298055,0.32,,
2007,,HIP 27196,86.47517483,49.82627104,5.46,5.446195,A2VpCr,1971,38104,ο Aurigae,Auriga,482.2487054,0.03,,
2008,,HIP 27204,86.4995626,-32.30643396,5.18,5.106183,O9.5V,1996,38666,μ Columbae,Columba,1343.12048,-0.274,,
2009,,HIP 27212,86.51195069,-4.268484919,6.31,6.031418,K0III,1986,38495,,Orion,371.297825,1.05,,
2010,,HIP 27243,86.61405183,-46.59718292,5.302,5.046144,K0/1II,2008,38871,,Pictor,459.8036027,1.04,,
2011,,HIP 27249,86.6266244,56.11557568,5.927,5.898814,A4Vn,1969,38091,26 Cam,Camelopardalis,193.0135772,0.164,,
2012,,HIP 27265,86.68957012,15.82249513,5.994,5.978169,B8IIIpHg(Mn),1985,38478,129 Tau,Taurus,878.7072279,-0.061,,
2013,,HIP 27280,86.71722598,9.522339828,5.768,5.549853,G8III,1987,38527,,Orion,299.6325663,0.888,,
2014,,HIP 27288,86.73892235,-14.82195016,3.525,3.541043,A2IV-V(n),1998,38678,ζ Leporis,Lepus,70.15293495,0.104,,
2015,,HIP 27293,86.75018159,51.52087375,6.46,6.242821,G5,,38229,,Auriga,480.8273451,0.898,,
2016,,HIP 27303,86.76906989,-28.63891298,6.23,6.198415,B5II,2005,38804,,Columba,603.7033121,-0.132,,
2017,,HIP 27308,86.78251838,-16.23807949,6.157,5.941655,G8III,2000,38713,,Lepus,663.9513923,0.892,,
2018,,HIP 27316,86.8048068,14.48832428,5.721,6.058264,A3Vn,1989,38545,131 Tau,Taurus,422.2809826,0.077,,
2019,,HIP 27317,86.80554146,-54.36072052,6.171,5.686581,K3III,2023,39110,,Pictor,1220.97476,1.406,,
2020,,HIP 27319,86.81118769,42.52674622,6.292,5.873954,K0,1979,38358,,Auriga,719.6485109,1.354,,
2021,,HIP 27321,86.82119871,-51.06651143,3.86,3.823242,A6V,2020,39060,β Pictoris,Pictor,62.84955969,0.171,,
2022,,HIP 27325,86.82785977,-35.67407409,6.282,5.931693,K1III,2009,38885,,Columba,510.9725795,1.191,,
2023,,HIP 27338,86.85914823,17.72914224,5.455,5.378508,F0III,1990,38558,130 Tau,Taurus,1268.482749,0.301,,
2024,,HIP 27341,86.86205431,-10.53296964,6.09,6.089004,A2IV,2001,38735,V1031 Ori,Orion,653.3074879,0.135,6.02,6.43
2025,,HIP 27346,86.88433343,63.59884774,6.49,6.234292,G5,,38058,,Camelopardalis,481.5347666,1.01,,
2026,,HIP 27353,86.89443954,25.56862047,6.473,6.143543,K1III,,38524,,Taurus,996.9409508,1.193,,
2027,,HIP 27364,86.928781,13.89959609,5.29,5.246468,B2IV-V,1993,38622,133 Tau,Taurus,799.0197591,-0.156,,
2028,Saiph,HIP 27366,86.93912017,-9.669604919,2.06,2.077826,B0.5Ia,2004,38771,κ Orionis,Orion,721.2393924,-0.168,,
2029,,HIP 27386,87.00078119,6.453896297,6.01,5.897279,~,1999,38710,* 52 Ori B,Orion,479.4125033,0.234,,
2030,,HIP 27386,87.00097119,6.454154231,5.95,5.897279,~,1999,38710,* 52 Ori A,Orion,479.4125033,0.234,,
2031,,HIP 27421,87.09317753,20.86948521,6.021,6.017625,B9Vn,1997,38670,,Taurus,594.8915251,-0.051,,
2032,,HIP 27435,87.1455844,-4.094644941,5.97,5.805881,G2V,2007,38858,,Orion,50.73930097,0.639,,
2033,,HIP 27468,87.25404562,24.56746075,4.873,4.576467,G9III,2002,38751,132 Tau,Taurus,521.6001785,1.021,,
2034,,HIP 27472,87.26937712,62.8081902,6.21,,A4V,1976,38284,,Camelopardalis,412.1358614,0.128,,
2035,,HIP 27483,87.29348991,39.18107232,4.5,4.25025,G8IIIbFe-1,1995,38656,τ Aurigae,Auriga,212.516207,0.949,,
2036,,HIP 27511,87.38720972,12.65132241,4.875,4.857787,B9V,2010,38899,134 Tau,Taurus,271.6666461,-0.068,,
2037,,HIP 27512,87.39219266,-44.87539338,6.373,6.017509,K1III,2032,39312,,Pictor,1405.171345,1.262,,
2038,,HIP 27517,87.40226063,-14.48366636,5.49,,G8III,2021,39070,,Lepus,310.180954,0.87,,
2039,,,87.40226422,-14.48366663,5.58,5.346692,~,2021,39070A,,Lepus,310.1809539,0.87,,
2040,,HIP 27530,87.45691694,-56.16666602,4.494,4.172709,K1III,2042,39523,γ Pictoris,Pictor,173.5888668,1.075,,
2041,,HIP 27533,87.47293427,-22.97188125,5.861,5.856274,A1V,2026,39190,,Lepus,610.4873739,0.055,,
2042,,HIP 27534,87.47303947,-66.9011982,5.11,5.092032,B6V,2064,39844,ϵ Doradus,Dorado,511.7745453,-0.128,,
2043,,,87.51119057,9.87121491,5.86,5.6416,~,2014,39007A,,Orion,333.6741506,0.876,,
2044,,HIP 27560,87.5544392,4.423405639,5.936,5.51244,K3III,2019,39051,,Orion,506.9986338,1.361,,
2045,,HIP 27566,87.56994058,-79.36136109,5.451,5.447455,B9V,2125,40953,κ Mensae,Mensa,270.3150621,-0.076,,
2046,,HIP 27583,87.62007236,-52.76789666,6.339,6.119344,K0/1III+A4V,2044,39547,,Pictor,883.4700975,0.746,,
2047,,HIP 27581,87.62045167,14.30560711,5.52,5.294897,G9III:,2016,39019,135 Tau,Taurus,312.2605068,1.006,,
2048,,HIP 27588,87.6251143,2.024702909,5.976,5.63788,K1III+A0/1,2024,39118,,Orion,1128.028859,0.953,,
2049,,HIP 27621,87.72175618,-52.10887423,5.166,4.898322,G8III,2049,39640,,Pictor,264.395873,0.96,,
2050,Wazn,HIP 27628,87.73996785,-35.76830962,3.12,2.804179,K1III_CN+1,2040,39425,β Columbae,Columba,85.92514967,1.146,,
2051,,HIP 27629,87.74212582,27.96786198,5.582,5.33841,G7III:,2013,39004,,Taurus,376.4421061,0.978,,
2052,,HIP 27639,87.76015537,37.30556969,4.74,3.950514,M0III,2011,38944,υ Aurigae,Auriga,475.2201422,1.621,,
2053,,HIP 27654,87.83040012,-20.87909185,3.85,3.471287,K0IIIbFe-1.5CH0.5,2035,39364,δ Leporis,Lepus,112.2203171,0.984,,
2054,,HIP 27658,87.84159848,-7.518003031,5.341,5.307643,B2V,2031,39291,55 Ori,Orion,1680.41324,-0.195,,
2055,,HIP 27660,87.84618956,-64.03356323,6.359,6.141244,G8III,2073,39963,,Dorado,1116.439564,0.866,,
2056,,HIP 27661,87.85729353,32.12469198,6.26,5.169213,M3III,2018,39045,V440 Aur,Auriga,580.07156,1.752,,
2057,,HIP 27670,87.8692255,-22.92694842,6.156,5.897056,K0IIICNII,2036,39385,,Lepus,442.9363532,1.02,,
2058,,HIP 27673,87.87237274,39.14852391,3.95,3.659339,K0.5IIICN0.5,2012,39003,ν Aurigae,Auriga,214.897964,1.132,,
2059,,HIP 27705,87.99828037,-29.44942497,6.444,5.95211,K3III,2043,39543,,Columba,693.617405,1.473,,
2060,,HIP 27713,88.03220444,-9.041901359,5.96,5.941906,A0V,2039,39421,,Orion,379.0696686,0.1,,
2061,,HIP 27731,88.07189343,58.96408859,6.132,6.129881,A0Vs,2006,38831,30 Cam,Camelopardalis,545.1504293,-0.036,,
2062,,HIP 27737,88.08417258,-57.15618929,5.948,5.731767,F7IV,2072,39937,,Pictor,414.7569084,0.656,,
2063,,HIP 27743,88.09288097,14.17178566,5.586,5.569982,A0VpSiSrCr,2033,39317,137 Tau,Taurus,515.0084564,-0.053,5.59,5.61
2064,,HIP 27747,88.09752655,19.86784727,5.985,5.704492,K0IIb+B8IV,2030,39286,,Orion,1369.748166,0.549,,
2065,,HIP 27750,88.11016074,1.855137864,4.75,4.329378,K2-IIb,2037,39400,56 Ori,Orion,1112.628614,1.382,,
2066,,HIP 27766,88.138271,-37.63106187,5.615,5.342668,K1III,2053,39720,,Columba,321.4990294,1.046,,
2067,,HIP 27777,88.16526814,39.57470461,6.39,6.372497,A2V,2025,39182,,Auriga,661.2586298,0.098,,
2068,,HIP 27778,88.16705423,33.91746285,6.07,5.214348,M1+IIIFe-1,2028,39225,,Auriga,744.2941196,1.579,,
2069,,HIP 27795,88.23122565,68.47154348,6.213,5.980629,G9III,1994,38645,,Camelopardalis,414.7569031,0.955,,
2070,,HIP 27810,88.27867344,-33.80136322,4.87,4.848247,B5V,2056,39764,λ Columbae,Columba,341.361238,-0.154,4.85,4.92
2071,,HIP 27830,88.33185938,27.61226194,4.552,4.528941,A0V+A0V,2034,39357,136 Tau,Taurus,437.5834283,-0.008,,
2072,,HIP 27890,88.52522744,-63.08978029,4.66,4.344005,K2III-IV,2102,40409,,Dorado,88.90088347,1.022,,
2073,,HIP 27900,88.55562224,10.58640579,6.115,5.604511,G9II,2048,39632,,Orion,1475.114665,1.404,,
2074,,HIP 27901,88.55838039,-29.14727139,6.334,6.254208,F3V,2068,39891,,Columba,182.7354479,0.37,,
2075,,HIP 27902,88.56566368,3.225641407,6.302,5.90311,K2III,2051,39685,,Orion,551.6084902,1.283,,
2076,,HIP 27913,88.59576246,20.27617279,4.4,4.241686,G0V,2047,39587,χ 1 Orionis,Orion,28.24222765,0.594,4.38,4.41
2077,,HIP 27937,88.67133358,-49.62701051,6.098,6.079534,B3III,2089,40200,,Pictor,1101.352276,-0.148,,
2078,,HIP 27938,88.68179404,-11.77419391,5.613,4.988347,K4III,2065,39853,,Lepus,745.9958419,1.523,,
2079,,HIP 27939,88.68348585,0.968615647,5.975,5.595687,K0II/III,2057,39775,,Orion,827.4111103,1.328,,
2080,,HIP 27947,88.70871382,-52.63548061,5.29,5.213725,F1V,2094,40292,,Pictor,113.7870787,0.295,,
2081,,HIP 27949,88.71152891,55.70696671,4.96,4.936649,A2V,2029,39283,ξ Aurigae,Auriga,240.7680307,0.052,,
2082,,HIP 27955,88.71867915,-39.95785962,5.543,4.887057,M0III,2082,40091,,Columba,508.5797396,1.515,,
2083,,HIP 27965,88.73619536,19.74961792,5.894,5.884172,B2V,2052,39698,57 Ori,Orion,1405.171339,-0.145,,
2084,,HIP 27971,88.74094237,59.88836865,5.2,5.173921,A2V,2027,39220,31 Cam,Camelopardalis,404.9703786,0.01,5.12,5.29
2085,Betelgeuse,HIP 27989,88.79293899,7.407064,0.42,,M1-M2Ia-Iab,2061,39801,α Orionis,Orion,548.0001888,1.5,0,1.614
2086,,HIP 28010,88.87464509,-37.12068316,4.961,4.682606,K1IIICNII,2087,40176,ξ Columbae,Columba,328.2984139,1.102,,
2087,,HIP 28011,88.87571479,-4.616544484,5.857,5.549112,K1III,2070,39910,,Orion,304.3885833,1.173,,
2088,,HIP 28019,88.8973705,-4.788585565,6.264,6.269605,A0V,2071,39927,,Orion,320.5506912,0.056,,
2089,,HIP 28041,88.95487818,20.17518831,5.4,,M6-9.5e,2063,39816,U Ori,Orion,933.9035974,0.99,4.8,13
2090,,HIP 28085,89.05946514,-22.83997616,5.945,5.636692,K0/1III,2086,40151,,Lepus,291.5921026,1.107,,
2091,,HIP 28098,89.08726344,-31.38243892,5.51,5.416102,F2III,2092,40248,σ Columbae,Columba,1461.882324,0.382,,
2092,,HIP 28103,89.10122288,-14.16769954,3.72,3.635856,F2V,2085,40136,η Leporis,Lepus,49.04475374,0.337,,
2093,,HIP 28110,89.11680846,9.509393087,5.964,5.960164,B9Ib,2075,39985,,Orion,696.5807426,-0.038,,
2094,,HIP 28117,89.14069926,28.94226559,6.336,6.243561,A2II,2066,39866,,Auriga,3622.219902,0.275,,
2095,,HIP 28118,89.14349485,-23.21531151,6.361,6.074596,K0III,2090,40235,,Lepus,499.2333139,1.068,,
2096,,HIP 28138,89.20419,-31.97624466,6.419,6.170451,G8III,2098,40359,,Columba,776.1899755,1.07,,
2097,,HIP 28139,89.20604058,11.52105891,5.884,5.595974,K2III,2076,40020,,Orion,306.9682214,1.111,,
2098,,HIP 28154,89.23382726,24.24968876,6.029,5.876282,A0Ib,2074,39970,,Taurus,6141.150355,0.346,,
2099,,HIP 28180,89.30988936,-53.42569466,6.451,5.860793,K5/M0III,2114,40665,,Pictor,719.6485184,1.48,,
2100,,HIP 28199,89.38420857,-35.28328099,4.36,4.30405,B2.5IV,2106,40494,γ Columbae,Columba,853.403104,-0.165,,
2101,,HIP 28205,89.39591577,66.09609931,6.26,5.782466,K0,2041,39429,,Camelopardalis,426.7015473,1.369,,
2102,,HIP 28232,89.47705248,1.224311999,6.202,5.644011,K4III,2093,40282,,Orion,519.1095388,1.461,,
2103,,HIP 28237,89.49857058,25.95391217,4.82,4.762597,B1Ia,2084,40111,139 Tau,Taurus,2103.225612,-0.088,,
2104,,HIP 28252,89.54879053,-0.9940185821,6.198,5.901356,K0III,2097,40347,,Orion,399.5098756,1.14,,
2105,,HIP 28271,89.60184591,1.837108382,5.886,5.868955,A8V,2100,40372,59 Ori,Orion,352.8136185,0.223,5.88,5.92
2106,,HIP 28287,89.65644605,-44.03456032,5.802,5.545476,G8II,2117,40733,,Pictor,1263.566674,1.061,,
2107,,HIP 28296,89.70656135,0.5529823367,5.2,5.193059,A0V,2103,40446,60 Ori,Orion,367.1185038,0.009,,
2108,,,89.72180774,12.80826614,5.97,,~,2099,40369A,,Orion,838.0452337,0.874,,
2109,,HIP 28321,89.75450083,-9.382224,6.16,6.078932,F2/3IV,2107,40535,1 Mon,Monoceros,315.8914981,0.333,5.93,6.36
2110,,HIP 28325,89.7679722,-9.558252779,5.029,4.99893,A3III,2108,40536,2 Mon,Monoceros,328.2984106,0.189,,
2111,,HIP 28328,89.78668787,-42.81513231,3.96,3.637656,G8/K1II,2120,40808,η Columbae,Columba,530.9433484,1.146,,
2112,,HIP 28343,89.84074699,49.92453881,5.907,5.508331,G5III,2081,40084,,Auriga,1124.139678,1.194,,
2113,,HIP 28358,89.88174341,54.28473796,3.72,3.451844,K0IIIb,2077,40035,δ Aurigae,Auriga,140.3961803,1.01,,
2114,Menkalinan,HIP 28360,89.88217887,44.94743257,1.9,1.7141,A1IV-Vp,2088,40183,β Aurigae,Auriga,82.0744325,0.077,1.89,1.98
2115,Mahasim,HIP 28380,89.93029218,37.21258463,2.62,,A0VpSi,2095,40312,θ Aurigae,Auriga,173.1278951,-0.083,2.62,2.7
2116,,HIP 28385,89.94093372,55.32085413,6.41,6.349342,A5m,2079,40062,34 Cam,Auriga,341.7198354,0.318,,
2117,,HIP 28390,89.94978171,54.54700781,6.129,5.80674,K2III,2080,40083,,Auriga,340.6472949,1.197,,
2118,,HIP 28404,89.98374136,45.93673492,4.25,3.088297,M3IIb,2091,40239,π Aurigae,Auriga,840.2066153,1.701,4.24,4.34
2119,,HIP 28413,90.01395681,-3.074258471,4.52,4.124239,K1.5III-IIIbCN-1,2113,40657,,Orion,419.5621432,1.202,,
2120,,HIP 28434,90.07358521,-12.90003368,6.195,6.124934,F2IV,2118,40745,,Lepus,195.2095148,0.358,,
2121,,HIP 28438,90.07874114,44.59201295,6.2,5.90334,K2III,2096,40325,,Auriga,364.6539429,1.128,,
2122,,HIP 28484,90.20487472,-51.21632068,5.647,6.444935,A1mA3-A7,2138,41214,,Pictor,206.0682581,0.207,,
2123,,HIP 28499,90.24400905,47.90192487,5.706,5.676159,A1VpSi,2101,40394,36 Aur,Auriga,1021.945161,-0.007,,
2124,,HIP 28500,90.25188992,27.57236162,6.04,5.946002,A0Iab,2111,40589,,Gemini,4657.139878,0.218,,
2125,,HIP 28517,90.29183784,31.03451723,6.19,6.171461,A3VkA0.5mA0_lB,2110,40588,,Auriga,256.4910151,0.095,,
2126,,HIP 28520,90.30457345,-25.41776094,6.037,6.037497,A0V,2129,40972,,Lepus,362.6262249,0.027,,
2127,,HIP 28524,90.31790687,-33.91183556,5.524,4.891814,K5III,2131,41047,,Columba,555.3672759,1.58,,
2128,,HIP 28532,90.33447313,85.18211518,6.115,5.593241,M0III,1885,36905,,Cepheus,1336.065839,1.564,,
2129,,HIP 28561,90.42345606,22.40099536,6.355,6.316644,B8IVe,2116,40724,141 Tau,Gemini,584.2280619,-0.071,,
2130,,HIP 28562,90.4294161,48.95944564,5.959,5.477622,K0,2105,40486,,Auriga,686.3149998,1.437,,
2131,,HIP 28574,90.46009134,-10.59793087,5.01,4.961215,B5III/V,2128,40967,3 Mon,Monoceros,978.9783466,-0.128,,
2132,,HIP 28596,90.53889617,-60.09683056,6.49,5.140681,M4III,2151,41586,SW Pic,Pictor,825.318198,1.508,6.45,6.57
2133,,HIP 28614A,90.5958197,9.647288306,4.3,,A1Vm,,,,Orion,,0.13,,
2134,,HIP 28614B,90.5958688,9.647366606,6.27,,F2V,,,,Orion,,0.67,,
2135,,HIP 28622,90.64088474,-14.49715605,6.186,5.956197,K0III,2136,41125,,Lepus,433.5116894,0.947,,
2136,,HIP 28634,90.68808875,47.80952962,6.49,6.358743,F7V,,40650,,Auriga,92.58728459,0.567,,
2137,,HIP 28637,90.70251252,49.90567878,6.04,6.037792,B9.5IV,2112,40626,,Auriga,410.0624998,-0.033,,
2138,,HIP 28642,90.7229038,43.37833244,6.35,6.045223,K0,2115,40722,,Auriga,410.0624994,1.205,,
2139,,HIP 28656,90.76798738,57.01831313,6.48,6.24797,G5,,40568,,Camelopardalis,564.9907966,0.953,,
2140,,HIP 28675,90.81501528,-26.2845428,5.04,4.543217,K2.5IIIFe-2,2140,41312,,Lepus,387.6336942,1.335,,
2141,,HIP 28686,90.85320294,11.68106579,6.075,6.075583,A0Vs,2133,41076,,Orion,480.1166644,-0.035,,
2142,,HIP 28691,90.86401642,19.69056282,5.13,5.084088,B8V,2130,41040,64 Ori,Orion,1068.853318,-0.097,,
2143,,HIP 28716,90.97993488,20.13845226,4.63,4.512109,B2Ia,2135,41117,χ 2 Orionis,Orion,32600.0118,0.236,,
2144,,HIP 28734,91.03006433,23.26334447,4.15,4.569837,G5III,2134,41116,1 Gem,Gemini,150.6469269,0.835,,
2145,,HIP 28744,91.05625141,-6.708951498,5.21,5.187592,B1V,2142,41335,,Monoceros,918.3097244,-0.066,5.12,5.18
2146,,HIP 28756,91.08443858,-32.17242915,5.631,5.618451,B2V,2149,41534,,Columba,1083.057147,-0.186,,
2147,,HIP 28764,91.11849707,-45.03660354,6.35,6.217929,F8V,2157,41700,,Puppis,87.02605406,0.517,,
2148,,HIP 28765,91.12133567,51.57339686,6.392,6.371568,A7III,2123,40873,35 Cam,Auriga,393.7201141,0.196,,
2149,,HIP 28790,91.16708851,-45.07891539,5.966,5.855232,F5.5V,2158,41742,,Puppis,88.08425047,0.493,,
2150,,HIP 28812,91.24242883,5.419966963,5.658,5.387851,G7III:,2144,41361,63 Ori,Orion,1101.35227,1.047,,
2151,,HIP 28814,91.24316214,4.158662462,5.621,5.351807,G6II,2145,41380,66 Ori,Orion,2488.551233,1.041,,
2152,,HIP 28816,91.24637272,-16.4844359,4.93,4.658218,A3+K/M,2148,41511,17 Lep,Lepus,1068.85332,0.196,4.82,5.06
2153,,HIP 28820,91.26075461,37.96427762,6.32,6.117007,G8III+F0V:,2137,41162,,Auriga,754.6283241,0.825,,
2154,,HIP 28829,91.28429285,59.39321372,6.321,6.03234,K0+IIICN1-,2121,40827,,Camelopardalis,471.0995028,1.116,,
2155,,HIP 28831,91.28894209,75.58591901,6.29,5.690497,K5,2078,40055,,Camelopardalis,719.6485147,1.512,,
2156,,HIP 28854,91.36263399,-10.24259519,5.874,5.802574,F3V,2150,41547,,Monoceros,192.2171597,0.374,,
2157,,HIP 28855,91.36324411,-35.51364695,5.795,5.799048,A0V,2160,41759,,Columba,262.9034424,0.027,,
2158,,HIP 28861,91.39124612,33.59904977,6.213,6.20661,B9VpSrCr,2139,41269,,Auriga,936.7808899,-0.079,,
2159,,HIP 28899,91.52308022,-29.75862406,5.784,5.783748,A1V,2164,41843,,Columba,266.1226928,0.041,,
2160,,HIP 28910,91.53884947,-14.93525539,4.663,4.636281,A0V,2155,41695,θ Leporis,Lepus,170.3239702,0.046,,
2161,,HIP 28909,91.5390907,-66.0396209,5.69,5.694238,A0V,2194,42525,η 1 Doradus,Dorado,331.9757003,-0.024,,
2162,,HIP 28930,91.59352206,29.51241201,6.033,5.015832,M3IIIa,2146,41429,V394 Aur,Auriga,893.1522941,1.73,6.01,6.11
2163,,HIP 28943,91.63373493,-23.11084837,5.46,5.447549,A2V,2163,41841,,Lepus,475.2201457,0.064,,
2164,,HIP 28946,91.64623968,38.48264679,5.345,5.301701,kA7IVmF2/5IIISr,2143,41357,40 Aur,Auriga,380.3964886,0.251,,
2165,,HIP 28949,91.6614016,-4.19383566,5.362,5.338473,B4III,2154,41692,,Monoceros,2130.720464,-0.122,,
2166,,HIP 28951,91.66314572,63.45383746,6.45,6.150888,K0,2126,40956,,Camelopardalis,414.2320427,1.011,,
2167,,HIP 28957,91.67101629,-42.29880017,6.154,6.11752,A2mA5-A9,2171,42078,π 1 Columbae,Columba,321.8165548,0.246,,
2168,,HIP 28984,91.73963673,-21.81229821,5.78,4.484379,M3II/III,2166,41933,YY Lep,Lepus,931.4279709,1.584,,
2169,,HIP 28988,91.75788187,-45.09150922,6.475,6.172039,K1III,2178,42168,,Puppis,372.1454315,1.162,,
2170,,HIP 28991,91.76419462,-62.15456934,5.041,4.646002,K2/3III,2196,42540,,Pictor,393.7201221,1.256,,
2171,,HIP 28992,91.76528953,-34.31202218,5.836,5.763813,B5Ve,2170,42054,,Columba,1051.614436,-0.137,,
2172,,,91.8558,-6.0078,5.3,,~,,,[JNX94] 060458.7-060001,Monoceros,,,,
2173,,HIP 29025,91.86148698,41.85428233,6.144,5.790155,K0III,2147,41467,,Auriga,833.758333,1.202,,
2174,Elkurud,HIP 29034,91.88180343,-37.25291923,4.994,4.96386,B7III,2177,42167,θ Columbae,Columba,761.6829715,-0.095,,
2175,,HIP 29038,91.89302135,14.76847521,4.397,4.375765,B3IV,2159,41753,ν Orionis,Orion,534.4250242,-0.164,,
2176,,HIP 29048,91.92349227,-19.16586655,5.279,4.482226,M1III,2168,42042,19 Lep,Lepus,710.2401505,1.661,,
2177,,HIP 29064,91.97024801,-42.15404119,5.492,5.496088,A0V,2181,42303,π 2 Columbae,Columba,261.2180229,0.007,,
2178,,HIP 29114,92.0964004,41.05572818,6.339,6.060663,G9III,2153,41636,,Auriga,383.5293499,1.044,,
2179,,,92.125,13.951,5.9,,Open Cluster,,,NGC 2169,Orion,,,,
2180,,HIP 29129,92.14428825,-44.35621271,6.246,6.229771,B8II,2187,42448,,Puppis,751.1531688,-0.135,,
2181,,HIP 29134,92.1844241,-68.84341177,5.038,5.01999,B8V,2221,43107,ν Doradus,Dorado,276.7401968,-0.072,,
2182,,HIP 29140,92.19875777,-6.821371853,6.46,6.240868,G8III/IV,,42132,,Monoceros,363.0304635,0.876,,
2183,,HIP 29150,92.24112241,-22.42739337,5.48,5.474327,A0V,2180,42301,,Lepus,255.285796,-0.01,,
2184,,HIP 29151,92.24126553,2.499690333,5.73,5.696724,B9V,2174,42111,,Orion,609.346372,0.067,,
2185,,HIP 29178,92.33415933,-18.12638665,6.359,6.35043,B9V(n),2182,42327,,Lepus,409.5474214,-0.04,,
2186,,HIP 29185,92.34760343,-49.5628311,6.484,6.367736,F7V,2204,42683,,Puppis,196.0313665,0.502,,
2187,,HIP 29196,92.38515414,22.19026501,5.904,5.277522,K4III,2169,42049,,Gemini,6150.937619,1.626,,
2188,,HIP 29205,92.3938498,-14.58461809,5.555,5.241391,K2III,2183,42341,,Lepus,212.3779857,1.15,,
2189,,HIP 29210,92.40105037,-5.711428994,6.148,6.073916,F0IV,2179,42278,,Monoceros,198.9017919,0.352,,
2190,,HIP 29225,92.43327206,23.11346451,5.75,5.736358,B2.5Ib,2173,42087,3 Gem,Gemini,8410.430519,0.192,,
2191,,HIP 29233,92.44643758,-26.70108516,6.277,5.990923,G8/K0III,2192,42486,,Lepus,435.2460118,1.01,,
2192,,HIP 29234,92.44981218,-22.7743398,5.717,5.609972,F5V,2186,42443,,Lepus,176.4071335,0.454,,
2193,,HIP 29246,92.49588965,58.93569291,5.355,5.031928,G8III,2152,41597,37 Cam,Camelopardalis,349.0352787,1.096,,
2194,,HIP 29263,92.54334975,-40.35379068,5.58,4.480907,M2II/III,2203,42682,AF Col,Columba,853.4031053,1.665,,
2195,Hoerikwaggo,HIP 29271,92.56030243,-74.75304398,5.069,4.90014,G7V,2261,43834,α Mensae,Mensa,33.08314555,0.714,,
2196,,HIP 29276,92.57461868,-54.96864291,4.72,4.720275,B1/2(III)n,2212,42933,δ Pictoris,Pictor,1654.822238,-0.229,4.65,4.9
2197,,HIP 29294,92.64450111,-27.15434267,5.698,5.41955,K1III,2200,42621,,Lepus,331.3008743,1.072,,
2198,,HIP 29304,92.6663661,-45.28198885,6.272,6.274934,A0V,2211,42834,,Puppis,662.6017569,-0.012,,
2199,,,92.675,13.6333,5.65,,B1III,,,[SC93] 64,Orion,,,,
2200,,HIP 29323,92.75505625,-6.754215933,6.15,6.145022,B9/9.5IV/V,2195,42536,,Monoceros,551.6084919,0.01,,
2201,,HIP 29326,92.75737731,18.13046205,6.335,5.9689,K1II,2184,42351,,Orion,2650.407031,1.35,,
2202,,HIP 29348,92.80670176,60.45348913,6.5,5.54938,M0,,41782,39 Cam,Camelopardalis,1268.482752,1.698,,
2203,,HIP 29347,92.80690163,-26.48209853,6.068,6.067115,B9.5IV/V,2206,42729,,Lepus,674.9473787,-0.021,,
2204,,HIP 29353,92.81242354,-65.58941802,5.01,4.080623,M2.5III,2245,43455,η 2 Doradus,Dorado,670.7811031,1.599,,
2205,,HIP 29371,92.86629513,13.63856153,6.036,6.019688,A0Vnn,2191,42477,,Orion,430.0789067,0.021,,
2206,,HIP 29379,92.88460631,24.42025309,5.825,5.51292,K0III,2185,42398,5 Gem,Gemini,752.8874835,1.11,,
2207,,HIP 29388,92.90246542,48.71098809,6.15,6.194697,A2Va+,2175,42126,41 Aur A,Auriga,310.7723181,0.1,,
2208,,,92.93214955,-4.665441125,6.35,,~,2202,42657A,,Monoceros,590.5785458,-0.079,6.16,6.18
2209,,HIP 29401,92.93215481,-4.665445274,6.18,6.363591,B8II/III,2202,42657,V638 Mon,Monoceros,590.5785459,-0.079,6.16,6.18
2210,,HIP 29404,92.94130458,52.6471836,6.268,6.263499,A5m,2172,42083,,Auriga,326.9813702,0.141,,
2211,,HIP 29417,92.96589307,-6.550283421,5.04,5.008503,B2V,2205,42690,,Monoceros,1202.953468,-0.201,,
2212,,HIP 29426,92.9849877,14.20876726,4.48,4.398403,B3IV,2199,42560,ξ Orionis,Orion,634.2430007,-0.18,,
2213,,HIP 29433,93.00558915,19.79054153,5.749,5.724092,B9.5V,2193,42509,68 Ori,Orion,970.2382823,-0.071,,
2214,,HIP 29434,93.0136664,16.13040378,4.92,4.911102,B5Vn,2198,42545,69 Ori,Orion,774.3480714,-0.149,,
2215,,HIP 29450,93.07957848,22.90851475,6.39,5.15973,M1-M2Ia-Iab,2197,42543,,Gemini,4289.476945,2.197,5.74,8.1
2216,,HIP 29451,93.08385449,32.69338156,5.769,4.958543,M1III,2189,42471,,Auriga,1411.254502,1.646,,
2217,,HIP 29490,93.21276061,65.7184211,5.344,4.922014,K1III-IIIbCH-0.5,2165,41927,36 Cam,Camelopardalis,641.7312255,1.344,,
2218,,HIP 29509,93.24821975,6.01625794,6.459,5.611567,M2III,,42787,V1389 Ori,Orion,708.6949081,1.621,,
2219,,,93.25,10.2333,6.28,,B9,,,[SC93] 82,Orion,,,,
2220,,HIP 29568,93.43873073,-23.86193654,6.366,6.193914,G6.5V,2225,43162,V352 CMa,CanisMajor,54.42408367,0.713,6.37,6.4
2221,,HIP 29569,93.43892419,51.17246937,6.068,5.797577,K1III,2188,42466,,Auriga,403.4642579,1.051,,
2222,,HIP 29575,93.47597481,-3.741371081,5.833,5.602404,K0III,2218,43023,,Orion,314.671932,0.91,,
2223,,,93.61910712,17.90632851,6.26,,~,2214,42954A,,Orion,452.1491146,0.253,,
2224,,HIP 29629,93.65292793,-4.568455896,5.819,5.808224,B5II/III,2224,43157,,Monoceros,617.4246558,-0.155,,
2225,,HIP 29651,93.71388839,-6.274776779,3.96,3.570886,K1III:,2227,43232,γ Monocerotis,Monoceros,644.2675056,1.319,,
2226,,HIP 29655,93.7190378,22.5067525,6.03,2.262038,~,,42995B,* eta Gem B,Gemini,,1.05,,
2227,Propus,HIP 29655,93.71935536,22.50678733,3.28,2.262038,M2IIIa,2216,42995,η Geminorum,Gemini,349.0352773,1.6,3.15,3.9
2228,,,93.75,3.95,6.42,,B9,,,[SC93] 106,Orion,,,,
2229,,HIP 29679,93.78501011,-20.27218456,5.868,5.457678,K2III,2242,43396,,CanisMajor,928.7743302,1.322,,
2230,,HIP 29678,93.78530313,13.8510998,5.894,5.86843,B1V,2222,43112,,Orion,1369.748167,-0.231,,
2231,,HIP 29692,93.82386232,-18.47724073,5.984,5.689766,K1III,2243,43429,,CanisMajor,208.1738889,1.058,,
2232,,HIP 29696,93.84453491,29.49807648,4.35,4.028311,G8.5IIIb,2219,43039,κ Aurigae,Auriga,168.824368,1.021,,
2233,,HIP 29704,93.85470151,16.14316528,5.327,5.302575,B7V,2223,43153,72 Ori,Orion,479.4125047,-0.101,,
2234,,HIP 29705,93.85895285,-9.035761353,6.081,6.481426,B9V,2237,43362,,Monoceros,763.4661891,-0.081,,
2235,,HIP 29711,93.8736379,-4.914717968,6,6.007142,A3Vas,2234,43319,,Monoceros,216.8996067,0.097,,
2236,,HIP 29716,93.89277138,-0.5121891041,5.65,5.50151,F5V,2233,43318,,Orion,116.345522,0.506,,
2237,,HIP 29728,93.91740291,6.066168504,6.07,6.043621,B6Ve,2231,43285,,Orion,742.5956605,-0.124,,
2238,,HIP 29730,93.91890303,59.99896469,5.351,4.930371,K3III,2201,42633,40 Cam,Camelopardalis,498.4704731,1.339,,
2239,,HIP 29735,93.93702619,-13.71841407,5.001,4.966546,B9V,2244,43445,,CanisMajor,374.7143087,-0.078,,
2240,,HIP 29736,93.93735211,12.55107027,5.467,5.451777,B9II-III,2229,43247,73 Ori,Orion,1399.143598,0.015,,
2241,,HIP 29746,93.97490735,1.169120328,6.36,,F3V,2236,43358,,Orion,302.9740695,0.443,,
2242,,HIP 29771,94.03204763,-16.61800652,5.91,5.893313,B2/B3Ve,2249,43544,,CanisMajor,835.8968962,-0.167,,
2243,,HIP 29788,94.0782734,-59.21350269,6.43,6.298124,F9.5V,2274,44120,,Pictor,118.5453781,0.593,,
2244,,HIP 29789,94.07936156,23.97002992,6.075,5.855739,G8III,2230,43261,8 Gem,Gemini,435.8295488,0.897,,
2245,,HIP 29798,94.09913531,17.18160679,6.37,5.77927,K5II,2235,43335,,Orion,727.6778947,1.565,,
2246,,HIP 29807,94.13806452,-35.1405151,4.37,4.122158,G9IIIbCN0.5,2256,43785,κ Columbae,Columba,182.8378138,0.978,,
2247,,HIP 29808,94.14828345,-39.26439312,5.983,5.987562,A5II,2262,43847,,Columba,390.4177376,0.163,,
2248,,HIP 29840,94.24460776,23.74091224,6.25,6.105981,B3Iab,2240,43384,9 Gem,Gemini,2089.745508,0.446,,
2249,,HIP 29842,94.2551308,-37.73744599,5.534,5.216852,K2III,2263,43899,,Columba,302.4120495,1.129,,
2250,,HIP 29843,94.26499115,-22.71523102,6.04,5.92262,F8.5V,2254,43745,,CanisMajor,130.0877331,0.576,,
2251,,,94.275,7.0667,6.38,,B7III,,,[SC93] 127,Orion,,,,
2252,,HIP 29850,94.27758283,9.942393053,5.386,5.328156,A2V,2247,43525,75 Ori,Orion,253.6965432,0.106,,
2253,,HIP 29852,94.28984611,-37.25355263,5.872,5.849846,A2Vn,2265,43940,,Columba,202.4845373,0.139,,
2254,,HIP 29860,94.3172071,5.09997354,5.7,5.565168,G0V,2251,43587,,Orion,62.98288837,0.61,,
2255,,HIP 29895,94.42385015,-16.81590868,5.148,4.756023,K1III,2260,43827,,CanisMajor,566.9565788,1.293,,
2256,,HIP 29913,94.46560251,-52.73303111,6.387,5.862655,K2/3III,2278,44267,,Carina,857.8953891,1.456,,
2257,,HIP 29919,94.47842353,61.5152866,5.05,3.772192,M3III,2215,42973,1 Lyn,Lynx,589.5125263,1.843,4.95,5.06
2258,,,94.5,23.6333,5.7,,Open Cluster,,,Cl Collinder 89,Gemini,,,,
2259,,HIP 29931,94.52336849,14.38285977,6.125,6.111033,A3V,2253,43683,,Orion,636.7206019,0.035,,
2260,,HIP 29941,94.557202,-19.96697358,5.501,5.479229,B2/3V,2266,43955,,CanisMajor,993.9026339,-0.163,,
2261,,HIP 29949,94.57027158,46.36044285,6.323,6.021141,K2III,2239,43380,43 Aur,Auriga,345.7068168,1.113,,
2262,,HIP 29982,94.6681641,9.047170174,6.225,6.001781,K0,2259,43821,,Orion,346.0719368,0.87,,
2263,,HIP 29993,94.70329718,-15.02496076,6.06,5.228614,M1(III),2268,44021,,CanisMajor,737.5557005,1.663,,
2264,,HIP 29996,94.71076045,-9.39001823,5.352,5.000932,K1.5III,2267,43993,,Monoceros,510.9725779,1.239,,
2265,,HIP 29997,94.71157297,69.31981424,4.757,4.756203,A0Vn,2209,42818,,Camelopardalis,175.7414411,0.025,,
2266,,HIP 30011,94.74573091,-20.92560975,5.8,5.753567,B3II/III,2271,44081,,CanisMajor,1841.809381,-0.155,,
2267,,HIP 30019,94.75767788,17.32526216,6.32,6.248672,B9IIIpSi(Cr),2258,43819,,Orion,630.5624596,-0.094,6.32,6.34
2268,,HIP 30028,94.78304926,-8.586012797,6.22,6.219735,B9V,2270,44037,,Monoceros,399.0208772,-0.043,,
2269,,HIP 30060,94.9057193,59.010981,4.434,4.436156,A2Vs,2238,43378,2 Lyn,Lynx,148.9944345,0.032,4.43,4.73
2270,,HIP 30062,94.90904025,-22.10312008,6.27,5.746135,K3III,,44225,,CanisMajor,783.655378,1.473,,
2271,,HIP 30069,94.92065313,-34.39659085,5.749,5.74103,B9V,2279,44323,,Columba,395.630479,-0.08,,
2272,,HIP 30073,94.92833349,-7.822905918,5.252,5.212659,B2V,2273,44112,7 Mon,Monoceros,823.2317909,-0.177,,
2273,,HIP 30093,94.99831544,-2.944493558,4.899,4.134867,K5III,2275,44131,,Orion,506.2129756,1.613,,
2274,,HIP 30099,95.01759991,14.65112955,5.658,4.967146,K5III,2269,44033,,Orion,547.8986098,1.578,,
2275,Furud,HIP 30122,95.07830017,-30.06336673,2.99,3.007651,B2.5V,2282,44402,ζ Canis Majoris,CanisMajor,336.0832969,-0.16,,
2276,,HIP 30141,95.14649001,-23.63796502,6.48,6.172422,K0III,,44379,,CanisMajor,639.2145059,1.132,,
2277,,HIP 30143,95.15099913,-34.14414357,5.521,5.501668,B3V,2288,44506,,Columba,2012.346565,-0.182,,
2278,,HIP 30190,95.27262118,-11.81733151,6.32,5.553187,M0III,,44394,,CanisMajor,1309.236027,1.676,,
2279,,HIP 30200,95.29965356,29.54082814,6.404,6.407518,A1Vs,2272,44092,,Auriga,338.1729537,0.048,,
2280,,HIP 30214,95.35298558,-11.7732406,5.55,5.531329,B1.5IVe,2284,44458,FR CMa,CanisMajor,1671.797059,0.002,5.46,5.64
2281,,HIP 30217,95.35742101,2.268521218,6.28,6.479884,A4/5IV,2280,44333,,Monoceros,334.016453,0.251,,
2282,,HIP 30218,95.35799745,17.76346439,6.28,6.04115,G9:III:,2277,44234,,Gemini,417.4138025,1.1,,
2283,,HIP 30247,95.4422096,53.4521774,5.333,5.225124,F6III+,2264,43905,45 Aur,Auriga,185.8608095,0.448,,
2284,,,95.46,2.374,6.4,,Open Cluster,,,Cl Collinder 91,Monoceros,,,,
2285,,HIP 30272,95.51463113,59.37216092,6.31,,binary,2257,43812,* 4 Lyn A,Lynx,421.7333054,0.153,,
2286,,HIP 30272,95.51479771,59.37209798,6.07,,A2Vp,2257,43812,4 Lyn,Lynx,421.7333054,0.153,,
2287,,HIP 30277,95.52843729,-33.43639895,3.85,3.611399,G7II,2296,44762,δ Columbae,Columba,237.0910795,0.858,,
2288,,HIP 30318,95.65163511,12.57023699,6,5.92997,F0III,2287,44497,,Orion,205.4191859,0.319,,
2289,,HIP 30321,95.65948232,-69.98404458,5.542,4.979313,K5III,2352,45669,π 1 Doradus,Dorado,594.8915366,1.51,,
2290,Mirzam,HIP 30324,95.67493897,-17.95591871,1.97,,B1II-III,2294,44743,β Canis Majoris,CanisMajor,499.2333147,-0.24,1.93,2
2291,,HIP 30342,95.73262592,-56.36996684,5.598,5.560725,A1mA3-A9,2320,45229,ν Pictoris,Pictor,164.0664044,0.242,,
2292,Tejat,HIP 30343,95.74011193,22.51358275,2.87,1.881368,M3IIIab,2286,44478,μ Geminorum,Gemini,231.6987073,1.621,2.75,3.02
2293,,HIP 30352,95.7560593,-63.68313495,6.278,5.469974,M1III,2337,45461,,Pictor,1068.853327,1.612,,
2294,,HIP 30357,95.77653942,56.97634924,6.47,6.17339,K1III,,44061,,Lynx,457.8638983,1.075,,
2295,,HIP 30376,95.81030765,-31.79031492,6.319,6.093996,G8III,2307,44956,,CanisMajor,332.3147359,0.893,,
2296,,HIP 30382,95.82704928,3.764489768,6.385,6.379289,B3III,2292,44700,,Monoceros,1097.64239,-0.149,,
2297,,HIP 30407,95.89965847,-9.874729804,6.134,5.268383,K5/M0III,2301,44816,V721 Mon,Monoceros,2050.315796,1.841,,
2298,,,95.90745328,-52.18091128,5.951,,G8III,,45291,,Carina,,,,
2299,,HIP 30419,95.94202257,4.592882361,4.398,4.362506,A8V(n),2298,44769,ϵ Monocerotis,Monoceros,128.3970945,0.215,,
2300,,HIP 30420,95.94226777,-15.07125364,6.221,5.731232,K2/3III,2303,44891,,CanisMajor,1574.880484,1.534,,
2301,,HIP 30419,95.9425,4.5956,4.31,4.362506,A7IV+F4V,2298,44769,* eps Mon,Monoceros,128.3970945,0.215,,
2302,,HIP 30423,95.9455301,-58.54387217,6.467,6.452721,A3V,2336,45450,,Pictor,318.9826389,0.12,,
2303,,HIP 30436,95.98297427,-25.57763161,5.6,4.959908,K5III,2311,45018,,CanisMajor,696.5807471,1.561,,
2304,Canopus,HIP 30438,95.98795783,-52.69566138,-0.74,,A9II,2326,45348,α Carinae,Carina,312.9601118,0.164,,
2305,,HIP 30444,96.00420787,-36.70776321,5.619,5.357079,K1II/III,2316,45145,,Columba,308.1287878,1.027,,
2306,,HIP 30448,96.00951294,8.885012899,6.219,6.231471,B8Vn,2300,44783,,Monoceros,842.377777,-0.06,,
2307,,HIP 30457,96.04299755,-11.53008763,5.207,4.807923,K2III,2305,44951,,CanisMajor,420.1033054,1.23,,
2308,,HIP 30463,96.05767657,-60.28132294,5.766,5.773036,A0V,2345,45557,,Pictor,286.7193855,-0.001,,
2309,,HIP 30468,96.08573954,-12.96193434,6.12,6.079715,B2.5Ve,2309,44996,,CanisMajor,1917.646788,-0.076,,
2310,,HIP 30480,96.1108345,-63.42901095,6.46,6.302424,G1V,2354,45701,,Pictor,103.6237016,0.66,,
2311,,HIP 30501,96.18228145,25.048719,6.345,6.00979,K2III,,44780,,Gemini,831.6328127,1.21,,
2312,,HIP 30503,96.18283162,-28.78011548,6.39,6.221316,G2Va,2318,45184,,CanisMajor,71.83770716,0.626,,
2313,,HIP 30505,96.18540199,-40.28397917,6.292,6.287394,B9.5V,2323,45306,,Columba,522.434746,-0.049,,
2314,,HIP 30517,96.21987779,16.05712959,6.35,6.059303,G9III,2302,44867,,Orion,384.888771,1.063,,
2315,,HIP 30520,96.22458979,49.28789201,4.75,4.122197,K5-M1Iab-Ib,2289,44537,ψ 1 Aurigae,Auriga,3835.293582,1.905,4.75,5.7
2316,,HIP 30524,96.23249006,-63.82814291,6.249,6.244213,B6V,2360,45796,,Pictor,710.2401575,-0.119,,
2317,,HIP 30541,96.30416532,7.085710717,5.98,6.124317,G3Iabv+A0p,2310,44990,T Mon,Monoceros,7761.899804,0.85,5.58,6.62
2318,,HIP 30545,96.31894282,-0.9458829011,5.9,5.735034,F9V,2313,45067,,Monoceros,107.8757135,0.564,,
2319,,HIP 30564,96.36739265,14.72199226,6,5.129608,C-N5-,2308,44984,BL Ori,Orion,1298.804022,2.349,,
2320,,HIP 30565,96.36929453,-69.6903,5.38,5.113271,G8III,2377,46116,π 2 Doradus,Dorado,266.1226995,0.971,,
2321,,HIP 30566,96.37502303,-35.06415006,6.243,5.82554,K3III,2329,45383,,Columba,506.2129794,1.353,,
2322,,HIP 30570,96.38724539,23.32716775,6.05,6.032249,A2Vn,2304,44927,,Gemini,578.0145009,0.02,,
2323,,HIP 30591,96.43188594,-48.17689921,5.87,,B9.5V,2348,45572A,* G Pup A,Puppis,674.9473824,-0.061,,
2324,,HIP 30591,96.43188785,-48.17689908,5.76,,B9V,2348,45572,G Pup,Puppis,674.9473824,-0.061,,
2325,,HIP 30595,96.44638972,-3.88901497,6.309,6.071121,G8III,2317,45168,,Monoceros,1034.919968,1.018,,
2326,,HIP 30602,96.46802296,11.12588229,6.38,6.386251,A0,,45090,,Monoceros,454.0399162,0.077,,
2327,,HIP 30608,96.49511469,-7.894983794,6.404,6.381883,A2V,2321,45239,,Monoceros,556.3126745,0.145,,
2328,,HIP 30627,96.53969382,-3.515721081,6.43,6.131351,K0III,,45215,,Monoceros,536.1854269,1.039,,
2329,,HIP 30651,96.60765263,56.28509618,5.54,5.48756,kA3hA7VmF2,2291,44691,RR Lyn,Lynx,271.4404049,0.238,5.52,6.03
2330,,HIP 30660,96.64351556,-4.597397445,6.133,6.13124,B5V,2325,45321,,Monoceros,1211.895652,-0.151,,
2331,,HIP 30666,96.66495771,-1.507333086,5.854,5.85429,A1V,2324,45320,,Monoceros,228.6114873,0.07,,
2332,,HIP 30669,96.67774009,-14.60342984,6.3,5.951083,K0/1III,,45420,,CanisMajor,560.1366566,1.242,,
2333,,HIP 30675,96.68688254,-7.511940346,6.33,6.333137,B9V,2328,45380,,Monoceros,409.0356012,-0.061,,
2334,,HIP 30679,96.7036346,58.41740802,5.197,4.595938,K4III,2293,44708,5 Lyn,Lynx,682.0085398,1.538,,
2335,,HIP 30700,96.75365909,-4.355646375,6.472,6.465258,B4V,,45418,,Monoceros,1079.471144,-0.155,,
2336,,HIP 30703,96.76723653,-58.00211859,5.816,5.439818,K3III,2369,45984,,Pictor,605.9494589,1.279,,
2337,,HIP 30706,96.7816011,-37.89550423,6.487,6.399017,F3V,2353,45680,,Columba,162.2698153,0.394,,
2338,,HIP 30711,96.79735276,-25.85649792,6.07,5.9288,F8IV,2349,45588,,CanisMajor,97.37166618,0.545,,
2339,,HIP 30717,96.80733782,0.2992441993,5.186,4.879373,K1II,2334,45416,77 Ori,Monoceros,950.4370368,1.186,,
2340,,HIP 30720,96.8149635,-0.2760014225,5.538,5.092557,K2/3III,2335,45433,78 Ori,Monoceros,749.425364,1.376,,
2341,,HIP 30728,96.83521067,2.908287855,5.543,5.261069,G8III,2333,45415,,Monoceros,292.3767842,1.035,,
2342,,HIP 30741,96.89800749,32.56294614,6.46,6.047061,K0,2319,45192,,Auriga,435.2460092,1.264,,
2343,,HIP 30769,96.98613073,20.4963209,6.22,6.202433,A2Vs,2330,45394,16 Gem,Gemini,537.9556065,0.041,,
2344,,HIP 30772,96.9898668,-4.762147611,5.041,5.007534,B2V,2344,45546,10 Mon,Monoceros,1352.698363,-0.175,,
2345,,HIP 30788,97.04253342,-32.58006834,4.48,4.427049,B4V,2361,45813,λ Canis Majoris,CanisMajor,405.9777229,-0.169,,
2346,,,97.06034942,70.53531907,6.03,6.023981,~,2285,44472A,,Camelopardalis,553.4797342,0.103,,
2347,,HIP 30794,97.06035274,70.53531894,6.04,,A4V,2285,44472,,Camelopardalis,553.4797343,0.103,,
2348,,HIP 30798,97.06986479,1.912678364,6.45,6.464994,B9IV,2347,45563,,Monoceros,488.7556695,-0.064,,
2349,,HIP 30804,97.07838604,10.30389551,6.155,5.831321,K2III-IV,2342,45512,,Monoceros,249.0451741,1.15,,
2350,,HIP 30815,97.11689111,16.23838478,6.233,6.014451,G5,2340,45506,,Gemini,210.458496,0.894,,
2351,,HIP 30827,97.1420341,30.493036,5.55,5.336251,F5.5-G0Ib,2332,45412,RT Aur,Auriga,1559.809497,0.779,5,5.82
2352,,HIP 30836,97.15591494,-17.46601048,5.761,5.432848,K0III,2359,45765,,CanisMajor,423.9272877,1.118,,
2353,,HIP 30840,97.16351048,-32.37127735,5.74,,B3Ve,2364,45871,IY CMa,CanisMajor,823.2317941,-0.16,,
2354,,HIP 30840,97.1635147,-32.37127776,5.89,,~,2364,45871A,IY CMa,CanisMajor,823.231794,-0.16,,
2355,,HIP 30849,97.17671258,-41.07485826,6.316,6.219874,F2/3V,2368,45983,,Columba,263.5407745,0.39,,
2356,,HIP 30867,97.20445711,-7.03305837,3.74,,B4Ve+B2Vn(e)+B3V:nne ,2356,45725,β Monocerotis,Monoceros,690.6768833,-0.113,,
2357,,HIP 30867,97.20446001,-7.033059396,4.6,,B4Veshell,2356,45725,* bet Mon A,Monoceros,690.6768833,-0.113,,
2358,,HIP 30867,97.20592752,-7.034400224,5,,B2Vn(e),2357,45726,* bet Mon B,Monoceros,690.6768833,-0.113,,
2359,,HIP 30867,97.2067207,-7.034653347,5.32,,B3V:nne,2358,45727,* bet Mon C,Monoceros,690.6768833,-0.113,,
2360,,HIP 30883,97.24077556,20.2121349,4.14,4.058969,B6IVe,2343,45542,ν Geminorum,Gemini,544.5021657,-0.14,,
2361,,HIP 30906,97.31171482,2.646195275,6.2,5.398197,M1III,2355,45724,,Monoceros,851.1765208,1.539,,
2362,,HIP 30932,97.36874223,-56.85276686,5.197,4.879341,K0III,2389,46355,,Pictor,312.2605164,1.087,,
2363,,,97.45410924,-50.23908391,6.15,,~,2384,46273B,,Puppis,168.6499654,0.371,,
2364,,,97.45443099,-50.23908458,5.93,,~,2384,46273A,,Puppis,168.6499654,0.371,,
2365,,HIP 30972,97.51239078,46.6855547,5.866,5.364408,K4III,2338,45466,47 Aur,Auriga,530.0827041,1.448,,
2366,,HIP 30973,97.51254265,-65.56824107,6.262,6.208465,F0III,2408,46730,,Dorado,317.4295756,0.329,,
2367,,HIP 30986,97.54698446,-10.08151264,5.909,5.467457,K1III,2367,45976,,Monoceros,6269.243065,1.373,,
2368,,HIP 30988,97.5492401,-19.21488911,6.44,5.6115,M0/1III,,46037,,CanisMajor,1258.68645,1.683,,
2369,,HIP 31024,97.64535872,-13.14817367,6.14,6.119611,B2III,2373,46064,,CanisMajor,1147.88879,-0.137,,
2370,,HIP 31037,97.69285297,-27.76957997,5.903,5.887634,B3IV/V,2380,46189,,CanisMajor,1128.028864,-0.156,,
2371,,HIP 31039,97.69628163,58.16263328,5.855,5.609718,K0.5IIIbFe0.5,2331,45410,6 Lyn,Lynx,185.7461172,0.94,,
2372,,HIP 31056,97.74956085,-40.916253,6.179,5.731102,K3III,2390,46365,,Columba,581.1049876,1.398,,
2373,,HIP 31066,97.78984223,11.2513759,6.14,6.058697,B1.5Vne,2370,45995,,Monoceros,5525.441194,-0.116,,
2374,,HIP 31067,97.79163643,16.9386318,6.17,5.897854,K0III,2366,45951,,Gemini,,,,
2375,,HIP 31068,97.79433111,-61.87954259,6.144,6.115168,B2V,2410,46792,AE Pic,Pictor,1147.888796,-0.147,,
2376,,,97.8,6,5.4,,UV-src,,,[SC93] 254,Monoceros,,,,
2377,,HIP 31072,97.80455602,-35.25885727,5.82,5.601349,G8IIb+A3III,2388,46349,,Columba,810.9448501,0.813,,
2378,,,97.825,5.9167,5.4,,Open Cluster,,,Cl Collinder 97,Monoceros,,,,
2379,,HIP 31079,97.82637888,-51.82596005,5.573,5.448207,F8VFe-0.4,2400,46569,,Carina,121.3248545,0.534,,
2380,,HIP 31084,97.8460234,-12.39197491,5.153,4.777309,K1III,2379,46184,,CanisMajor,342.7956379,1.262,,
2381,,HIP 31086,97.84997846,-32.86854629,6.34,5.267829,M4III,,46347,KM CMa,CanisMajor,987.8781539,1.665,,
2382,,HIP 31099,97.89561565,-36.9400237,6.278,5.238176,M2/3III,2393,46431,SX Col,Columba,931.427974,1.599,6.28,6.41
2383,,HIP 31105,97.9059796,15.90350403,6.38,6.324307,A8V,2371,46031,19 Gem,Gemini,334.3587531,0.275,,
2384,,HIP 31119,97.95124473,11.54441177,5.21,5.184288,A5Vp,2375,46089,,Monoceros,211.1398366,0.185,,
2385,,HIP 31121,97.95860089,-8.158221985,5.411,5.007043,K2III,2381,46229,,Monoceros,869.3347284,1.373,,
2386,,HIP 31125,97.96402618,-23.4184222,4.33,4.266358,B0.7IV,2387,46328,ξ 1 Canis Majoris,CanisMajor,2050.315798,-0.245,4.33,4.36
2387,,HIP 31137,97.9929588,-58.75383649,5.64,5.712812,B9IVn,2412,46860,μ Pictoris,Pictor,724.4439821,-0.057,,
2388,,HIP 31158,98.07727338,17.78435062,6.242,6.139234,F7III,,46136,20 Gem,Gemini,353.9644002,0.541,,
2389,,HIP 31159,98.08001623,4.855998274,5.83,5.60217,K0III,2382,46241,12 Mon,Monoceros,517.4599799,0.997,,
2390,,HIP 31165,98.08907308,-37.6967237,5.253,4.975181,G8III,2399,46568,,Columba,272.8034155,0.982,,
2391,,HIP 31167,98.09637191,-5.868818891,5.598,5.544545,A8VAm:,2386,46304,,Monoceros,140.9425583,0.256,,
2392,,HIP 31168,98.09698015,11.67351702,6.05,5.802357,K0III,2378,46178,,Monoceros,833.7583342,1.069,,
2393,,HIP 31173,98.11326986,32.4548979,5.829,5.802026,kA3hA3mF0+kA3hA3mF0,2372,46052,WW Aur,Auriga,274.8735114,0.188,5.79,6.54
2394,,HIP 31190,98.16240684,-32.03044264,5.706,5.663989,B2V,2397,46547,,CanisMajor,838.0452396,-0.18,,
2395,,HIP 31205,98.19530467,-11.16638539,6.24,6.012154,G9III:Ba3.5,2392,46407,,CanisMajor,395.1512569,1.096,6.24,6.32
2396,,HIP 31216,98.22594959,7.332969698,4.5,4.437913,A0Ib,2385,46300,13 Mon,Monoceros,1509.259919,0.023,,
2397,,HIP 31241,98.29266461,-38.62518721,6.434,6.179126,G8III,2407,46727,,Columba,470.4181673,0.999,,
2398,,HIP 31265,98.35950743,-52.32923189,6.172,5.885645,G8III,2416,47001,,Carina,607.0774187,1.088,,
2399,,HIP 31266,98.36110783,-20.92396961,6.402,6.179908,K0III+F/G,2403,46602,,CanisMajor,368.3605682,0.817,,
2400,,HIP 31277,98.40068513,14.1551647,5.553,5.258575,K2III:,2391,46374,,Gemini,255.6864487,1.105,,
2401,,HIP 31278,98.40800582,-1.220153677,5.079,5.048101,B5IV/V,2395,46487,,Monoceros,536.1854272,-0.132,,
2402,,HIP 31299,98.45616692,-36.23202641,5.405,4.942318,K3III,2411,46815,,Columba,406.4830238,1.419,,
2403,,HIP 31359,98.63666727,55.35304329,6.46,5.815308,K0III:,2376,46101,7 Lyn,Lynx,1552.379955,1.554,,
2404,,HIP 31362,98.64721201,-32.71625298,5.61,5.594822,B8IVe,2415,46936,,CanisMajor,486.5682124,-0.085,,
2405,,HIP 31385,98.69299183,7.572482182,6.46,6.45356,A0Vs,2404,46642,14 Mon,Monoceros,361.8210035,-0.01,,
2406,,HIP 31407,98.74408325,-52.97560928,4.4,4.325825,A0II,2435,47306,,Carina,1762.164297,-0.021,,
2407,,HIP 31416,98.7641148,-22.96479542,4.5,4.500661,A0III,2414,46933,ξ 2 Canis Majoris,CanisMajor,411.6175242,-0.035,,
2408,,HIP 31434,98.80025902,28.0223108,5.26,5.234672,A0Vnn,2398,46553,49 Aur,Auriga,446.5745137,-0.008,,
2409,,HIP 31446,98.81595221,0.8902181018,5.86,5.75981,B7Ib-II,2409,46769,,Monoceros,2859.650209,0.004,,
2410,,HIP 31448,98.82331911,9.988336831,5.887,5.396363,K4III,2406,46709,,Monoceros,1582.525186,1.508,,
2411,,,98.85090927,-36.77987842,5.886,5.935912,~,2424,47144A,,Columba,580.0715668,-0.13,,
2412,,HIP 31469,98.87840996,-22.10905195,6.32,6.059743,K0III,,47012,,CanisMajor,513.3849809,1.03,,
2413,,HIP 31509,98.9751225,-36.08863289,6.35,,G0V,2431,47230,,Columba,131.2929582,0.486,,
2414,,HIP 31564,99.09521768,-18.65990399,5.695,5.487135,G8/K0III+F/G,2423,47138,ν 1 Canis Majoris,CanisMajor,276.5054708,0.848,,
2415,,HIP 31579,99.13682127,38.44550528,5.25,4.140064,C-N5-,2405,46687,UU Aur,Auriga,1811.113208,2.773,7.83,10
2416,,HIP 31583,99.14720688,-5.211139731,5.52,5.479862,B8IVe,2418,47054,,Monoceros,833.7583355,-0.082,,
2417,,,99.15,6.05,6.43,,O8,,,[SC93] 311,Monoceros,,,,
2418,,HIP 31592,99.17099033,-19.2558804,3.91,3.673236,K1.5III-IVFe1,2429,47205,ν 2 Canis Majoris,CanisMajor,64.70944346,1.05,,
2419,,HIP 31593,99.17110043,-22.61473195,6.41,6.395335,B3V,2433,47247,V415 CMa,CanisMajor,751.1531672,-0.117,,
2420,,HIP 31599,99.19415856,-13.32102125,5.939,5.338533,K4/5III,2428,47182,,CanisMajor,768.8680127,1.562,,
2421,,,99.203,4.972,5.1,,Open Cluster,,,Cl Collinder 107,Monoceros,,,,
2422,,HIP 31603,99.21363784,-41.55713861,6.338,6.060876,K0II,2445,47475,,Columba,1689.120709,1.147,,
2423,,HIP 31617,99.2578687,-38.14650374,6.052,5.829683,K0III,2444,47463,,Columba,433.511694,1.03,,
2424,,,99.278,6.002,4.6,,Open Cluster,,,Cl Collinder 106,Monoceros,,,,
2425,,,99.30765817,-36.99065702,5.93,,~,2446,47500A,,Columba,1654.822236,-0.112,,
2426,,HIP 31646,99.35017536,6.135380307,6.06,6.016069,O8I+O7.5III,2422,47129,Plaskett's star,Monoceros,4283.079387,0.018,6.04,6.08
2427,,HIP 31650,99.36369967,24.59085436,6.48,6.484514,A3V,2417,47020,,Gemini,543.3346089,0.101,,
2428,,HIP 31662,99.40372602,10.85329501,6.37,5.927517,K0,2426,47156,,Monoceros,883.4700926,1.351,,
2429,,HIP 31665,99.4099464,56.85753032,5.89,5.862448,A2V,2402,46590,11 Lyn,Lynx,322.1344016,0.006,,
2430,,HIP 31672,99.41802613,2.704159667,6.172,5.875474,K0II/III,2430,47220,,Monoceros,474.5257648,1.08,,
2431,,HIP 31674,99.4199729,-12.98511745,6.106,5.843423,K1(III),2437,47366,,CanisMajor,277.4469587,0.994,,
2432,Alhena,HIP 31681,99.42796043,16.39928043,1.92,,A1.5IV+,2421,47105,γ Geminorum,Gemini,104.7558922,0.001,,
2433,Pipit,HIP 31685,99.44030261,-43.19593569,3.17,3.175233,B8III,2451,47670,ν Puppis,Puppis,422.8286709,-0.103,,
2434,,HIP 31688,99.44840878,-32.33973347,5.258,4.874238,K1III,2447,47536,,CanisMajor,395.8235197,1.18,,
2435,,HIP 31697,99.46959955,4.956667537,6.2,6.098367,B1Ib,2432,47240,V731 Mon,Monoceros,15219.62183,0.091,,
2436,,HIP 31700,99.47258909,-18.23748069,4.43,4.103014,K1-III,2443,47442,ν 3 Canis Majoris,CanisMajor,463.7286427,1.137,,
2437,,,99.50162499,-61.53339178,6.35,,G0-V,2468,48189A,,Pictor,70.63933575,0.624,6.14,6.19
2438,,HIP 31733,99.58523082,-2.543895729,6.116,5.611428,K4III,2440,47420,,Monoceros,737.5557005,1.47,,
2439,,HIP 31736,99.59545015,-23.58031906,6.5,6.290354,G8/K0III,,47579,,CanisMajor,666.6669768,0.664,,
2440,,HIP 31737,99.59587722,28.98433754,5.744,5.728962,B9Mn+F0m,2425,47152,53 Aur,Auriga,421.1888847,-0.001,,
2441,,HIP 31758,99.64760764,-16.87354656,6.03,6.001098,A0IV,2448,47561,,CanisMajor,460.4523414,0.042,,
2442,,HIP 31765,99.65681556,-48.22018367,5.03,4.775087,G8III,2462,47973,,Puppis,435.8295563,0.997,,
2443,,HIP 31766,99.6591137,1.613520891,6.31,6.175888,O9.7Ib,2442,47432,V689 Mon,Monoceros,3395.845424,0.086,6.19,6.26
2444,,HIP 31771,99.66473662,39.39085112,5.69,5.245038,K5III,2419,47070,51 Aur,Auriga,316.5050309,1.367,,
2445,,HIP 31789,99.70491833,39.90255953,5.331,5.308028,B8III,2420,47100,ψ 3 Aurigae,Auriga,758.1393469,-0.075,,
2446,,HIP 31813,99.77208699,22.03088272,6.08,5.809522,G9III,2436,47358,,Gemini,419.024244,1.027,,
2447,,HIP 31827,99.8196643,-14.14576188,4.812,4.315678,K2+IIIaCN0.5Ca1,2450,47667,,CanisMajor,1574.880485,1.459,,
2448,,HIP 31832,99.83261348,42.48887658,4.82,4.431006,K2-III,2427,47174,ψ 2 Aurigae,Auriga,432.360909,1.236,,
2449,,,99.875,13.1167,5.97,,A2V,,,[SC93] 343,Gemini,,,,
2450,,HIP 31850,99.88118071,24.60016348,6.38,6.302182,F8IV,2439,47415,,Gemini,114.6271757,0.523,,
2451,,HIP 31852,99.8880001,28.26313235,6.22,,~,2438,47395A,* 54 Aur A,Auriga,708.6949085,-0.087,,
2452,,HIP 31859,99.90093996,-23.69568979,6.05,6.049368,A0V,2455,47827,,CanisMajor,613.9364578,-0.031,,
2453,,HIP 31870,99.92775221,-30.47049053,5.71,5.385111,K1III,2460,47946,,CanisMajor,240.7680354,1.134,,
2454,,HIP 31876,99.94882153,12.98276979,5.978,5.979909,A2V,2449,47575,,Gemini,289.0072472,0.063,,
2455,,HIP 31889,99.99119137,44.01411374,6.34,5.979785,K1III,2434,47270,,Auriga,662.6017525,1.222,,
2456,,HIP 31897,100.0120453,-80.81359402,5.606,5.559507,A3/5III,2559,50506,ζ Mensae,Mensa,403.9663092,0.214,,
2457,,HIP 31940,100.1203209,77.99578275,5.72,5.207614,K5III,2363,45866,,Camelopardalis,579.0414046,1.488,,
2458,,HIP 31945,100.1331101,6.371251749,6.498,6.476258,B8pSiCrSr,2454,47756,,Monoceros,1801.105005,-0.139,,
2459,,HIP 31946,100.1343856,71.74878599,5.86,5.522353,K0III,2396,46509,,Camelopardalis,662.6017542,1.223,,
2460,,HIP 31977,100.2400102,-71.7751909,6.492,6.20994,K1IIICNII,2505,49268,,Volans,432.9346785,1.11,,
2461,,HIP 31978,100.2444151,9.89575637,4.68,4.543516,O7V+B1.5/2V,2456,47839,S Mon,Monoceros,101.0600293,-0.233,4.62,4.68
2462,,HIP 31992,100.2726707,0.4953223404,5.765,5.752477,B8III,2461,47964,,Monoceros,1156.029012,-0.094,,
2463,,HIP 32007,100.3090397,-40.34984692,6.14,6.134763,B4V,2475,48383,,Puppis,1058.440881,-0.146,,
2464,,HIP 32012,100.321747,11.00320089,6.21,5.337725,M1III,2458,47886,,Monoceros,2546.875916,1.675,,
2465,,HIP 32019,100.3370731,28.19664014,6.427,6.157351,G5Ib,2453,47731,25 Gem,Gemini,1411.254504,1.09,,
2466,,HIP 32020,100.3414228,16.39765274,6.272,6.269765,A1V,2457,47863,,Gemini,785.5429171,-0.016,,
2467,,HIP 32040,100.4073307,35.93192026,6.481,6.345766,F8III,2452,47703,,Auriga,256.4910172,0.509,,
2468,,HIP 32064,100.4849386,-9.167534781,5.194,4.574318,K5III,2469,48217,,Monoceros,377.7526309,1.525,,
2469,,HIP 32067,100.4967953,6.345425714,6.37,6.312659,O5V((f))z+O9:V,2467,48099,,Monoceros,4273.538985,-0.084,,
2470,,,100.6,6.3833,6.35,,O6e,,,[SC93] 384,Monoceros,,,,
2471,,HIP 32104,100.6013635,17.6453018,5.21,5.204605,A2V,2466,48097,26 Gem,Gemini,139.2568109,0.063,,
2472,,HIP 32144,100.6918496,-22.44859336,6.23,6.175694,F2V,2481,48501,,CanisMajor,159.4134011,0.321,6.18,6.27
2473,,HIP 32173,100.770717,44.52444947,5.02,4.462248,K5III,2459,47914,ψ 4 Aurigae,Auriga,305.8161393,1.479,,
2474,,HIP 32177,100.7775585,3.033800584,6.17,5.752856,K3III,2474,48348,,Monoceros,827.411113,1.366,,
2475,,HIP 32190,100.8072607,37.14737713,6.206,5.936516,K0,2464,48073,,Auriga,478.0074456,1.026,,
2476,,HIP 32208,100.8473083,-39.19311216,6.273,6.255684,A7/9+(F/G),2488,48797,,Puppis,548.8211963,0.258,,
2477,,HIP 32226,100.9110236,3.932530341,5.9,5.826806,B0III,2479,48434,,Monoceros,4387.952313,-0.046,,
2478,Mebsuta,HIP 32246,100.9830298,25.13112719,2.98,2.648398,G8Ib,2473,48329,ϵ Geminorum,Gemini,903.0463996,1.377,,
2479,,HIP 32249,100.9970298,13.2279999,4.49,4.142492,K0+IIICa1,2478,48433,30 Gem,Gemini,275.8039166,1.167,,
2480,,HIP 32268,101.0521784,36.1092584,6.369,6.346815,A2V,2471,48272,,Auriga,908.0798414,0.065,,
2481,,HIP 32269,101.0532939,-54.69551488,6.46,6.453283,B5/6V,,49219,,Carina,735.8931061,-0.119,,
2482,,HIP 32292,101.1186129,-31.07052565,5.17,5.071308,B2V,2492,48917,10 CMa,CanisMajor,2608.000941,-0.127,5.13,5.44
2483,,HIP 32311,101.1894158,28.97093898,5.44,4.904414,K4III,2480,48450,28 Gem,Gemini,569.9296989,1.445,,
2484,,HIP 32322,101.2164673,-27.34166703,6.43,6.299466,G0VFe-0.8CH-0.5,2493,48938,,CanisMajor,86.70200943,0.55,,
2485,,HIP 32332,101.2318568,-70.43375755,6.091,5.683009,K3III,2536,50002,4 G. Vol,Volans,629.3432296,1.335,,
2486,Sirius,HIP 32349,101.2871553,-16.71611586,-1.46,,A0mA1Va,2491,48915,α Canis Majoris,CanisMajor,8.596813619,0.009,,
2487,Alzirr,HIP 32362,101.322352,12.89559496,3.36,3.246348,F5IV-V,2484,48737,ξ Geminorum,Gemini,57.17291553,0.443,,
2488,,HIP 32366,101.345585,-31.79364811,5.916,5.795795,F6.5V,2500,49095,,CanisMajor,79.12609323,0.491,,
2489,,HIP 32368,101.3473496,-23.46243168,6.033,5.698586,K2III,2495,49001,,CanisMajor,491.7059738,1.205,,
2490,,HIP 32385,101.3799532,-30.94898047,5.68,5.738594,B1.5Vne,2501,49131,,CanisMajor,1582.52519,-0.138,5.48,5.8
2491,,HIP 32402,101.4738235,-52.40969089,5.761,5.270896,K3III,2515,49517,,Carina,1375.528158,1.551,,
2492,,HIP 32404,101.4758297,12.69356338,6.47,6.372427,A9III,2489,48843,32 Gem,Gemini,1139.859406,0.344,,
2493,,HIP 32411,101.4974755,-14.79612902,5.298,5.272669,A1IV/V,2498,49048,,CanisMajor,398.046139,0.075,,
2494,,,101.499,-20.716,4.5,,Open Cluster,,,M 41,CanisMajor,,,,
2495,,HIP 32431,101.5432074,23.37122346,6.49,6.265456,G8V,,48805,,Gemini,1044.872751,0.839,,
2496,,HIP 32434,101.5506227,-37.77532403,6.192,6.174647,B6Vne,2510,49336,V339 Pup,Puppis,1448.887962,-0.123,6.15,6.27
2497,,HIP 32438,101.5588796,59.44166893,5.44,,A1.5V,2470,48250A,* 12 Lyn A,Lynx,228.6114878,0.084,,
2498,,HIP 32438,101.5598466,59.44182007,5.99,,A2V,2470,48250B,* 12 Lyn B,Lynx,228.6114878,0.084,,
2499,,HIP 32463,101.6350605,8.587157607,5.92,5.882503,B3V,2494,48977,16 Mon,Monoceros,1116.439558,-0.173,,
2500,,HIP 32474,101.6625671,-10.10735974,5.646,5.647233,A0IIIe,2502,49147,,Monoceros,535.3052284,-0.048,,
2501,,HIP 32489,101.7062928,57.16917581,5.335,5.074608,K0III-IV,2477,48432,13 Lyn,Lynx,207.7758425,0.964,,
2502,,HIP 32492,101.7128847,-14.42597548,5.272,5.244873,B8/9III,2504,49229,11 CMa,CanisMajor,641.7312273,-0.024,,
2503,,HIP 32494,101.719472,-51.26566786,5.379,4.914813,K1II/III(+G)p,2523,49689,,Carina,905.5566072,1.33,,
2504,,HIP 32500,101.7440655,-87.02496351,6.462,6.357506,F5.5VFe-1.0CH-0.6,2848,58805,,Octans,127.5928638,0.429,,
2505,,HIP 32504,101.7561814,-21.01540325,6.08,6.0388,B7II/III,2509,49333,12 CMa,CanisMajor,668.0329175,-0.159,,
2506,,HIP 32531,101.8279513,-55.53999,5.61,4.976368,K5III,2526,49877,V448 Car,Carina,598.1645764,1.549,,
2507,,HIP 32533,101.8326257,8.037256353,4.77,4.293932,K4III,2503,49161,17 Mon,Monoceros,484.3970487,1.396,,
2508,,HIP 32537,101.8391637,-37.92969723,5.26,5.246756,B8V,2518,49591,,Puppis,330.9650973,-0.078,,
2509,,HIP 32558,101.9050874,-8.99850272,5.062,4.173226,M1Ib-IIa,2508,49331,,Monoceros,1309.236029,1.795,,
2510,,HIP 32562,101.9148995,48.78948438,5.216,4.914047,K0.5III,2487,48781,ψ 6 Aurigae,Auriga,423.9272865,1.131,,
2511,,HIP 32578,101.9651995,2.412176392,4.47,4.171695,K0+III,2506,49293,18 Mon,Monoceros,372.9962887,1.099,,
2512,,HIP 32607,102.0477297,-61.94138912,3.23,3.203374,A8VnkA6,2550,50241,α Pictoris,Pictor,98.90778436,0.225,,
2513,,,102.0512179,55.70419218,6.23,,F6V,2486,48767,,Lynx,153.3396907,,,
2514,,HIP 32609,102.0534242,55.70448408,6.29,,F4V,2486,48766,,Lynx,153.3396907,,,
2515,,HIP 32617,102.0794429,-1.318923398,5.731,5.680271,F0V+,2514,49434,,Monoceros,130.6614932,0.292,,
2516,,,102.091,41.06,5.4,,Open Cluster,,,NGC 2281,Auriga,,,,
2517,,,102.2405737,-15.14472689,5.59,,~,2522,49662A,,CanisMajor,607.0774148,-0.096,,
2518,,HIP 32682,102.2652337,1.002067414,6.15,6.129145,B3III,2517,49567,,Monoceros,1975.75957,-0.134,,
2519,,HIP 32698,102.3183574,-2.272047332,5.75,5.739992,B8V,2521,49643,,Monoceros,558.2197762,-0.098,,
2520,,HIP 32740,102.4221394,32.60675971,5.708,5.303765,K2/4III,2512,49380,IS Gem,Gemini,306.6793878,1.298,,
2521,,HIP 32746,102.4345059,37.51274833,6.48,5.880946,K5,,49364,,Auriga,752.8874855,1.553,,
2522,,HIP 32753,102.457651,16.20288409,5.87,5.826434,B9III,2519,49606,33 Gem,Gemini,926.1369885,-0.136,5.85,5.95
2523,,HIP 32759,102.4602463,-32.50847884,3.89,3.491103,B1.5Ve,2538,50013,κ Canis Majoris,CanisMajor,789.3473429,-0.116,3.78,3.97
2524,,HIP 32761,102.4638072,-53.62245041,4.408,4.155083,G4II,2554,50337,,Carina,552.5441197,0.899,4.39,4.45
2525,,HIP 32765,102.4775681,-46.61456159,5.14,5.011282,F5.5V,2548,50223,,Puppis,82.1986464,0.46,,
2526,,HIP 32768,102.4840381,-50.6145387,2.93,2.618499,K1III,2553,50310,τ Puppis,Puppis,182.6330893,1.207,,
2527,,HIP 32775,102.5042297,-60.24914479,6.098,6.004305,F5VFe+0.4,2562,50571,,Pictor,108.0902295,0.457,,
2528,,HIP 32809,102.5907017,-17.08455232,5.771,5.265003,K3III,2535,49980,,CanisMajor,1552.379958,1.435,,
2529,,HIP 32810,102.5972844,-31.70605786,5.747,5.591587,B6IVe+A,2545,50123,,CanisMajor,718.060897,0.094,,
2530,,HIP 32814,102.6062444,13.41317872,5.672,5.302592,K3III,2525,49738,35 Gem,Gemini,1502.303077,1.329,,
2531,,HIP 32827,102.6539972,-25.77839432,6.314,6.288705,B2III/IV,2544,50093,,CanisMajor,1202.953472,-0.183,,
2532,,HIP 32838,102.6762626,-8.040996612,6.29,6.296662,B9V,2534,49976,,Monoceros,329.6252339,0.011,6.16,6.32
2533,,HIP 32844,102.6914303,41.78123055,4.975,4.60387,K3III,2516,49520,ψ 7 Aurigae,Auriga,364.2464448,1.256,,
2534,,HIP 32851,102.7076291,-0.5408798598,5.771,5.668595,F3V,2530,49933,,Monoceros,97.45903323,0.396,,
2535,,HIP 32855,102.7181318,-34.36731835,4.989,4.575386,K2/3III,2549,50235,,Puppis,905.5566053,1.379,,
2536,,HIP 32864,102.7378712,67.57193422,5.122,5.096459,B4IV,2490,48879,42 Cam,Camelopardalis,867.0201282,-0.152,,
2537,,HIP 32912,102.8624382,-70.9634104,5.395,5.381026,B7III,2602,51557,ι Volantis,Volans,558.219784,-0.11,,
2538,,HIP 32918,102.8857468,-48.29275365,6.404,6.071707,K2/3III,2563,50621,,Puppis,695.0974508,1.207,,
2539,,HIP 32921,102.8876933,21.76114529,5.259,5.250348,A2V,2529,49908,36 Gem,Gemini,529.2220646,-0.02,,
2540,,HIP 32931,102.9140697,3.041991679,6.369,6.366722,A1/2IV,2543,50062,,Monoceros,297.7169936,0.052,,
2541,,HIP 32938,102.9267531,-36.23027219,5.94,5.915287,A3V,2558,50445,,Puppis,179.7134306,0.183,,
2542,,,102.943,0.465,6,,Open Cluster,,,NGC 2301,Monoceros,,,,
2543,,HIP 32968,102.9999424,23.60172199,5.671,5.144586,K5III,2533,49968,,Gemini,512.5797586,1.467,,
2544,,HIP 32990,103.095259,-5.316276911,6.282,6.059141,K0III,2552,50282,,Monoceros,476.608907,0.977,,
2545,,HIP 33012,103.1892878,-59.34117079,6.415,6.397811,A3mA3-A8,2592,51210,,Carina,469.7400905,0.181,,
2546,,HIP 33015,103.1964039,-43.97558681,6.46,6.455645,B8V,2579,50860,,Puppis,423.927292,-0.101,,
2547,,HIP 33018,103.1972453,33.96125676,3.6,3.593621,A2IV,2540,50019,θ Geminorum,Gemini,196.504062,0.102,,
2548,,HIP 33024,103.2061285,8.380397091,5.742,5.70046,F0Vn,2551,50277,,Monoceros,204.0049994,0.27,,
2549,,HIP 33040,103.2512481,-26.95763275,6.44,4.80866,M6III,2567,50648,KX CMa,CanisMajor,829.517077,1.408,,
2550,,HIP 33041,103.255879,38.86914785,6.099,6.015966,F2V,2539,50018,59 Aur,Auriga,530.0827049,0.406,5.94,6.14
2551,,HIP 33044,103.2647526,35.78799875,6.016,5.526419,K3III:,2542,50056,,Auriga,698.0738258,1.455,,
2552,,HIP 33048,103.2710352,59.44854219,5.38,5.769682,G8III,2520,49618,14 Lyn A,Lynx,440.5402532,0.675,,
2553,,HIP 33056,103.2815772,44.83993841,6.236,6.197336,A8Vn,2532,49949,,Auriga,359.0304431,0.239,,
2554,,HIP 33064,103.3057994,38.43802369,6.41,6.262574,~,2541,50037,* 60 Aur A,Auriga,214.3326821,0.516,,
2555,,HIP 33077,103.3283841,-19.03269422,5.648,5.578688,A9/F0III,2565,50644,,CanisMajor,329.2927149,0.279,,
2556,,HIP 33079,103.3410047,-18.93284194,6.123,6.112477,A3III,2566,50643,,CanisMajor,457.8639015,0.156,,
2557,,HIP 33082,103.3433277,10.99665374,6.281,6.053257,K0III,2555,50371,,Monoceros,416.3477842,0.962,,
2558,,,103.35,11,6.01,,K0III,,,[SC93] 486,Monoceros,,,,
2559,,HIP 33092,103.3871122,-20.22425261,4.83,4.766333,B1IV,2571,50707,15 CMa,CanisMajor,1613.863581,-0.212,4.79,4.84
2560,,HIP 33094,103.3914272,-28.5397944,6.04,5.869607,G5V,2576,50806,,CanisMajor,84.08553309,0.708,,
2561,,HIP 33104,103.4260345,68.88831101,5.096,5.086468,B6III,2511,49340,43 Cam,Camelopardalis,999.9988365,-0.114,,
2562,,HIP 33126,103.4810533,-24.53875576,6.22,6.220591,A0V,2578,50853,,CanisMajor,471.7808472,0.016,,
2563,,HIP 33133,103.4878043,38.50501911,6.443,6.44427,B9.5pSi,2547,50204,ψ 8 Aurigae,Auriga,825.318192,-0.044,,
2564,,HIP 33139,103.5094078,-50.61159966,6.26,5.990805,K0/1III,2594,51266,,Puppis,174.9867567,0.988,,
2565,,HIP 33152,103.5331345,-24.18421097,3.87,3.278338,K2Iab,2580,50877,ο 1 Canis Majoris,CanisMajor,1975.759572,1.74,3.78,3.99
2566,,HIP 33154,103.5357981,-5.85218921,6.46,,A4V,2570,50700,,Monoceros,562.0698381,0.174,,
2567,,HIP 33160,103.5474953,-12.0386281,4.08,3.529454,K3/4III,2574,50778,θ Canis Majoris,CanisMajor,251.9322343,1.418,,
2568,,HIP 33184,103.6027145,-1.126946996,5.435,5.400139,A3V,2572,50747,,Monoceros,484.3970497,0.167,,
2569,,HIP 33189,103.6111815,-42.36557181,6.27,5.304905,C-N4.5,2591,51208,NP Pup,Puppis,1364.017093,2.287,6.25,6.52
2570,,HIP 33202,103.6609923,13.17784532,4.715,4.609144,kA8mF0Vp,2564,50635,38 Gem,Gemini,91.08703434,0.321,,
2571,,HIP 33210,103.6751771,-1.756482966,6.21,5.725903,B3IVe+K2II,2577,50820,,Monoceros,4591.548658,0.487,,
2572,,HIP 33243,103.7454881,-2.803589687,6.017,5.737208,K2III,2582,50890,,Monoceros,1258.68645,1.102,,
2573,,HIP 33248,103.7614084,-20.40487718,5.792,5.784071,A2V,2588,51055,17 CMa,CanisMajor,604.824755,0.048,,
2574,,HIP 33269,103.8110755,43.91002923,6.151,6.085179,A9IIIa,2557,50420,V352 Aur,Auriga,869.3347281,0.314,,
2575,,HIP 33271,103.8132771,45.82640947,6.311,6.075039,K0III-IV,2556,50384,,Auriga,382.6295917,0.945,,
2576,,HIP 33277,103.8277765,25.37569543,5.748,5.602784,G0V,2569,50692,37 Gem,Gemini,56.31357943,0.573,,
2577,,HIP 33297,103.8942562,8.324290933,6.258,6.266517,A0V,2584,50931,,Monoceros,334.7010549,0.037,,
2578,,HIP 33302,103.9059602,-20.1364969,4.664,4.560414,F1.5V,2590,51199,π Canis Majoris,CanisMajor,95.29374238,0.374,,
2579,,HIP 33316,103.9455336,-22.9414426,5.3,5.269926,B1III,2595,51283,,CanisMajor,2158.942298,-0.163,,
2580,,HIP 33330,103.9782174,-31.7901795,6.34,6.329235,B3V,2598,51411,,CanisMajor,1417.393091,-0.155,,
2581,,HIP 33345,104.0276913,-14.0434309,5.09,4.592912,K2/3III,2593,51250,μ Canis Majoris,CanisMajor,908.0798444,1.182,,
2582,,HIP 33347,104.0342691,-17.05423863,4.385,4.354667,B3Ib,2596,51309,ι Canis Majoris,CanisMajor,3075.47207,-0.063,4.36,4.4
2583,,HIP 33357,104.0666245,-48.72114336,4.95,4.081483,M1III,2608,51799,,Puppis,1061.889964,1.668,,
2584,,,104.0833,-24.73,2.6,,Open Cluster,,,Cl Collinder 121,CanisMajor,,,,
2585,,HIP 33372,104.1076368,9.956573691,5.897,5.940412,B8Vn,2589,51104,,Monoceros,561.1016169,-0.085,,
2586,,HIP 33377,104.1335749,46.27399881,5.87,5.87598,B8IIIe,2568,50658,ψ 9 Aurigae,Auriga,825.3181922,-0.079,,
2587,,HIP 33384,104.1436431,-79.42019216,5.449,5.413119,B9.5/A0III/IV,2689,54239,θ Mensae,Mensa,355.5063916,0.041,,
2588,,HIP 33394,104.1904225,-35.34133453,6.262,5.879416,K2III,2604,51682,,Puppis,644.267511,1.278,,
2589,,,104.2,11.8333,6.06,,F2Ib-II,,,[SC93] 515,Monoceros,,,,
2590,,HIP 33415,104.2335408,46.70535191,5.877,5.593061,K0III:,2573,50763,,Auriga,334.0164542,1.093,,
2591,,HIP 33420,104.2503928,-8.179299938,6.337,6.124016,G9.5III+A0IV:,2599,51424,,Monoceros,913.1654457,0.641,,
2592,,HIP 33421,104.2521743,33.68103977,5.927,5.694202,G5III,2586,51000,,Gemini,384.8887725,0.878,,
2593,,HIP 33444,104.3047389,57.56328631,6.013,5.461836,K3III,2561,50551,,Lynx,669.4053762,1.495,,
2594,,HIP 33449,104.3191886,58.42276123,4.35,4.379537,G2III,2560,50522,15 Lyn,Lynx,170.3239713,0.85,,
2595,,HIP 33451,104.3232678,-35.50715499,6.224,,F5V,2612,51825,,Puppis,140.8206386,0.465,,
2596,,HIP 33453,104.3270967,37.3947219,6.5,5.436844,M3,,51021,,Auriga,993.9026332,1.673,,
2597,,HIP 33465,104.3566122,11.90755495,6.27,6.177236,F2Ib–II,2597,51330,,Gemini,6520.002356,0.349,,
2598,,HIP 33478,104.3913174,-24.63082475,5.47,5.413267,F3V,2607,51733,,CanisMajor,125.674672,0.39,,
2599,,HIP 33485,104.4046134,45.09409392,4.893,4.872628,A2Vn,2585,50973,ψ10 Aur,Lynx,224.9827807,0.027,,
2600,,HIP 33492,104.4276483,-27.53751086,6.23,6.195956,B2/3V,2611,51823,,CanisMajor,1018.750366,-0.147,,
2601,,HIP 33532,104.5314723,-27.16438375,6.361,,B2V,2614,51925,,CanisMajor,1455.359064,-0.186,,
2602,,HIP 33558,104.604537,-34.11169012,5.068,5.013541,B4IV/V,2619,52092,,Puppis,759.9062729,-0.154,,
2603,,HIP 33575,104.6495785,-25.41415371,5.583,5.560013,B2V,2616,52018,,CanisMajor,1041.534514,-0.162,,
2604,,HIP 33577,104.6515373,-56.3948468,6.443,6.374585,F2II,2638,52622,,Carina,325.6744442,0.389,,
2605,Adhara,HIP 33579,104.6564532,-28.97208616,1.5,,B1.5II,2618,52089,ϵ Canis Majoris,CanisMajor,404.2401434,-0.211,,
2606,,HIP 33584,104.6621364,7.622296696,6.241,6.251543,A3V,2606,51693,,Monoceros,238.1300401,0.105,,
2607,,HIP 33588,104.6655965,-55.72912346,6.26,5.940387,K2III,2634,52603,,Carina,280.0689836,1.16,,
2608,,HIP 33590,104.673877,-45.76761422,6.22,6.211296,A0V,2626,52362,,Puppis,424.4782327,-0.006,,
2609,,HIP 33591,104.682071,-30.99803597,6.395,6.381202,B3V,2621,52140,,CanisMajor,770.6870965,-0.137,,
2610,,HIP 33603,104.7376016,3.602355719,5.947,5.697221,K0II/III,2610,51814,,Monoceros,926.1369897,1.056,,
2611,,HIP 33614,104.7618639,38.05231842,6.021,5.643796,K2III,2600,51440,62 Aur,Auriga,602.5883915,1.218,,
2612,,HIP 33644,104.8340614,7.316966863,6.33,6.313914,B6II:,2613,51892,,Monoceros,1263.566672,-0.106,,
2613,,HIP 33650,104.8663861,25.91416308,6.397,6.374429,B9III,2605,51688,40 Gem,Gemini,1198.529648,-0.111,,
2614,,HIP 33666,104.9135662,-21.60289372,6.26,6.216588,B2III,2623,52273,,CanisMajor,1399.143603,-0.164,,
2615,,HIP 33682,104.9605628,-67.91644453,5.17,4.714031,K3III,2662,53501,6 G. Vol,Volans,289.5203805,1.396,,
2616,,HIP 33694,105.0168216,76.97740862,4.54,4.077846,K4III,2527,49878,,Camelopardalis,187.0337607,1.365,,
2617,Unurgunite,HIP 33856,105.028652,-27.9348306,3.49,2.760549,K4III,2646,52877,σ Canis Majoris,CanisMajor,1216.417,1.729,3.43,3.51
2618,,HIP 33703,105.0345032,-20.15842469,6.305,6.293295,B3V,2625,52348,,CanisMajor,1194.138429,-0.134,,
2619,,HIP 33715,105.0659307,16.07899589,5.69,5.091137,K3-Ib,2615,52005,41 Gem,Gemini,5821.416703,1.641,,
2620,Citalá,HIP 33719,105.0751488,-5.367161369,6.282,6.16311,G0V,2622,52265,,Monoceros,91.55212323,0.57,,
2621,,HIP 33729,105.0989854,-8.406818507,5.939,5.936624,B8III,2624,52312,,Monoceros,1097.642393,-0.075,,
2622,,HIP 33760,105.1771345,-28.48957402,6.279,6.176563,F3/5V,2637,52619,,CanisMajor,222.2222155,0.449,,
2623,,HIP 33774,105.2072857,-33.46552732,6.399,6.103809,G8II/III,2641,52703,,Puppis,417.948449,1.052,,
2624,,HIP 33779,105.2145218,-51.40258597,5.151,4.298885,M1III,2652,53047,,Carina,617.4246634,1.652,,
2625,,HIP 33800,105.2713073,-58.93993733,6.005,5.944449,A8III,2661,53349,,Carina,174.7989819,0.297,,
2626,,HIP 33804,105.2747761,-25.21563381,5.635,5.606254,B2/3III/IV,2640,52670,LS CMa,CanisMajor,1028.390189,-0.165,,
2627,,HIP 33827,105.3392458,70.80829542,5.69,5.265241,K4III,2581,50885,,Camelopardalis,456.5827199,1.337,,
2628,Nganurganity / Unurgunite,HIP 33856,105.4297835,-27.93483034,3.47,2.760549,K5Ib,2646,52877,σ Canis Majoris,CanisMajor,1216.417278,1.729,3.43,3.51
2629,,HIP 33873,105.4704863,-1.345883166,6.189,5.799094,K2III,2636,52611,,Monoceros,423.9272882,1.286,,
2630,,HIP 33878,105.4849317,-5.722063131,5.192,4.417954,K5III,2639,52666,,Monoceros,682.0085421,1.687,,
2631,,HIP 33909,105.5644911,-43.40387906,6.431,6.436567,A0V,2658,53253,,Puppis,408.0087066,-0.039,,
2632,,HIP 33914,105.5728917,15.33600982,5.75,5.478879,K1III:,2632,52556,,Gemini,644.2675072,1.14,,
2633,,HIP 33927,105.60325,24.21544625,5.181,4.933735,G5IIa,2630,52497,ω Geminorum,Gemini,1654.822233,0.953,5.14,5.226
2634,,HIP 33929,105.6063911,17.75551959,5.94,4.767023,M1,2631,52554,NP Gem,Gemini,1352.698364,1.518,5.89,6.04
2635,,HIP 33937,105.638697,16.67444524,5.848,5.044696,M2III,2635,52609,,Gemini,1917.646789,1.659,,
2636,,HIP 33971,105.7282386,-4.239232115,5,4.92408,B2Vn(e),2648,52918,19 Mon,Monoceros,1116.439559,-0.195,4.96,5.01
2637,,HIP 33977,105.7561306,-23.83329397,3.02,3.0407,B3Ia,2653,53138,ο 2 Canis Majoris,CanisMajor,2566.931447,-0.077,,
2638,,,105.8129086,-59.17810494,5.85,5.842113,B9III,2674,53921A,,Carina,481.5347751,-0.125,,
2639,,HIP 34002,105.8246426,9.138357838,5.953,5.949629,A3Vs,2647,52913,,Monoceros,258.9356939,0.126,,
2640,,HIP 34033,105.9086328,10.95181765,5.117,4.672274,K3III,2649,52960,,Gemini,742.5956631,1.391,,
2641,Muliphein,HIP 34045,105.9395561,-15.633287,4.12,4.090562,B8II,2657,53244,γ Canis Majoris,CanisMajor,401.9744416,-0.112,,
2642,,HIP 34055,105.9649947,12.59424254,5.985,5.38351,K5,2651,52976,,Gemini,1263.566672,1.584,,
2643,,HIP 34059,105.9733422,-49.58393872,4.925,4.893778,A4IV,2672,53811,H Pup,Puppis,191.9905971,0.14,,
2644,,HIP 34065,105.9888134,-43.60803496,5.28,5.391417,G1.5V,2667,53705,,Puppis,52.97371407,0.624,,
2645,,HIP 34066,105.9894007,-10.12376472,6.428,6.42335,B8III:,2656,53240,,Monoceros,1273.437957,-0.067,,
2646,,HIP 34081,106.011636,-42.33728669,5.19,5.1169,A3mA3-F0,2666,53704,C Pup,Puppis,315.280581,0.198,,
2647,,HIP 34086,106.0218639,-5.323975146,5.602,5.264415,G8IIICNII,2655,53208,,Monoceros,1304.000468,1.29,,
2648,Mekbuda,HIP 34088,106.0272135,20.57029847,3.79,3.539513,G1Ib,2650,52973,ζ Geminorum,Gemini,1168.459397,0.899,3.62,4.18
2649,,HIP 34105,106.0762892,-56.74970225,5.17,5.104016,ApSi,2683,54118,V386 Car,Carina,282.2512287,-0.032,5.16,5.186
2650,,HIP 34142,106.1960473,-22.0316877,6.072,5.743814,K2IIICNIab/b,2664,53629,,CanisMajor,329.625236,1.225,,
2651,,HIP 34168,106.2874534,47.77504172,6.359,6.34506,B9V,2645,52860,,Lynx,1381.357034,-0.048,,
2652,,HIP 34177,106.3182069,-50.36003885,6.449,5.974817,K3III,2687,54179,,Puppis,787.440245,1.424,,
2653,,HIP 34182,106.3265371,22.63745825,6.01,5.992648,B8Vn,2659,53257,44 Gem,Gemini,478.0074468,-0.027,,
2654,,,106.3834161,-34.77769942,6.43,6.361938,~,2677,53952A,,Puppis,181.5145816,0.353,,
2655,,HIP 34215,106.4126061,9.185790691,5.78,5.182931,M0III,2663,53510,,Monoceros,562.0698379,1.513,,
2656,,HIP 34238,106.4652974,70.73192521,6.48,5.858834,K0III,2617,52030,,Camelopardalis,846.7527014,1.568,,
2657,,HIP 34248,106.5020295,-30.65571078,6.325,6.309014,B3V,2680,54031,,CanisMajor,829.5170781,-0.131,6.32,6.54
2658,,HIP 34250,106.5051517,59.80185096,6.39,6.071356,G8III:,2642,52708,,Lynx,349.4101806,1.19,,
2659,,HIP 34253,106.5094495,-38.38286472,6.083,5.917278,G0IIaCH1:,2685,54153,,Puppis,659.9187775,0.702,,
2660,,HIP 34267,106.548299,34.47396785,5.551,5.300716,G8IV,2660,53329,,Gemini,305.2436841,0.909,,
2661,,HIP 34270,106.5596376,-68.83758138,6.474,6.204947,K0III,2712,55151,7 G. Vol,Volans,500.7687833,1.039,,
2662,,HIP 34297,106.649855,-12.39395018,6.5,6.439915,O7.5Vz,2679,53975,,CanisMajor,4939.390786,-0.124,,
2663,,,106.6698588,-11.29401606,5.7,,B0.7Ib,2678,53974A,,CanisMajor,2834.782923,0.033,5.38,5.42
2664,,HIP 34301,106.6698613,-11.29401101,5.39,5.567403,B0IIIn,2678,53974,FN CMa,CanisMajor,2834.782923,0.033,5.38,5.42
2665,,HIP 34318,106.7186366,-24.96057977,6.088,5.655449,K2III,2686,54173,,CanisMajor,970.2382886,1.341,,
2666,,HIP 34338,106.7769635,4.910580944,6.088,6.07608,B9III,2676,53929,,Monoceros,708.6949114,-0.129,,
2667,,HIP 34339,106.7794907,-40.89326951,5.783,5.772754,B3V,2691,54475,D Pup,Puppis,842.377784,-0.158,,
2668,,HIP 34349,106.8053386,-51.96827369,5.952,5.698228,K0III,2698,54732,,Carina,564.0128043,0.996,,
2669,,HIP 34350,106.8178139,-59.71641615,6.47,6.430341,B4V,,54967,,Carina,1455.359068,-0.113,,
2670,,HIP 34358,106.8433275,34.00928883,5.93,5.385504,K4III,2665,53686,,Gemini,680.5839202,1.507,,
2671,,HIP 34360,106.8441142,-23.84071495,5.83,5.853946,B3Vne,2690,54309,FV CMa,CanisMajor,2963.637731,-0.117,5.64,5.94
2672,,HIP 34367,106.8536595,28.17669822,6.464,6.452801,B9V,2669,53744,,Gemini,548.8211925,-0.081,,
2673,,HIP 34387,106.9562041,7.471214725,5.739,5.393294,K0III:,2682,54079,,CanisMinor,567.9443603,1.176,,
2674,,HIP 34428,107.0553012,33.83238946,6.3,5.887267,K1,2673,53899,,Gemini,840.2066181,1.356,,
2675,,HIP 34440,107.0918313,15.93067662,5.476,5.19194,G8III,2684,54131,45 Gem,Gemini,305.2436847,1.02,,
2676,Wezen,HIP 34444,107.0978502,-26.39319958,1.84,,F8Ia,2693,54605,δ Canis Majoris,CanisMajor,1791.210906,0.671,,
2677,,HIP 34462,107.151009,37.44509715,6.185,5.847759,K1III,2675,53925,,Auriga,695.0974455,1.212,,
2678,,HIP 34473,107.1765428,-70.49709075,5.623,5.594026,F0/3,2735,55864,γ 1 Volantis,Volans,147.1121194,0.436,,
2679,,HIP 34481,107.1869404,-70.4989304,3.746,3.498918,K0III,2736,55865,γ 2 Volantis,Volans,141.6160834,1.006,,
2680,,HIP 34495,107.2127839,-39.6556553,4.83,4.782602,B3IV/V,2702,54893,A Pup,Puppis,751.1531708,-0.179,,
2681,,HIP 34536,107.3343721,-10.3465653,6.21,6.167903,O6.5Vz(n)+O7.5Vz,2694,54662,,Monoceros,5821.416705,-0.018,,
2682,,HIP 34561,107.3890136,-16.23450917,6.08,5.9994,B1Ib/II,2699,54764,OS CMa,CanisMajor,4635.538596,0.04,,
2683,,HIP 34579,107.4292652,-25.2310336,5.69,5.656799,B2V,2704,54912,LZ CMa,CanisMajor,1831.462141,-0.158,,
2684,,HIP 34608,107.5278264,21.24698391,6.42,6.169766,G8V,2692,54563,,Gemini,150.4382905,0.88,,
2685,,HIP 34617,107.5390322,-18.68564059,6.23,6.176535,F3V,2705,54958,,CanisMajor,162.3506634,0.419,,
2686,,HIP 34622,107.5570063,-4.23710696,4.92,4.632417,K0III,2701,54810,20 Mon,Monoceros,211.0032458,1.02,,
2687,,HIP 34624,107.5805032,-27.49151916,5.448,5.203824,G9III,2708,55070,,CanisMajor,642.9993705,0.998,,
2688,,HIP 34670,107.6978449,-48.93209712,5.09,4.71368,K2III,2719,55526,,Puppis,312.560111,1.251,,
2689,,HIP 34688,107.7627172,-3.898014582,6.5,6.188535,K0/1III,,54990,,Monoceros,710.2401527,1.158,,
2690,,HIP 34693,107.7848763,30.24516377,4.42,4.020316,K2III,2697,54719,τ Geminorum,Gemini,301.5725971,1.261,,
2691,,HIP 34722,107.8461138,26.85658899,5.75,5.732291,A4IV,2700,54801,47 Gem,Gemini,389.9515552,0.13,,
2692,,HIP 34724,107.8483994,-0.3019292047,5.428,5.357741,F2IV,2707,55057,21 Mon,Monoceros,261.0090557,0.31,5.43,5.5
2693,,HIP 34752,107.9138605,39.32055034,4.886,4.351715,K4III,2696,54716,63 Aur,Auriga,464.387162,1.451,,
2694,,HIP 34758,107.9233532,-20.88306099,5.825,5.823684,A0IV/V,2716,55344,,CanisMajor,488.755674,-0.038,,
2695,,HIP 34763,107.9451968,16.97632199,6.5,6.001509,K5,,54986,,Gemini,1097.642392,1.423,,
2696,,HIP 34768,107.9640959,5.654703025,6.059,6.064187,A1V,2710,55111,,CanisMinor,781.7743581,-0.016,,
2697,,HIP 34769,107.9660853,-0.4927671699,4.15,4.140848,A0IV,2714,55185,δ Monocerotis,Monoceros,374.714311,-0.005,,
2698,,,108.0082766,-63.19007326,6.19,,~,2754,56239A,,Carina,598.1645781,-0.011,,
2699,,HIP 34782,108.0170385,-30.82136703,6.076,6.036273,A8III/IV,2720,55568,,CanisMajor,155.0903161,0.273,,
2700,,HIP 34789,108.0312163,5.474346303,6.152,5.846698,K2III,2713,55184,,CanisMinor,752.8874877,1.142,,
2701,,HIP 34798,108.0508946,-25.9425878,5.897,5.887287,B2IV/V,2718,55522,26 CMa,CanisMajor,718.0608976,-0.17,,
2702,,HIP 34802,108.0658625,-40.49882094,5.31,5.301806,A1/2V:+ApSrEu,2727,55719,E Pup,Puppis,434.0887162,0.072,,
2703,,,108.1075967,-36.54438364,6.055,6.038043,B2.5V,2726,55718A,,Puppis,903.0464056,-0.145,,
2704,,HIP 34819,108.1099009,24.12859389,5.85,5.758055,F5III-IV,2706,55052,48 Gem,Gemini,349.0352805,0.397,,
2705,,HIP 34834,108.1401047,-46.75930461,4.49,4.38301,F3VFe-1.0,2740,55892,QW Pup,Puppis,69.03867462,0.324,4.47,4.497
2706,,,108.15,-27.6667,-0.1,,Galaxy,,,NAME CMa Dwarf Galaxy,CanisMajor,,,,
2707,,HIP 34888,108.2799757,-11.25134221,5.752,5.216747,K4III,2723,55589,,CanisMajor,661.2586357,1.508,,
2708,,HIP 34899,108.3056275,-45.1827376,4.874,4.855254,B9V,2746,56022,OU Pup,Puppis,181.4135232,-0.003,4.86,4.93
2709,,HIP 34909,108.342816,16.15896422,5,3.803366,M4III,2717,55383,51 Gem,Gemini,699.5701679,1.653,6.63,7.02
2710,,HIP 34912,108.3474986,51.42874481,5.5,4.478184,M3III,2703,54895,UY Lyn,Lynx,772.5126939,1.64,5.47,5.55
2711,,HIP 34914,108.3501043,-22.67424163,5.96,5.444655,K4III,2730,55762,,CanisMajor,779.9031198,1.481,,
2712,,HIP 34922,108.3846606,-44.63970886,5.1,5.518075,M5IIIe,2748,56096,L2 Puppis,Puppis,198.0558292,1.331,,
2713,,HIP 34924,108.4018727,-27.35635889,6.101,6.070602,B2II,2734,55857,GY CMa,CanisMajor,5174.599873,-0.234,6.12,6.16
2714,,HIP 34940,108.4516044,-22.905778,6.27,6.331179,B2IV,2733,55856,,CanisMajor,1574.880488,-0.184,,
2715,,,108.485,-30.758,3.6,,Open Cluster,,,Cl Collinder 132,CanisMajor,,,,
2716,,HIP 34954,108.4889071,-30.33979222,6.306,6.282422,B2III,2743,55985,,CanisMajor,1448.887963,-0.183,,
2717,,HIP 34956,108.4918204,71.81658523,6.359,6.070274,K0,2681,54070,,Camelopardalis,395.6304782,1.119,,
2718,,,108.503,-25.724,6.5,,Open Cluster,,,NGC 2354,CanisMajor,,,,
2719,,HIP 34975,108.5452087,-3.901778118,5.94,5.290968,K5III,2731,55775,,Monoceros,612.7824177,1.585,,
2720,,HIP 34981,108.5633822,-26.35250805,4.65,4.514025,B4Ve_sh,2745,56014,27 CMa,CanisMajor,1574.880488,-0.17,4.42,4.82
2721,,HIP 34982,108.5646639,-9.947532915,5.882,5.409335,K1III,2732,55832,,Monoceros,2345.323086,1.528,,
2722,,HIP 34987,108.5835947,3.111417264,5.343,5.008997,K0III,2729,55751,,CanisMinor,749.4253667,1.193,,
2723,,HIP 34999,108.6177206,-10.31624551,6.03,5.970721,O9.7III,2739,55879,,Monoceros,2432.837818,-0.173,,
2724,,HIP 35005,108.6359203,12.11582403,5.702,5.430864,G6III,2728,55730,,CanisMinor,330.9650945,1.007,,
2725,,HIP 35020,108.6589192,-48.27192834,4.76,4.6974,B8/9V,2762,56456,,Puppis,354.3490882,-0.091,,
2726,,HIP 35025,108.6749094,24.88498429,5.82,5.189145,M1III,2725,55621,52 Gem,Gemini,336.7776762,1.554,,
2727,,HIP 35029,108.6917398,-46.84967132,5.715,5.703813,ApSi,2761,56455,PR Pup,Puppis,425.0324337,-0.109,5.69,5.74
2728,,HIP 35037,108.7027251,-26.77266756,3.82,3.982992,B2.5Ve,2749,56139,ω Canis Majoris,CanisMajor,923.5126923,-0.15,3.6,4.18
2729,,HIP 35044,108.7131717,-27.03799518,5.582,5.211322,K5III,2750,56160,,CanisMajor,272.5752164,1.22,,
2730,,HIP 35054,108.7381379,-41.42639477,5.942,5.915371,B8pSi,2759,56410,,Puppis,551.608499,-0.146,,
2731,,HIP 35080,108.8308633,-0.1612845472,6.42,6.201594,K0III,2744,56003,24 Mon,Monoceros,530.0827075,0.901,,
2732,,HIP 35083,108.8377839,-30.6864494,5.337,5.316168,B2V,2756,56342,,CanisMajor,645.545432,-0.155,,
2733,,HIP 35084,108.8384422,-52.49922417,5.947,5.658686,K1III,2767,56705,,Carina,388.5595411,1.099,,
2734,,HIP 35113,108.9073395,45.4094874,6.5,6.174334,K0,,55576,,Lynx,918.3097267,1.152,,
2735,,HIP 35120,108.9142894,7.977743713,5.82,4.674316,M4III,2747,56031,,CanisMinor,603.7033137,1.537,,
2736,,HIP 35127,108.9301736,-10.58360286,5.94,5.611368,K0III,2752,56207,,Monoceros,401.4789217,1.173,,
2737,,HIP 35132,108.9470691,-23.74027674,6.34,6.329585,A0V,2755,56341,,CanisMajor,910.6161274,-0.018,,
2738,,HIP 35152,108.9881964,27.89742098,5.71,4.99035,M1III,2738,55870,53 Gem,Gemini,1079.471145,1.605,,
2739,,HIP 35180,109.0606361,-15.5856906,5.447,5.441996,A1V,2758,56405,,CanisMajor,276.5054729,0.079,,
2740,,HIP 35181,109.0644716,-46.77453323,5.622,5.160376,K4III,2771,56813,,Puppis,692.1438906,1.441,,
2741,,HIP 35202,109.1327076,-38.3189224,5.797,5.780819,B4V,2769,56733,,Puppis,679.165825,-0.133,,
2742,,HIP 35205,109.1458034,-27.88117905,4.64,3.739262,M2III,2766,56618,,CanisMajor,452.7783019,1.589,,
2743,,HIP 35210,109.1534773,-23.31559396,4.79,4.106995,K3Ib-,2764,56577,,CanisMajor,6269.243069,1.601,,
2744,,HIP 35213,109.159817,-23.31095212,5.79,5.947298,A5mA5-A9,,56578,,CanisMajor,257.5039047,0.317,,
2745,,HIP 35226,109.2058676,-36.59263291,5.009,4.986543,B3V,2770,56779,,Puppis,958.8250262,-0.161,,
2746,,HIP 35228,109.2075915,-67.95715268,3.99,3.778655,F8Ib/II,2803,57623,δ Volantis,Volans,659.9187811,0.76,,
2747,,HIP 35241,109.2384006,-30.8970102,6.32,6.277517,A9II,2768,56731,,CanisMajor,480.8273524,0.2,,
2748,,HIP 35253,109.2641779,26.68949249,6.389,6.273673,G7IV,,56176,,Gemini,296.3637676,0.883,,
2749,,HIP 35264,109.2856533,-37.09747115,2.7,2.083237,K4III,2773,56855,π Puppis,Puppis,1093.958595,1.616,,
2750,,HIP 35264,109.2857602,-37.09763321,6.49,2.083237,B5+,2773,56855B,* pi. Pup B,Puppis,1093.958595,1.616,,
2751,,HIP 35301,109.3819274,-6.679994885,6.274,5.647465,K4III,2765,56614,,Monoceros,1689.120708,1.624,,
2752,,HIP 35304,109.3904936,52.13106736,5.918,5.550888,K1III:,2737,55866,,Lynx,609.3463749,1.259,,
2753,,HIP 35317,109.4276851,38.87626282,6.485,6.224623,K0,,56171,,Auriga,524.116904,0.995,,
2754,,HIP 35326,109.4500488,-26.79755785,6.434,6.414549,B5Vn,2774,56876,,CanisMajor,920.9046915,-0.153,,
2755,,HIP 35341,109.5092271,40.88339366,5.87,5.835147,A5Vn,2753,56221,64 Aur,Auriga,267.6519591,0.181,,
2756,,HIP 35345,109.517048,30.9558723,6.196,6.180207,A0Vn,2757,56386,,Gemini,611.6316358,-0.024,,
2757,,HIP 35347,109.5177055,-43.98678579,5.839,5.831825,B8II/III,2789,57197,M Pup,Puppis,620.9519846,-0.117,,
2758,,HIP 35350,109.5232455,16.54038599,3.559,3.579925,A4IV,2763,56537,λ Geminorum,Gemini,94.24695476,0.106,,
2759,,HIP 35363,109.5766399,-36.73395237,4.67,4.5832,B2V+B3IVne,2787,57150,NV Pup,Puppis,846.7527057,-0.099,4.58,4.78
2760,,HIP 35384,109.6332387,49.46475579,5.05,4.975071,A4IIIn,2751,56169,,Lynx,297.1742038,0.087,,
2761,,HIP 35393,109.6396355,-39.2102842,5.243,5.240641,A0V,2791,57240,F Pup,Puppis,469.065269,0.026,,
2762,,HIP 35406,109.6591058,-36.74273748,5.11,5.064229,B3Vne,2790,57219,NW Pup,Puppis,835.8969017,-0.17,5.11,5.18
2763,,HIP 35412,109.6682456,-24.55869951,4.95,4.988013,O7Iafpvar,2781,57060,UW CMa,CanisMajor,2990.826141,-0.16,4.84,5.33
2764,,HIP 35415,109.6770208,-24.95436132,4.4,4.282144,O9II,2782,57061,τ Canis Majoris,CanisMajor,5120.656983,-0.132,,
2765,,HIP 35427,109.7136406,-26.58585586,5.288,5.024112,G2Ib,2786,57146,,CanisMajor,1352.698368,0.956,,
2766,,HIP 35442,109.7580024,-19.2803061,6.094,5.893951,F2Ia,2785,57118,,CanisMajor,9453.811473,0.612,,
2767,,HIP 35463,109.8070187,-33.72716376,6.3,5.895987,K2/3III,2794,57299,,Puppis,734.2337646,1.302,,
2768,,HIP 35476,109.8432267,2.74067607,5.887,5.592915,K0III,2778,56989,,CanisMinor,519.9375839,1.069,,
2769,,HIP 35487,109.8674105,-16.39524869,5.7,5.619552,F2III/IV,2788,57167,R CMa,CanisMajor,143.549259,0.346,5.7,6.34
2770,,HIP 35509,109.9485223,7.14294775,5.91,5.782017,F8IV,2779,57006,,CanisMinor,193.3571853,0.537,,
2771,,HIP 35548,110.028508,15.14292858,6.442,6.430103,A2Vn,2780,57049,,Gemini,1093.958591,0.009,,
2772,Wasat,HIP 35550,110.0307274,21.98230405,3.53,3.457126,F2VkF0mF0,2777,56986,δ Geminorum,Gemini,58.79183387,0.374,,
2773,,HIP 35564,110.0892616,-52.31152522,5.953,,F5V,2813,57852,,Carina,113.3913176,0.483,,
2774,,,110.0910714,-52.30924405,6.443,,F9V,,57853,,Carina,,,,
2775,,HIP 35589,110.1616907,-52.08592245,5.367,5.357598,B9II/III,2815,57917,,Carina,493.1925392,-0.069,,
2776,,HIP 35611,110.2288141,-26.9638368,5.986,5.96096,B3V,2800,57593,,CanisMajor,1801.105011,-0.172,6.01,6.27
2777,,HIP 35615,110.2428542,-14.3604902,5.584,5.332023,G8/K0III,2796,57478,,CanisMajor,556.3126785,0.971,,
2778,,HIP 35623,110.2629109,42.65591255,6.32,5.827976,K0,2775,56941,,Auriga,804.9399259,1.404,,
2779,,HIP 35626,110.2680503,-25.89164492,5.886,4.860951,M3-III-IIIa,2802,57615,MZ CMa,CanisMajor,722.8367998,1.604,,
2780,,HIP 35643,110.3229153,45.22817703,5.739,5.655417,F2VkF1mF0,2776,56963,,Lynx,112.452757,0.342,,
2781,,HIP 35699,110.4869241,20.44365813,5.08,4.457776,M0III,2795,57423,56 Gem,Gemini,428.3837099,1.528,,
2782,,HIP 35707,110.5085609,-8.979379534,6.43,6.374717,O9.2IV,2806,57682,,Monoceros,3636.892234,-0.189,,
2783,,HIP 35710,110.5109067,36.7605836,5.12,4.795151,G8III,2793,57264,65 Aur,Auriga,234.5323033,1.082,,
2784,,HIP 35712,110.5144945,0.1771216664,5.971,5.964321,B9II-III,2801,57608,,CanisMinor,5344.250332,-0.069,,
2785,,HIP 35725,110.5558658,38.99592227,6.4,6.040608,K0,2792,57263,,Auriga,532.6809273,1.217,,
2786,,HIP 35727,110.5563722,-19.01660122,4.95,4.912242,B5II/III,2812,57821,,CanisMajor,516.6417246,-0.039,,
2787,,HIP 35735,110.5716033,59.90199665,6.35,6.353471,A8m,2772,56820,47 Cam,Camelopardalis,229.0936435,0.282,,
2788,,HIP 35737,110.5774605,-2.979128679,6.238,6.057331,K0III+A3V,2807,57708,,Monoceros,590.5785501,0.686,,
2789,,HIP 35749,110.6057914,-5.982828914,5.816,5.738196,F2III,2811,57749,,Monoceros,908.0798454,0.352,,
2790,,HIP 35751,110.6179979,0.7008316929,6.43,6.172781,K0/1III,,57707,,CanisMinor,224.6727572,0.995,,
2791,,HIP 35785,110.7169097,55.28139368,5.78,5.776372,B8V,2784,57103,19 Lyn,Lynx,468.3904441,-0.078,,
2792,,HIP 35795,110.7529057,-31.92377845,5.43,5.373729,B3V,2819,58155,NO CMa,CanisMajor,1429.823477,-0.161,,
2793,,HIP 35842,110.8672374,22.94534813,6.17,6.16796,A1V,2810,57744,58 Gem,Gemini,311.6636057,0.006,,
2794,,HIP 35846,110.8687971,25.05053128,5.022,4.780956,G8II,2808,57727,57 Gem,Gemini,153.9916924,0.902,,
2795,,HIP 35848,110.8708026,-27.83429483,5.356,4.770483,K4III,2822,58215,,CanisMajor,548.8211971,1.539,,
2796,,HIP 35855,110.8828962,-32.20206558,5.39,5.356618,B2/3II/III,2823,58286,,CanisMajor,1156.029018,-0.169,,
2797,,HIP 35893,110.9930718,-35.83783694,6.297,6.289628,B5V,2829,58420,,Puppis,696.5807514,-0.136,,
2798,Aludra,HIP 35904,111.0237595,-29.30310551,2.45,2.450408,B5Ia,2827,58350,η Canis Majoris,CanisMajor,3196.079077,-0.083,,
2799,,HIP 35907,111.0352815,40.67238886,5.188,4.863514,K0.5IIIa,2805,57669,66 Aur,Auriga,727.6778981,1.249,,
2800,,HIP 35920,111.0718081,-22.91275692,6.2,6.185293,B8/9V,2826,58346,,CanisMajor,652.0002341,-0.088,,
2801,,HIP 35933,111.1152031,15.51719675,6.41,6.436633,B2Ve,2817,58050,OT Gem,Gemini,4865.682158,-0.19,6,6.44
2802,,HIP 35941,111.139388,27.63785597,5.759,5.692213,F0:III:,2816,57927,59 Gem,Gemini,209.3771565,0.368,,
2803,,HIP 35946,111.1546888,-71.47065878,6.48,6.470628,A3V,,59640,11 G. Vol,Volans,252.713338,0.12,,
2804,,HIP 35951,111.1674472,-16.20147285,5.19,5.153087,B2Vne,2825,58343,,CanisMajor,944.9276397,-0.035,5,5.5
2805,,HIP 35957,111.1827257,-31.80890474,5.28,5.0238,K1+III,2834,58535,,CanisMajor,551.6084986,1.071,,
2806,,HIP 35975,111.2120112,-19.01228311,6.272,6.172832,A2Ib/II,2831,58439,,CanisMajor,1781.421123,0.291,,
2807,,HIP 35984,111.2378547,51.88725864,5.783,5.152694,K5III,2804,57646,,Lynx,1147.88879,1.61,,
2808,,HIP 35987,111.2424168,11.66952291,5.361,5.344898,A5IV,2820,58187,1 CMi,CanisMinor,317.1208482,0.105,,
2809,,HIP 35998,111.2846474,-13.75197699,5.78,5.676682,F5VFe-0.8CH-0.5,2832,58461,,CanisMajor,113.5096522,0.432,,
2810,,HIP 36017,111.3332265,-21.98258944,6.038,5.973852,A5/7II,2839,58585,,CanisMajor,3165.050385,0.227,,
2811,,HIP 36019,111.3414032,81.25746992,6.29,6.28794,A0III,2709,55075,,Camelopardalis,831.6328168,-0.031,,
2812,,HIP 36024,111.3552823,-25.21776509,5.782,5.760267,B5III,2841,58612,,CanisMajor,3227.723908,-0.103,,
2813,,HIP 36039,111.4087448,-79.09419106,5.522,5.128974,K2/3III,2919,60816,ϵ Mensae,Mensa,466.3822921,1.281,,
2814,,HIP 36041,111.412082,9.276090422,4.986,4.723,G6IIb,2828,58367,ϵ Canis Minoris,CanisMinor,987.8781534,0.991,,
2815,,HIP 36045,111.4290838,-31.73872161,6.297,6.281385,B2/3III,2847,58766,,CanisMajor,987.8781567,-0.176,,
2816,,HIP 36046,111.4316485,27.79807971,3.79,3.50655,G9IIIb,2821,58207,ι Geminorum,Gemini,125.8686403,1.024,,
2817,,HIP 36055,111.4633331,-5.774961933,5.962,5.753909,G3Ib,2833,58526,,Monoceros,1895.348383,0.901,,
2818,,HIP 36114,111.5910412,-51.0184807,5.081,4.815301,K0III,2862,59219,,Carina,562.0698443,1.038,,
2819,,HIP 36123,111.615777,10.6080677,6.377,6.372858,A2IV,2836,58552,,CanisMinor,315.5857138,0.078,,
2820,,HIP 36141,111.6717204,11.00884367,6.375,6.362516,B7IV,2840,58599,,CanisMinor,1263.566673,-0.126,,
2821,,HIP 36143,111.6769402,-34.14069429,5.884,5.868194,B3/5V,2856,59026,,Puppis,973.1331716,-0.153,,
2822,,HIP 36145,111.6785509,49.21152707,4.61,4.58711,A0.5Vs,2818,58142,21 Lyn,Lynx,248.6653866,-0.001,,
2823,,HIP 36156,111.7347018,20.25755477,5.935,5.854714,F2Vn,2837,58579,61 Gem,Gemini,405.472422,0.336,,
2824,,HIP 36168,111.7478445,-23.08602491,5.56,5.525184,B0.5IVe,2855,58978,FY CMa,CanisMajor,1417.393092,-0.134,5.54,5.69
2825,,HIP 36186,111.7832913,-17.86486368,5.62,5.559484,F2V,2853,58954,NR CMa,CanisMajor,280.3095692,0.314,,
2826,Gomeisa,HIP 36188,111.7876739,8.289315763,2.89,2.856039,B8Ve,2845,58715,β Canis Minoris,CanisMinor,170.1463033,-0.097,2.84,2.92
2827,,HIP 36211,111.8576554,66.33157118,6.462,6.459573,B9V,2809,57742,,Camelopardalis,893.1522985,-0.064,,
2828,,HIP 36236,111.9289031,-22.85919055,5.97,5.953435,B5III,2860,59136,,Puppis,881.0805173,-0.088,,
2829,,HIP 36238,111.9348222,21.44527903,5.24,5.098743,F3V,2846,58728,63 Gem,Gemini,110.9600032,0.455,,
2830,,,111.9652492,-11.55686781,6.11,,G2V,2859,59067,,CanisMajor,1009.289843,0.583,,
2831,,HIP 36258,111.9964995,-29.15589871,5.542,5.523808,B9V(pSi),2863,59256,,Puppis,673.5553627,-0.048,,
2832,,HIP 36264,112.0080342,-26.83897609,6.26,5.696527,K4III,,59235,,Puppis,663.951399,1.513,,
2833,,HIP 36265,112.0086452,6.941970608,5.22,5.180653,F0III,2851,58923,η Canis Minoris,CanisMinor,351.2944631,0.221,,
2834,,HIP 36284,112.0408095,8.92552448,4.3,3.776754,K3-IIIFe-0.5,2854,58972,γ Canis Minoris,CanisMinor,397.5603998,1.425,,
2835,,HIP 36325,112.1662596,27.55293997,6.36,6.011066,K2III,,58898,,Gemini,320.8662631,1.223,,
2836,,HIP 36340,112.1968994,15.10982364,6.22,6.220186,B9IV,2858,59059,,Gemini,768.868014,-0.04,,
2837,,HIP 36345,112.2131385,-31.84839592,6.37,,B2.5V,2870,59499,,Puppis,582.1416698,-0.156,,
2838,,HIP 36346,112.2141992,-64.50980574,6.39,5.74782,K5III,2888,60150,12 G. Vol,Volans,680.5839286,1.554,,
2839,,HIP 36348,112.2145294,48.18393893,5.71,5.711954,B9IIIpSr,2844,58661,,Lynx,410.0625032,-0.092,,
2840,,HIP 36351,112.2192788,46.31461962,6.41,6.087536,K0,,58681,,Lynx,337.1264967,1.202,,
2841,,HIP 36362,112.2704781,-31.45621792,5.768,5.747748,B2IV,2873,59550,,Puppis,1143.859433,-0.185,,
2842,,HIP 36363,112.27373,-38.81206732,5.395,5.388409,B3V,2875,59635,,Puppis,556.3126812,-0.148,,
2843,,HIP 36366,112.2779953,31.78454925,4.18,4.094832,F1V,2852,58946,ρ Geminorum,Gemini,60.30349664,0.32,,
2844,,HIP 36377,112.307636,-43.30143539,3.25,2.640516,K5III,2878,59717,σ Puppis,Puppis,183.7656146,1.509,,
2845,,HIP 36388,112.3277836,-1.905325412,5.572,5.049998,K3/4III,2865,59311,,Monoceros,1630.000587,1.493,,
2846,,HIP 36393,112.3351702,28.1182763,5.064,5.039443,A4V,2857,59037,64 Gem,Gemini,163.0000539,0.12,,
2847,,,112.3410961,-14.99866239,6.39,6.232179,F6,2868,59438A,,Puppis,111.2247176,0.479,,
2848,,HIP 36396,112.3421147,-10.32666673,5.706,5.113252,K4/5III,2867,59381,,Monoceros,926.1369927,1.616,,
2849,,HIP 36399,112.3569208,-7.551236129,5.853,5.746506,F6V,2866,59380,,Monoceros,90.68149372,0.487,,
2850,,HIP 36425,112.4490897,12.00656332,4.531,4.158181,K1III,2864,59294,6 CMi,CanisMinor,560.1366586,1.276,,
2851,,HIP 36429,112.4531746,27.91612036,5.01,4.693162,G9IIIb,2861,59148,65 Gem,Gemini,383.0794737,1.117,,
2852,,HIP 36431,112.4642179,-23.02429021,4.86,4.765226,A5/7Iab/II,2874,59612,,Puppis,3227.723908,0.243,,
2853,,HIP 36439,112.4831549,49.6724594,5.357,5.223932,F6V,2849,58855,22 Lyn,Lynx,64.87564812,0.47,,
2854,,HIP 36444,112.4988442,-52.65115682,5.863,5.597071,K0III,2884,60060,,Carina,330.2935406,1.01,,
2855,,HIP 36496,112.6288277,-54.39936488,5.941,5.194829,M1III,2892,60228,,Carina,432.934678,1.585,,
2856,,HIP 36514,112.6775082,-30.96228054,4.65,4.403862,G2Iab/b,2881,59890,,Puppis,1752.687474,0.904,,
2857,,HIP 36521,112.6977965,-9.776877077,5.82,5.807805,G8/K0Ib/II,,59693,U Mon,Monoceros,2248.276112,1.096,,
2858,,HIP 36526,112.7130585,-5.226493363,6.236,5.936006,K0II,2876,59669,,Monoceros,8358.969026,1.185,,
2859,,HIP 36528,112.7194361,68.46564639,5.643,5.294878,K2III,2830,58425,,Camelopardalis,452.7782991,1.1,,
2860,,HIP 36547,112.7686155,82.41146709,4.96,3.779588,M4IIIa,2742,55966,VZ Cam,Camelopardalis,473.1500471,1.633,4.8,4.96
2861,,HIP 36553,112.7865941,11.20298012,6.36,5.998823,K0,,59603,,CanisMinor,711.7919137,1.278,,
2862,,HIP 36616,112.9516855,17.08604576,5.442,5.137375,K2III,2877,59686,,Gemini,301.5725987,1.126,,
2863,,HIP 36640,113.0240122,-8.881326459,5.916,5.776708,G0VFe-1.6CH-0.5,2883,59984,,Monoceros,97.60475851,0.54,,
2864,,HIP 36641,113.0247868,1.914479676,5.233,5.189567,F0V,2880,59881,δ 1 Canis Minoris,CanisMinor,787.4402417,0.23,,
2865,,HIP 36657,113.0927989,-35.96118818,6.346,6.463674,B8V,2895,60312,,Puppis,739.2280873,-0.096,,
2866,,HIP 36721,113.290733,-24.71073425,5.83,5.827828,A3III,2900,60345,,Puppis,305.8161454,0.156,,
2867,,HIP 36723,113.2986073,3.290379184,5.571,5.521031,F1III-IV,2887,60111,δ 2 Canis Minoris,CanisMinor,139.0784928,0.321,,
2868,,HIP 36728,113.3048267,-40.05852156,6.247,6.234099,B8IV(pSi),2907,60559,V376 Pup,Puppis,672.1666035,-0.129,,
2869,,HIP 36732,113.3315192,-19.41252566,5.63,5.328719,K0III,2899,60341,,Puppis,292.37679,1.121,,
2870,,HIP 36736,113.342439,-14.33830612,6.21,6.170937,B2II,2897,60325,,Puppis,1509.259925,-0.061,,
2871,,HIP 36740,113.353456,37.18789562,6.39,6.051356,K0,,59826,,Lynx,529.2220667,1.231,,
2872,,HIP 36760,113.4020119,15.82666451,5.263,5.201296,A1Vp,2886,60107,68 Gem,Gemini,375.1446316,0.055,,
2873,,HIP 36773,113.4498616,-14.52390399,4.97,3.89642,M1Iabe+B2,2902,60414,KQ Pup,Puppis,3360.833016,1.362,4.82,5.17
2874,,HIP 36778,113.4626731,-36.33839243,5.44,5.38232,B2Vne,2911,60606,OW Pup,Puppis,1273.437961,-0.078,5.37,5.56
2875,,HIP 36779,113.4646508,51.31414385,6.49,6.033893,K0,,59721,,Lynx,873.9965315,1.348,,
2876,,HIP 36795,113.5132523,-22.29606755,4.39,4.30543,F6IV-V,2906,60532,,Puppis,83.82221781,0.51,,
2877,,HIP 36796,113.5206817,10.56807519,6.265,6.268056,A0Vb,2893,60275,,CanisMinor,420.1033082,0.022,,
2878,,HIP 36807,113.5534421,-33.46342926,6.095,6.048772,A9IV,2913,60646,,Puppis,286.7193853,0.297,,
2879,,HIP 36812,113.5662192,3.371724321,5.817,5.815489,B9V,2901,60357,δ 3 Canis Minoris,CanisMinor,676.3491815,-0.018,,
2880,,HIP 36817,113.5775694,-23.47366501,5.09,,F5V+F6V,2909,60584,,Puppis,94.73987081,0.468,,
2881,,HIP 36817,113.5775736,-23.47366466,5.77,,F5V,2909,60584,* n Pup A,Puppis,94.73987081,0.468,,
2882,,HIP 36817,113.5802381,-23.47489735,5.795,,F6V,2910,60585,* n Pup B,Puppis,94.73987081,0.468,,
2883,,HIP 36848,113.6449781,-27.01227517,5.77,5.495118,K1III,2916,60666,,Puppis,313.1606023,1.045,,
2884,,HIP 36850A,113.6494285,31.88827619,1.9,,A1.5IV+,2891,60179,,Gemini,,,,
2885,Castor,HIP 36850,113.6494716,31.88828222,1.58,,A1V+A2Vm,2891,60179,α Geminorum,Gemini,51.52529175,0.034,,
2886,,HIP 36850B,113.6504186,31.88849199,3,2.924797,kA0hA2:mA1IVs,2890,60178,,Gemini,,,,
2887,,HIP 36856,113.664915,-51.47451688,6.28,6.254565,A1III/IV,2925,61031,,Carina,1330.611863,0.073,,
2888,,HIP 36896,113.7866801,30.96091796,5.347,5.025065,K0III,2896,60318,,Gemini,302.4120487,1.01,,
2889,,HIP 36914,113.8402374,-74.27495727,6.34,,B9,2979,62153,15 G. Vol,Volans,958.8250303,0.016,,
2890,,HIP 36917,113.8453818,-28.36933479,4.63,4.60901,B7V,2922,60863,,Puppis,224.8276104,-0.111,,
2891,,HIP 36942,113.9155096,-52.53383587,4.92,4.444037,K3III,2934,61248,,Carina,393.7201238,1.373,,
2892,,HIP 36962,113.9806251,26.8957445,4.06,3.386472,M0III,2905,60522,υ Geminorum,Gemini,240.2360024,1.54,,
2893,,HIP 36965,113.9832254,43.03095836,6.41,,F2V,2898,60335,CC Lyn,Lynx,393.2441574,0.364,,
2894,,HIP 36977,114.0066852,-55.88770846,6.399,6.049318,K1/2IIICNII,2941,61394,,Carina,601.4767394,1.182,,
2895,,HIP 36981,114.0162213,-14.49277192,5.7,5.633544,B2Ve,2921,60855,V378 Pup,Puppis,1654.822237,-0.067,,
2896,,HIP 36986,114.0308829,-22.16050435,6.34,6.159188,K1II,2923,60951,,Puppis,690.6768888,0.968,,
2897,,HIP 37000,114.0695679,-8.31130169,6.284,5.597804,K5III,2920,60853,,Monoceros,619.7718619,1.541,,
2898,,HIP 37023,114.1318103,46.18028663,5.65,4.959143,M0III,2903,60437,,Lynx,518.2847627,1.56,,
2899,,HIP 37031,114.1446076,5.862171937,5.888,5.754037,G0V,2918,60803,,CanisMinor,142.2338479,0.602,,
2900,,HIP 37036,114.1709802,-19.70234028,5.699,5.670481,B2III,2928,61068,PT Pup,Puppis,1697.916194,-0.165,5.72,5.74
2901,,HIP 37043,114.1830003,-48.83016602,5.68,5.679773,B8V,2940,61391,,Puppis,496.9513209,-0.037,,
2902,,HIP 37046,114.1959794,55.75506255,5.931,5.617978,K2III,2894,60294,,Lynx,280.3095665,1.123,,
2903,,HIP 37088,114.3195459,-4.110981631,5.131,5.014442,F6III,2927,61064,25 Mon,Monoceros,202.3587024,0.442,,
2904,,HIP 37089,114.3205437,-23.77539776,6.361,6.198921,F0Ib,2933,61227,,Puppis,40750.01476,0.54,,
2905,,HIP 37091,114.3241309,40.02537432,6.34,5.634012,~,2915,60654,,Lynx,639.2145066,1.6,,
2906,,HIP 37096,114.34211,-34.96853762,4.83,4.4051,~,2937,61330,NAME * f Pup AB,Puppis,358.2415295,-0.081,,
2907,,HIP 37096,114.3421241,-34.9685308,4.53,4.4051,B8IV/V,2937,61330,,Puppis,358.2415295,-0.081,,
2908,,HIP 37096,114.342167,-34.96844822,6.07,4.4051,~,2937,61330,* f Pup C,Puppis,358.2415295,-0.081,,
2909,,HIP 37128,114.4375887,-38.01042531,6.362,5.828125,K4III,2945,61453,,Puppis,565.972065,1.472,,
2910,,HIP 37140,114.4743699,48.77384326,5.906,5.886686,A5m,2914,60652,,Lynx,262.0581239,0.221,,
2911,,HIP 37165,114.5598722,24.36044327,6.37,6.295471,F0,2926,61035,,Gemini,153.2676471,0.337,,
2912,,HIP 37173,114.5751911,-25.36480577,4.67,4.657461,B8III,2944,61429,PU Pup,Puppis,550.6761384,-0.1,4.69,4.75
2913,,HIP 37174,114.5758685,-48.6014346,5.658,5.465354,F7Ib/II,2957,61715,MY Pup,Puppis,5015.381418,0.683,5.54,5.76
2914,,HIP 37202,114.6355773,-38.78148864,6.191,5.933106,G8III,2955,61642,,Puppis,393.2441625,1.015,,
2915,,HIP 37204,114.636933,35.04854985,5.572,5.339538,G8III,2924,60986,70 Gem,Gemini,306.1033481,0.921,,
2916,,HIP 37223,114.682911,-36.49683282,5.8,5.749745,B3III,2954,61641,,Puppis,964.4974294,-0.148,,
2917,,HIP 37229,114.7057298,-26.80175682,4.5,,B6V,2948,61555,* k01 Pup,Puppis,454.0399232,-0.159,,
2918,,HIP 37229,114.7077947,-26.80384716,4.429,,B5IV,2949,61556,* k02 Pup,Puppis,454.0399232,-0.159,,
2919,,HIP 37248,114.7513246,-53.27335682,6.044,6.039035,B9IV/V(pSi),2971,61966,V390 Car,Carina,544.2408985,-0.118,6.06,6.064
2920,Jishui,HIP 37265,114.7913944,34.58430633,4.9,4.771059,F5-6IV,2930,61110,ο Geminorum,Gemini,158.0989686,0.413,,
2921,,HIP 37269,114.8000212,24.22253066,6.18,6.174125,A2V,2931,61219,,Gemini,434.6657331,0.028,,
2922,Procyon,HIP 37279,114.8254979,5.22498756,0.37,,F5IV-V+DQZ,2943,61421,α Canis Minoris,CanisMinor,11.40139435,0.432,,
2923,,HIP 37289,114.8508198,-16.84729035,6.38,5.873151,K3III,,61589,,Puppis,666.6669798,1.47,,
2924,,HIP 37293,114.8624197,-26.86311251,6.485,6.4808,B5/7V,2956,61672,,Puppis,819.0948559,-0.094,,
2925,,HIP 37297,114.863911,-38.30802345,4.84,4.78793,B3V,2961,61831,,Puppis,573.9427681,-0.189,,
2926,,HIP 37300,114.869139,17.67452184,5.05,4.348118,K5.5III,2938,61338,74 Gem,Gemini,531.8105086,1.616,,
2927,,HIP 37322,114.9325649,-38.1392981,5.77,5.78219,B5V,2963,61878,,Puppis,611.6316417,-0.125,,
2928,,HIP 37329,114.9494788,-38.26065233,5.747,5.726843,B3III,2964,61899,,Puppis,1116.439565,-0.071,,
2929,,HIP 37339,114.9753954,32.00973171,6.165,6.073616,F5III,2936,61295,,Gemini,274.873515,0.374,,
2930,,HIP 37345,114.9916296,-37.57942428,5.996,5.972343,B5IV,2968,61925,V468 Pup,Puppis,1352.69837,-0.04,5.92,6.02
2931,,,115.0291268,5.2311748,6.07,,A0III,2950,61563,,CanisMinor,258.8543585,,,
2932,,,115.043,-33.54,6.3,,Open Cluster,,,Cl Bochum 15,Puppis,,,,
2933,,HIP 37364,115.0563692,-19.66086011,5.921,5.602173,K0III,2960,61774,,Puppis,719.6485193,1.158,,
2934,,HIP 37369,115.0612212,38.34454087,5.73,5.059237,M0III,2935,61294,,Lynx,815.0002905,1.654,,
2935,,HIP 37375,115.0875837,-11.75254932,6.42,6.059218,K1III,,61750,,Puppis,537.9556128,1.245,,
2936,,HIP 37379,115.0967102,-15.26391964,4.951,4.385929,K3III,2959,61772,,Puppis,676.3491833,1.543,,
2937,,HIP 37391,115.1270431,87.02010502,5.07,4.274878,K8,2609,51802,OV Cep,Cepheus,499.2333168,1.604,5,5.07
2938,,HIP 37394,115.1480145,-8.185429859,6.013,5.999576,A2III,2958,61749,,Monoceros,310.18096,0.153,,
2939,,HIP 37404,115.1966013,13.77125272,6.21,5.764905,K0,2953,61630,,Gemini,1034.919971,1.393,,
2940,,HIP 37405,115.2042365,4.071816905,6.5,5.942886,K5III,,61721,,CanisMinor,515.0084634,1.457,,
2941,,HIP 37406,115.2064534,57.08282785,6.076,5.570986,K5III,2929,61106,23 Lyn,Lynx,698.0738281,1.44,,
2942,,HIP 37428,115.2438274,23.01852863,5.906,5.330736,K5III,2951,61603,,Gemini,1523.365948,1.561,,
2943,,HIP 37441,115.301662,48.1315327,5.581,5.304179,K0III,2939,61363,,Lynx,325.6744391,1.011,,
2944,,HIP 37447,115.3117999,-9.551132713,3.93,3.660842,G9.5III-IIIbFe-0.5,2970,61935,α Monocerotis,Monoceros,144.183982,1.022,,
2945,,HIP 37450,115.3158857,-38.53353313,5.393,5.379207,B3V,2981,62226,,Puppis,617.4246639,-0.13,,
2946,,HIP 37461,115.3405155,-44.63216657,6.406,6.380679,B7IV/V,2984,62318,,Puppis,1139.859414,-0.003,,
2947,,HIP 37465,115.3480342,-22.33671821,6.16,5.261986,M0/1III,2976,62082,,Puppis,860.1578305,1.644,,
2948,,HIP 37478,115.3964793,3.624779129,5.942,5.941762,B9.5IV/V,2966,61887,,CanisMinor,503.8657794,-0.032,,
2949,,HIP 37504,115.455246,-72.60609911,3.944,3.661844,G9IIIb,3024,63295,ζ Volantis,Volans,133.8259854,1.033,,
2950,,HIP 37508,115.4660263,13.48045606,5.8,4.931006,M2III,2965,61885,,Gemini,785.542921,1.669,,
2951,,HIP 37521,115.5134087,14.2085062,5.56,4.508947,M3+II-III,2967,61913,NZ Gem,Gemini,1021.945167,1.642,5.52,5.72
2952,,HIP 37530,115.5425708,-58.63091939,6.389,6.376882,B3V,3006,62758,,Carina,1068.853329,-0.094,,
2953,,HIP 37580,115.6814575,34.00022074,6.06,5.939928,F7V,2962,61859,,Gemini,178.04496,0.469,,
2954,,HIP 37590,115.7006349,-26.35132651,5.628,5.366955,K1III,2988,62412,,Puppis,332.9928199,0.99,,
2955,,HIP 37599,115.7222071,-58.23006617,6.205,5.921666,K0III,3012,62897,,Carina,629.3432299,1.049,,
2956,,HIP 37606,115.7378983,-45.17311541,5.04,4.83457,G8IV-V,2998,62644,,Puppis,78.68697535,0.765,,
2957,,HIP 37609,115.7517326,58.71035918,4.947,4.914018,A3IVn,2946,61497,24 Lyn,Lynx,237.0910791,0.104,,
2958,,HIP 37614,115.7725756,0.18933284,6.31,,K0III,2982,62264,,CanisMinor,452.7783013,1.047,,
2959,,HIP 37614,115.7725811,0.1893342001,6.31,,~,2982, 62264AB,NAME HD 62264AB,CanisMinor,452.7783013,1.047,,
2960,,HIP 37623,115.79993,-36.05008997,5.585,5.572542,B5V,2994,62578,,Puppis,598.1645768,-0.13,,
2961,,HIP 37629,115.828032,28.88350884,4.29,3.96805,K1IIIe,2973,62044,σ Geminorum,Gemini,122.189078,1.118,4.13,4.29
2962,,HIP 37634,115.8382927,4.945756727,6.48,6.047692,K0,,62286,,CanisMinor,642.9993699,1.356,,
2963,,HIP 37636,115.8424122,22.39944361,6.229,6.004469,K0III,2978,62141,,Gemini,306.6793911,0.93,,
2964,,HIP 37648,115.8849445,-28.41088575,4.59,3.919099,K5III,2993,62576,1 Pup,Puppis,976.0476131,1.632,,
2965,,HIP 37664,115.9247043,-40.93374645,5.17,4.814523,K1III,3002,62713,,Puppis,215.4661926,1.104,,
2966,,HIP 37666,115.9288168,-38.20187983,6.4,6.401563,B8IV,3001,62712,,Puppis,580.0715705,-0.119,,
2967,,HIP 37677,115.9519567,-28.95482621,3.93,3.896106,A4Iabe,2996,62623,3 Pup,Puppis,5528.076201,0.16,,
2968,,HIP 37701,116.0174083,50.43379384,5.36,5.341067,A0IIIn,2969,61931,50 Cam,Lynx,689.216405,-0.001,,
2969,,HIP 37704,116.0288124,25.78416012,5.289,4.690304,K4.5III,2983,62285,76 Gem,Gemini,594.8915314,1.535,,
2970,,HIP 37705,116.0318041,2.405422685,6.47,6.4329,A5IV,2989,62437,AZ CMi,CanisMinor,432.934674,0.211,6.44,6.51
2971,,HIP 37710,116.0403596,-36.0625053,5.784,5.718856,F0IV,3007,62781,,Puppis,141.8009235,0.32,,
2972,,HIP 37720,116.0542212,-69.82161522,6.154,6.155805,A0IV/V,3038,63584,18 G. Vol,Volans,402.9654888,-0.032,,
2973,,HIP 37723,116.0585755,12.86007096,6.4,5.946778,K0,2987,62407,,CanisMinor,876.343734,1.392,,
2974,,HIP 37740,116.1118492,24.39799647,3.57,3.339139,G8III-IIIb,2985,62345,κ Geminorum,Gemini,143.4227699,0.932,,
2975,,HIP 37751,116.1423736,-24.67407959,5.6,5.572415,B2II,3004,62747,V390 Pup,Puppis,1862.859214,-0.191,,
2976,,HIP 37752,116.1424293,-37.94291958,5.87,5.8701,B8V,3011,62893,,Puppis,608.2086407,-0.115,,
2977,,HIP 37773,116.1827231,-66.07193156,6.382,6.143688,G6/8III,3036,63513,17 G. Vol,Volans,648.1110574,0.949,,
2978,,HIP 37819,116.3137339,-37.96858526,3.61,2.875049,K4III,3017,63032,c Pup,Puppis,1387.234823,1.706,,
2979,,HIP 37823,116.3251783,-43.75256594,6.012,5.996739,B5V,3020,63118,,Puppis,885.8694618,-0.069,,
2980,Pollux,HIP 37826,116.3289578,28.02619889,1.14,,K0IIIb,2990,62509,β Geminorum,Gemini,33.7245775,1,,
2981,,HIP 37843,116.371397,-14.69053472,5.997,6.061605,A5/8,3010,62864,2 Pup A,Puppis,358.6359884,0.11,,
2982,,HIP 37853,116.3955052,-34.17255156,5.362,5.194014,F9V,3018,63077,171 G. Pup,Puppis,49.55169201,0.589,,
2983,,HIP 37854,116.3979868,-56.72256862,6.101,6.009281,F0II,3031,63382,,Carina,942.1957633,0.397,,
2984,,HIP 37891,116.4869565,-14.5638052,5.026,4.935122,F2V,3015,62952,4 Pup,Puppis,236.2320721,0.342,,
2985,,HIP 37901,116.5091271,-6.77251422,5.496,5.016689,K5III,3014,62902,,Monoceros,238.3041283,1.378,,
2986,,HIP 37908,116.5310351,18.5099981,4.87,4.289497,K4III,3003,62721,81 Gem,Gemini,341.36124,1.425,,
2987,,HIP 37915,116.5439342,-37.93367765,5.869,5.846953,B5V,3022,63215,V392 Pup,Puppis,631.7817093,-0.111,,
2988,,HIP 37921,116.5675051,10.7682517,5.237,5.224513,A1Vnn,3008,62832,11 CMi,CanisMinor,312.2605139,0.018,,
2989,,HIP 37934,116.6142278,62.83052303,6.458,6.473556,A7VpSrCrEuSiKsn,2977,62140,,Camelopardalis,264.6103792,0.262,6.43,6.48
2990,,HIP 37939,116.6392196,-37.77256863,6.315,5.821383,K3III,,63291,,Puppis,597.0692168,1.348,,
2991,,HIP 37946,116.6636683,37.51739522,5.18,4.31805,M3III,2999,62647,DU Lyn,Lynx,326.3261138,1.588,5.18,5.31
2992,,HIP 37949,116.6669922,65.45567406,5.925,5.599831,K2III:,2975,62066,51 Cam,Camelopardalis,331.9756956,1.183,,
2993,,HIP 37951,116.6863045,-12.67531515,6.386,6.379347,B9III,3019,63112,,Puppis,961.6514468,-0.004,,
2994,,HIP 37982,116.7739856,-39.33099603,6.322,6.295827,ApSi,3032,63401,OX Pup,Puppis,684.8740887,-0.142,6.3,6.36
2995,,HIP 37995,116.8023095,-22.51950972,5.87,5.856215,B1/2V,3023,63271,,Puppis,987.8781572,-0.18,,
2996,,HIP 37996,116.8108084,-36.07360053,6.45,6.17755,K1III,,63399,,Puppis,428.3837155,1.083,,
2997,,HIP 38010,116.8541357,-38.5111418,5.068,5.025613,B2IV/V,3035,63465,,Puppis,1239.54373,-0.112,,
2998,,HIP 38016,116.8763493,33.41569686,5.14,4.415376,M0III,3013,62898,π Geminorum,Gemini,562.0698394,1.635,,
2999,,HIP 38020,116.8812731,-46.60848992,5.208,5.170034,B2III,3037,63578,,Puppis,1671.797067,-0.151,,
3000,,HIP 38031,116.910526,-15.99068922,6.309,5.746924,K1Ia-Iab,3026,63302,QY Pup,Puppis,2279.722085,1.791,6.24,6.71
3001,,HIP 38037,116.9383638,-16.01448296,6.43,5.59548,K5II/III,3027,63323,,Puppis,2397.059307,1.697,,
3002,,HIP 38048,116.9863034,-12.19275683,5.73,5.566444,~,3029,63336A,* 5 Pup A,Puppis,98.60851376,0.478,,
3003,,HIP 38070,117.021536,-25.93716961,4.49,4.4038,B1IVe,3034,63462,ο Puppis,Puppis,2469.698654,-0.07,,
3004,,HIP 38074,117.035615,-40.65237924,6.14,5.205245,M2III,3041,63640,T Pup,Puppis,600.3683382,1.591,,
3005,,HIP 38087,117.0812437,-56.47107584,6.38,,K0III+A1V,3056,63926,,Carina,2263.888262,1.01,,
3006,,,117.081258,-56.471072,6.484,,K0III,3056,63926,,Carina,2263.888262,1.01,,
3007,,HIP 38089,117.0839989,-47.07772423,4.71,4.406257,K0IIIb,3046,63744,Q Pup,Puppis,227.0196375,1.039,,
3008,,HIP 38106,117.1401627,23.14097899,6.21,6.282021,K0III+A0IV:,3021,63208,82 Gem,Gemini,1051.614437,0.571,,
3009,,HIP 38146,117.2569739,-24.91224714,5.313,5.08861,G1.5IIIFe-0.5,3043,63660,,Puppis,320.8662678,0.751,,
3010,,HIP 38147,117.2576527,13.37186953,6.066,5.611209,K0III,3030,63352,,Gemini,659.9187759,1.367,,
3011,,HIP 38152,117.2780062,-56.41036376,5.57,5.244121,G5II,3062,64067,,Carina,934.0979204,1.116,,
3012,,HIP 38159,117.3035938,-46.85771875,5.805,5.782577,B2III,3058,63949,QS Pup,Puppis,1917.646796,-0.142,,
3013,,HIP 38160,117.3039181,-60.2837136,5.771,5.673696,F4V,3070,64185,,Carina,113.9063995,0.428,,
3014,,HIP 38164,117.3095733,-46.37319965,4.11,4.034592,B0III,3055,63922,,Puppis,1963.857313,-0.16,,
3015,,HIP 38167,117.3110395,-35.24328625,5.936,5.9294,B9V,3049,63786,V397 Pup,Puppis,478.0074536,-0.051,,
3016,Azmidi,HIP 38170,117.3235565,-24.85978388,3.3,3.0238,G6Ib,3045,63700,ξ Puppis,Puppis,1347.107468,1.218,,
3017,,HIP 38183,117.3678343,-44.75115651,6.313,6.066932,K0III,3057,63948,,Puppis,329.2927204,0.962,,
3018,,HIP 38184,117.3700293,-13.35294971,6.234,6.203152,B8/9II,3042,63655,,Puppis,1873.565058,-0.078,,
3019,,HIP 38196,117.3846355,12.81425122,6.41,6.172589,K0,,63475,,CanisMinor,510.972582,0.984,,
3020,,HIP 38200,117.3975065,-33.28895038,5.585,4.86685,M0III,3052,63852,,Puppis,690.6768905,1.617,,
3021,,HIP 38206,117.4165656,-14.08535999,6.35,5.568938,K5III,,63696,,Puppis,939.4801791,1.66,,
3022,,HIP 38209,117.4198377,-19.50551788,6.48,6.107049,K2III,,63734,,Puppis,416.8791702,1.234,,
3023,,HIP 38210,117.4207962,-66.19597347,5.762,5.767255,B9V,3081,64484,19 G. Vol,Volans,457.8639086,-0.04,,
3024,,HIP 38211,117.4216726,-17.22840847,5.162,4.761387,K3III,3044,63697,6 Pup,Puppis,253.3024167,1.282,,
3025,,HIP 38246,117.5236186,-19.52354705,6.091,5.751717,K1III,3051,63822,,Puppis,1873.565058,1.265,,
3026,,HIP 38253,117.5440685,-9.183441936,5.598,5.156718,K2III,3047,63752,,Monoceros,1405.171348,1.446,,
3027,,HIP 38267,117.5992619,-50.50946704,5.907,5.582209,K2III,3071,64225,,Puppis,258.9357014,1.088,,
3028,,HIP 38292,117.6771231,-44.57994572,6.457,6.227515,G6III,3069,64181,,Puppis,561.1016245,0.899,,
3029,,HIP 38300,117.6974802,3.277252157,6.19,5.882484,K0/1III,3050,63799,,CanisMinor,384.4356368,1.106,,
3030,,HIP 38303,117.7129105,4.459515131,6.5,6.251886,G8III/IV,,63798,,CanisMinor,386.7143775,0.944,,
3031,,HIP 38306,117.7225982,0.07955633529,6.37,6.011953,K2/3III,,63838,,CanisMinor,413.7071877,1.237,,
3032,,HIP 38307,117.7301702,-11.12859165,6.158,5.863878,K0/1III,3054,63894,,Monoceros,411.0959275,1.128,,
3033,,HIP 38316,117.7503316,-24.52855516,6.48,6.485046,B9.5V,3060,64042,,Puppis,504.6449224,-0.003,,
3034,,HIP 38319,117.759822,33.2336531,6.041,6.036213,A2m,3040,63589,,Gemini,207.7758452,0.15,,
3035,,HIP 38325,117.7737965,54.12924123,6.02,5.912585,F6V,3028,63332,,Lynx,97.83915091,0.496,,
3036,,HIP 38349,117.8139198,37.08208833,6.5,5.895164,K2,,63588,,Lynx,393.2441583,1.51,,
3037,,HIP 38355,117.8347456,-43.09523363,6.33,6.315979,B2/3V,3074,64287,,Puppis,1582.525195,-0.173,,
3038,,HIP 38370,117.9181584,-42.88820384,6.032,6.008785,B2III,3078,64365,QU Pup,Puppis,1762.1643,-0.181,,
3039,,HIP 38372,117.9203457,-12.81940284,6.361,6.275249,F3IV,3063,64077,8 Pup,Puppis,243.8295051,0.384,,
3040,,HIP 38373,117.924953,1.766868461,5.16,5.086645,B8II,3059,63975,ζ Canis Minoris,CanisMinor,420.1033099,-0.116,,
3041,,HIP 38375,117.9292704,-21.1736601,5.607,5.363337,G9III,3068,64152,,Puppis,273.9496346,0.956,,
3042,,HIP 38382,117.94281,-13.89795157,6.49,5.529728,~,3064,64096,* 9 Pup B,Puppis,54.35139011,0.6,,
3043,,HIP 38382,117.9429482,-13.89800983,5.61,5.529728,~,3064,64096A,* 9 Pup A,Puppis,54.35139011,0.6,,
3044,,HIP 38394,117.9865519,19.32508495,6.032,5.724317,K1III:,3053,63889,,Gemini,415.2882871,1.125,,
3045,,HIP 38403,118.0161044,45.93298761,6.5,6.476394,A3,,63630,,Lynx,339.5845387,0.213,,
3046,,HIP 38406,118.0299574,3.277343592,6.39,4.943894,M4/5III,3061,64052,BC CMi,CanisMinor,419.5621496,1.464,6.14,6.42
3047,,,118.046,-38.537,5.8,,Open Cluster,,,NGC 2477,Puppis,,,,
3048,,HIP 38414,118.0542994,-40.57578173,3.696,3.393327,K1/2II+A,3080,64440,,Puppis,344.6082058,1.012,,
3049,,HIP 38423,118.0652624,-34.70543992,5.12,,F5V,3079,64379A,* 212 Pup A,Puppis,58.75989147,0.47,,
3050,,HIP 38427,118.0786621,-14.84617793,5.689,5.602957,F1Ia,3073,64238,10 Pup,Puppis,1185.453788,0.368,,
3051,,HIP 38438,118.1239235,-54.36716358,5.68,5.651069,B2IV,3088,64722,V372 Car,Carina,1461.882332,-0.151,5.69,5.717
3052,,HIP 38449,118.1517783,55.209438,6.37,6.357073,A0Vn,3039,63586,,Lynx,439.9469349,-0.003,,
3053,,HIP 38455,118.1610287,-38.86281461,4.474,4.436491,B2V,3084,64503,QZ Pup,Puppis,640.4728729,-0.188,4.47,4.54
3054,,HIP 38474,118.1994021,-5.428136049,5.765,5.93853,F5IV,3072,64235,,Monoceros,133.3333946,0.412,,
3055,,HIP 38497,118.264611,-36.36376821,5.418,5.134423,K1IIICNII,3085,64572,,Puppis,756.3822147,1.161,,
3056,,HIP 38500,118.2651437,-49.61304341,4.63,4.572828,B2V,3089,64740,,Puppis,719.6485224,-0.228,,
3057,,HIP 38518,118.3256562,-48.10293513,4.24,4.174099,B0.5Ib,3090,64760,,Puppis,1940.476585,-0.13,,
3058,,HIP 38538,118.3742007,26.76578141,4.963,4.929405,A5IV,3067,64145,ϕ Geminorum,Gemini,254.2901945,0.098,,
3059,,HIP 38593,118.5458742,-35.87728564,5.463,5.444371,B2V,3091,64802,,Puppis,800.9822909,-0.175,,
3060,,HIP 38623,118.6219312,47.38597737,6.253,5.937974,K2III:,3065,64106,25 Lyn,Lynx,615.0937586,1.133,,
3061,,HIP 38635,118.666319,-34.8467112,6.12,5.561522,K4III,3092,64876,,Puppis,677.7542462,1.54,,
3062,,HIP 38639,118.6779093,47.56459331,5.446,4.941986,K4III,3066,64144,26 Lyn,Lynx,507.7875597,1.462,,
3063,,HIP 38656,118.7221556,-57.30280785,5.613,5.212695,K3/4III,3105,65273,,Carina,343.1575066,1.298,,
3064,,HIP 38667,118.7517721,-52.58332875,6.356,6.328313,B8III,3100,65189,,Carina,1003.076285,-0.007,,
3065,,HIP 38686,118.8077046,-30.91764625,6.43,5.947862,K4III,3096,64974,,Puppis,1293.649969,1.474,,
3066,,HIP 38712,118.8809719,8.862839244,5.8,5.771353,F3V,3087,64685,,CanisMinor,124.3801265,0.369,,
3067,,HIP 38722,118.9162269,19.88396701,5.365,5.358676,A0Vs,3086,64648,85 Gem,Gemini,339.2291998,-0.035,,
3068,,HIP 38723,118.9201139,35.41268152,6.221,6.157226,A3p,3083,64491,,Lynx,196.9790475,0.277,6.23,6.26
3069,,HIP 38783,119.0777014,-60.52643508,5.717,5.203313,K3+IIIa,3120,65662,,Carina,1244.273993,1.554,,
3070,,HIP 38792,119.0946758,-30.28457072,6.4,4.678067,M5/6III,3099,65183,PX Pup,Puppis,1220.974763,1.476,6.25,6.67
3071,,HIP 38794,119.0996127,4.485563828,6.162,5.908556,G8/K0III,3093,64938,,CanisMinor,844.5587238,0.957,,
3072,,HIP 38827,119.1946671,-52.98234546,3.431,3.441479,B3IV,3117,65575,χ Carinae,Carina,386.7143822,-0.177,3.46,3.475
3073,,HIP 38834,119.2122781,-59.12576635,6.25,5.313545,M1II,3126,65750,,Carina,967.359713,2.025,6.2,7.1
3074,,HIP 38835,119.2147597,-22.88011163,4.184,4.017603,F7II,3102,65228,11 Pup,Puppis,502.3107618,0.718,,
3075,,HIP 38846,119.2408356,-43.50040227,5.346,5.272162,B3IV/V,3114,65460,,Puppis,1120.276587,-0.166,,
3076,,HIP 38845,119.2409545,-42.40647645,6.075,5.657343,K3III,3111,65442,,Puppis,702.5856759,1.361,,
3077,,HIP 38848,119.2477193,15.7902783,5.78,5.407062,K3-III,3095,64960,1 Cnc,Cancer,461.7563444,1.285,,
3078,,HIP 38863,119.3031569,-63.29683293,6.124,6.12106,B8V,3139,65908,,Carina,463.7286507,-0.103,,
3079,,HIP 38868,119.3161715,8.641217761,6.023,5.779733,K0III,3097,65066,,CanisMinor,294.2239062,1,,
3080,,HIP 38872,119.3267542,-44.10985983,5.064,5.037912,B2III/IV,3116,65551,N Pup,Puppis,1283.465726,-0.166,,
3081,,HIP 38879,119.3335911,-47.89074476,6.215,6.458736,B5V,3118,65598,,Puppis,1009.289847,-0.099,,
3082,,HIP 38901,119.4171094,-30.33457124,4.79,4.740834,A7III,3113,65456,χ Pup,Puppis,1442.478803,0.151,,
3083,,HIP 38908,119.4454762,-60.30307193,5.6,5.442085,F9.5V,3138,65907,,Carina,52.78496366,0.573,,
3084,,HIP 38917,119.4654965,-45.57766906,5.123,4.768989,K2III,3121,65685,O Pup,Puppis,299.9080482,1.263,,
3085,,HIP 38925,119.4783692,-40.78435264,6.46,6.218703,K0III,,65638,,Puppis,572.9354288,0.979,,
3086,,HIP 38945,119.5245724,7.213527654,6.42,6.417028,A0V,3103,65241,BU CMi,CanisMinor,842.377783,-0.031,,
3087,,HIP 38957,119.5601607,-49.24491521,4.41,4.460214,B1Vp+B2:,3129,65818,V Pup,Puppis,1164.286604,-0.18,4.35,4.92
3088,,HIP 38959,119.5690226,43.97737639,6.36,6.084542,K0,3094,64958,,Lynx,517.4599835,1.043,,
3089,,HIP 38963,119.5892981,-51.44847335,6.432,6.387828,A8/9IV,3133,65867,,Carina,518.2847698,0.26,,
3090,,HIP 38975,119.6311289,16.51868096,6.002,5.553939,K0,3104,65257,,Cancer,1399.143604,1.468,,
3091,,HIP 38994,119.7106289,-60.82446124,5.81,5.805288,B3Vn,3147,66194,,Carina,1028.390195,-0.082,5.72,5.84
3092,,HIP 39014,119.7575058,-45.21583945,5.963,5.95116,B3V,3137,65904,,Puppis,1075.907971,-0.143,,
3093,,HIP 39023,119.7738126,-23.31039653,5.11,4.783968,G9IIa,3123,65699,12 Pup,Puppis,785.5429246,1.111,,
3094,,HIP 39035,119.8012704,-49.97684986,6.25,6.306296,B2/3,3142,66005,,Puppis,1283.465727,-0.151,,
3095,,HIP 39038,119.8065047,-49.97377071,6.26,6.324428,B2/3,3143,66006,,Puppis,838.0452456,-0.089,,
3096,,HIP 39041,119.8156867,-73.24417097,6.327,6.304754,A3III,3171,66920,20 G. Vol,Volans,409.0356115,0.128,,
3097,,HIP 39061,119.8682216,-39.29691742,5.224,5.185173,F3V,3140,65925,,Puppis,188.6575736,0.4,,
3098,,HIP 39067,119.8960645,13.24216635,6.07,5.639002,K2,3115,65522,,Cancer,301.0157925,1.325,,
3099,,HIP 39070,119.9064263,-60.58706218,5.18,4.298846,M1.5IIb,3153,66342,,Carina,1044.872761,1.758,5.15,5.3
3100,,HIP 39073,119.9170289,-60.20735075,6.294,6.276951,B5III,3152,66341,,Carina,1364.017097,-0.05,,
3101,,HIP 39079,119.9339711,-3.67958567,4.934,4.560082,K1III,3122,65695,27 Mon,Monoceros,249.617311,1.205,,
3102,,HIP 39094,119.9640546,36.08207421,6.5,5.836585,K5,,65392,,Lynx,812.9693109,1.561,,
3103,,HIP 39095,119.9668648,-18.39921691,4.61,4.592041,A1V,3131,65810,,Puppis,238.1300459,0.087,,
3104,,HIP 39117,120.0489103,73.91791768,5.347,4.875509,K3III,3075,64307,,Camelopardalis,699.5701693,1.424,,
3105,,HIP 39122,120.0612051,-48.98151152,5.996,6.008377,A2III/IV,3148,66210,,Puppis,376.8789585,0.042,,
3106,,HIP 39138,120.0831908,-63.56745483,4.806,4.782682,B4V,3159,66591,,Carina,541.528579,-0.173,,
3107,,HIP 39153,120.1206701,-48.87176524,6.107,6.085723,B9Ib,3151,66255,PY Pup,Puppis,1509.259929,-0.085,6.12,6.16
3108,,HIP 39177,120.1971148,17.30870055,5.588,5.210528,K3III,3128,65759,3 Cnc,Cancer,721.2393986,1.317,,
3109,,HIP 39180,120.2004286,19.81621501,6.29,6.002908,K1III,3125,65735,,Cancer,344.9733221,1.109,,
3110,Tegmine,HIP 40167,120.203536,17.6477778,4.67,,G0V,3210,68255,ζ 2 Cancri,Cancer,83.35464,0.531,,
3111,,HIP 39184,120.2080766,-54.15127404,5.846,5.833224,B5Vn,3156,66441,,Carina,699.5701757,-0.134,,
3112,,HIP 39191,120.2328039,25.39283739,5.853,5.620211,G8III,3124,65714,ω 1 Cancri,Cancer,1124.139684,1.021,,
3113,,HIP 39194,120.2532562,23.58308232,6.31,6.093321,G9III,3127,65757,,Cancer,275.5708308,1.16,,
3114,,HIP 39198,120.2641902,-6.419211513,6.45,6.237114,G8IV,,65938,,Monoceros,217.1887756,0.838,,
3115,,HIP 39211,120.3055623,-1.392606904,4.68,4.11286,K4III,3141,65953,28 Mon,Monoceros,472.4654497,1.475,4.68,4.7
3116,,HIP 39213,120.3079095,4.87986726,5.64,5.643054,A1V,3136,65900,,CanisMinor,346.0719435,0.013,,
3117,,HIP 39221,120.3365744,59.04740239,5.772,5.677026,F2:V:,3106,65301,,Lynx,142.1099673,0.421,,
3118,,HIP 39225,120.3460104,-54.51552912,6.111,6.083423,B2IV,3157,66546,V461 Car,Carina,1319.837561,-0.044,,
3119,,HIP 39236,120.3762014,16.45531103,5.99,5.984581,B9.5Vn,3134,65873,5 Cnc,Cancer,471.7808483,-0.024,,
3120,,HIP 39238,120.3815314,-55.45465618,6.265,6.253603,B4V,3161,66607,,Carina,668.0329244,-0.146,,
3121,,HIP 39251,120.4063592,-37.28372104,5.893,5.888139,A3IV,3154,66358,,Puppis,594.8915367,0.147,,
3122,,HIP 39261,120.4268349,60.32439079,6.008,6.009021,A3VpSrSiCrEu,3109,65339,53 Cam,Camelopardalis,320.8662641,0.158,5.95,6.08
3123,,HIP 39263,120.4323201,25.0894663,6.297,6.314297,A1V,3132,65856,ω 2 Cancri,Cancer,598.1645737,0.023,,
3124,,HIP 39271,120.4613731,8.913991435,6.209,6.084366,G0IV,3144,66011,,CanisMinor,194.3948463,0.57,,
3125,,HIP 39279,120.4799179,35.41306631,6.324,5.689678,K0,3130,65801,,Lynx,657.2586146,1.564,,
3126,,HIP 39299,120.5255589,-37.05004523,6.335,5.253667,M3III,3155,66435,,Puppis,823.2317995,1.599,,
3127,,HIP 39311,120.5664038,2.334571902,4.38,3.972009,K2IIIbFe-0.5:,3145,66141,,CanisMinor,261.1208889,1.25,,
3128,,HIP 39326,120.6082062,-6.337136872,6.325,6.183815,F8/G0IV,3150,66242,,Monoceros,355.1184476,0.615,,
3129,,HIP 39340,120.628349,63.09033895,6.07,5.894182,G1III,3112,65448,,Camelopardalis,522.4347451,0.58,,
3130,,HIP 39348,120.6490972,57.27362641,6.49,6.33293,F9IV+G5IV,3119,65626,54 Cam,Lynx,331.3008759,0.649,6.49,6.55
3131,,HIP 39360,120.6865969,-41.30982529,5.497,5.481667,B9pSi,3162,66624,V336 Pup,Puppis,485.8412375,-0.152,5.52,5.542
3132,Alsephina,HIP 42913,120.745063,-54.7088194,1.93,,A1V,3485,74956,δ Velorum,Vela,79.70671,0.043,1.96,2.36
3133,,HIP 39380,120.7673364,-32.46354912,5.808,5.454997,K2/3III,3160,66598,,Puppis,518.2847687,1.225,,
3134,,HIP 39420,120.873356,-42.94832844,6.271,6.016396,G8II,3166,66812,,Puppis,779.9031243,1.008,,
3135,Copernicus,HIP 43587,120.876614,28.3308208,5.96,5.732681,G8 V,3522,75732,ρ 1 Cancri,Cancer,40.86741,0.869,,
3136,,HIP 39424,120.8795821,27.79435081,4.937,4.611183,K1-IIIb,3149,66216,χ Geminorum,Gemini,257.5039042,1.13,,
3137,Naos,HIP 39429,120.8960314,-40.0031478,2.25,2.254294,O4I(n)fp,3165,66811,ζ Puppis,Puppis,1092.100397,-0.269,,
3138,,HIP 39487,121.0674563,-32.67483043,5.12,4.099488,M1Iab-Ib,3170,66888,MZ Pup,Puppis,2345.323091,1.882,5.2,5.44
3139,,HIP 39514,121.1359975,-25.69973572,6.4,5.731708,K5/M0III,,66885,,Puppis,823.2317988,1.461,,
3140,,HIP 39524,121.172574,-19.72815112,6.105,6.082601,B3III,3168,66834,14 Pup,Puppis,1574.880491,-0.154,,
3141,,HIP 39527,121.1766651,-50.59039637,5.943,5.597536,G5II,3178,67249,,Vela,1358.334914,1.213,,
3142,,HIP 39530,121.1788821,-62.83634534,6.241,6.202776,B2Vn,3186,67536,V375 Car,Carina,1249.043375,-0.093,6.29,6.33
3143,,HIP 39535,121.188766,18.84201969,6.21,6.202409,B9V,3158,66552,,Cancer,298.5349317,-0.042,,
3144,,HIP 39538,121.1960786,79.47961384,5.387,5.373844,B9.5IVs,3082,64486,,Camelopardalis,329.9610154,-0.04,,
3145,,,121.246,-28.122,6.5,,Open Cluster,,,NGC 2527,Puppis,,,,
3146,,HIP 39566,121.2654552,-53.10792097,5.509,5.089133,K3/4III,3180,67364,,Carina,393.2441649,1.347,,
3147,,HIP 39567,121.2687043,13.11821651,5.136,5.13089,A1V,3163,66664,8 Cnc,Cancer,210.4585021,0.018,,
3148,,HIP 39584,121.3345958,-46.97841198,6.159,6.135471,B3III,3179,67341,MX Vel,Vela,1928.994861,-0.138,,
3149,,HIP 39607,121.4043991,27.52973387,6.21,,B9.5Vp_lB+A0Vnp,3164,66684,,Cancer,934.0979155,0.01,,
3150,,HIP 39617,121.4370194,-33.56943247,6.141,5.854499,G1Ib,3177,67243,,Puppis,3395.845432,1.098,,
3151,,HIP 39625,121.4568203,-0.5733035027,6.399,6.146415,K0III,3172,66950,,Monoceros,711.7919167,1.058,,
3152,,HIP 39659,121.5766481,22.63548765,5.99,4.970202,M3III,3169,66875,μ 1 Cancri,Cancer,625.7213641,1.652,5.97,6.04
3153,,HIP 39675,121.614221,-9.244458505,6.226,6.218175,B9III,3174,67159,,Monoceros,793.1876268,-0.006,,
3154,,HIP 39690,121.6680806,-45.26601491,5.021,4.550747,K3III,3187,67582,,Vela,1239.543731,1.488,,
3155,,HIP 39691,121.6733652,-48.4973889,6.317,6.303974,B2IV,,67621,,Vela,1369.748178,-0.172,,
3156,,HIP 39722,121.7914547,43.26035927,6.35,6.342282,A1V,3167,66824,28 Lyn,Lynx,472.4654477,-0.02,,
3157,,HIP 39730,121.8166873,-17.36874252,6.5,6.132295,K1III,,67408,,Puppis,636.7206108,1.246,,
3158,,HIP 39734,121.8251667,-20.55434315,5.338,5.30117,A3Ib/II,3183,67456,,Puppis,1220.974763,0.1,,
3159,Tureis,HIP 39757,121.8860368,-24.30432443,2.81,2.750589,F5IIkF2IImF5II,3185,67523,ρ Puppis,Puppis,62.70449328,0.458,2.68,2.87
3160,,HIP 39780,121.9410677,21.581813,5.3,5.127919,G1IVb,3176,67228,μ 2 Cancri,Cancer,76.06169306,0.642,,
3161,,HIP 39794,121.982477,-68.61706464,4.398,4.365943,B5III,3223,68520,ϵ Volantis,Volans,641.7312358,-0.113,,
3162,,HIP 39843,122.1026665,-63.80082083,6.314,6.30829,B6V,3217,68423,,Carina,781.7743663,-0.058,,
3163,,HIP 39847,122.1143789,51.50666499,4.797,4.791666,A2V,3173,67006,27 Lyn,Lynx,217.9144492,0.048,,
3164,,HIP 39863,122.1485337,-2.983787661,4.33,4.10911,G2Ib,3188,67594,ζ Monocerotis,Monoceros,1852.27399,0.97,,
3165,,HIP 39866,122.156843,-37.68122315,6.339,6.297994,B3V,3195,67888,PQ Pup,Puppis,1771.738924,-0.054,6.17,6.42
3166,,HIP 39874,122.176857,13.64091872,6.242,6.135838,F3V,3184,67483,12 Cnc,Cancer,278.1569908,0.48,,
3167,,HIP 39876,122.1815826,-20.36317158,6.365,6.329745,A3III,3190,67751,,Puppis,1448.887965,0.141,,
3168,,HIP 39898,122.2368577,-11.33965247,6.305,6.292518,B8V,3189,67725,,Monoceros,729.307904,0.011,,
3169,,HIP 39903,122.2526538,-61.30237386,4.742,4.616224,F6VFe-0.8CH-0.4,3220,68456,,Carina,69.73273222,0.437,,
3170,,HIP 39906,122.2568183,-19.24503397,4.393,4.357016,B5V,3192,67797,16 Pup,Puppis,472.4654515,-0.16,,
3171,,HIP 39919,122.2896026,-48.68441048,5.654,5.635177,B8III,3203,68161,NN Vel,Vela,869.3347373,-0.101,,
3172,,HIP 39920,122.2924534,-35.45501668,6.209,5.976161,G8III,3199,67977,,Puppis,389.4853826,0.892,,
3173,,HIP 39938,122.3460528,42.43060941,6.255,5.880463,K3III:,3181,67370,,Lynx,612.7824186,1.263,,
3174,,HIP 39943,122.3688951,-16.24891827,5.65,5.62897,B3/5V,3194,67880,,Puppis,920.9046938,-0.153,,
3175,,,122.3721564,-47.3452815,4.173,,B2III,3206,68243,* gam01 Vel,Vela,,,,
3176,,HIP 39953,122.3831256,-47.33658633,1.83,,WC8+O7.5III-V,3207,68273,γ 2 Velorum,Vela,1137.740414,-0.145,1.81,1.87
3177,,HIP 39957,122.3901055,-56.08535228,5.648,5.616246,A3mA5-A9,3218,68434,,Carina,379.9531404,0.204,,
3178,,HIP 39958,122.3965945,29.09307595,6.465,6.28221,G0II,,67542,,Cancer,3927.71462,0.804,,
3179,,HIP 39961,122.3996405,-44.12276742,5.183,5.150408,B2IV,3204,68217,,Vela,1135.888734,-0.173,,
3180,,HIP 39970,122.4298092,-47.93719179,5.217,5.18087,B2V,3213,68324,IS Vel,Vela,920.9046959,-0.199,,
3181,,HIP 39995,122.5157372,58.24824514,5.89,5.463986,K4III:,3175,67224,,Lynx,560.1366591,1.365,,
3182,,HIP 40007,122.5546106,25.84447953,6.413,5.973663,K0,,67690,ψ1 Cnc,Cancer,1031.646931,1.42,,
3183,,HIP 40016,122.5857018,-49.23735946,6.447,6.429053,B3III/IV,,68478,,Vela,1630.000593,-0.14,,
3184,,,122.658,-12.834,6.5,,Open Cluster,,,NGC 2539,Puppis,,,,
3185,,HIP 40035,122.66594,-13.79920609,5.54,5.398911,F6.5V,3202,68146,18 Pup,Puppis,73.30797261,0.488,,
3186,,HIP 40058,122.7453522,14.62947364,6.207,6.208063,A1V,3198,67959,,Cancer,581.1049887,0.01,,
3187,,HIP 40063,122.7570135,-37.2923748,6.44,6.393626,O9.7II,3219,68450,,Puppis,2451.12969,-0.045,,
3188,,HIP 40077,122.7949575,-48.46199261,5.806,5.792392,B3/4V,3227,68657,,Vela,727.677906,-0.146,,
3189,,HIP 40084,122.8179388,-12.92699869,4.72,4.458358,G8.5IIIb,3211,68290,19 Pup,Puppis,184.807185,0.939,,
3190,,HIP 40085,122.8191622,9.821235268,6.072,6.057931,B6III,3201,68099,,Cancer,871.6591143,-0.104,,
3191,,HIP 40086,122.8253317,54.5402414,6.48,6.227727,G5,,67539,,Lynx,555.3672775,0.94,,
3192,,HIP 40091,122.839556,-39.61854411,4.42,3.81021,K4.5Ib,3225,68553,NS Pup,Puppis,1873.565061,1.59,4.4,4.5
3193,,HIP 40096,122.8578874,-42.98727792,4.75,4.683607,A5Ib,3226,68601,,Puppis,4657.13989,0.164,,
3194,,HIP 40107,122.8875184,-7.772539025,5.354,5.119308,G7III-IIIb,3212,68312,1 G. Hya,Hydra,315.8915061,0.892,,
3195,,HIP 40155,122.9998614,-46.64434951,5.76,5.587531,F7Ib/II,3232,68808,AH Vel,Vela,1461.882332,0.626,5.5,5.89
3196,,HIP 40160,123.0252406,-43.40043938,6.47,5.817507,K3(III),,68763,,Vela,6791.658263,1.704,,
3197,,HIP 40167A,123.0530017,17.64764148,5.31,5.51876,~,3208,68257,zet01 Cnc,Cancer,,0.45,,
3198,,HIP 40167B,123.0533844,17.64781815,6.17,5.865296,~,3209,68255,,Cancer,,,,
3199,,HIP 40167C,123.0549983,17.64849074,5.79,5.93185,G0IV-V,3210,68256,,Cancer,,,,
3200,,,123.082,-37.661,6.3,,Open Cluster,,,NGC 2546,Puppis,,,,
3201,,,123.128283,-46.264278,6.24,,~,3234,68895A,,Vela,705.6272579,-0.113,,
3202,,HIP 40215,123.2032841,68.47407325,5.329,5.071514,G7IIb,3182,67447,55 Cam,UrsaMajor,1061.889961,1.037,,
3203,,HIP 40220,123.2148104,-37.92447518,6.39,6.376891,A3V,3233,68862,,Puppis,561.1016251,0.108,,
3204,,HIP 40231,123.2488784,16.51432594,6.047,5.785111,G8III,3222,68461,,Cancer,527.5073093,0.89,,
3205,,HIP 40240,123.2869503,29.65653799,5.605,5.589831,B8VpSi,3215,68351,15 Cnc,Cancer,871.6591132,-0.073,5.53,5.65
3206,,HIP 40259,123.3331965,-15.78822467,4.99,4.706478,G4Ib-II,3229,68752,20 Pup,Puppis,1230.187526,1.066,,
3207,,HIP 40263,123.3407297,-1.165887349,6.47,6.244659,G8III,,68667,3 G. Hya,Hydra,519.1095474,0.918,,
3208,,HIP 40274,123.3729886,-35.89951824,4.77,4.750914,B1V,3237,68980,MX Pup,Puppis,978.9783564,-0.11,4.6,4.92
3209,,HIP 40282,123.3926946,-50.1960752,5.514,4.745517,M1III,3247,69194,,Vela,752.8874954,1.651,,
3210,,HIP 40285,123.400637,-46.99162834,5.127,5.092365,B3III,3244,69144,NO Vel,Vela,970.2382939,-0.139,,
3211,,HIP 40291,123.4211463,-33.56952739,6.377,6.08059,K2III,3238,69002,,Puppis,376.8789581,1.141,,
3212,,HIP 40299,123.4402142,-46.57868529,6.476,6.455169,B2V,,69168,,Vela,1009.289848,-0.159,,
3213,,HIP 40305,123.4591054,56.45225111,5.85,5.612003,G9III,3200,68077,,Lynx,494.6888756,1.016,,
3214,,HIP 40321,123.4929676,-36.32227962,5.064,5.026661,B2(V),3240,69081,OS Pup,Puppis,1176.896288,-0.184,5.07,5.2
3215,,HIP 40324,123.4945843,-36.34077627,6.014,6.072775,B2IV-V,3241,69082,,Puppis,1481.817239,-0.185,,
3216,,HIP 40326,123.5122057,-40.34786714,4.44,4.069397,K1II/III,3243,69142,,Puppis,310.4763205,1.17,,
3217,,HIP 40341,123.5459767,-32.14071224,6.06,6.038522,B2V,3239,69080,,Puppis,1574.880492,-0.159,,
3218,,HIP 40342,123.5464166,17.67595441,6.47,6.429272,F1IV,3228,68703,,Cancer,328.9601973,0.331,,
3219,,HIP 40344,123.5552343,-35.49001879,5.765,5.497886,K1III,3242,69123,,Puppis,226.7037439,1.024,,
3220,,HIP 40354,123.5874783,13.04829603,6.35,6.127828,G8III,3231,68776,,Cancer,776.1899797,1.034,,
3221,,HIP 40357,123.5994778,-45.83451404,5.836,5.817102,B2IV,3250,69302,,Vela,903.0464096,-0.176,,
3222,,HIP 40397,123.7134996,-46.48589189,6.437,6.356719,B2Vnn,,69404,,Vela,1330.611865,-0.149,,
3223,,HIP 40429,123.8163445,-62.91564109,5.259,5.241617,A2V,3260,69863,,Carina,242.0192309,0.086,,
3224,,HIP 40433,123.8468952,-50.44922215,6.418,5.857651,K3/4III,3256,69596,,Vela,734.2337687,1.52,,
3225,,HIP 40474,123.9604222,60.3806003,6.48,6.4334,A7Vm,3221,68457,56 Cam,UrsaMajor,499.2333172,0.21,,
3226,,,123.9689122,-30.92594796,6.41,6.182908,~,3251,69445A,,Puppis,349.0352879,0.777,,
3227,,HIP 40485,123.9950926,-35.90319187,6.132,5.614758,K2III,3253,69511,,Puppis,1895.348389,1.549,,
3228,Tarf,HIP 40526,124.1288375,9.185543957,3.52,3.000183,K4IIIBa0.5:,3249,69267,β Cancri,Cancer,290.293976,1.481,,
3229,,HIP 40559,124.224624,84.05764426,6.46,6.440336,A3IV,3108,65299,,Camelopardalis,567.9443618,0.052,,
3230,,HIP 40604,124.3463816,-16.28511311,6.308,6.291471,A1V,3257,69665,21 Pup,Puppis,857.8953915,0.057,,
3231,,HIP 40617,124.3818807,8.866305437,6.257,6.039493,G8III,3252,69478,,Cancer,1061.889964,0.98,,
3232,,HIP 40646,124.4600584,59.57113418,5.63,5.598015,A7IV,3235,68930,29 Lyn,Lynx,303.8210224,0.182,,
3233,,HIP 40655,124.482235,-59.16682682,6.453,6.349639,F5V,3274,70267,,Carina,253.8941112,0.397,,
3234,,HIP 40656,124.4928381,-30.00369771,6.422,6.162048,K0III,3261,69879,,Puppis,466.3822906,1.04,,
3235,,HIP 40675,124.5601086,15.67791237,6.41,6.172189,K0,,69629,,Cancer,485.1207743,1.018,,
3236,,HIP 40677,124.5657819,54.14369692,6.243,5.622046,K5,3246,69149,,Lynx,1065.358603,1.558,,
3237,,HIP 40678,124.57248,-35.45170456,5.578,5.220325,K2III,3266,70002,,Puppis,412.6574715,1.246,,
3238,,HIP 40680,124.578362,-65.61319221,5.056,4.743321,K1III,3280,70514,24 G. Vol,Volans,296.0945007,1.129,,
3239,,HIP 40693,124.599779,-12.63217144,5.95,5.755219,G8:V,3259,69830,,Puppis,41.03048764,0.76,,
3240,,HIP 40702,124.6314686,-76.91972406,4.047,3.949889,F5VFe-0.8,3318,71243,α Chamaeleontis,Chamaeleon,63.42430473,0.413,,
3241,,HIP 40706,124.6388044,-36.65928922,4.4,4.39842,A8V,3270,70060,,Puppis,92.9833857,0.222,,
3242,,HIP 40749,124.7732695,-48.19785272,6.44,6.418134,B3III,,70309,,Vela,823.231801,-0.131,,
3243,,HIP 40766,124.8128457,-10.16575127,6.3,6.248589,F2IV,3265,69997,HQ Hya,Hydra,352.8136282,0.329,6.29,6.33
3244,,HIP 40772,124.8215002,62.50715623,5.723,5.508607,G8III,3245,69148,57 Cam,UrsaMajor,470.4181668,0.891,,
3245,,HIP 40787,124.8729651,-34.59013446,6.437,6.422843,B8Ib/II,3273,70235,,Puppis,815.0002973,-0.079,,
3246,,HIP 40793,124.8845377,75.75690733,5.541,5.311197,G8III,3216,68375,,Camelopardalis,291.5921057,0.902,,
3247,,HIP 40817,124.9540179,-71.5149087,5.318,5.327797,B9III/IV,3301,71046,κ 1 Volantis,Volans,390.4177451,-0.063,,
3248,,HIP 40818,124.9577614,3.948028109,6.05,6.211352,G8IV,3269,70013,6 G. Hya,Hydra,579.0414092,0.964,,
3249,,HIP 40834,125.002198,-71.50537824,5.608,5.607978,B9/A0IV,3302,71066,κ 2 Volantis,Volans,395.1512668,-0.099,,
3250,,HIP 40858,125.0541648,-0.9093137792,6.177,6.034646,G0V,3271,70110,8 G. Hya,Hydra,133.061186,0.607,,
3251,,HIP 40859,125.0709048,-5.329954288,6.094,5.689645,K4III,3272,70148,9 G. Hya,Hydra,515.823467,1.329,,
3252,,HIP 40866,125.087383,20.74772121,5.798,5.48721,K1III,3264,69994,,Cancer,510.1738832,1.137,,
3253,,HIP 40875,125.1085828,57.74327956,5.877,5.787847,F4V,3254,69548,30 Lyn,Lynx,103.2624899,0.421,,
3254,,HIP 40876,125.1139513,-22.92467998,6.12,5.847473,G8/K0III,3276,70302,,Puppis,711.7919192,1.039,,
3255,Piautos,HIP 40881,125.1339015,24.02231115,5.93,5.921402,B9.5V,3268,70011,λ Cancri,Cancer,419.02425,-0.039,,
3256,,HIP 40888,125.1605795,-77.4844792,4.337,4.010928,K2IIIbCN0.5,3340,71701,θ Chamaeleontis,Chamaeleon,153.6288635,1.161,,
3257,,HIP 40889,125.1680072,72.4072315,5.98,5.384897,M0III,3236,68951,,UrsaMajor,947.6758196,1.537,,
3258,,HIP 40926,125.2818277,-64.10600227,6.108,5.864369,G6/8III,3298,70982,,Carina,464.3871717,0.93,,
3259,,HIP 40932,125.3004132,-57.97322001,5.954,5.922337,B2III,3293,70839,,Carina,2379.562885,-0.092,,
3260,,HIP 40943,125.337685,-36.48417686,5.176,5.139921,B2IV/V,3283,70556,,Puppis,1630.000593,-0.187,,
3261,,HIP 40944,125.3384329,-20.07906287,5.572,5.348815,G8III,3279,70442,,Puppis,449.6552241,0.771,,
3262,,HIP 40945,125.3459418,-33.05436508,4.8,4.357318,K2+IIIa,3282,70555,,Puppis,838.0452456,1.419,,
3263,,HIP 40947,125.350777,-39.62071549,6.143,6.127652,A4V,3286,70612,,Puppis,218.9390737,0.172,,
3264,,HIP 40990,125.4775258,-17.5863371,5.711,5.417669,K0III,3281,70523,,Puppis,285.9650226,1.05,,
3265,,HIP 41003,125.5185481,-73.39997939,5.279,5.263492,A0/1IV/V,3334,71576,η Volantis,Volans,355.8943327,0.014,,
3266,,HIP 41011,125.5401048,74.820407,6.384,6.134414,K0III,,69054,,Camelopardalis,465.7139849,1.022,,
3267,,HIP 41036,125.625682,-6.179156784,6.14,6.108135,A8III,3285,70574,13 G. Hya,Hydra,212.2397692,0.227,,
3268,Avior,HIP 41037,125.6284741,-59.5094807,2.01,,K3:III,3307,71129,* eps Car A,Carina,610.0002244,,,
3269,,HIP 41037,125.6284802,-59.50948419,1.86,,K3:III+B2:V,3307,71129,ϵ Carinae,Carina,610.0002244,1.196,,
3270,,HIP 41037,125.6286496,-59.5095554,3.85,,B2Vp,3307,71130,* eps Car B,Carina,610.0002244,,,
3271,,HIP 41039,125.6320541,-48.4903859,5.17,5.2385,~,3294,70930A,* B Vel A,Vela,1509.25993,-0.146,,
3272,,HIP 41039,125.6320588,-48.49037864,4.82,5.2385,B2III,3294,70930,,Vela,1509.25993,-0.146,,
3273,,HIP 41039,125.6322638,-48.4905409,6.1,5.2385,~,3294,70930,* B Vel B,Vela,1509.25993,-0.146,,
3274,,HIP 41060,125.6836242,60.63123628,6.39,6.183933,K0III,3263,69976,,UrsaMajor,444.1425574,0.969,,
3275,,HIP 41067,125.6951971,-13.05479284,6.109,5.859441,K0III,3289,70673,22 Pup,Puppis,411.0959297,0.997,,
3276,,HIP 41074,125.7080694,-26.34822297,5.883,5.789162,F2Iab,3291,70761,,Puppis,9069.980422,0.379,,
3277,Alsciaukat,HIP 41075,125.7087893,43.1881306,4.25,3.613737,K4+III,3275,70272,,Lynx,388.559538,1.55,4.21,4.27
3278,,HIP 41080,125.725394,-7.54312191,5.918,4.973155,M2III,3288,70652,14 G. Hya,Hydra,831.6328218,1.635,,
3279,,HIP 41081,125.7298258,-52.12372895,5.887,5.888958,A0V,3300,71043,,Vela,238.3041334,0.018,,
3280,,HIP 41107,125.820555,-38.28607923,6.32,5.239001,M3+III,3296,70946,V436 Pup,Puppis,1399.143609,1.613,,
3281,,HIP 41117,125.841012,18.33216179,5.94,5.914784,A9V,3284,70569,20 Cnc,Cancer,394.6720417,0.175,,
3282,,HIP 41152,125.9520888,53.21971259,5.54,5.499505,A3Va,3277,70313,,Lynx,167.5233075,0.125,,
3283,,HIP 41163,125.9800345,10.63206024,6.08,5.420718,M2III,3290,70734,21 Cnc,Cancer,1112.628622,1.507,,
3284,,HIP 41191,126.0828612,-80.9142271,5.69,5.374726,G8III,3393,72922,,Chamaeleon,252.1268653,1.018,,
3285,,HIP 41208,126.1374974,82.43075832,6.28,6.26074,A2Vn,3197,67934,,Camelopardalis,679.1658222,0.035,,
3286,,HIP 41211,126.1458924,-3.751242492,5.61,5.468879,F6V,3297,70958,1 Hya,Hydra,88.70756639,0.478,,
3287,,HIP 41214,126.1518139,-4.716999246,6.022,5.914408,F5V,3295,70937,16 G. Hya,Hydra,210.8669827,0.46,,
3288,,HIP 41224,126.1782341,42.00523933,6.001,5.375484,K5III,3287,70647,,Lynx,1044.872756,1.591,,
3289,,HIP 41242,126.2299149,-23.15374524,5.669,5.646499,A1III/IV,3308,71141,,Puppis,630.56247,0.066,,
3290,,HIP 41250,126.2383614,-42.7698353,6.02,,B3V,3322,71302,V438 Pup,Puppis,3104.763188,-0.159,,
3291,,HIP 41260,126.2655915,-24.04621938,5.301,4.754286,K4.5IIICN0.5,3315,71176,,Puppis,506.2129851,1.476,,
3292,,HIP 41262,126.2703608,35.0114071,6.059,5.699284,K0,3292,70771,,Lynx,713.3469362,1.261,,
3293,,HIP 41282,126.3291739,-21.04595627,5.987,5.905708,F2V,3316,71196,,Puppis,110.6584596,0.402,,
3294,,HIP 41296,126.3805208,-51.72741354,5.17,5.144706,B3IV,3330,71510,,Vela,673.5553672,-0.164,,
3295,,HIP 41299,126.3980688,2.102218049,5.708,5.16418,K4III,3305,71095,17 G. Hya,Hydra,601.4767378,1.528,,
3296,,HIP 41306,126.4140086,-17.43940734,6.417,6.086614,K1III,3317,71231,,Puppis,698.0738342,1.234,,
3297,,HIP 41307,126.4151328,-3.906427219,3.9,3.902255,A0Va,3314,71155,30 Mon,Hydra,124.9522596,-0.012,,
3298,,HIP 41312,126.4341461,-66.1368879,3.759,3.445797,K2III,3347,71878,β Volantis,Volans,107.9112587,1.132,,
3299,,HIP 41321,126.4649826,-64.60061947,5.94,5.717073,G8/K0III,3346,71863,28 G. Vol,Volans,357.8470733,0.971,,
3300,,HIP 41323,126.4662937,-42.15307512,5.42,5.412157,B3/5IV,3326,71459,,Puppis,812.9693173,-0.142,,
3301,,HIP 41325,126.4781961,7.564504048,5.122,4.887215,G6III-IIIaFe-1.5,3306,71115,,Cancer,359.0304497,0.934,,
3302,,HIP 41328,126.4816252,-14.92966121,5.951,5.934078,A3(m)A3-A7,3320,71267,,Puppis,332.9928218,0.167,,
3303,,HIP 41361,126.5738753,-39.05896065,6.49,,B8V,3327,71487,NO Puppis,Puppis,612.7824246,-0.009,6.53,6.98
3304,,HIP 41373,126.6050232,-52.80749733,6.041,6.044287,A0V,3341,71722,,Vela,231.6987192,0.062,,
3305,,HIP 41375,126.613358,-3.987430318,5.59,5.551268,F0VmA6,3321,71297,2 Hya,Hydra,173.1279051,0.218,5.8,5.806
3306,,HIP 41377,126.6154418,27.89358064,5.57,5.094225,K5III,3304,71093,ϕ 1 Cancri,Cancer,398.0461425,1.421,,
3307,,HIP 41395,126.674803,-12.53460415,5.52,5.169036,K1/2III,3324,71377,,Puppis,267.872016,1.167,,
3308,,HIP 41400,126.6830799,12.65460913,5.5,4.469162,M3IIIa,3319,71250,27 Cnc,Cancer,1051.61444,1.608,5.41,5.75
3309,,HIP 41404,126.6951387,26.93435153,6.19,,A2Vp,3310,71150,* phi02 Cnc B,Cancer,276.7401941,0.187,,
3310,,HIP 41404,126.696129,26.93548855,6.13,,A5IV,3311,71151,* phi02 Cnc A,Cancer,276.7401941,0.187,,
3311,,HIP 41426,126.7406056,-52.70494835,6.49,6.3669,F5V,,71805,,Vela,176.3116251,0.419,,
3312,,HIP 41449,126.8184088,-31.67273589,6.331,6.090184,G8III,3336,71622,,Pyxis,684.8740904,0.897,,
3313,,HIP 41451,126.8198147,-70.09348349,5.507,5.504934,A0V,3370,72337,30 G. Vol,Volans,285.2145731,-0.024,,
3314,,HIP 41483,126.9024415,-53.08847876,5.073,5.01756,A9/F0III/IV,3350,71935,GU Vel,Vela,203.6229371,0.256,5.08,5.11
3315,,HIP 41515,126.9975895,-35.11374922,5.73,5.704184,B2V,3343,71801,XY Pyx,Pyxis,999.9988448,-0.151,,
3316,,HIP 41547,127.0824509,-8.816281909,6.43,6.091677,K1III,3338,71665,26 G. Hya,Hydra,848.9597285,1.197,,
3317,,HIP 41564,127.1214696,-2.51712577,6.41,,A3mA5/7-A9,3337,71663,LO Hya (25 G. Hya),Hydra,277.9199912,0.332,6.37,6.61
3318,,HIP 41572,127.1501624,-23.07097981,6.494,6.4928,A1/2V,3344,71815,,Pyxis,519.1095499,0.06,,
3319,,HIP 41574,127.1532721,24.14492164,6.05,6.004132,F0Vn,3329,71496,28 Cnc,Cancer,271.440411,0.246,6.1,6.125
3320,,HIP 41578,127.1555813,14.21082424,5.948,5.910263,A5V,3333,71555,29 Cnc,Cancer,307.5472067,0.201,,
3321,,HIP 41597,127.2125109,-9.748586787,5.989,5.899109,F3/5III,3342,71766,27 G. Hya,Hydra,984.8952578,0.427,,
3322,,HIP 41616,127.2697967,-47.92892255,5.535,,B1.5V,3358,72108A,* 33 Vel A,Vela,1638.192977,-0.14,,
3323,,HIP 41621,127.2815296,-44.16041428,5.84,6.240226,B2/3V,3356,72067,,Vela,1598.039542,-0.16,,
3324,,HIP 41639,127.3645144,-44.72481212,5.15,,B3III/IV,3359,72127,,Vela,6936.174116,-0.168,,
3325,,,127.364521,-44.724819,5.19,,B2IIIk,3359,72127A,,Vela,6936.174116,-0.168,,
3326,,HIP 41644,127.3741771,-54.21173177,6.44,6.418538,ApSi,,72303,V469 Car,Carina,719.6485242,-0.108,,
3327,,HIP 41653,127.4016215,-55.19091146,6.346,6.148886,G3III,3368,72322,,Carina,721.2394048,0.799,,
3328,,HIP 41674,127.4401448,-46.33169874,5.969,5.958911,B5III,3363,72232,,Vela,629.3432311,-0.127,,
3329,,HIP 41676,127.4424812,67.29743967,5.884,5.635065,G8III,3303,71088,,UrsaMajor,322.1344052,0.972,,
3330,Muscida,HIP 41704,127.5661257,60.71816822,3.42,3.149355,G5III:,3323,71369,ο Ursae Majoris,UrsaMajor,183.5586013,0.856,,
3331,,HIP 41723,127.6192122,-32.15928298,5.588,5.095179,K3III,3362,72227,,Pyxis,1194.138435,1.509,,
3332,,HIP 41737,127.6634536,-44.73731844,6.29,6.281858,B3IV,3371,72350,,Vela,2232.879132,-0.007,,
3333,,HIP 41781,127.7942724,-47.86661997,6.373,6.354336,B2/3V,3375,72485,,Vela,1051.614444,-0.147,,
3334,,HIP 41798,127.8331927,37.26494348,6.174,6.177157,A0V,3348,71906,,Lynx,789.347344,-0.039,,
3335,,HIP 41806,127.8529034,-39.06410463,6.48,,~,3373,72436A,,Vela,1559.809508,-0.133,,
3336,,HIP 41813,127.8732767,-54.39401012,6.333,5.93744,K3III,3382,72650,,Vela,490.9627014,1.298,,
3337,,HIP 41816,127.8771645,24.0811077,5.694,5.635961,F0IIIn,3355,72041,υ 1 Cancri,Cancer,237.0910827,0.327,,
3338,,HIP 41817,127.8788496,-19.57746247,5.43,5.786309,B9.5IV/V,3367,72310,,Pyxis,380.8398598,-0.061,,
3339,,HIP 41822,127.8988748,18.09441817,5.337,4.640708,K5III,3357,72094,θ Cancri,Cancer,493.9390782,1.567,,
3340,,HIP 41833,127.9220811,18.98772115,6.45,5.965887,K0,,72115,,Cancer,1025.156271,1.496,,
3341,,HIP 41861,128.0206546,-53.21191657,6.021,,A0/1V,3386,72737,,Vela,913.1654543,0.582,,
3342,,,128.0206648,-53.21191403,6.03,5.80312,~,3386,72738A,,Vela,913.1654543,0.582,,
3343,,HIP 41893,128.1390285,-15.03015917,6.38,6.329854,A7IV/V,3374,72462,29 G. Hya,Hydra,231.2058053,0.275,,
3344,,HIP 41894,128.1393643,53.11484693,6.226,5.956534,K0IV,3351,71952,,Lynx,195.7959941,1.008,,
3345,,HIP 41904,128.1661267,10.06600813,6.474,6.467347,A1V,3372,72359,34 Cnc,Cancer,540.6288157,-0.007,,
3346,,HIP 41905,128.168751,-47.04210653,6.481,6.100172,K2III,,72752,,Vela,650.699499,1.293,,
3347,,HIP 41907,128.1740172,-73.35678788,6.1,5.8546,G8III,3417,73468,33 G. Vol,Volans,381.2864821,0.946,,
3348,,HIP 41909,128.1770675,20.44116224,5.325,4.959186,K3III,3366,72292,η Cancri,Cancer,311.6636101,1.252,,
3349,,HIP 41926,128.2145653,-31.50085138,6.38,6.168385,K1V,3384,72673,,Pyxis,39.6836709,0.78,,
3350,,HIP 41927,128.2221316,69.31990269,6.297,5.874879,K0,3332,71553,,UrsaMajor,618.5950007,1.36,,
3351,,HIP 41939,128.2437506,-34.63403905,6.366,6.099386,G8III,3385,72688,VX Pyx,Pyxis,426.1440971,0.951,6.32,6.42
3352,,HIP 41940,128.2504336,24.08479432,6.34,6.086907,G9III,3369,72324,υ 2 Cancri,Cancer,420.6444713,1.032,,
3353,,HIP 41941,128.2577473,-45.75290462,6.354,6.402613,B3III,,72798,,Vela,2451.129691,-0.119,,
3354,,HIP 41970,128.3327509,-38.37067455,6.461,6.454131,B2/3V,3388,72787,,Vela,1364.017097,-0.153,,
3355,,HIP 41975,128.3405396,36.4364324,6.186,6.10146,F5Vbwv,3365,72291,32 Lyn,Lynx,121.6417262,0.402,,
3356,,HIP 41986,128.3761399,-46.97066127,6.221,5.716527,K3III,3390,72900,,Vela,1975.759579,1.56,,
3357,,HIP 42001,128.4101294,-38.84881276,5.908,5.898494,B5III,3389,72832,,Vela,825.318202,-0.114,,
3358,,HIP 42008,128.4311593,4.756999657,5.867,5.60517,G5III,3378,72561,,Hydra,5433.346169,1.066,,
3359,,HIP 42010,128.4376921,13.25731185,6.247,5.931513,K0III,3376,72505,,Cancer,305.5295924,1.179,,
3360,,HIP 42028,128.5067258,-2.151555565,5.792,5.797837,A0V,3383,72660,33 G. Hya,Hydra,326.0001189,0.007,,
3361,,HIP 42049,128.5556088,8.452306678,6.029,5.978601,F3IV,3380,72617,,Cancer,189.3147887,0.332,,
3362,,HIP 42070,128.6218892,-37.61116986,6.38,5.56241,M0III,3399,72993,,Vela,987.8781609,1.562,,
3363,,HIP 42071,128.6237643,-27.09816239,6.41,5.849899,K3III,,72913,,Pyxis,1034.919977,1.429,,
3364,,HIP 42075,128.6331504,-32.59876492,6.42,6.214472,G5V,3397,72954,,Pyxis,204.6452728,0.752,,
3365,,HIP 42080,128.6507496,65.14511307,5.453,5.420306,kA3hA5mA7s,3354,72037,2 UMa,UrsaMajor,158.0223599,0.207,,
3366,,HIP 42088,128.6816521,-49.94420213,5.01,4.579116,K1.5Ib,3407,73155,,Vela,876.343741,1.304,,
3367,,HIP 42090,128.6828527,36.41962006,5.751,5.742894,A2Vnn,3377,72524,33 Lyn,Lynx,320.5506984,0.051,,
3368,,,128.79,-44.407,5.9,,Open Cluster,,,Cl Pismis 4,Vela,,,,
3369,,HIP 42123,128.8022384,-39.97045053,6.431,6.311839,F9.5V,3404,73121,,Vela,118.416286,0.578,,
3370,,HIP 42129,128.8148137,-58.22473899,5.234,5.246487,B4V,3415,73390,,Carina,961.6514522,-0.133,,
3371,,HIP 42134,128.8321047,-58.00923686,4.847,4.560734,K0III,3414,73389,,Carina,229.4160669,0.981,,
3372,,HIP 42142,128.8539806,2.743452713,6.332,6.079119,G8III,3392,72908,34 G. Hya,Hydra,550.6761401,1.023,,
3373,,HIP 42146,128.867495,-7.982293839,5.72,5.707087,A1VpSrCr,3398,72968,3 Hya,Hydra,268.3127685,-0.004,5.66,5.76
3374,,HIP 42147,128.8695876,-26.84348781,5.944,5.827646,A1V+G/KIII,3402,73072,,Pyxis,838.0452461,0.393,,
3375,,HIP 42172,128.9624066,6.620213751,5.92,5.812667,F8V,3395,72945,,Cancer,86.51814961,0.53,,
3376,,HIP 42177,128.9667808,-50.96964684,5.782,5.767693,ApSi,3413,73340,,Vela,466.3822925,-0.132,5.77,5.81
3377,,HIP 42187,129.0321415,15.31363214,6.33,6.249785,F0IV,3394,72943,,Cancer,266.5575823,0.338,,
3378,,,129.13767,20.24233,6.176,,~,,,[AKS95] 69,Cancer,,,,
3379,,,129.2030948,74.72367672,6.31,6.287455,~,3352,71973A,,Camelopardalis,273.4899714,0.308,,
3380,,HIP 42249,129.2031044,74.72367602,6.27,,A2m,3352,71973,,Camelopardalis,273.4899715,0.308,,
3381,,HIP 42265,129.2740369,9.65557809,5.91,5.903033,A3V,3406,73143,36 Cnc,Cancer,461.1043472,0.083,,
3382,,HIP 42286,129.3284717,-62.85346472,5.456,5.189587,K0III,3432,73887,,Carina,334.7010652,1.013,,
3383,,HIP 42299,129.3632244,-4.93400207,6.171,5.896471,K0III,3411,73281,37 G. Hya,Hydra,390.8871828,1.054,,
3384,,HIP 42302,129.373478,-33.74568333,6.499,6.442202,F0IV/V,3419,73476,,Pyxis,194.1633913,0.32,,
3385,,HIP 42312,129.4109707,-42.98908063,4.14,4.09975,A7Ia,3426,73634,,Vela,1436.125064,0.109,,
3386,,HIP 42313,129.4140311,5.703787762,4.131,4.136101,A0Vnn,3410,73262,δ Hydrae,Hydra,179.0226394,0.003,,
3387,,HIP 42334,129.4673033,-26.25500013,5.27,5.230349,A0V,3420,73495,η Pyxidis,Pyxis,241.6606301,-0.03,,
3388,,,129.55471,20.44075,5.832,,~,,,[AKS95] 73,Cancer,,,,
3389,,HIP 42365,129.5790881,32.80201683,5.95,5.657076,K2III:,3409,73192,1 LMi,Cancer,367.1185117,1.111,,
3390,,HIP 42372,129.5924385,53.40154048,5.645,5.379739,G9III,3400,73017,,UrsaMajor,240.5903666,0.964,,
3391,,HIP 42394,129.6678781,-19.73689665,6.39,5.536426,M1III,3425,73603,,Pyxis,905.5566103,1.592,,
3392,,HIP 42400,129.6866972,-53.09038155,6.431,6.432033,B8V,3435,73952,,Vela,504.6449266,-0.1,,
3393,Minchir,HIP 42402,129.6893227,3.341435188,4.43,4.107481,K1III,3418,73471,σ Hydrae,Hydra,352.4322084,1.216,,
3394,,HIP 42415,129.7495356,52.92507863,6.32,5.913382,K0,3405,73131,,UrsaMajor,581.104988,1.319,,
3395,,HIP 42425,129.7715061,-70.38674388,5.2,5.165365,A0V,3460,74405,θ Volantis,Volans,239.0030786,0.013,,
3396,,HIP 42430,129.7829111,-22.66189676,5.17,5.126964,G3V+K0V,3430,73752,,Pyxis,64.94020395,0.72,,
3397,,,129.7829369,-22.66185547,5.29,,K0V,3430,73752B,,Pyxis,64.94020382,0.72,,
3398,,,129.7830901,-22.66160375,5.37,,G3V,3430,73752A,,Pyxis,64.94020382,0.72,,
3399,,HIP 42434,129.7919912,59.93910618,6.47,6.465381,A2Vn,3401,73029,,UrsaMajor,360.2203476,0.035,,
3400,,HIP 42438,129.7987692,65.02090642,5.64,5.498977,G0.5V,3391,72905,π 1 Ursae Majoris,UrsaMajor,46.52477768,0.618,5.64,5.72
3401,,HIP 42440,129.8049872,-60.31728845,6.48,,A0V,3443,74148,,Carina,436.9966423,-0.002,,
3402,,HIP 42452,129.8234295,52.71162365,5.891,5.573067,K1III,3408,73171,,UrsaMajor,397.0779213,1.167,,
3403,,HIP 42455,129.842118,-36.60666996,6.114,6.185167,F3/5V,3434,73900,,Pyxis,131.1345287,0.426,,
3404,,HIP 42459,129.8493521,-53.43976878,5.439,5.427765,B5V,3440,74071,,Vela,450.9005472,-0.132,5.46,5.52
3405,,HIP 42462,129.8523148,8.017601273,6.45,6.171577,K1III,3424,73599,,Cancer,550.67614,1.08,,
3406,,HIP 42483,129.9269751,-29.56108459,4.872,4.624208,G6IIIbCN-0.5,3433,73898,ζ Pyxidis,Pyxis,235.7196043,0.9,,
3407,,HIP 42484,129.9275319,73.62967652,6.154,5.890183,G7III,3379,72582,,Camelopardalis,355.1184452,1.017,,
3408,,HIP 42504,129.9899937,-53.05472684,5.19,5.158769,B5IV,3442,74146,NZ Vel,Vela,428.383719,-0.147,,
3409,,HIP 42509,130.006131,-12.47537473,4.969,4.475735,K3III,3431,73840,6 Hya,Hydra,419.0242537,1.415,,
3410,,HIP 42515,130.025597,-35.30835511,3.954,3.735346,G5II/III,3438,74006,β Pyxidis,Pyxis,388.0966238,0.936,,
3411,,HIP 42516,130.0267429,20.00778749,6.39,6.152467,G8+III-IIIb,3427,73665,39 Cnc,Cancer,587.3870125,0.98,,
3412,,HIP 42527,130.0534049,64.32793618,4.61,4.222566,K1+III,3403,73108,π 2 Ursae Majoris,UrsaMajor,252.4451247,1.17,,
3413,,HIP 42535,130.0727707,-53.01539739,5.61,5.533117,B9/A0,3448,74196,,Vela,471.7808547,-0.125,,
3414,,HIP 42536,130.0733306,-52.9219099,3.63,3.535015,B3/5(V),3447,74195,ο Velorum,Vela,494.688883,-0.168,3.55,3.67
3415,,HIP 42538,130.0761953,31.9418934,6.22,6.11689,F5III,3423,73596,4 LMi,Cancer,350.1599857,0.401,,
3416,,HIP 42540,130.0798989,-40.26387124,5.22,5.194364,kB8hA0III(CrEu),3439,74067,NY Vel,Vela,280.3095749,-0.027,,
3417,,HIP 42549,130.0920269,19.66993647,6.39,6.176117,G9III-IIIb,3428,73710,,Cancer,756.3822138,1.02,,
3418,Meleph,HIP 42556,130.1125421,19.54481231,6.29,6.268366,A5m,3429,73731,ϵ Cancri,Cancer,547.8986182,0.17,,
3419,,HIP 42564,130.1469112,-45.19110298,5.648,4.903564,M0III,3444,74167,,Vela,950.437048,1.664,,
3420,,HIP 42568,130.1542834,-59.76100475,4.313,4.297206,B2III,3457,74375,V343 Car,Carina,1411.254515,-0.117,4.2,4.24
3421,,HIP 42570,130.1565467,-46.64874011,3.81,3.553634,F0Ia,3445,74180,,Vela,3104.763189,0.67,,
3422,,HIP 42604,130.254458,45.83400587,5.359,5.077131,G8IV,3422,73593,34 Lyn,Lynx,180.0110692,0.993,,
3423,,HIP 42614,130.2721661,-48.92268115,5.879,5.858344,B2III,3453,74273,,Vela,1605.912446,-0.186,,
3424,,HIP 42624,130.3047042,-47.31713043,4.77,4.696814,A5II,3452,74272,,Vela,1895.34839,0.137,,
3425,,HIP 42637,130.3313024,-78.96336275,5.453,5.442643,B8V,3502,75416,η Chamaeleontis,Chamaeleon,315.8915106,-0.101,,
3426,,HIP 42662,130.4305674,-15.94338535,4.866,4.571466,K0IIIb,3441,74137,9 Hya,Hydra,204.0050081,1.063,,
3427,,HIP 42679,130.4871239,-45.41071178,5.227,5.115778,B6Iab/b,3456,74371,LN Vel,Vela,2694.21494,0.171,5.19,5.25
3428,,,130.531,-48.09,4.6,,Open Cluster,,,IC 2395,Vela,,,,
3429,,HIP 42701,130.5408843,-11.96600635,6.449,6.435622,A3III/IV,3446,74190,48 G. Hya,Hydra,379.0696793,0.16,,
3430,,HIP 42712,130.5674688,-48.0990967,5.468,5.479792,B2/3IV/V,3462,74455,HX Vel,Vela,1689.120716,-0.172,5.48,5.53
3431,,HIP 42715,130.5791319,-53.10005688,5.474,5.582136,B9III(pSi),3466,74535,KT Vel,Vela,482.9626589,-0.127,5.49,5.56
3432,,HIP 42717,130.5867601,-55.77455764,6.243,5.908782,K2III,3471,74622,,Carina,330.6293237,1.178,,
3433,,HIP 42726,130.6057775,-53.11398427,4.815,4.814144,B3IV,3467,74560,HY Vel,Vela,479.4125176,-0.173,4.83,4.9
3434,,HIP 42775,130.7374963,-35.94330172,6.411,6.41412,A0V,3463,74475,,Pyxis,438.7635623,0.019,,
3435,,HIP 42777,130.7506311,46.90083961,6.205,5.951742,~,3436,73971,,UrsaMajor,411.6175271,0.981,,
3436,,HIP 42794,130.8008267,-79.07010236,6.07,6.005763,A7V,3524,75747,RS Cha,Chamaeleon,318.6706616,0.229,6.02,6.68
3437,,HIP 42795,130.8013728,12.68087363,5.65,5.493721,A3III:+G7III,3450,74228,45 Cnc,Cancer,1028.390193,0.435,,
3438,,HIP 42799,130.806149,3.398661889,4.3,4.267924,B3V,3454,74280,η Hydrae,Hydra,466.38229,-0.192,4.27,4.33
3439,Asellus Borealis,HIP 42806,130.8214464,21.4684988,4.652,4.634174,A1Va,3449,74198,γ Cancri,Cancer,158.4063911,0.01,,
3440,,HIP 42828,130.8980726,-33.18638328,3.68,3.66392,B1.5III,3468,74575,α Pyxidis,Pyxis,844.5587293,-0.18,,
3441,,HIP 42834,130.9178042,-49.82280083,5.16,5.089963,B1/2II/III(n),3476,74753,,Vela,1516.278713,-0.197,,
3442,,HIP 42835,130.918227,-7.233728475,4.625,4.358281,G1Ib,3459,74395,31 Mon,Hydra,603.7033205,0.84,,
3443,,HIP 42850,130.9763696,-68.21158386,6.31,5.772599,K3(III),3491,75116,40 G. Vol,Volans,1051.614445,1.501,,
3444,,HIP 42854,130.9990736,4.334558387,6.362,6.360319,A0III,3458,74393,50 G. Hya,Hydra,737.5557082,-0.04,,
3445,,HIP 42884,131.0997795,-42.64927746,4.046,3.825603,G6III,3477,74772,,Vela,228.4514324,0.874,,
3446,,HIP 42895,131.1248261,-65.82543056,6.021,5.991365,A4V,3495,75171,41 G. Vol,Volans,197.6956038,0.217,,
3447,Asellus Australis,HIP 42911,131.1712466,18.15430807,3.94,3.637357,K0+IIIb,3461,74442,δ Cancri,Cancer,136.0033373,1.083,,
3448,,HIP 42917,131.1876488,10.08166869,5.66,5.609026,A1VpHgMnSiEu,3465,74521,49 Cnc,Cancer,407.5001483,-0.069,5.58,5.71
3449,,HIP 42923,131.2163612,-37.14725112,5.722,5.69474,B3III,3479,74824,,Pyxis,1429.823482,-0.139,,
3450,,HIP 42928,131.2297849,-21.16782614,6.12,6.073675,A5V,3473,74706,,Pyxis,255.0862931,0.195,,
3451,,HIP 42931,131.2553391,5.68058484,6.127,6.105069,A6V,3469,74591,10 Hya,Hydra,206.5908398,0.2,,
3452,,HIP 42954,131.3392664,30.69775012,6.119,5.890411,G5III,3464,74485,46 Cnc,Cancer,476.6089119,0.935,,
3453,,HIP 42981,131.3952697,4.664373869,6.43,6.114165,K0,,74685,54 G. Hya,Hydra,414.2320512,1.228,,
3454,,HIP 43002,131.4553091,-25.38809519,6.057,6.054631,A3IV/V,3483,74879,,Pyxis,356.6734722,0.084,,
3455,,HIP 43012,131.4797859,-79.50437378,5.77,5.117493,K5III,3543,76236,,Chamaeleon,559.1782268,1.595,,
3456,,HIP 43023,131.5068514,-46.04152817,3.91,3.864726,A0II,3487,75063,,Vela,1552.379966,0.015,,
3457,,HIP 43026,131.510316,-2.048655804,5.685,5.39988,K1III,3478,74794,56 G. Hya,Hydra,278.3946484,1.097,,
3458,,HIP 43035,131.5286353,-11.00676431,6.219,5.529629,K5III,3480,74860,58 G. Hya,Hydra,3835.293592,1.608,,
3459,,HIP 43067,131.593935,-13.54772365,4.32,4.06717,G8IIIbCN-1,3484,74918,12 Hya,Hydra,226.7037445,0.9,,
3460,,HIP 43073,131.5990087,-41.12538457,6.194,6.186706,B9IVe,3488,75081,,Vela,719.6485244,-0.05,,
3461,,,131.611,-52.931,6.1,,Open Cluster,,,NGC 2669,Vela,,,,
3462,,HIP 43082,131.6272788,-45.91250532,5.459,5.342582,B5Iab,3494,75149,OP Vel,Vela,3292.927197,0.238,,
3463,,HIP 43103,131.6742518,28.75989314,4.018,3.783235,G8IIIaBa0.2,3475,74739,ι 1 Cancri,Cancer,297.9892094,1.007,,
3464,,HIP 43105,131.6772844,-56.76977625,4.49,4.480047,B3V(n),3498,75311,V344 Car,Carina,546.063242,-0.169,4.4,4.51
3465,Ashlesha,HIP 43109,131.693801,6.41880152,3.38,3.256594,G1III+A8V,3482,74874,ϵ Hydrae,Hydra,135.101622,0.685,3.35,3.39
3466,,HIP 43114,131.7051665,-34.62294546,6.324,6.367028,B3V,3490,75112,AI Pyx,Pyxis,895.603828,-0.127,,
3467,,HIP 43121,131.7334125,12.1099528,5.885,5.871815,A1Vp,3481,74873,50 Cnc,Cancer,199.0233987,0.12,,
3468,,HIP 43142,131.812441,-1.897036898,5.279,5.27539,A0V,3486,74988,61 G. Hya,Hydra,339.2292046,0.058,,
3469,,HIP 43148,131.8285183,-46.15541627,5.748,5.555095,F0III,3496,75276,,Vela,3622.219916,0.554,,
3470,,HIP 43152,131.8394616,-17.05288234,6.5,6.384165,G0III+A2V,,75098,63 G. Hya,Hydra,761.6829786,0.679,,
3471,,HIP 43177,131.9182891,-41.73679314,6.36,6.220832,F9VFe+0.3,3497,75289,,Vela,94.38969369,0.578,,
3472,,HIP 43195,132.0008992,-52.85015343,6.266,6.268945,B8V,3503,75466,,Vela,464.3871724,-0.097,,
3473,,HIP 43204,132.0203195,-6.55883927,6.073,5.694228,K2III,3493,75140,65 G. Hya,Hydra,666.6669836,1.282,,
3474,,HIP 43209,132.0365695,-42.46344788,6.42,6.389752,B2V,3501,75387,,Vela,1697.916199,-0.178,,
3475,,HIP 43215,132.060933,-28.63879269,6.49,4.896731,M5III,,75306,AK Pyx,Pyxis,770.6871025,1.364,,
3476,,HIP 43234,132.1082112,5.837812491,4.337,4.339961,A0Vn,3492,75137,ρ Hydrae,Hydra,337.1265034,-0.044,,
3477,,HIP 43246,132.1560504,-1.04483866,6.424,6.081062,K1III,,75217,66 G. Hya,Hydra,457.8639076,1.142,,
3478,,HIP 43266,132.2052145,66.7080798,6.187,6.186003,B7III,3470,74604,,UrsaMajor,514.1967233,-0.106,,
3479,,HIP 43305,132.3405243,-3.4430254,5.31,5.275396,B8IIIpHgMn,3500,75333,14 Hya,Hydra,437.5834405,-0.08,5.31,5.33
3480,,HIP 43325,132.4131621,-40.32015777,5.465,5.457676,A2/3IV,3514,75630,,Vela,1590.24488,0.066,,
3481,,HIP 43338,132.4372686,-21.0484394,6.5,6.432302,A6IV,3507,75495,,Pyxis,261.4276477,0.256,,
3482,,HIP 43347,132.4484928,-45.30787395,4.935,4.899496,A2III,3520,75710,,Vela,827.4111238,0.043,,
3483,,HIP 43351,132.4588585,-72.55123893,6.098,6.042288,A3mA6-A7,3544,76270,44 G. Vol,Volans,3165.050391,0.185,,
3484,,HIP 43352,132.4645566,-32.78053701,5.194,4.958657,G8III,3512,75605,,Pyxis,228.6114984,0.876,,
3485,,HIP 43354,132.4681342,-39.14160318,6.368,6.321266,A2/3II/III,3517,75654,HZ Vel,Vela,254.290202,0.249,6.39,6.415
3486,,HIP 43370,132.5092985,-29.46299924,5.867,5.588161,G8III,3513,75629,,Pyxis,939.4801839,0.948,,
3487,,HIP 43392,132.5875698,-42.08979084,6,5.957699,O9V+B0V,3525,75759,,Vela,1906.432395,-0.114,,
3488,,HIP 43394,132.590154,-28.61761901,6.168,6.165113,B9V,3516,75649,,Pyxis,367.5325366,-0.055,,
3489,,HIP 43409,132.6330108,-27.70984159,4.01,3.609545,K2.5III,3518,75691,γ Pyxidis,Pyxis,208.573249,1.272,,
3490,,HIP 43410,132.6342617,33.28505442,6.21,6.090416,F7Vs,3499,75332,5 LMi,Lynx,93.51704516,0.549,,
3491,,HIP 43413,132.6394193,-46.52918759,5.11,5.048452,B1Ib,3527,75821,KX Vel,Vela,2694.21494,-0.205,4.87,4.95
3492,,HIP 43414,132.6450672,-66.79298306,5.329,5.261864,F5IV,3537,76143,43 G. Vol,Volans,171.2185264,0.423,,
3493,,HIP 43427,132.6880086,18.83218548,6.42,6.404488,A2Vs,3504,75469,,Cancer,761.6829764,0.009,,
3494,,HIP 43454,132.7561017,15.3506567,6.361,6.217665,G1V,3510,75528,54 Cnc,Cancer,130.2957279,0.669,,
3495,,HIP 43496,132.8933742,-7.17722415,5.73,5.6838,~,3523,75737A,* 15 Hya A,Hydra,488.0254387,0.15,,
3496,,HIP 43499,132.9021497,-57.6335756,5.59,5.56274,B8III,3536,76113,,Carina,716.4830639,-0.102,,
3497,,HIP 43520,132.9584801,-44.15093155,6.35,6.340314,B3V,,76004,,Vela,1283.465729,-0.15,,
3498,,HIP 43528,132.9816323,-40.98658478,6.478,6.462799,ApSi,,75989,,Vela,1112.628627,-0.106,,
3499,,HIP 43531,132.9867943,43.726604,5.148,4.88514,K0III,3508,75506,35 Lyn,Lynx,273.7198038,0.971,,
3500,,HIP 43550,133.0417707,42.00273295,5.984,5.59234,~,3511,75556,,Lynx,479.4125124,1.251,,
3501,,HIP 43553,133.0490347,45.31282032,5.956,5.607968,K0III,3509,75523,,Lynx,537.9556134,1.233,,
3502,,HIP 43570,133.1007571,5.340308597,6.35,6.372704,A5V,3526,75811,71 G. Hya,Hydra,546.9792997,0.122,,
3503,,HIP 43573,133.1088998,-32.50932264,6.463,5.972094,K2/3III,3533,76001,,Pyxis,806.9317961,1.451,,
3504,,HIP 43575,133.1191246,28.25915786,6.23,5.22698,M3III,3521,75716,53 Cnc,Cancer,885.8694608,1.552,5.9,6.37
3505,,HIP 43580,133.1281768,-13.23294445,6.109,5.797881,K1III,3529,75916,73 G. Hya,Hydra,337.8241451,1.142,,
3506,,HIP 43584,133.1442583,32.47415912,5.664,5.632745,A8Vam,3519,75698,σ 1 Cancri,Cancer,203.6229333,0.224,,
3507,,HIP 43589,133.1608612,-48.35908812,5.889,5.876372,B5V,3539,76161,,Vela,1086.665978,-0.148,,
3508,,HIP 43590,133.1612333,-36.54534524,6.409,6.2666,G6/K0III,3534,76072,,Pyxis,1061.889969,0.549,,
3509,,HIP 43603,133.2000725,-38.72408817,5.806,5.078864,K5/M0III,3535,76110,,Vela,876.3437415,1.508,,
3510,,HIP 43620,133.2657458,-56.64948543,5.998,6.012643,A0V,3549,76346,,Carina,296.0945016,-0.023,,
3511,,HIP 43623,133.2721422,-16.95247062,6.43,6.147145,K1III,,76027,74 G. Hya,Hydra,417.4138142,1.082,,
3512,,HIP 43624,133.2747771,59.05613922,6.35,6.251728,F5IV-V,3506,75487,,UrsaMajor,201.3588606,0.414,,
3513,,HIP 43644,133.3439907,61.96226615,5.74,5.64289,F2III,3505,75486,5 UMa,UrsaMajor,284.7161126,0.305,,
3514,,HIP 43669,133.4527375,-60.35390851,5.768,5.749035,B4V,3560,76538,,Carina,1375.528163,-0.088,,
3515,,HIP 43671,133.4608518,-47.52069976,5.302,5.192663,A9IV/V,3551,76360,,Vela,261.0090648,0.275,,
3516,,HIP 43673,133.4614938,-40.44754393,6.447,6.16774,K0II/III,3548,76304,,Vela,1314.51724,0.96,,
3517,,HIP 43685,133.4820064,35.53829369,6.129,6.130791,A4III,3528,75896,CY Lyn,Lynx,950.4370437,0.059,,
3518,,HIP 43721,133.5610211,30.57940135,6.25,,~,3532,75959B,* 57 Cnc B,Cancer,365.0614515,1.05,,
3519,,HIP 43721 ,133.5613834,30.57912067,5.97,,~,3532,75959A,* 57 Cnc A,Cancer,,,,
3520,,HIP 43726,133.5747796,-5.434459527,6,5.846635,G2V,3538,76151,,Hydra,55.72646255,0.661,,
3521,,HIP 43763,133.7251234,-58.23965662,6.353,6.3306,B5V,3568,76640,V473 Car,Carina,869.3347394,-0.086,,
3522,,HIP 43783,133.7618671,-60.64460951,3.8,3.808686,B8II-III,3571,76728,,Carina,311.9619055,-0.104,,
3523,,HIP 43797,133.7990913,-54.96576889,5.698,5.587254,F6V,3570,76653,,Vela,78.72512094,0.481,,
3524,,HIP 43798,133.8017911,-18.24119139,5.741,5.317967,K2/3III,3554,76376,80 G. Hya,Hydra,425.0324372,1.327,,
3525,,HIP 43807,133.830009,-45.04167336,6.26,6.232264,B3IV,3562,76566,,Vela,934.0979227,-0.152,6.23,6.27
3526,,HIP 43811,133.8453414,17.23127306,6.4,5.015676,C-N4.5,3541,76221,X Cnc,Cancer,3622.219913,2.975,5.6,7.5
3527,,HIP 43813,133.8484425,5.94556521,3.1,2.870203,G8.5III,3547,76294,ζ Hydrae,Hydra,150.6469382,0.978,,
3528,,HIP 43825,133.8815301,-27.68184821,4.89,4.841538,A3IV,3556,76483,δ Pyxidis,Pyxis,226.3888297,0.142,,
3529,,HIP 43834,133.9153354,27.92748218,5.225,4.968617,G8III,3540,76219,ρ 2 Cancri,Cancer,573.9427679,1,,
3530,,HIP 43850,133.9770302,-15.43953406,6.46,5.995059,K2III,,76478,82 G. Hya,Hydra,812.9693177,1.393,,
3531,,HIP 43851,133.981446,11.62602472,5.44,4.989591,K5III,3550,76351,60 Cnc,Cancer,582.1416722,1.462,,
3532,,HIP 43853,133.9829304,-23.81829293,6.375,6.363359,A4V,3559,76512,,Pyxis,228.9326085,0.157,,
3533,,HIP 43878,134.0802626,-52.72347412,4.723,4.69606,B5/6IV,3574,76805,H Vel,Vela,375.5749605,-0.115,,
3534,,HIP 43894,134.1271481,40.20147311,5.88,5.807046,F3III,3546,76292,,Lynx,236.0609226,0.378,,
3535,,HIP 43899,134.1421942,-16.70874914,5.929,5.354095,K3III,3564,76579,84 G. Hya,Hydra,737.5557104,1.544,,
3536,,HIP 43902,134.1543227,4.236580569,6.131,5.878469,G8III,3557,76494,81 G. Hya,Hydra,1015.57513,1.001,,
3537,,HIP 43903,134.1560223,64.60382733,5.56,5.321272,G7IIIb,3531,75958,6 UMa,UrsaMajor,307.8376709,0.877,,
3538,,HIP 43908,134.1707322,-85.66315212,5.419,5.349698,A8/9IV,3678,79837,ζ Octantis,Octans,157.2601791,0.306,,
3539,,HIP 43923,134.2081359,45.63164605,5.711,5.405166,K1IV,3545,76291,,Lynx,229.4160618,1.125,,
3540,,HIP 43932,134.2358237,32.91042794,5.436,5.414233,A7IV,3555,76398,σ 2 Cancri,Cancer,194.8597243,0.181,,
3541,,HIP 43937,134.2434049,-59.22933762,4.895,4.872055,B2V,3582,77002,V376 Car,Carina,620.9519895,-0.182,4.91,4.96
3542,,HIP 43957,134.2845074,17.14375053,6.146,5.912461,K1III,3558,76508,,Cancer,383.5293599,1.001,,
3543,,HIP 43970,134.3122904,15.3227666,5.22,5.1951,A5III,3561,76543,ο 1 Cancri,Cancer,159.882195,0.149,,
3544,,HIP 44001,134.3966653,15.58128493,5.677,5.650792,F0IV,3565,76582,ο 2 Cancri,Cancer,160.5912453,0.209,,
3545,,HIP 44010,134.4250969,9.387759394,6.178,5.93934,G8III,3567,76629,,Cancer,956.011648,0.984,,
3546,,HIP 44024,134.481495,-48.5729094,5.876,5.612951,G8/K0II,3583,77020,,Vela,1072.367613,1.06,,
3547,,HIP 44031,134.4944474,30.23382519,6.239,6.137405,F4V,3563,76572,61 Cnc,Cancer,163.6546673,0.474,,
3548,Acubens,HIP 44066,134.6216842,11.8576804,4.249,4.214905,kA7VmF0/2III/IVSr,3572,76756,α Cancri,Cancer,173.4966123,0.141,,
3549,,HIP 44075,134.6830532,-16.13272712,5.86,5.651815,G2VFe-1.8CH-1,3578,76932,88 G. Hya,Hydra,69.50974846,0.521,,
3550,,HIP 44093,134.7181322,-47.23468313,5.146,5.106528,A6/7(m)A7-F0,3588,77140,FZ Vel,Vela,220.7177324,0.268,5.14,5.17
3551,,HIP 44126,134.7947128,18.13486146,6.38,5.169844,M4.5III,3577,76830,FZ Cnc,Cancer,696.5807534,1.511,,
3552,Talitha,HIP 44127,134.8018881,48.04182286,3.13,,A7V(n),3569,76644,* iot UMa A,UrsaMajor,47.32396876,0.19,,
3553,Talitha,HIP 44127,134.8018901,48.04182614,3.14,,A6,3569,76644,ι Ursae Majoris,UrsaMajor,47.32396876,0.19,,
3554,,HIP 44130,134.8158935,-28.80604023,6.241,5.987248,G8.5IIICN0.5,3585,77087,,Pyxis,471.7808549,0.997,,
3555,,HIP 44143,134.850757,-59.08371177,5.16,5.074011,F4V,3598,77370,,Carina,85.34031551,0.417,,
3556,,HIP 44148,134.8620111,13.07438786,6.46,5.974877,K5III,,76908,,Cancer,1293.64997,1.462,,
3557,,HIP 44154,134.8860607,32.41855931,5.22,4.998731,G9III,3575,76813,σ 3 Cancri,Cancer,319.9215198,0.913,,
3558,,HIP 44162,134.9163031,-19.20804222,6.191,6.084485,F5V,3584,77084,89 G. Hya,Hydra,128.9558702,0.461,,
3559,,HIP 44191,135.0225406,-41.25360734,4.446,4.261435,G8/K1III+A,3591,77258,,Vela,201.3588674,0.646,,
3560,,HIP 44213,135.0927304,-43.17399357,6.08,6.045053,B2Vnn(e),3593,77320,IU Vel,Vela,999.9988468,-0.154,5.97,6.08
3561,,HIP 44231,135.1283404,37.60435298,6.2,5.546975,K5,3580,76944,,Lynx,842.3777847,1.572,,
3562,,HIP 44248,135.1603059,41.78302456,3.96,3.959608,F3V+G5V,3579,76943,10 UMa,Lynx,53.56573055,0.463,,
3563,,HIP 44256,135.1905904,-60.96382859,5.78,5.452973,G8II,3604,77615,,Carina,1258.686461,1.211,,
3564,,HIP 44283,135.285475,-68.68391932,5.87,5.137517,M1III,3610,77887,45 G. Vol,Volans,761.6829806,1.634,,
3565,,HIP 44290,135.2975815,-26.66371592,6.187,5.895304,K1IIICNII,3597,77361,,Pyxis,389.4853851,1.137,,
3566,,HIP 44299,135.336938,-41.86425954,5.541,5.530056,B5III,3600,77475,,Vela,471.0995152,-0.135,5.53,5.56
3567,,HIP 44307,135.3505408,32.2522961,5.87,5.951587,A2V,3587,77104,66 Cnc,Cancer,509.3751846,0.088,,
3568,,HIP 44315,135.3807781,5.640985107,6.052,5.783392,K1II-III,3590,77250,90 G. Hya,Hydra,789.3473481,1.111,,
3569,,HIP 44331,135.4198334,39.71351226,6.386,6.379232,A9Vn,3586,77093,,Lynx,213.9108449,0.314,,
3570,,,135.4356436,-52.18868918,5.57,,~,3605,77653A,,Vela,436.9966429,-0.12,,
3571,,HIP 44342,135.4534636,27.90260144,6.07,6.024141,A8Vn,3589,77190,67 Cnc,Cancer,191.4269437,0.243,,
3572,,HIP 44356,135.491614,-0.4826743315,5.627,5.304072,K0III,3596,77353,92 G. Hya,Hydra,612.7824246,1.163,,
3573,,HIP 44367,135.5266193,-39.4021425,6.238,6.015403,K1IIICNII,3602,77580,,Vela,357.0646738,1,,
3574,,HIP 44382,135.6116502,-66.39607456,3.99,3.970615,kA3hA5mA5V,3615,78045,α Volantis,Volans,124.2379976,0.145,,
3575,,HIP 44390,135.6362145,67.62961745,4.76,3.803254,M3IIICa1,3576,76827,ρ Ursae Majoris,UrsaMajor,287.2246834,1.542,,
3576,,HIP 44405,135.6844488,24.45288673,5.447,5.437312,A0III,3595,77350,ν Cancri,Cancer,456.5827261,-0.041,,
3577,,HIP 44406,135.6867358,7.298267673,5.831,5.548754,K3III:,3599,77445,,Cancer,663.9514026,1.1,,
3578,,HIP 44423,135.7722164,-53.55037251,6.377,6.382528,B7IVe,3611,77907,,Vela,862.4333172,-0.074,,
3579,Alkaphrah,HIP 44471,135.9063651,47.15652473,3.55,,A1Vn,3594,77327,κ Ursae Majoris,UrsaMajor,422.8286721,0.007,,
3580,,HIP 44504,136.0016656,54.2838829,5.74,5.731674,A2V,3592,77309,,UrsaMajor,336.4288602,0.034,,
3581,,HIP 44509,136.0240817,-47.44144847,6.438,6.421748,B3IV/V,,78005,,Vela,1143.859439,-0.155,,
3582,,HIP 44511,136.0386652,-47.09773508,3.75,3.418618,K2III,3614,78004,,Vela,309.0047587,1.174,,
3583,,HIP 44565,136.1998673,-57.85257659,6.44,6.402938,A8III,3622,78293,,Carina,1101.352284,0.288,,
3584,,HIP 44574,136.2295025,32.37683656,6.47,6.4223,A8V,3606,77660,,Cancer,258.7303199,0.241,,
3585,,HIP 44599,136.2867213,-72.60270256,4.467,4.329505,F8II+DA,3643,78791,,Carina,454.0399291,0.607,,
3586,,HIP 44613,136.3503952,48.53031557,5.95,5.361261,F6IIIn,3603,77601,,UrsaMajor,347.9203649,0.475,,
3587,,HIP 44626,136.4098973,-70.53849836,4.652,4.599252,B3III,3642,78764,V345 Car,Carina,1079.471156,-0.149,4.67,4.78
3588,,HIP 44659,136.4932074,5.09232603,4.981,4.634946,K2II-III,3613,77996,ω Hydrae,Hydra,1211.895662,1.189,,
3589,,HIP 44665,136.5318332,-64.49984911,6.355,5.910444,K3III,3632,78632,,Carina,589.5125384,1.361,,
3590,,HIP 44700,136.632366,38.45221394,4.539,4.284234,G7IIa,3612,77912,,Lynx,677.7542454,1.037,,
3591,,HIP 44708,136.6417743,-55.80240899,6.081,6.068789,B2/3V,3629,78548,,Vela,1185.453794,-0.132,,
3592,,HIP 44717,136.6797442,59.34452502,6.435,6.418828,A2V,3608,77692,,UrsaMajor,1131.944128,0.045,,
3593,,HIP 44738,136.7497473,1.462692998,6.17,5.273165,M3III,3618,78196,NS Hya,Hydra,990.8806218,1.648,,
3594,,HIP 44798,136.9367065,10.66819989,5.24,5.189373,B8IIImnp,3623,78316,κ Cancri,Cancer,483.6798574,-0.092,5.22,5.27
3595,Suhail,HIP 44816,136.9989911,-43.43259091,2.21,,K4Ib,3634,78647,λ Velorum,Vela,545.0002023,1.665,2.14,2.3
3596,,HIP 44818,137.0002089,29.65423213,5.42,5.189889,G8III,3621,78235,τ Cancri,Cancer,259.5541226,0.888,,
3597,,HIP 44824,137.0119994,-25.85853788,4.56,3.955338,K4III,3628,78541,κ Pyxidis,Pyxis,487.2952009,1.594,,
3598,,HIP 44825,137.0173163,32.54040276,6.46,6.374096,F2V,3620,78234,,Cancer,349.0352868,0.375,,
3599,,HIP 44857,137.0979153,66.87323394,5.136,4.561715,K5III,3609,77800,σ 1 Ursae Majoris,UrsaMajor,498.4704781,1.514,,
3600,,HIP 44883,137.1757544,-8.589533343,5.609,5.61151,B9V,3630,78556,19 Hya,Hydra,898.0716489,-0.057,,
3601,,HIP 44887,137.1813808,-26.76759865,6.144,6.119322,A4IV,3637,78676,,Pyxis,372.9962996,0.17,,
3602,,HIP 44888,137.1855105,-16.27732323,6.48,6.19409,K0IIICNII,,78614,100 G. Hya,Hydra,393.7201266,1.1,,
3603,,HIP 44892,137.1972127,26.6291159,5.95,5.793678,G5IV-V,3626,78418,75 Cnc,Cancer,101.9386078,0.654,,
3604,,HIP 44901,137.2177374,51.60464775,4.48,4.405898,kA3VmF5IIISr,3619,78209,15 UMa,UrsaMajor,95.54509137,0.288,,
3605,,HIP 44923,137.2675444,-18.32855157,5.722,5.716326,A0/1V,3638,78702,102 G. Hya,Hydra,260.3834704,0,,
3606,,HIP 44936,137.2979768,-12.35770562,5.769,5.523223,G8III,3636,78668,101 G. Hya,Hydra,459.8036103,0.937,,
3607,Nahn,HIP 44946,137.3397548,22.04543837,5.149,4.895957,G8.5IIIFe-0.5CH-1,3627,78515,ξ Cancri,Cancer,380.3964991,0.97,,
3608,,HIP 44961,137.3982072,-8.787648471,5.46,5.20498,K0II/III,3641,78732,20 Hya,Hydra,641.7312361,1.002,,
3609,,HIP 44979,137.4374863,-49.42438469,6.476,6.447165,A3/5III(m),3647,79025,,Vela,513.384991,0.17,,
3610,,HIP 44984,137.4434335,11.5643765,6.48,6.394797,F2VkA7mA7,3635,78661,,Cancer,122.8335867,0.355,,
3611,,HIP 45001,137.4850401,-30.36540013,5.593,5.582112,A4IV,3644,78922,ϵ Pyxidis,Pyxis,212.3779976,0.179,,
3612,,HIP 45002,137.4877715,-52.08286015,6.22,5.907943,K1III,,79091,,Vela,303.8210311,1.023,,
3613,,HIP 45033,137.5869096,21.9964165,6.011,5.809291,G5III,3640,78715,79 Cnc,Cancer,420.1033136,0.89,,
3614,,HIP 45038,137.5981082,67.13401784,4.8,,F7V,3616,78154,σ 2 Ursae Majoris,UrsaMajor,66.70777171,0.489,,
3615,,HIP 45038,137.5981111,67.13401716,4.813,,F6IV-V,3616,78154,* sig02 UMa A,UrsaMajor,66.70777171,0.489,,
3616,,HIP 45058,137.6616542,30.96313642,5.95,3.36875,M6S,3639,78712,RS Cnc,Cancer,397.0779245,1.373,,
3617,,HIP 45075,137.7293416,63.51367121,4.64,4.565455,F6IIIn,3624,78362,τ Ursae Majoris,UrsaMajor,121.6873659,0.381,,
3618,,HIP 45080,137.7420221,-58.96690056,3.4,3.421808,B2IV-V,3659,79351,a Car,Carina,418.4863566,-0.19,3.41,3.44
3619,,HIP 45085,137.7683254,-44.86790237,5,4.876352,B5Ia,3654,79186,GX Vel,Vela,5495.475926,0.222,4.97,5.04
3620,,HIP 45097,137.8027121,80.82890839,6.35,6.2756,F2,,77246,,Camelopardalis,251.7376138,0.385,,
3621,,HIP 45101,137.8196751,-62.31697773,3.943,3.94141,B3V,3663,79447,,Carina,499.2333258,-0.18,,
3622,,HIP 45122,137.8890924,-46.58391048,5.769,5.747592,B2III/IV,3658,79275,,Vela,1143.859439,-0.218,,
3623,,HIP 45127,137.9205479,-39.25884358,6.002,5.992751,B7V,3656,79241,,Vela,1278.432288,-0.108,,
3624,,HIP 45150,137.9818065,5.468626929,6.342,6.271203,F1Vn,3649,79066,104 G. Hya,Hydra,165.9034189,0.328,,
3625,,HIP 45158,137.9947324,-19.7476303,5.717,5.456443,G8III,3653,79181,107 G. Hya,Hydra,300.4609472,0.977,,
3626,,HIP 45166,138.0515296,-76.66302798,6.12,5.828796,K1III,3695,80194,,Chamaeleon,364.2464566,1.09,,
3627,,HIP 45167,138.05367,3.866978131,6.131,6.137035,A0V,3651,79108,105 G. Hya,Hydra,375.574959,-0.01,,
3628,,HIP 45184,138.1085437,-7.109805389,6.098,6.068012,A0mA5/7-F0,3655,79193,21 Hya,Hydra,269.4214973,0.232,6.11,6.58
3629,,HIP 45189,138.127183,-43.61325489,5.98,,~,3661,79416AB,NAME HD 79416AB,Vela,623.3285307,-0.107,5.56,5.57
3630,,HIP 45214,138.2108606,-60.91676937,6.358,6.377298,B9V,,79699,,Carina,552.5441252,-0.044,,
3631,,HIP 45219,138.2317955,-59.41392901,5.532,5.314828,G5III,3673,79698,,Carina,474.525777,0.846,,
3632,Miaplacidus,HIP 45238,138.2999061,-69.7172076,1.69,,A1III-,3685,80007,β Carinae,Carina,111.1112771,0.07,,
3633,,HIP 45242,138.3277698,-42.27329008,6.267,5.882582,K2III,3668,79524,,Vela,469.065275,1.25,,
3634,,HIP 45249,138.3397948,-29.66436797,6.38,5.716111,K5III,,79456,,Pyxis,964.4974343,1.6,,
3635,,HIP 45259,138.3575905,-38.61647442,6.296,6.296009,A0V,3667,79523,,Vela,714.9117441,0.018,,
3636,,HIP 45270,138.3935556,-47.33840622,5.92,5.896943,B9V,3670,79621,,Vela,554.421886,-0.051,,
3637,,HIP 45272,138.4052593,21.28320637,6.465,6.476283,A1V,3657,79248,,Cancer,496.1950014,0.046,,
3638,,HIP 45290,138.4508882,43.21783165,5.282,5.241456,B9IVpHgMn,3652,79158,36 Lyn,Lynx,572.9354273,-0.13,5.32,5.35
3639,,HIP 45305,138.5128773,-14.69484214,6.46,6.232167,G6/8III/IV,,79481,109 G. Hya,Hydra,566.9565896,0.958,,
3640,,HIP 45306,138.5133023,71.65583292,6.5,6.283605,G8III-IV,3633,78633,,UrsaMajor,469.0652673,0.962,,
3641,,HIP 45314,138.5342087,-44.14582015,5.85,5.827728,B7-8V,3672,79694,,Vela,520.7656338,-0.113,,
3642,,HIP 45328,138.5749604,-55.56962984,5.254,5.008621,G8II/III,3679,79846,,Vela,637.9659363,0.98,,
3643,,HIP 45333,138.5855918,61.42331696,5.18,5.021104,G0V,3648,79028,16 UMa,UrsaMajor,63.77148925,0.605,,
3644,,HIP 45344,138.6020244,-43.22748944,5.25,5.213465,B3/5V,3674,79735,,Vela,556.3126867,-0.137,,
3645,,HIP 45386,138.7382131,-37.60242936,5.85,5.633668,K0/1III+A3/7,3677,79807,,Vela,626.9243122,0.827,,
3646,,HIP 45410,138.8077171,14.94150888,5.348,4.931283,K1III,3669,79554,π 2 Cancri,Cancer,701.0762963,1.319,,
3647,,HIP 45418,138.8234952,-58.38837776,5.993,5.996632,B6III,3691,80094,,Carina,522.4347544,-0.101,,
3648,,HIP 45421,138.8392788,84.18101403,6.28,6.22468,F2III,3581,76990,,Camelopardalis,293.6938288,0.339,,
3649,,HIP 45424,138.8539481,-15.02491142,6.318,6.313243,A0V,3675,79752,111 G. Hya,Hydra,347.5487302,0.013,,
3650,,HIP 45437,138.8946376,-57.57774087,6.311,6.045747,G8II,3693,80126,,Carina,1097.642403,1.037,,
3651,,HIP 45439,138.9029506,-38.56994296,4.94,4.609541,K1III,3682,79917,,Vela,224.9827926,1.084,,
3652,,HIP 45448,138.9378324,-37.41314386,4.62,4.496167,F3/5V,3684,79940,,Vela,165.5663371,0.473,,
3653,,HIP 45455,138.9574235,56.74140711,5.266,4.656113,K4III,3660,79354,17 UMa,UrsaMajor,680.5839252,1.568,,
3654,,HIP 45461,138.9690791,72.94632448,5.93,5.907363,F0III,3645,78935,,UrsaMajor,290.8119886,0.179,,
3655,,HIP 45481,139.0167911,-44.8987215,6.04,5.941446,A0Iab,3688,80057,,Vela,4346.65738,0.269,,
3656,,HIP 45493,139.0471959,54.02185733,4.805,4.753883,A6V,3662,79439,18 UMa,UrsaMajor,118.3302177,0.199,5.02,5.05
3657,,HIP 45496,139.0503024,-57.54147114,4.318,3.590996,M0.5IIIa,3696,80230,,Carina,536.1854395,1.602,,
3658,,HIP 45505,139.0959803,-44.2657321,5.094,4.476615,K3Ib-II,3692,80108,,Vela,4024.699664,1.636,,
3659,,,139.1069393,-67.47656533,3.27,,~,,,ASAS J091626-6728.7,Carina,,,,
3660,,HIP 45526,139.1723615,-8.74475835,5.468,5.458269,B3III/IV,3683,79931,24 Hya,Hydra,689.2164138,-0.081,,
3661,,HIP 45527,139.173912,-6.353144418,5.23,4.894355,K2/3III,3681,79910,23 Hya,Hydra,278.6326309,1.172,,
3662,,HIP 45543,139.2377009,-11.10311056,6.45,6.116744,K2/3III,,79994,117 G. Hya,Hydra,367.9465575,1.172,,
3663,,HIP 45544,139.2378175,-39.40153801,5.304,4.97084,K2III,3694,80170,,Vela,355.1184539,1.166,,
3664,Aspidiske,HIP 45556,139.2725286,-59.27523203,2.26,2.213786,A7Ib,3699,80404,ι Carinae,Carina,692.143896,0.189,,
3665,,HIP 45559,139.2821736,-14.57407016,5.831,5.519096,K0III,3687,80050,118 G. Hya,Hydra,389.4853855,1.049,,
3666,,HIP 45571,139.3218436,-68.68959313,5.39,5.241289,F5VFe-0.7CH-0.5,3712,80671,,Carina,109.2860026,0.415,,
3667,,HIP 45581,139.3550411,-74.89427946,5.32,5.591899,A1V,3720,80951,,Carina,721.2394061,0.021,,
3668,,HIP 45585,139.3648733,-74.73459028,5.857,5.861979,A0V,3721,80950,,Carina,263.5407822,-0.024,,
3669,,HIP 45590,139.3799115,46.81722851,5.938,5.948019,A1V,3676,79763,,UrsaMajor,366.7044924,0.063,,
3670,,HIP 45603,139.426186,-54.49482834,6.319,5.841455,K3III,3700,80435,,Vela,810.9448591,1.403,,
3671,,HIP 45614,139.4639815,11.50114515,6.39,6.395469,A2IV,3689,80064,,Cancer,541.5285789,0.095,,
3672,,HIP 45615,139.4652068,-67.05086069,6.136,5.735614,K2III,3713,80710,V478 Car,Carina,1358.334917,1.254,,
3673,,HIP 45631,139.5244634,-51.05085664,5.254,5.237954,B7/8III,3703,80456,,Vela,430.6461614,-0.062,,
3674,,HIP 45661,139.6079542,35.36407574,5.94,,A8V,3686,80024,,Lynx,504.6449235,0.177,,
3675,,HIP 45675,139.676483,-51.5606496,5.93,5.661753,B6Ia,3708,80558,LR Vel,Vela,7015.633524,0.54,5.82,5.96
3676,,HIP 45688B,139.7103603,36.80207218,6.09,,A4V,3690,80081B,* 38 Lyn B,Lynx,121.8692767,0.066,,
3677,,HIP 45688,139.7110149,36.80259586,3.92,3.928573,A1V,3690,80081,38 Lyn,Lynx,121.8692767,0.066,,
3678,,HIP 45742,139.8853143,-55.18647062,6.268,6.254273,B3V,3717,80781,,Vela,3431.575049,-0.099,,
3679,,HIP 45743,139.8880607,-15.8346644,5.792,5.395551,K1/2III,3704,80479,121 G. Hya,Hydra,400.4911497,1.285,,
3680,,HIP 45751,139.9432569,-11.97485275,4.77,4.520355,G7III,3706,80499,26 Hya,Hydra,319.6079122,0.927,,
3681,,HIP 45754,139.9497146,-34.103341,6.384,6.379237,B8V,3710,80590,,Pyxis,680.5839319,-0.087,,
3682,,HIP 45764,139.982079,74.01660059,6.4,6.142982,G8III,3666,79517,,Camelopardalis,370.4534914,1.05,,
3683,,HIP 45811,140.1208956,-9.555703357,4.811,4.564609,K0III,3709,80586,27 Hya,Hydra,243.4653686,0.913,,
3684,,HIP 45814,140.1236245,-37.58168941,6.027,5.570965,K3/4III,3716,80774,,Vela,513.3849914,1.396,,
3685,,HIP 45836,140.1823377,51.26606394,6.11,6.033801,F3V,3697,80290,37 Lyn,UrsaMajor,94.54753151,0.436,,
3686,,HIP 45854,140.2312408,-15.61782623,6.308,6.203654,F6V,3714,80719,126 G. Hya,Hydra,157.5640118,0.468,,
3687,,HIP 45856,140.2367211,-62.40463363,4.8,4.539335,G6III,3728,81101,,Carina,222.5257299,0.926,,
3688,,HIP 45860,140.2637509,34.39255929,3.14,2.488654,K6III,3705,80493,α Lyncis,Lynx,221.9196913,1.55,,
3689,,HIP 45888,140.3483535,45.37010083,6.39,5.985427,K0,,80461,,UrsaMajor,713.3469383,1.305,,
3690,,HIP 45896,140.363258,32.90215306,6.18,5.866,K3III,3707,80546,,Cancer,316.5050397,1.097,,
3691,,HIP 45902,140.373293,-25.96544063,4.72,3.915372,M0.5IIIBa0.5,3718,80874,θ Pyxidis,Pyxis,521.6001941,1.633,,
3692,,HIP 45915,140.4303658,56.69922043,5.47,4.514644,M4IIIa,3698,80390,CG UMa,UrsaMajor,476.6089115,1.511,5.47,5.95
3693,,HIP 45920,140.4585096,-55.51468859,5.608,5.583869,A3IV(s),3732,81157,,Vela,275.3380752,0.19,,
3694,,HIP 45924,140.4624452,-42.19486023,5.572,4.706413,M1III,3726,81034,,Vela,564.9908102,1.637,,
3695,Markeb,HIP 45941,140.5284067,-55.01066713,2.473,2.487886,B2IV,3734,81188,κ Velorum,Vela,538.8423407,-0.141,,
3696,,HIP 45962,140.5999685,-46.04744412,5.729,5.508392,G6/8III,3730,81136,,Vela,569.929712,0.903,,
3697,,HIP 46026,140.8010429,-28.83386135,4.68,4.462702,G8.5IIIbFe-1,3733,81169,λ Pyxidis,Pyxis,181.9198072,0.892,,
3698,,HIP 46045,140.8557016,-48.2869427,6.264,6.244084,B3IV,,81347,,Vela,1393.16151,-0.144,,
3699,,HIP 46049,140.8638403,-60.30231531,6.265,5.824758,K1/2II/III,3740,81502,,Carina,2263.888266,1.477,,
3700,,HIP 46058,140.8823969,25.18283967,6.4,6.168691,G5IV-V,3723,80956,6 LMi,Leo,679.1658279,0.856,,
3701,,HIP 46067,140.9156449,-46.90875298,6.188,6.190338,B7III,,81369,,Vela,1128.028874,-0.093,,
3702,,HIP 46075,140.9369258,-37.75690131,6.469,6.456045,A1mA5-F0,3735,81309,,Vela,328.6276846,0.193,,
3703,,HIP 46093,140.9972246,-51.7370814,6.086,5.869861,A5Ia/ab,3739,81471,,Vela,5719.313478,0.528,,
3704,,HIP 46101,141.0228969,-61.64890466,5.988,5.709192,K0III,3742,81613,,Carina,337.1265075,1.06,,
3705,,HIP 46107,141.0384348,-80.78687709,5.36,5.217743,F3/5III/V,3795,82554,ι Chamaeleontis,Chamaeleon,184.2849373,0.454,,
3706,,HIP 46114,141.0678569,-39.42550111,6.049,6.026656,A6/7III,3737,81411,,Vela,518.2847734,0.193,,
3707,,HIP 46143,141.1545182,-70.07578176,6.45,6.03637,K1III,,81896,,Carina,617.4246688,1.275,,
3708,,HIP 46146,141.1635778,26.18232429,4.46,4.080853,K2IIIb,3731,81146,κ Leonis,Leo,213.3507791,1.222,,
3709,,HIP 46168,141.2319957,51.57389599,6.368,,G2III,3725,81025,,UrsaMajor,431.7871559,0.774,,
3710,,,141.2320044,51.57389467,6.435,6.225751,~,3725,81025A,,UrsaMajor,431.7871557,0.774,,
3711,,HIP 46194,141.2827292,-43.97660187,6.371,5.085959,M3III,,81575,GK Vel,Vela,789.3473517,1.526,6.26,6.39
3712,,HIP 46221,141.3501462,-5.117395178,5.579,5.032454,K4/5III,3738,81420,28 Hya,Hydra,674.947389,1.523,,
3713,,HIP 46225,141.3634759,-61.95047812,5.77,5.764718,A4V,3752,81830,,Carina,236.403229,0.137,,
3714,,HIP 46232,141.3854189,16.58558723,6.292,6.065199,G9III:,3736,81361,,Leo,271.8932293,0.968,,
3715,,HIP 46247,141.4340448,63.94094059,6.227,5.676306,K2III,3722,80953,EZ UMa,UrsaMajor,808.9334314,1.465,6.23,6.28
3716,,HIP 46283,141.5748217,-53.37890825,5.089,5.069758,B6V,3753,81848,,Vela,422.2809986,-0.102,,
3717,,HIP 46288,141.5929603,-1.464074946,5.985,5.609328,K2+III,3741,81567,136 G. Hya,Hydra,876.3437417,1.313,,
3718,,HIP 46297,141.6185826,-40.50170594,6.19,6.1371,A7III,3746,81780,,Vela,299.9080524,0.251,,
3719,,HIP 46328,141.683727,-64.92970064,6.039,6.030281,A3Vn,3761,82068,,Carina,222.52573,0.147,,
3720,,,141.6870926,-28.78769464,6.44,,~,3745,81753A,,Pyxis,1590.244882,-0.089,,
3721,,HIP 46358,141.776292,-71.60189425,5.47,5.16051,K0/1III,3777,82350,,Carina,200.8626958,1.079,,
3722,,HIP 46371,141.8267188,-22.34372709,4.69,4.378458,K2+IIIb,3749,81799,,Hydra,175.9308591,1.154,,
3723,Alphard,HIP 46390,141.8968446,-8.65859953,1.97,,K3IIIa,3748,81797,α Hydrae,Hydra,177.1738969,1.44,,
3724,,,141.9449353,-6.071213931,5.56,,~,3750,81809A,,Hydra,101.8430933,0.642,,
3725,,HIP 46407,141.9543466,-71.78110153,6.31,6.231855,F3/5V,,82458,,Carina,184.4935779,0.413,,
3726,,HIP 46410,141.9649069,75.09832208,6.2,6.187714,A5Vs,3719,80930,,Draco,473.837909,0.115,,
3727,,HIP 46454,142.1142105,9.056775011,5.62,5.68946,~,3754,81858,* ome Leo A,Leo,112.2203278,0.605,,
3728,,HIP 46457,142.1215586,8.188305567,5.713,5.420982,K0III,3755,81873,3 Leo,Leo,518.2847714,1.045,,
3729,,HIP 46460,142.1272204,-66.70187828,5.886,5.883849,A0V,3783,82406,,Carina,267.8720204,0.012,,
3730,Intercrus,HIP 46471,142.1666195,45.60148087,5.393,5.120425,K0III,3743,81688,,UrsaMajor,287.8657234,0.996,,
3731,,HIP 46482,142.1962724,-62.27313532,5.904,5.602296,K1III,3776,82347,,Carina,482.2487202,1.102,,
3732,,HIP 46504,142.259577,-1.256911953,6.27,6.238175,A5/7IV+F/G,3758,81980,144 G. Hya,Hydra,297.4454462,0.274,,
3733,,HIP 46509,142.287214,-2.768939454,4.6,4.465013,F5V,3759,81997,τ 1 Hydrae,Hydra,55.74569865,0.411,,
3734,,HIP 46511,142.3026764,-20.74912727,5.636,5.017099,K4/5III,3763,82077,148 G. Hya,Hydra,913.1654563,1.587,,
3735,,HIP 46515,142.3113317,-35.95133744,4.51,4.032836,K3III,3765,82150,ϵ Antliae,Antlia,699.5701793,1.408,,
3736,,HIP 46517,142.3173896,-38.40354172,6.145,6.110421,A6V,3766,82165,,Antlia,203.2418455,0.216,,
3737,,HIP 46529,142.3518343,-2.2051907,6.126,6.095756,A7/8V+(F/G),3760,82043,146 G. Hya,Hydra,474.5257764,0.222,,
3738,,HIP 46543,142.3850651,-4.246635995,6.257,6.042515,G8III/IV,3762,82074,147 G. Hya,Hydra,177.2703928,0.838,,
3739,,HIP 46569,142.4578054,-23.34534417,6.24,5.676723,K2/3III,3767,82180,149 G. Hya,Hydra,1646.466862,1.559,,
3740,,HIP 46578,142.4771036,-26.58961539,5.479,5.072459,K2IIICNII,3770,82205,,Antlia,763.4662023,1.345,,
3741,,HIP 46594,142.5212914,-51.51716458,5.46,5.427502,B8III,3784,82419,,Vela,415.2882963,-0.078,,
3742,,HIP 46618,142.5936787,-15.5773533,5.849,5.505049,K2III,3772,82232,150 G. Hya,Hydra,248.6653974,1.193,,
3743,,HIP 46620,142.5976107,-58.3618358,5.888,4.828857,M2III,3793,82536,V482 Car,Carina,1058.440889,1.676,,
3744,,HIP 46651,142.6746907,-40.46683083,3.91,,~,3786,82434A,* psi Vel A,Vela,60.49356581,0.371,,
3745,,HIP 46651,142.6749982,-40.46673935,3.6,,F3VFe-0.7,3786,82434,ψ Velorum,Vela,60.49356581,0.371,,
3746,,HIP 46651,142.6751575,-40.46675767,5.12,,~,3786,82434B,* psi Vel B,Vela,60.49356581,0.371,,
3747,,HIP 46652,142.6801127,33.65571385,5.857,5.609511,G8III:,3764,82087,7 LMi,LeoMinor,515.0084681,1.032,,
3748,,HIP 46657,142.6920823,-31.88920013,6.15,6.182363,A1V,3781,82384,ζ 1 Antliae,Antlia,372.1454406,0.066,,
3749,,HIP 46701,142.8054923,-57.03437645,3.139,2.546545,K5III,3803,82668,,Vela,237.6094298,1.538,3.12,3.15
3750,,HIP 46733,142.882117,63.06185995,3.67,3.582016,F0V,3757,81937,23 UMa,UrsaMajor,75.46283185,0.36,,
3751,,HIP 46734,142.883979,-31.87180986,5.899,5.854152,A9IV,3789,82513,ζ 2 Antliae,Antlia,374.2840015,0.258,,
3752,,HIP 46735,142.8850435,35.10327204,5.37,4.718575,M1III,3769,82198,8 LMi,LeoMinor,435.8295593,1.543,,
3753,,HIP 46737,142.887593,-66.7190284,6.255,5.813166,K1III,3813,82858,,Carina,702.58568,1.348,,
3754,,HIP 46736,142.8876906,-35.71474927,5.87,5.462564,K3III,3790,82514,,Antlia,284.9651852,1.287,,
3755,,HIP 46741,142.9011296,-73.08091308,5.454,4.804707,K4III,3821,83095,,Carina,791.2609718,1.556,,
3756,,HIP 46744,142.9124456,-10.55203187,6.123,6.082305,WN,3785,82428,153 G. Hya,Hydra,176.8857132,0.261,,
3757,Alterf,HIP 46750,142.9301239,22.96798129,4.31,3.670779,K4.5III,3773,82308,λ Leonis,Leo,336.4288644,1.541,,
3758,,HIP 46768,142.9821218,-10.37034293,6.124,5.760155,K2III,3788,82477,154 G. Hya,Hydra,358.2415349,1.183,,
3759,,HIP 46771,142.9864207,11.2998218,4.963,4.682771,G9.5III,3782,82395,ξ Leonis,Leo,238.478544,1.046,,
3760,,HIP 46774,142.9899042,9.715765315,5.07,4.596352,K2.5IIIFe-0.5,3779,82381,6 Leo,Leo,482.2487185,1.364,,
3761,,HIP 46776,142.9955248,-1.184671352,4.548,4.477273,A2V,3787,82446,τ 2 Hydrae,Hydra,458.5093907,0.109,,
3762,,HIP 46806,143.0608171,-62.78888961,6.1,4.928279,M5-8,3816,82901,R Car,Carina,415.8164162,0.906,3.9,10.5
3763,,HIP 46810,143.0766104,-28.62776903,6.45,6.448015,F3V,3798,82610,S Ant,Antlia,245.1129746,0.358,6.27,6.83
3764,,HIP 46811,143.0803226,-40.64933706,5.4,5.149943,G8III,3807,82694,,Vela,389.9515673,0.897,,
3765,,HIP 46813,143.0850361,-19.40030459,5.74,5.712989,A4III,3796,82573,156 G. Hya,Hydra,351.2944728,0.135,,
3766,,HIP 46840,143.1724756,1.864126265,6.12,5.952595,K0III+A/F,3794,82543,155 G. Hya,Hydra,415.8164151,0.614,,
3767,,HIP 46853,143.2142956,51.67731481,3.18,3.071743,F7V,3775,82328,θ Ursae Majoris,UrsaMajor,43.96236691,0.46,,
3768,,HIP 46859,143.2323936,-13.51680425,5.937,5.383261,K4III,3802,82660,158 G. Hya,Hydra,823.2318036,1.501,,
3769,,HIP 46869,143.25822,-8.505373961,6.113,5.864152,K0III,3801,82638,157 G. Hya,Hydra,392.7714674,0.974,,
3770,,HIP 46874,143.2820009,-39.12907267,6.41,6.336603,F2IV/V,3812,82785,,Antlia,237.0910899,0.337,,
3771,,HIP 46879,143.2968637,45.5137597,6.47,6.197278,K0,,82408,,UrsaMajor,584.2280721,1.141,,
3772,,HIP 46880,143.3019161,-21.11572333,5.003,4.752573,K0III,3808,82734,160 G. Hya,Hydra,334.0164667,1.023,,
3773,,HIP 46893,143.3329487,-7.190202084,6.25,5.911707,K2III,3805,82674,159 G. Hya,Hydra,420.6444774,1.17,,
3774,,HIP 46897,143.3585462,-22.86388573,5.904,5.908233,B9.5V,3810,82747,162 G. Hya,Hydra,296.9036353,0.023,,
3775,,HIP 46904,143.3765111,36.48694845,6.181,5.811361,K4III:,3791,82522,9 LMi,LeoMinor,414.2320514,1.264,,
3776,,,143.4350642,-49.00551072,6.21,6.259939,~,3817,82984B,,Vela,958.8250334,-0.114,,
3777,,,143.4355713,-49.00507517,5.56,5.563161,~,3817,82984A,,Vela,958.8250334,-0.114,,
3778,,HIP 46914,143.4355786,-49.00507613,5.12,,B5III,3817,82984,,Vela,958.8250334,-0.114,,
3779,,HIP 46928,143.4723974,-80.94125797,5.059,5.059154,B4IV,3860,83979,ζ Chamaeleontis,Chamaeleon,538.8423399,-0.139,5.06,5.17
3780,,HIP 46938,143.4964176,23.45392168,6.25,5.702972,K7III,3804,82670,,Leo,508.5797469,1.453,,
3781,,HIP 46950,143.5366395,-51.25526614,5.03,4.960294,B2IV,3819,83058,,Vela,931.4279835,-0.18,,
3782,,HIP 46952,143.5557577,36.39755806,4.6,4.297111,G7.5IIIb,3800,82635,10 LMi,LeoMinor,176.0260472,0.914,4.54,4.56
3783,,HIP 46974,143.6110451,-59.22975195,4.09,3.9648,B5II,3825,83183,,Carina,1975.759582,-0.013,,
3784,,HIP 46977,143.6202478,69.83034071,4.57,4.322646,G5III-IV,3771,82210,24 UMa,UrsaMajor,105.5356901,0.781,4.56,4.618
3785,,HIP 46982,143.6360317,-5.914950119,5.548,5.224248,K1II/III,3814,82870,33 Hya,Hydra,680.5839316,1.159,,
3786,,HIP 47006,143.7059617,52.05147922,4.463,4.440791,A0Vn,3799,82621,26 UMa,UrsaMajor,266.9944225,0.027,,
3787,,HIP 47013,143.7230311,72.20567979,5.768,5.650113,F7V,3768,82189,22 UMa,UrsaMajor,162.5123605,0.53,,
3788,,HIP 47029,143.7659573,39.62149264,4.8,4.522163,G9.5IIIbFe-1,3809,82741,,Lynx,229.0936501,0.992,,
3789,,HIP 47039,143.7992656,-35.82374957,6.47,6.382878,F5V,3823,83108,,Antlia,206.590845,0.417,,
3790,,HIP 47070,143.8908341,-19.5833964,6.31,6.331005,A0V,3822,83104,165 G. Hya,Hydra,283.4782985,0.069,,
3791,,HIP 47080,143.9145925,35.81013251,5.34,5.200431,G8Va,3815,82885,11 LMi,LeoMinor,36.4448587,0.77,5.39,5.43
3792,,HIP 47096,143.9703486,14.37959393,6.303,6.299931,A1V,3818,83023,7 Leo,Leo,510.1738885,0.027,,
3793,,HIP 47119,144.0282261,74.3188076,6.444,6.443856,B9III,3774,82327,,Draco,446.5745193,-0.083,,
3794,,HIP 47145,144.1059396,-48.75117789,6.23,6.219419,A8VSrCrEu,3831,83368,,Vela,236.2320797,0.277,6.5,6.54
3795,,HIP 47168,144.178553,31.16175962,5.56,4.823806,M2III,3820,83069,,Leo,474.525774,1.594,,
3796,,HIP 47172,144.1928725,-52.94366774,6.177,5.90082,K0III,3837,83465,,Vela,388.0966267,1.051,,
3797,,HIP 47175,144.2064132,-49.3550255,4.35,4.299023,A7V,3836,83446,,Vela,107.413459,0.173,,
3798,,HIP 47187,144.2508638,-25.29675972,5.68,5.381495,K0III,3830,83332,,Antlia,292.6392281,1.116,,
3799,,HIP 47189,144.2607565,16.43795182,5.732,5.363683,K1III,3826,83189,8 Leo,Leo,953.2178289,1.223,,
3800,,HIP 47193,144.2720324,81.32638087,4.255,3.785223,K3II-III,3751,81817,,Draco,1075.907967,1.488,,
3801,,HIP 47199,144.2912212,-32.17867707,5.63,5.344002,K1III,3833,83380,,Antlia,267.4325731,1.023,,
3802,,,144.302713,-53.6685,6.1,,~,3840,83520A,,Vela,233.6918867,0.137,,
3803,,HIP 47204,144.3027164,-53.66850944,5.467,,A2/3V,3840,83520,,Vela,233.6918867,0.137,,
3804,,,144.302754,-53.668322,6.26,,~,3840,83520B,,Vela,233.6918867,0.137,,
3805,,HIP 47205,144.3028306,6.835822454,5.009,4.694444,K1III,3827,83240,10 Leo,Leo,225.605778,1.051,,
3806,,HIP 47224,144.368336,-36.09599414,5.95,5.652424,K2III,3835,83441,,Antlia,337.1265084,1.118,,
3807,,HIP 47231,144.4062902,60.21368269,6.41,6.167736,G5,,82969,,UrsaMajor,320.5506991,0.921,,
3808,,HIP 47242,144.4413972,-3.170639595,6.46,6.205379,K0III,,83352,166 G. Hya,Hydra,451.5232087,0.986,,
3809,,HIP 47249,144.4646107,-9.424448472,6.39,6.394989,A0Vp,3832,83373,34 Hya,Hydra,374.7143212,-0.04,,
3810,,HIP 47260,144.4841772,73.08039399,6.38,,F2V,3806,82685,,Draco,226.8615238,0.352,,
3811,,HIP 47267,144.5060476,-43.19094007,5.5,5.254957,G8IIIBa1.5,3842,83548,,Vela,484.3970618,0.985,,
3812,,HIP 47300,144.5907349,40.23979333,5.276,5.237008,F0V,3829,83287,42 Lyn,Lynx,125.1439485,0.223,,
3813,,HIP 47310,144.6137022,4.649292768,4.68,4.213269,K3III,3834,83425,2 Sex,Hydra,273.9496398,1.31,,
3814,,HIP 47391,144.837547,-61.32804977,4.498,4.481613,B9IV/V,3856,83944,,Carina,223.7475789,-0.07,,
3815,,HIP 47401,144.8661441,67.27222912,5.947,5.328205,K5,3824,83126,,UrsaMajor,543.3346151,1.528,,
3816,,HIP 47422,144.9380309,-62.94292365,6.403,6.378916,B8/9III/IV(w),,84046,,Carina,623.3285316,-0.084,,
3817,,HIP 47427,144.9475448,-10.57027158,6.32,6.343301,A0V,3846,83650,37 Hya,Hydra,1097.642403,-0.029,,
3818,Ukdah,HIP 47431,144.9640061,-1.142810732,3.91,3.466299,K2.5III,3845,83618,ι Hydrae,Hydra,275.5708389,1.313,,
3819,,HIP 47452,145.0765133,-14.33228878,5.052,6.200798,B3/5IV/V,3849,83754,κ Hydrae,Hydra,515.0084724,-0.149,,
3820,,HIP 47454,145.0836416,-10.76918442,6.356,6.352781,A2III,3848,83731,172 G. Hya,Hydra,838.0452493,0.083,,
3821,,HIP 47479,145.1773427,-57.98350925,5.307,5.22565,A3IV,3863,84121,,Carina,219.5288116,0.195,,
3822,,HIP 47498,145.2592012,-57.25951727,5.794,5.508157,K0/1III,3864,84152,,Carina,362.2219973,1.083,,
3823,Subra,HIP 47508,145.2876341,9.892307896,3.52,3.420801,F8-G0III+A7m,3852,83808,ο Leonis,Leo,135.1576972,0.516,,
3824,,HIP 47521,145.3197121,55.86649035,6.49,6.196667,K1IIIbCN1,,83564,,UrsaMajor,412.1358689,1.15,,
3825,,HIP 47522,145.3208613,-23.59151431,4.76,4.648011,B5V,3858,83953,,Hydra,496.9513263,-0.117,,
3826,,HIP 47544,145.3963185,31.2778135,5.84,5.199597,K6III,3850,83787,DR Leo,Leo,942.1957637,1.579,5.84,5.98
3827,,HIP 47550,145.4103521,25.91287743,6.249,5.877243,K2III:,3853,83821,13 Leo,Leo,540.6288188,1.251,,
3828,,HIP 47559,145.4496949,-55.2137615,5.98,5.960294,B4IV,3868,84228,,Vela,2694.214942,-0.119,,
3829,,HIP 47570,145.5014267,39.75785287,5.61,5.379385,G8III,3851,83805,43 Lyn,Lynx,339.9366246,0.951,,
3830,,HIP 47591,145.554026,-66.91481853,6.32,6.308359,A0V,,84416,V486 Car,Carina,591.6511,0.075,,
3831,,HIP 47592,145.5600675,-23.91556723,4.94,4.772147,F9V,3862,84117,,Hydra,48.51925588,0.534,,
3832,,HIP 47594,145.5617552,69.23753367,5.717,5.391176,G9III:,3838,83489,,UrsaMajor,478.7083516,1.131,,
3833,,HIP 47627,145.6723005,-35.50170945,6.383,6.358277,B9II,3867,84224,,Antlia,1417.3931,-0.053,,
3834,,HIP 47631,145.6780782,35.09337204,6.14,6.03338,F3V,3857,83951,13 LMi,LeoMinor,173.7740389,0.386,,
3835,,HIP 47633,145.6795588,48.43100336,6.37,6.361008,A1V,3854,83869,,UrsaMajor,435.2460182,0.01,,
3836,,HIP 47654,145.7382869,72.25261763,5.142,4.888855,K0III,3839,83506,27 UMa,UrsaMajor,441.7334179,1.029,,
3837,,HIP 47664,145.7789376,54.36370089,6.477,6.476019,A5m,3855,83886,,UrsaMajor,299.0826142,0.121,,
3838,,HIP 47694,145.8649506,-51.22813747,6.168,6.134472,B6V,3872,84400,IP Vel,Vela,1364.017101,-0.098,6.03,6.22
3839,,HIP 47701,145.8885832,29.97447664,5.621,5.624762,kA1hA2mA4,3861,84107,15 Leo,Leo,159.1796662,0.111,,
3840,,HIP 47717,145.9259771,-53.8912818,5.544,5.542945,A0IV,3875,84461,,Vela,354.7337748,-0.042,,
3841,,HIP 47723,145.9329451,14.02170308,5.35,4.580817,M2III,3866,84194,ψ Leonis,Leo,713.3469426,1.61,,
3842,,HIP 47758,146.0503963,-27.76947252,4.79,4.5444,A7V+G8III,3871,84367,θ Antliae,Antlia,383.9825056,0.516,,
3843,,HIP 47779,146.1250189,18.86349082,6.47,6.166472,K0,3869,84252,,Leo,464.387172,1.158,,
3844,,HIP 47791,146.152286,64.98410803,6.21,6.099788,F3Vn,3859,83962,,UrsaMajor,350.9163058,0.419,,
3845,,HIP 47854,146.3117154,-62.50790286,3.75,3.471174,G5Iab/b,3884,84810,l Car,Carina,1509.259933,1.01,3.28,4.18
3846,,HIP 47868,146.3416971,-30.20274901,6.45,6.40413,B0IV,3878,84567,,Antlia,8358.969035,-0.137,,
3847,,HIP 47884,146.3791106,78.13470828,6.236,5.815324,K2III,3843,83550,,Draco,1012.422704,1.353,,
3848,,HIP 47893,146.4192302,-57.18604227,6.471,6.48763,B8III,3883,84809,V487 Car,Carina,869.3347412,-0.108,,
3849,,HIP 47908,146.4628067,23.77425378,2.98,2.783956,G1IIIa,3873,84441,ϵ Leonis,Leo,250.5767341,0.808,,
3850,,HIP 47913,146.4821131,-58.79382866,6.211,6.118361,F5III/IV,3887,84850,,Carina,263.7539877,0.461,,
3851,,HIP 47943,146.5418466,6.708556391,5.79,5.024069,M1III,3876,84542,5 G. Leo,Leo,1041.534522,1.639,,
3852,,HIP 47956,146.5859637,-76.77611877,5.44,5.184688,G8III,3902,85396,ν Chamaeleontis,Chamaeleon,191.2023344,0.901,,
3853,,HIP 47959,146.5971971,11.81004324,5.644,5.116062,K4III,3877,84561,18 Leo,Leo,701.0762985,1.489,,
3854,,HIP 47960,146.598377,1.785587788,5.64,5.567076,F0/2IV,3879,84607,,Sextans,273.4899804,0.342,,
3855,,HIP 47963,146.6265435,-44.75505998,5.55,5.53052,B2V,3886,84816,,Vela,1436.125067,-0.176,,
3856,,HIP 47965,146.6319357,57.12806888,5.2,4.028175,M3III,3870,84335,44 Lyn,UrsaMajor,556.3126812,1.594,6.78,6.94
3857,,HIP 48002,146.7755071,-65.07200742,2.99,2.7888,A9,3890,85123,υ Carinae,Carina,1621.889714,0.273,,
3858,,,146.7781257,-65.07286188,5.99,,B7III,3891,85124,* ups Car B,Carina,,0.99,,
3859,,HIP 48017,146.8250201,79.13663211,6.09,6.03545,F0V:,3847,83727,,Draco,416.347788,0.303,,
3860,,HIP 48023,146.8424759,23.64768645,6.49,6.214958,K0,,84680,,Leo,642.9993764,1.093,,
3861,,HIP 48029,146.8581864,11.56816593,6.445,6.378,A7Vn,3880,84722,19 Leo,Leo,292.6392266,0.255,,
3862,,HIP 48113,147.1473806,46.02100739,5.1,4.916553,G0.5Va,3881,84737,15 LMi,UrsaMajor,60.08117075,0.619,,
3863,,HIP 48119,147.1666597,-56.41189059,6.047,5.814791,K0III,3895,85250,,Vela,331.9757066,0.937,,
3864,,HIP 48191,147.3670153,-37.18676426,5.946,5.561104,K2III,3892,85206,,Antlia,406.9915943,1.245,,
3865,,HIP 48218,147.4587261,21.179422,6.077,6.333613,A7IVn,3889,85040,20 Leo,Leo,514.1967301,0.257,6.08,6.12
3866,,HIP 48219,147.4639475,-36.26846225,6.362,6.099659,K0III,3897,85296,,Antlia,555.3672881,1.008,,
3867,,HIP 48224,147.4880858,-45.73273691,5.084,5.058201,B7III,3898,85355,,Vela,855.6427368,-0.098,,
3868,,HIP 48266,147.5982712,65.59322655,6.262,6.211849,A9Vn,3885,84812,,UrsaMajor,306.1033517,0.29,,
3869,,HIP 48287,147.6747193,-46.93391902,5.711,5.455289,K0IIICNIb,3904,85483,,Vela,597.0692231,1.085,,
3870,,HIP 48310,147.7315932,-62.74511707,5.56,5.157409,K1IIICNII,3914,85656,,Carina,958.8250335,1.316,,
3871,,HIP 48319,147.7473252,59.03873362,3.81,3.705446,F0,3888,84999,υ Ursae Majoris,UrsaMajor,114.9317616,0.29,3.68,3.86
3872,,HIP 48320,147.7533941,-80.06104761,6.49,6.462066,B8IV,,86320,,Chamaeleon,702.5856795,0.074,,
3873,,HIP 48324,147.7582668,13.0662391,6.45,5.766979,M0III,3896,85268,23 Leo,Leo,1852.273996,1.624,,
3874,,HIP 48339,147.8003142,-59.4257768,5.778,5.305115,K2IIICNIV/Vp,3913,85655,,Carina,745.9958566,1.354,,
3875,,HIP 48341,147.8084654,-4.243350092,6.016,5.99452,A4V,3899,85364,6 Sex,Sextans,199.8775244,0.171,,
3876,,HIP 48348,147.8321871,-46.19382121,5.617,5.285793,K2III,3910,85563,,Vela,334.7010681,1.166,,
3877,,HIP 48351,147.8400665,-6.181925694,6.42,6.295582,G1V,3901,85380,,Sextans,145.2115427,0.577,,
3878,Zhang,HIP 48356,147.8694791,-14.84662871,4.11,3.864234,G7III,3903,85444,υ 1 Hydrae,Hydra,273.4899816,0.918,,
3879,,HIP 48374,147.9194513,-46.54762225,4.58,4.243141,G6IIa,3912,85622,,Vela,1083.057159,1.172,,
3880,,HIP 48396,147.998065,-16.5347935,6.074,5.814817,K0III,3908,85519,179 G. Hya,Hydra,394.6720496,1.035,,
3881,,HIP 48402,148.0264766,54.06433229,4.557,,A3IV,3894,85235,ϕ Ursae Majoris,UrsaMajor,436.4130983,0.038,,
3882,,HIP 48413,148.0499254,0.0756024618,6.329,6.101849,K0III,3907,85505,,Sextans,427.8230008,0.934,,
3883,,HIP 48437,148.126839,-8.105009967,5.43,,A1V,3909,85558,* gam Sex A,Sextans,261.4276506,0.038,,
3884,,HIP 48437,148.1269977,-8.104960883,6.4,,A4V,3909,85558,* gam Sex B,Sextans,261.4276506,0.038,,
3885,Rasalas,HIP 48455,148.1909042,26.00695119,3.88,3.530155,K2IIIbCN1Ca1,3905,85503,μ Leonis,Leo,132.9526316,1.222,,
3886,,HIP 48468,148.2417818,-27.33217277,6.29,6.150497,G1V,3916,85725,,Antlia,186.1793264,0.622,,
3887,,HIP 48469,148.2503867,-55.37320729,6.491,6.450416,B1IIIn,3920,85871,QZ Vel,Vela,7086.949175,-0.145,,
3888,,HIP 48519,148.428851,5.958576172,5.95,4.996836,M2III,3915,85709,,Sextans,1399.143612,1.662,,
3889,,HIP 48527,148.4587455,-51.14670998,5.932,5.91041,B2.5III,3924,85953,V335 Vel,Vela,1706.806225,-0.152,,
3890,,HIP 48559,148.55132,-25.93233004,4.88,4.499607,K2+IIICN0.5,3919,85859,,Hydra,335.7377486,1.199,,
3891,,HIP 48561,148.5735628,-45.28351318,5.81,5.792909,B5V,3925,85980,,Vela,844.558733,-0.114,,
3892,,HIP 48584,148.6325649,-22.48745731,6.213,6.207602,A1IVn,3921,85905,182 G. Hya,Hydra,457.2216926,0.052,,
3893,,HIP 48613,148.7134613,-50.24396026,5.705,5.710978,A0V,3927,86087,,Vela,318.9826464,0.006,,
3894,Felis,HIP 48615,148.7175187,-19.00933886,4.94,4.228612,K5III,3923,85951,,Hydra,705.6272626,1.559,,
3895,,HIP 48638,148.7639886,61.11612371,6.286,6.027738,K0,3911,85583,,UrsaMajor,388.5595402,1.036,,
3896,,HIP 48682,148.9291741,49.81984301,5.269,5.261216,A3III,3917,85795,31 UMa,UrsaMajor,222.5257255,0.086,,
3897,,HIP 48706,149.0222183,-40.82454494,6.392,5.607531,M1III,3930,86211,,Vela,840.2066316,1.612,,
3898,,HIP 48715,149.0405548,-71.38929999,6.33,6.305947,B1Ib,3944,86606,,Carina,2050.315809,-0.056,,
3899,,HIP 48730,149.0912299,-51.33615637,6.377,6.356149,B2/3III/IV,3935,86352,,Vela,4657.139894,-0.162,,
3900,,HIP 48734,149.1082299,8.933155865,5.848,5.53127,K2III:,3926,86080,10 Sex,Leo,673.5553694,1.129,,
3901,,HIP 48748,149.1478906,-33.41849651,5.818,5.470489,K1III,3932,86267,,Antlia,479.4125209,1.202,,
3902,,HIP 48763,149.1951952,-26.54967238,6.28,6.257981,A6V,3931,86266,185 G. Hya,Hydra,226.5462913,0.219,,
3903,,HIP 48774,149.2155869,-54.56778819,3.45,3.521229,B5Ib,3940,86440,ϕ Velorum,Vela,1928.994866,-0.067,,
3904,,HIP 48776,149.225384,-27.47515501,6.312,6.285001,A4V,3933,86301,BF Ant,Antlia,502.3107692,0.173,6.32,6.33
3905,,HIP 48782,149.2492036,-69.10180257,6.178,6.168513,B3V,3949,86659,V492 Car,Carina,1086.66598,-0.1,,
3906,,HIP 48799,149.2955831,-52.63878186,6.115,6.099586,B3III,3941,86466,IV Vel,Vela,3431.57505,-0.115,5.99,6.003
3907,,HIP 48802,149.3067152,57.41820503,5.959,5.732664,G6III:Fe-0.5,3922,85945,,UrsaMajor,466.382289,0.895,,
3908,,HIP 48833,149.4210601,41.05563189,5.104,4.984309,F6V,3928,86146,19 LMi,LeoMinor,94.19252015,0.481,,
3909,,HIP 48835,149.4274936,-48.41408942,6.05,6.046566,B2V,3943,86523,,Vela,3790.696781,-0.127,,
3910,,HIP 48839,149.4329326,-1.941752719,6.46,6.196601,K0/1III,,86341,,Sextans,276.0373463,0.7,,
3911,,HIP 48861,149.4868657,45.41430313,6.324,6.0557,K0III,3929,86166,,UrsaMajor,417.9484529,1.096,,
3912,,HIP 48876,149.5317934,8.313977991,6.033,5.596932,K3III,3938,86369,11 Sex,Leo,538.8423407,1.357,,
3913,,HIP 48883,149.5557307,12.44480573,5.26,5.243746,B6IV,3937,86360,ν Leonis,Leo,529.2220769,-0.035,,
3914,,HIP 48893,149.5947708,72.8794717,5.835,5.566793,K3III:,3918,85841,,UrsaMajor,370.0329521,1.155,,
3915,,HIP 48895,149.6084955,27.75899915,6.46,6.3903,F2V,3936,86358,HN Leo,Leo,217.6236645,0.362,6.44,6.51
3916,,HIP 48926,149.7178143,-35.8909729,5.222,5.151695,F1V,3947,86629,η Antliae,Antlia,106.2929978,0.3,,
3917,,HIP 48943,149.7762684,-23.95076863,6.25,6.192306,B5IVe,3946,86612,OY Hya (188 G. Hya),Hydra,628.1305149,-0.101,,
3918,,HIP 48982,149.9008932,29.64523147,5.744,5.46918,G9III:,3942,86513,,Leo,324.378271,1.059,,
3919,,HIP 49005,149.965363,56.8118065,5.485,4.937758,K5III,3939,86378,,UrsaMajor,510.173885,1.487,,
3920,,HIP 49029,150.0533584,8.044219646,4.7,3.883179,M2-III,3950,86663,π Leonis,Leo,524.9612558,1.589,,
3921,,HIP 49065,150.1824738,-82.21467013,5.52,5.512283,A0IV,3983,87971,μ 1 Chamaeleontis,Chamaeleon,399.0208893,0.035,,
3922,,HIP 49081,150.252737,31.92367028,5.37,5.204957,G3VaHdel1,3951,86728,20 LMi,LeoMinor,48.55543887,0.676,,
3923,,HIP 49092,150.2999405,-56.09656697,6.412,6.410723,B8,,87122,,Vela,867.020141,-0.013,,
3924,,HIP 49137,150.4196137,-53.36411285,6.181,6.165316,B2/3IV/V,3955,87152,,Vela,1442.47881,-0.137,,
3925,,HIP 49160,150.4918696,-57.34978859,6.191,5.907353,K1II,3957,87238,,Carina,752.8874996,1.108,,
3926,,HIP 49164,150.5004006,-60.4208909,5.928,5.868555,F0II,3960,87283,,Carina,3196.079085,0.263,,
3927,,,150.553,-60.041,4.2,,Open Cluster,,,NGC 3114,Carina,,,,
3928,,HIP 49220,150.7039567,21.94925727,5.663,5.631,B2V,3952,87015,EO Leo,Leo,1582.525198,-0.178,,
3929,,HIP 49223,150.7058784,-62.15666742,6.371,5.756836,K3Ib,3967,87438,,Carina,2762.714088,1.688,,
3930,,HIP 49233,150.7497599,-60.17867618,6.19,6.134978,A6II/III,3966,87436,,Carina,3227.723916,0.175,,
3931,,HIP 49259,150.8357548,-46.63618913,6.101,6.106284,A0V,3964,87363,,Vela,300.4609502,0.041,,
3932,,,150.8921547,-61.88404055,6.35,6.317326,~,3971,87543A,,Carina,1734.043535,-0.032,,
3933,,HIP 49293,150.9207772,-9.573790038,6.097,5.342178,M0+III,3959,87262,,Sextans,1258.686463,1.671,,
3934,Chalawan,HIP 53721,150.991104,40.4302558,5.05,4.866588,G0 V,4277,95128,,UrsaMajor,45.92284,0.61,,
3935,,HIP 49321,151.0117322,-18.10140206,6.228,6.247798,B8V,3963,87344,192 G. Hya,Hydra,477.3065604,-0.06,,
3936,,HIP 49329,151.0351333,3.201054797,6.429,6.348881,F3V,3961,87301,13 Sex,Sextans,179.1210971,0.398,,
3937,,HIP 49339,151.0872558,-24.28554031,5.701,5.628794,F0V,3965,87427,193 G. Hya,Hydra,255.4859741,0.303,,
3938,,HIP 49343,151.0973453,-39.97586035,6.409,6.006867,K1III,3968,87477,,Antlia,636.7206182,1.311,,
3939,,HIP 49363,151.1513437,53.89171443,5.708,5.587781,F5V,3954,87141,,UrsaMajor,154.1370945,0.507,,
3940,,HIP 49394,151.2576404,-51.31361708,6.24,6.222071,B8/9III,,87652,,Vela,531.8105199,-0.054,,
3941,,HIP 49402,151.2811234,-13.06462649,4.588,4.567612,B8V,3970,87504,υ 2 Hydrae,Hydra,276.9755756,-0.087,,
3942,,HIP 49408,151.2932529,52.37131312,6.35,6.298611,A5IV,3958,87243,,UrsaMajor,329.9610205,0.135,,
3943,,HIP 49418,151.3136668,-36.38438429,6.268,5.976656,K1III,3972,87606,,Antlia,421.7333204,1.112,,
3944,,HIP 49445,151.4205235,15.75750874,6.36,6.288372,F2Vn,3969,87500,,Leo,371.7216399,0.387,,
3945,,HIP 49477,151.5300434,-52.18793854,6.492,6.253153,K1III,3978,87816,,Vela,393.7201298,0.997,6.49,6.52
3946,,,151.5467162,-47.36999596,5.22,4.9007,~,3976,87783A,,Vela,258.1158168,0.88,,
3947,,HIP 49530,151.697603,5.61149275,6.187,5.957492,K1III,3973,87682,14 Sex,Sextans,345.3384514,0.939,,
3948,,HIP 49569,151.7895807,-17.14173273,5.582,5.024588,K5III-IIIb,3977,87808,195 G. Hya,Hydra,343.1575119,1.49,,
3949,,HIP 49583,151.833135,16.76266332,3.41,3.490714,A0Ib,3975,87737,η Leonis,Leo,2130.720477,-0.031,,
3950,,HIP 49593,151.8573432,35.24469587,4.49,4.423902,A7V(n),3974,87696,21 LMi,LeoMinor,91.1124722,0.19,,
3951,,HIP 49619,151.8988193,-48.26081996,6.384,6.368068,B3V,,88015,,Vela,1298.804038,-0.15,,
3952,Yunü (Yunu),HIP 49637,151.9761255,9.997506875,4.38,3.838813,K3.5IIIbFe-1:,3980,87837,31 Leo,Leo,274.1801233,1.448,,
3953,,HIP 49641,151.9845157,-0.3716703685,4.49,4.427298,A0III,3981,87887,α Sextantis,Sextans,287.2246928,-0.032,,
3954,,HIP 49642,151.9859519,-62.22141658,6.44,6.412837,ApSi,,88158,V495 Car,Carina,817.0443227,-0.095,,
3955,,HIP 49645,152.0068939,-37.33345721,6.327,6.093652,K0III,3984,88013,,Antlia,589.5125413,0.98,,
3956,,HIP 49658,152.0661965,31.60405208,6.23,6.433022,F4V,3979,87822,,LeoMinor,206.3290645,0.469,,
3957,Regulus,HIP 49669,152.0929624,11.96720878,1.4,,B8IVn,3982,87901,α Leonis,Leo,79.02003442,-0.087,,
3958,,HIP 49688,152.143011,83.91838685,6.31,5.624004,K0,3934,86321,,Camelopardalis,883.4700969,1.549,,
3959,,HIP 49689,152.147599,-15.61193784,6.244,6.244002,A0V,3986,88025,197 G. Hya,Hydra,578.014517,-0.007,,
3960,,HIP 49698,152.1781305,-65.81547675,5.258,5.011778,K0III,3995,88323,,Carina,341.3612501,0.973,,
3961,,HIP 49712,152.2343317,-51.81126176,4.845,4.799441,B3III/IV,3990,88206,,Vela,1083.05716,-0.12,,
3962,,HIP 49751,152.3412199,-61.54900931,5.71,5.913759,K5-M6e,3999,88366,S Car,Carina,1319.837565,1.5,4.5,9.9
3963,,,152.3761057,-68.68284879,6.47,,~,4002,88473A,,Carina,583.1848775,0.015,,
3964,,HIP 49769,152.3823669,-35.85677894,6.13,6.010732,G0V,3992,88218,,Antlia,100.1537641,0.615,,
3965,,HIP 49802,152.4853606,-12.09530531,6.23,6.215585,A5III,3988,88182,199 G. Hya,Hydra,259.3477715,0.184,,
3966,,HIP 49809,152.5245263,-12.81592319,5.296,5.200972,F3V,3991,88215,200 G. Hya,Hydra,89.04661382,0.368,,
3967,,HIP 49812,152.5314165,-8.408169948,5.901,5.880402,A0V,3989,88195,17 Sex,Sextans,526.6564582,0.026,,
3968,,HIP 49841,152.6470358,-12.35412748,3.61,3.355006,K0IIIbCN0.5,3994,88284,λ Hydrae,Hydra,114.6271911,1.007,,
3969,,HIP 49844,152.6571605,-41.71524747,5.965,5.616758,K2/3III,4001,88399,,Vela,222.8298905,1.239,,
3970,,HIP 49865,152.7327531,-8.418459081,5.618,5.225205,K2/3III,3996,88333,18 Sex,Sextans,473.1500589,1.304,,
3971,,HIP 49870,152.7457112,40.66160709,6.335,5.941153,K3III:,3987,88161,,LeoMinor,595.9771186,1.277,,
3972,,HIP 49893,152.8032407,37.40189952,5.842,5.46596,K3III,3993,88231,,LeoMinor,602.5884014,1.282,,
3973,,HIP 49900,152.8240172,-7.316621555,6.225,6.224676,A0V,4000,88372,,Sextans,483.6798626,0.026,,
3974,,HIP 49926,152.8977452,-58.827765,6.4,4.938736,M3III,4007,88647,V368 Car,Carina,754.6283404,1.647,6.1,6.4
3975,,HIP 49929,152.9092147,13.35511309,6.427,6.335762,F6V,3998,88355,34 Leo,Leo,224.9827934,0.468,,
3976,,HIP 49934,152.9435817,-58.06054409,5.75,5.623815,B5Vne,4009,88661,,Carina,1293.649976,-0.118,5.63,5.83
3977,,HIP 49967,153.0118824,-28.60595793,6.28,,A0V,4003,88522,,Antlia,509.3751926,0.019,,
3978,,HIP 49994,153.0955125,-52.16324226,6.147,5.840022,K2IIICNII,4010,88693,,Vela,334.3587686,1.168,,
3979,,HIP 50013,153.1581738,-19.15304128,6.46,6.34294,F7V,4005,88595,204 G. Hya,Hydra,137.2633356,0.494,,
3980,,HIP 50027,153.2015192,4.614677155,5.781,5.410902,K0III:,4004,88547,19 Sex,Sextans,526.6564575,1.178,,
3981,,HIP 50044,153.2547788,-59.91808683,6.087,6.039668,B5(III)e,4018,88825,,Carina,1975.759583,-0.072,,
3982,,HIP 50066,153.3310233,-27.0289143,6.21,6.170057,A9mA8-F3,4011,88699,205 G. Hya,Hydra,408.5205361,0.316,,
3983,,HIP 50067,153.338248,-61.65883046,6.41,6.39336,B3V,4022,88907,,Carina,1021.945177,-0.111,,
3984,,HIP 50069,153.3428691,-56.58669749,6.46,5.964955,K2III,,88862,,Vela,821.1584447,1.45,,
3985,,HIP 50070,153.3451839,-51.23296958,5.265,5.212627,F0IV,4017,88824,LW Vel,Vela,162.5123704,0.257,5.24,5.29
3986,,HIP 50075,153.3530379,-33.03172079,6.38,6.233714,G0V,4013,88742,,Antlia,74.12461093,0.592,,
3987,,,153.3666486,-51.75579109,5.88,,~,4020,88842A,,Vela,318.0489827,0.136,,
3988,,HIP 50083,153.3776346,-66.37281118,5.141,5.107169,A4mA6-F0,4025,88981,,Carina,303.5383904,0.217,,
3989,,HIP 50099,153.4342525,-70.03790645,3.33,3.300514,B7III,4037,89080,ω Carinae,Carina,370.0329602,-0.074,,
3990,,HIP 50103,153.4413448,-40.34602768,5.893,5.556177,K1III,4015,88809,,Antlia,450.2778911,1.204,,
3991,,HIP 50109,153.4571025,27.1358236,6.05,5.842719,G3IIIbFe-1,4006,88639,,Leo,388.5595453,0.844,,
3992,,HIP 50122,153.4856568,-40.31077395,6.325,6.089954,G8III,4019,88836,,Antlia,448.4196904,0.94,,
3993,,HIP 50142,153.5373343,-23.8139465,6.357,5.511482,M1III,,88806,206 G. Hya,Hydra,1336.065852,1.639,,
3994,,HIP 50191,153.683982,-42.12194134,3.85,3.846665,A2Va,4023,88955,,Vela,102.7744792,0.051,,
3995,,HIP 50218,153.7764116,31.46806815,6.46,6.25651,~,4014,88786,22 LMi,LeoMinor,763.4662007,0.858,,
3996,,HIP 50222,153.7819449,59.98554064,6.25,5.449524,M0IIIv,4008,88651,U UMa,UrsaMajor,1743.314972,1.621,6.2,6.25
3997,,HIP 50232,153.8193318,-54.9742079,6.134,6.123336,B2IV,4038,89104,,Vela,1423.580583,-0.155,,
3998,,HIP 50234,153.8369649,-36.51771615,6.158,5.888807,K0III,4029,89015,,Antlia,367.1185211,1.058,,
3999,,HIP 50241,153.8814955,-43.11236983,5.561,4.999767,K4III,4036,89062,,Vela,544.2409051,1.52,,
4000,,HIP 50287,154.0133759,-59.9034086,6.22,,A5V,4043,89263,,Carina,270.0911049,0.194,,
4001,,HIP 50292,154.0374903,-11.20341765,6.075,5.777937,K0IIICNII/III,4034,89033,,Sextans,641.7312404,1.096,,
4002,,HIP 50303,154.0601255,29.31047432,5.488,5.47921,A2IV,4024,88960,23 LMi,LeoMinor,257.3008136,0.02,,
4003,,HIP 50316,154.1170102,28.68248293,6.465,6.315048,G2V,4027,88986,24 LMi,LeoMinor,104.3200422,0.635,,
4004,,HIP 50332,154.1672264,-51.20463749,6.3,4.754142,M4/5III,4045,89273,GY Vel,Vela,699.5701811,1.435,6.23,6.5
4005,,HIP 50333,154.1697399,13.72833442,5.41,4.66207,M1III,4035,89056,37 Leo,Leo,499.233327,1.65,,
4006,Adhafera,HIP 50335,154.1725632,23.41731699,3.41,3.346777,F0IIIa,4031,89025,ζ Leonis,Leo,259.5541271,0.307,,
4007,,HIP 50336,154.173989,25.37071531,5.84,5.483773,K2III,4032,89024,,Leo,314.976103,1.206,,
4008,,HIP 50371,154.2707314,-61.33230464,3.35,2.871023,K2.5II,4050,89388,V337 Car,Carina,735.8931136,1.541,3.36,3.44
4009,Tania Borealis,HIP 50372,154.2740802,42.91441381,3.45,3.446242,A1IV,4033,89021,λ Ursae Majoris,UrsaMajor,134.3221573,0.029,,
4010,,HIP 50384,154.3105764,23.10621783,5.82,5.677715,F6V,4039,89125,39 Leo,Leo,74.07407797,0.5,,
4011,,HIP 50391,154.3340893,-46.83493614,6.48,6.408486,A8V+F3/5,,89328,,Vela,202.8627094,0.329,,
4012,,HIP 50414,154.4075106,-8.068913121,5.24,5.168725,F0IV,4042,89254,ϵ Sextantis,Sextans,182.5307339,0.336,,
4013,,HIP 50448,154.5084445,65.10835174,5.76,5.720902,A8III,4026,88983,32 UMa,UrsaMajor,249.4262759,0.163,,
4014,,HIP 50456,154.5316247,-28.99199866,5.53,5.372162,B9.5Ib/II,4049,89353,,Antlia,2173.335216,0.277,5.29,5.83
4015,,HIP 50480,154.6176841,-41.66848935,5.957,5.956401,B9V,4056,89461,,Vela,550.6761477,-0.063,,
4016,,HIP 50492,154.6577271,-36.8045653,6.306,5.894781,K2/3III,4053,89442,,Antlia,608.2086487,1.282,,
4017,,HIP 50493,154.6579522,-56.11039361,5.8,5.694129,F6V,4061,89569,,Vela,116.8042197,0.481,,
4018,,HIP 50509,154.7446967,46.76077639,6.4,6.079316,K1III,4044,89268,,UrsaMajor,829.5170828,1.19,,
4019,,HIP 50516,154.7529424,24.71213737,6.4,5.942746,K0,4048,89344,,Leo,1172.66155,1.388,,
4020,,HIP 50520,154.7699619,-64.67578227,6.46,,~,4065,89715B,,Carina,291.5921164,0.042,,
4021,,HIP 50520,154.7711356,-64.67625765,5.67,,A1V,4065,89715,,Carina,291.5921164,0.042,,
4022,,,154.7711419,-64.67625874,6.25,6.339843,~,4065,89715A,,Carina,291.5921164,0.042,,
4023,,HIP 50536,154.8202649,-12.52812262,6.027,6.034502,A8III,4055,89455,209 G. Hya,Hydra,217.1887848,0.258,,
4024,,HIP 50552,154.8847682,-5.106147799,6.361,6.140593,K0IV,4059,89490,,Sextans,292.6392298,0.894,,
4025,,HIP 50555,154.9031363,-55.02930533,4.543,4.01697,K2.5II,4063,89682,GZ Vel,Vela,1488.585007,1.6,3.43,3.81
4026,,HIP 50562,154.925126,-65.13723781,6.3,5.782854,K2II,,89805,,Carina,2000.000951,1.556,,
4027,,HIP 50583,154.9931273,19.84148522,2.37,,K1-III+G7IIIb,4057,89484,γ 1 Leonis,Leo,125.5778592,1.128,,
4028,Algieba,HIP 50583,154.9931436,19.84148867,1.98,,K1-IIIFe-1,4057,89484,* gam01 Leo,Leo,125.5778592,1.128,,
4029,,HIP 50584,154.9978379,-9.059003191,6.308,6.2335,F0V,4060,89565,,Sextans,173.6814609,0.338,,
4030,,HIP 50606,155.0616929,53.7794134,6.453,6.325335,F8V,4051,89389,,UrsaMajor,99.69409734,0.58,,
4031,,HIP 50609,155.0696482,-47.6990905,5.614,4.978791,K5/M0III,4066,89736,,Vela,2694.214944,1.667,,
4032,,HIP 50635,155.1297958,54.21683883,6.012,5.683055,K3III:,4052,89414,,UrsaMajor,457.2216868,1.128,,
4033,,HIP 50676,155.2283155,-56.04323771,4.51,4.491403,B5II,4074,89890,MV Vel,Vela,1393.161512,-0.102,4.49,4.55
4034,,HIP 50685,155.2639202,68.74765342,5.9,5.827786,A7Vn,4047,89343,EN UMa,UrsaMajor,410.0625076,0.241,5.83,5.88
4035,,HIP 50693,155.2831602,-17.98495644,6.499,6.402018,F3IV,4068,89747,,Hydra,189.0950729,0.402,,
4036,,HIP 50728,155.3694318,-23.71083436,6.469,6.444445,A4IV/V,4071,89816,213 G. Hya,Hydra,373.4266238,0.193,,
4037,,HIP 50755,155.4595956,14.97577304,6.163,6.159722,A1V,4070,89774,42 Leo,Leo,475.9112787,0.018,,
4038,,HIP 50785,155.5434198,-58.2655694,6.35,6.117893,G6III,,90074,,Carina,342.7956515,0.884,,
4039,,HIP 50786,155.5440079,41.22953047,5.72,5.607603,F7V,4067,89744,,UrsaMajor,127.2010365,0.529,,
4040,,HIP 50790,155.5539054,-19.86657175,6.13,6.111308,A0V,4076,89911,217 G. Hya,Hydra,704.1048436,0.035,,
4041,,HIP 50799,155.5816035,-41.64996198,4.83,4.516285,K1III,4080,89998,,Vela,200.4920369,1.095,,
4042,Tania Australis,HIP 50801,155.5821987,41.49953826,3.05,2.32451,M0III,4069,89758,μ Ursae Majoris,UrsaMajor,183.2475449,1.59,,
4043,,HIP 50847,155.7422774,-66.901496,4.99,4.929765,B8V,4089,90264,,Carina,429.5116823,-0.128,,
4044,,HIP 50851,155.7518662,6.542643116,6.08,5.761738,K3III,4077,89962,43 Leo,Leo,229.2547002,1.119,,
4045,,HIP 50860,155.7763708,33.9081424,5.9,5.868836,A5IVn,4075,89904,27 LMi,LeoMinor,229.9014814,0.147,,
4046,,HIP 50868,155.8047508,-30.16226145,6.25,6.179409,A9IV,4083,90071,,Antlia,174.986766,0.304,,
4047,,HIP 50885,155.8603259,-4.074032839,5.97,5.916284,ApSiCr,4082,90044,25 Sex,Sextans,351.2944752,-0.048,5.94,5.98
4048,,HIP 50887,155.8682075,-0.9022479454,6.441,6.215122,K0IV,,90043,24 Sex,Sextans,243.932451,0.958,,
4049,,HIP 50888,155.872067,-38.00984042,5.329,5.277537,A8V,4086,90132,,Antlia,131.9837643,0.251,,
4050,,HIP 50893,155.8860693,-3.642853335,6.42,5.620524,M0/1III,,90057,,Sextans,1202.953484,1.601,,
4051,,HIP 50903,155.9192678,-41.95319166,6.242,6.011911,G8IV,4087,90170,,Vela,232.0286364,0.884,,
4052,,HIP 50904,155.9239995,29.6158542,6.367,6.066238,G5III?,4078,89993,,LeoMinor,374.2840003,1.09,,
4053,,HIP 50916,155.9609616,-57.95393185,6.325,5.772311,K4III,4091,90289,,Carina,793.1876348,1.517,,
4054,,HIP 50933,156.0326953,65.5664226,4.93,4.911254,A1:VpSiSrHg,4072,89822,ET UMa,UrsaMajor,300.7380426,-0.052,4.91,4.96
4055,,HIP 50935,156.0358496,33.71852969,5.503,5.166929,K1III,4081,90040,28 LMi,LeoMinor,409.0356124,1.186,,
4056,,HIP 50939,156.0549049,2.368017541,6.31,6.039966,K0/1III,4085,90125,,Sextans,327.6399062,0.991,,
4057,,HIP 50954,156.098773,-74.03161108,4.01,3.909765,F3V,4102,90589,,Carina,52.86190306,0.369,,
4058,,HIP 50976,156.1854665,-73.97173194,6.174,6.17361,A2/3V,4105,90630,,Carina,440.5402656,0.071,,
4059,,HIP 50993,156.2475746,-58.57630226,5.93,5.858307,F2II/III,4095,90454,,Carina,296.903637,0.315,,
4060,,HIP 51008,156.3133146,8.784843846,5.61,4.799785,M3III,4088,90254,44 Leo,Leo,704.1048422,1.63,5.6,5.67
4061,,HIP 51014,156.3217258,-42.46740442,6.18,5.92963,G8III,4093,90393,,Vela,586.3307808,1.006,,
4062,,HIP 51046,156.4344621,-7.059826769,5.56,4.935474,K6IIIFe-0.5,4092,90362,,Sextans,328.9602074,1.528,,
4063,,HIP 51047,156.4371811,35.42542781,6.47,6.200564,K1III,,90250,29 LMi,LeoMinor,412.6574736,1.089,,
4064,,HIP 51056,156.4783956,33.7961192,4.718,4.649329,F0VmF3/4,4090,90277,30 LMi,LeoMinor,206.8529472,0.26,,
4065,,HIP 51069,156.5226089,-16.8362886,3.81,3.266733,K4III,4094,90432,μ Hydrae,Hydra,248.0975085,1.456,,
4066,,HIP 51077,156.5409647,-42.7384924,6.126,5.824242,K1III,4099,90518,,Vela,331.6366686,1.129,,
4067,,HIP 51117,156.6538108,-0.9880563509,6.305,5.813952,K3III,,90473,26 Sex,Sextans,754.6283413,1.443,,
4068,,HIP 51140,156.7038395,-54.87730634,5.546,5.052071,K3II/III,4107,90677,,Vela,1598.039547,1.556,,
4069,,HIP 51161,156.752027,19.364535,6.132,5.830955,K0,4097,90472,,Leo,328.6276852,1.141,,
4070,,HIP 51172,156.7879193,-31.06777914,4.25,3.732725,K3III,4104,90610,α Antliae,Antlia,366.2937415,1.429,,
4071,,HIP 51192,156.8519604,-57.63880511,4.7,4.483113,A9/F0Ia/ab,4110,90772,V399 Car,Carina,6554.591967,0.474,4.64,4.71
4072,,HIP 51194,156.8553491,-65.70466188,5.991,5.990932,A2V,4115,90874,,Carina,229.2546999,0.091,,
4073,,HIP 51200,156.8668488,41.60099108,6.007,6.005591,A3V,4096,90470,,UrsaMajor,216.0373476,0.166,,
4074,,,156.867,-57.626,4.3,,Open Cluster,,,IC 2581,Carina,,,,
4075,,HIP 51213,156.9124538,9.762391668,6.04,5.994432,B9.5IV-VpSiCrSr(Mn),4101,90569,45 Leo,Leo,384.8887866,-0.043,5.97,6.15
4076,,HIP 51232,156.9697074,-58.73940618,3.81,3.75138,F2II,4114,90853,,Carina,1041.534525,0.317,,
4077,,HIP 51233,156.9708317,36.70721001,4.21,4.139052,G9III,4100,90537,β Leonis Minoris,LeoMinor,145.9267848,0.908,,
4078,,HIP 51245,157.0087302,-49.40580232,6.086,5.523952,K4III,4111,90798,,Vela,920.9047018,1.506,,
4079,,,157.0161789,48.784901,6.5,6.277527,~,4098,90508A,,UrsaMajor,76.79617594,0.61,,
4080,,HIP 51265,157.0760798,-63.16456766,6.426,6.344899,B2/3(III)ne,,90966,V507 Car,Carina,2037.500745,-0.039,,
4081,,HIP 51290,157.1521651,45.21221188,6.357,5.965151,K0,4103,90602,,UrsaMajor,763.4661994,1.33,,
4082,,HIP 51302,157.1831627,-3.74239103,6.032,6.047494,A0V,4109,90763,,Sextans,243.6472805,0.059,,
4083,,HIP 51313,157.2190617,-64.17227996,5.27,4.3596,M0III,4120,91056,,Carina,3134.615023,1.856,,
4084,,HIP 51327,157.2656095,-65.17624546,6.418,5.536293,M1III,,91094,,Carina,626.9243141,1.675,,
4085,,HIP 51362,157.3695954,-2.739075781,5.18,5.168239,B9V,4116,90882,δ Sextantis,Sextans,299.9080549,-0.05,,
4086,,HIP 51364,157.3707212,-29.66383322,5.565,5.077949,K3III,4117,90957,224 G. Hya,Hydra,387.1740492,1.42,,
4087,,HIP 51376,157.3974118,-30.60706511,5.56,5.550309,B9/9.5V,4118,90972,δ Antliae,Antlia,480.8273631,-0.041,,
4088,,HIP 51384,157.4234569,84.25193024,5.51,5.4447,A9V,4062,89571,,Camelopardalis,132.9526251,0.244,,
4089,,HIP 51401,157.4768202,65.62623118,6.309,6.018081,K2III:,4106,90633,35 UMa,UrsaMajor,313.1606032,1.141,,
4090,,HIP 51420,157.526865,38.92513217,5.784,5.776226,A4V,4113,90840,32 LMi,LeoMinor,759.9062791,0.087,,
4091,,HIP 51425,157.5366079,-66.98465453,6.191,6.159514,B4V,4129,91272,V655 Car,Carina,1234.849334,-0.004,6.19,6.36
4092,,HIP 51437,157.5728345,-0.6370318161,5.1,5.036,B6V,4119,90994,β Sextantis,Sextans,344.6082129,-0.138,5,5.1
4093,,HIP 51438,157.5838657,-71.99279386,4.71,4.709129,A1V,4138,91375,,Carina,258.730326,0.042,,
4094,,HIP 51448,157.6107748,64.25768839,6.09,6.048883,A7III,4108,90745,,UrsaMajor,289.2634907,0.178,,
4095,,HIP 51461,157.6635194,-61.35647662,6.401,5.480213,M2III,4128,91270,,Carina,810.9448612,1.65,,
4096,,HIP 51490,157.7448486,-7.63754802,6.2,,K4III,4122,91106,,Sextans,767.0587265,1.377,,
4097,,HIP 51490,157.7448526,-7.637549449,6.32,,~,4122,91106A,,Sextans,767.0587263,1.377,,
4098,,HIP 51491,157.7493213,-13.58847091,5.58,5.570088,B9IIIe,4123,91120,225 G. Hya,Hydra,486.5682251,-0.028,,
4099,,HIP 51495,157.7585855,-73.22149262,4.92,4.271682,K4/5III,4142,91496,,Carina,964.4974356,1.677,,
4100,,HIP 51502,157.7696164,82.55865174,5.252,5.144055,F4VkF2mF2,4084,90089,,Camelopardalis,70.04731651,0.399,,
4101,,HIP 51523,157.8409203,-53.71548361,4.89,4.757292,F9VFe-0.8CH-0.7,4134,91324,,Vela,71.30373181,0.5,,
4102,,HIP 51551,157.9528245,-28.23710146,6.03,5.920658,F6/7V,4130,91280,227 G. Hya,Hydra,138.1940671,0.501,,
4103,,HIP 51556,157.9640642,32.37955702,5.905,5.879415,A0Va-,4124,91130,33 LMi,LeoMinor,244.5613814,0.114,,
4104,,HIP 51560,157.9860039,-45.06965407,5.99,6.078498,B8II:,4136,91356,,Vela,477.3065615,-0.096,,
4105,,HIP 515610,157.9875,-45.0681,5.16,,~,4135,91355,* s Vel,Vela,,,,
4106,,HIP 51561,157.9893189,-45.06671779,5.668,5.702903,B8/A0,4135,91355,,Vela,463.0668763,-0.194,,
4107,,HIP 51576,158.0061045,-61.68533195,3.27,3.247181,B4Vne,4140,91465,p Car,Carina,496.9513274,-0.089,3.27,3.37
4108,,HIP 51585,158.049056,14.13726969,5.46,4.580366,M1III,4127,91232,46 Leo,Leo,1083.057159,1.696,,
4109,,HIP 51610,158.1400398,-44.61850559,5.903,5.678656,G6/8III,4139,91437,,Vela,397.0779325,0.92,,
4110,,HIP 51623,158.1992053,-58.66674416,6.006,5.885478,A2Iab/b,4144,91533,,Carina,11241.39688,0.29,,
4111,Shaomin,HIP 51624,158.2027933,9.306584817,3.87,3.825666,B1Iab,4133,91316,ρ Leonis,Leo,5719.31348,-0.148,3.83,3.9
4112,,HIP 51635,158.23692,-47.00335121,5.027,4.713414,K1/2III,4143,91504,,Vela,964.497438,1.045,,
4113,,HIP 51656,158.3023743,-13.40424389,6.5,6.04954,K3III,,91434,,Hydra,833.758351,1.416,,
4114,,HIP 51658,158.3078747,40.42554634,4.715,4.660824,A7IV,4132,91312,,UrsaMajor,111.9122582,0.222,,
4115,,HIP 51676,158.3557878,-58.19014901,6.26,5.97309,B6Iab,4147,91619,,Carina,13583.34913,0.325,6.11,6.21
4116,,HIP 51685,158.378796,34.98869462,5.58,5.547833,A2Vn,4137,91365,34 LMi,LeoMinor,527.5073156,0.029,,
4117,,HIP 51718,158.5036857,-23.74516917,5.06,4.412926,K5III,4145,91550,44 Hya,Hydra,633.0107385,1.596,,
4118,,HIP 51732,158.5529644,-60.98762937,6.238,5.760732,K2/3III,4151,91767,,Carina,829.517088,1.399,,
4119,,HIP 51775,158.7000563,6.953750278,5.07,4.820945,G8.5IIIFe-1,4146,91612,48 Leo,Leo,318.6706652,0.921,,
4120,,HIP 51795,158.7404145,-23.17624635,6.098,5.986327,F6V,4149,91706,231 G. Hya,Hydra,206.8529521,0.496,,
4121,,HIP 51802,158.7590017,8.650431245,5.79,,~,4148,91636,* 49 Leo A,Leo,462.4116148,0.059,5.66,5.75
4122,,HIP 51808,158.7728764,75.71290186,4.853,4.596746,G8III-IIIb,4126,91190,,Draco,257.0980354,0.957,,
4123,,HIP 51814,158.7903906,57.08263537,5.148,5.062257,F2V,4141,91480,37 UMa,UrsaMajor,86.24333245,0.349,,
4124,,HIP 51816,158.7933854,-43.66458675,6.1,5.830556,G7IIICH-3,4154,91805,,Vela,900.5525151,0.94,,
4125,,HIP 51821,158.8035459,-39.56259001,5.38,4.187924,C-N3,4153,91793,U Ant,Antlia,835.8969118,3.015,,
4126,,HIP 51835,158.8531682,-76.30898238,6.293,5.956115,K2III,4170,92209,,Chamaeleon,516.641733,1.205,,
4127,,HIP 51839,158.8671065,-78.60778854,4.12,3.42169,K4III,4174,92305,γ Chamaeleontis,Chamaeleon,413.1823352,1.58,,
4128,,HIP 51849,158.8970744,-57.5576336,4.43,3.87057,K3II-IIb,4159,91942,,Carina,1375.528166,1.604,,
4129,,HIP 51852,158.91193,-18.56897764,6.479,6.448536,A5IV/V,4152,91790,233 G. Hya,Hydra,235.0399003,0.199,,
4130,,,158.9404,-60.1261,6.3,,Open Cluster,,,C 1033-598,Carina,,,,
4131,,HIP 51866,158.9554893,-58.22428186,6.43,6.474954,B0I+,,91969,,Carina,4794.125145,0.009,,
4132,,HIP 51883,159.0081524,80.49462952,6.46,6.244522,G4III:,4121,91075,,Draco,427.8229925,0.963,,
4133,,HIP 51905,159.0694121,-16.34432678,6.012,5.237152,M1III,4156,91880,ϕ 2 Hydrae,Hydra,967.3597197,1.638,,
4134,,HIP 51912,159.0854976,-59.56439384,5.088,4.739403,K1III,4164,92063,,Carina,268.533803,1.172,,
4135,,HIP 51914,159.089254,36.3269278,6.287,6.187136,F3V,4150,91752,35 LMi,LeoMinor,150.9259971,0.436,,
4136,,HIP 51933,159.1349247,-12.23012223,5.71,5.566985,F8V,4158,91889,236 G. Hya,Hydra,80.15724406,0.528,,
4137,,HIP 51979,159.307186,-27.41263553,4.89,4.074122,M1III:Ba0.5,4162,92036,,Hydra,479.412523,1.626,,
4138,,HIP 51984,159.3171367,-53.85525926,6.417,6.391711,B3V,,92155,,Vela,1654.822248,-0.15,,
4139,,HIP 51986,159.3256268,-48.22566619,3.84,3.854386,kA5hF0VpSr,4167,92139,p Vel,Vela,86.44937189,0.3,,
4140,,HIP 52004,159.3627839,-58.73333782,5.45,5.226442,A0Ia,4169,92207,,Carina,8150.002961,0.5,5.45,5.52
4141,,HIP 52009,159.3886373,-13.38454248,4.82,3.857222,C-N5,4163,92055,U Hya,Hydra,527.5073203,2.8,7,9.4
4142,,HIP 52032,159.4677753,34.0786307,6.4,5.99626,K0,,92000,36 LMi,LeoMinor,1185.453794,1.364,,
4143,,HIP 52043,159.5110099,-57.25630271,5.876,5.865103,B3IV,4173,92287,V514 Car,Carina,1278.432291,-0.128,,
4144,,HIP 52085,159.6456153,-16.87656519,4.903,4.648697,G8IIIb,4171,92214,ϕ 3 Hydrae,Hydra,224.5179206,0.922,,
4145,,HIP 52098,159.6800534,31.97623983,4.677,4.486387,G2.5IIIa,4166,92125,37 LMi,LeoMinor,473.8379168,0.823,,
4146,,HIP 52102,159.6874844,-59.18299575,4.87,4.056845,K4/5(III),4177,92397,,Carina,1852.273999,1.562,,
4147,,HIP 52103,159.689074,-59.2624147,6.48,6.469371,B4/5III/IV,,92399,,Carina,1502.303092,-0.098,,
4148,,HIP 52112,159.7096416,-42.75344345,6.114,5.926809,A7/8V+G8III,4175,92328,,Vela,568.9354151,0.661,,
4149,,HIP 52113,159.7100658,-12.44362411,6.045,6.03511,A0V,4172,92245,243 G. Hya,Hydra,358.6359991,-0.007,,
4150,,HIP 52127,159.7484178,-58.816854,5.979,5.047597,M1III,4179,92436,,Carina,648.1110626,1.692,,
4151,,HIP 52136,159.773565,53.66829963,5.537,5.159852,K3III,4165,92095,,UrsaMajor,514.1967282,1.27,,
4152,,HIP 52150,159.8162297,-74.49338615,6.064,5.367939,K3II,4186,92682,,Carina,1105.084987,1.683,,
4153,,HIP 52154,159.8266356,-55.60326798,4.267,4.012893,G5IIa,4180,92449,,Vela,900.5525144,1.025,,
4154,,HIP 52160,159.8451307,-64.11178841,6.314,6.312764,B8V,,92536,,Carina,479.412521,-0.072,,
4155,,,159.8511574,-55.60712264,6.06,,B8V,,92463,,Vela,,,,
4156,,HIP 52221,160.0476977,-65.10020906,5.52,5.465229,ApSi,4185,92664,,Carina,465.713996,-0.158,5.48,5.52
4157,,HIP 52273,160.2147464,-35.7417156,6.389,6.192154,G8/K0III+F/G,4183,92589,,Antlia,695.0974612,0.917,,
4158,,HIP 52308,160.3229827,-59.67691555,6.42,6.257005,WN7h+O9III-V,4188,92740,WR 22,Carina,5344.250344,0.088,6.38,6.5
4159,,HIP 52316,160.3507748,-1.741491971,6.25,6.021921,G9IV,4182,92588,33 Sex,Sextans,112.1046034,0.88,,
4160,,HIP 52338,160.4510771,68.4435008,5.729,5.317244,K3III,4176,92354,,UrsaMajor,586.330772,1.315,,
4161,,HIP 52340,160.4646684,-79.78328811,5.969,5.938351,B5III,4206,93237,DR Cha,Chamaeleon,999.9988478,-0.071,,
4162,,HIP 52366,160.546954,31.69699594,6.02,4.942135,M4III,4184,92620,RX LMi,LeoMinor,742.5956744,1.617,5.98,6.16
4163,,HIP 52370,160.5588303,-64.46642611,4.82,4.757889,B3V,4196,92938,V518 Car,Carina,455.9437725,-0.139,,
4164,,,160.5592,-59.1456,6.2,,Open Cluster,,,Cl Bochum 10,Carina,,,,
4165,,HIP 52391,160.6307195,-13.9745157,6.228,5.655912,K3/4(III),4190,92770,245 G. Hya,Hydra,737.5557167,1.54,,
4166,,HIP 52405,160.6690269,-59.21575842,5.51,5.271519,B2.5Ia,4198,92964,,Carina,6791.658269,0.213,,
4167,,HIP 52407,160.6799348,-32.71567028,5.624,5.614866,A0V,4194,92845,,Antlia,604.8247686,0.006,,
4168,,HIP 52419,160.7391749,-64.39445022,2.76,2.734708,B0Vp,4199,93030,θ Carinae,Carina,438.7635663,-0.22,,
4169,,HIP 52422,160.7578434,26.32556352,5.506,5.474671,A4Vn,4189,92769,40 LMi,LeoMinor,148.1817298,0.16,,
4170,,HIP 52425,160.7668363,69.07621383,4.992,4.5108,K3III,4181,92523,,UrsaMajor,426.1440938,1.406,,
4171,,HIP 52452A,160.8371702,4.747670042,6.09,5.74697,K2.5III,,92841A,,Sextans,696.5807608,1.168,,
4172,,HIP 52452,160.8371704,4.74766569,5.79,,K2II-III+K1II-III,4193,92841,35 Sex,Sextans,696.5807608,1.168,,
4173,,HIP 52457,160.8539875,23.18840327,5.07,5.053822,A3Vn,4192,92825,41 LMi,LeoMinor,207.3791136,0.042,,
4174,,HIP 52468,160.8845395,-60.56662077,4.545,3.838042,K4III,4200,93070,V520 Car,Carina,1065.358614,1.7,,
4175,,HIP 52478,160.9305269,57.19919968,5.782,5.787203,A0III,4187,92728,39 UMa,UrsaMajor,367.5325346,-0.038,,
4176,,HIP 52484,160.9545517,18.31298715,6.5,6.102712,K0,,92884,,Leo,699.5701806,1.31,,
4177,,HIP 52487,160.9633088,-64.24904189,5.748,5.718974,B3IV/V,4204,93163,,Carina,1009.289853,0.012,,
4178,,HIP 52488,160.9677413,-60.11778324,6.48,6.370042,WN6ha-w,,93131,WR 24,Carina,6520.00237,-0.017,,
4179,,,160.986,-59.553,5.5,,Open Cluster,,,Cl Trumpler 14,Carina,,,,
4180,,HIP 52502,161.0287552,-63.96107482,4.789,4.777462,B3/5Vn,4205,93194,,Carina,483.6798627,-0.134,,
4181,,HIP 52513,161.0606151,19.7588329,6.266,6.237186,A5V,4197,92941,,Leo,212.1015518,0.196,,
4182,,HIP 52520,161.083444,-70.85972536,6.233,6.208984,A5IV/V,4211,93344,,Carina,345.7068319,0.208,,
4183,,HIP 52526,161.0954522,-59.99332514,6.24,6.249926,O9.7Ibn,,93206,QZ Car,Carina,2650.407048,-0.31,6.16,6.49
4184,,HIP 52535,161.1123371,-72.44349787,6.261,6.155872,F6VFe+0.4,4213,93372,,Carina,104.1867102,0.51,,
4185,,HIP 52537,161.134734,-70.85525977,6.442,,A6IV,4212,93359,,Carina,354.349095,0.227,,
4186,,,161.2647742,-59.6844309,6.48,,LBV,4210,93308B,* eta Car,Carina,,0.55,,
4187,,HIP 52577,161.2667939,67.41138307,5.95,4.915826,C-N5,4195,92839,VY UMa,UrsaMajor,1131.94413,2.382,5.87,7
4188,,HIP 52584,161.2894046,2.487973805,6.271,5.90765,K2III,4201,93102,36 Sex,Sextans,639.2145203,1.212,,
4189,,HIP 52595,161.3180613,-80.46959423,6.04,5.982165,~,4231,93779A ,* del01 Cha A,Chamaeleon,353.9644137,0.957,,
4190,,HIP 52595,161.3193701,-80.46957233,6.38,5.982165,~,4231,93779B,* del01 Cha B,Chamaeleon,353.9644137,0.957,,
4191,,HIP 52633,161.4458597,-80.54018818,4.433,4.399862,B3V,4234,93845,δ 2 Chamaeleontis,Chamaeleon,363.434717,-0.188,,
4192,,HIP 52638,161.4662278,30.68230763,5.352,5.341445,A1Vn,4203,93152,42 LMi,LeoMinor,377.3158024,-0.05,,
4193,,HIP 52660,161.523667,6.373183003,6.368,6.076772,K1III:,4207,93244,37 Sex,Leo,351.2944757,1.121,,
4194,,HIP 52678,161.5689472,-64.51456179,5.34,5.296893,B6Vnn,4219,93540,,Carina,466.3822964,-0.096,,
4195,,HIP 52679,161.5711103,-60.60287236,6.268,6.264001,A0IV,4217,93502,,Carina,365.0614601,0.038,,
4196,,HIP 52685,161.5936719,57.36591282,6.34,5.578563,M1III,4202,93132,41 UMa,UrsaMajor,756.3822156,1.568,,
4197,,HIP 52686,161.6022754,18.8915223,5.492,5.17791,K3III,4208,93257,51 Leo,Leo,178.4345418,1.134,,
4198,,HIP 52689,161.6053216,14.19464504,5.478,5.250113,G4III:,4209,93291,52 Leo,Leo,287.4779959,0.908,,
4199,,HIP 52701,161.6232839,-64.26323713,5.229,5.1973,B6-7V,4220,93549,,Carina,428.9477029,-0.077,,
4200,,HIP 52709,161.6547591,-43.19267399,6.28,6.262081,A4IV,,93453,,Vela,244.5613859,0.202,,
4201,,HIP 52727,161.6923962,-49.42025994,2.69,2.513394,G6III,4216,93497,μ Velorum,Vela,115.6850627,0.96,,
4202,,HIP 52727,161.6931046,-49.41989514,5.58,2.513394,~,4216,93497B,* mu. Vel B,Vela,115.6850627,0.96,,
4203,,HIP 52730,161.700322,-69.20978659,6.35,6.310372,A2IV,,93649,,Carina,1545.025407,0.18,,
4204,,HIP 52736,161.7134124,-64.38347349,4.83,4.806735,B4V,4222,93607,,Carina,449.0358301,-0.149,,
4205,,HIP 52737,161.7168942,-17.29687492,5.44,5.417086,A3V,4214,93397,,Hydra,219.0861071,0.112,,
4206,,HIP 52742,161.7394725,-56.75719192,5.23,5.119607,B5III,4221,93563,,Vela,547.8986268,-0.08,,
4207,,HIP 52785,161.8775195,-69.43773301,6.35,6.325244,B2IV,,93739,,Carina,1249.043379,-0.085,,
4208,,HIP 52797,161.9099852,-57.46740981,6.248,5.657246,K5/M0(III),4226,93662,,Carina,2762.714089,1.673,,
4209,,HIP 52806,161.9346561,-59.87525588,6.47,6.446573,B3V,,93695,,Carina,1230.187534,-0.121,,
4210,,HIP 52815,161.9730692,-64.26283469,6.452,6.454481,B9.5V,,93738,,Carina,469.0652774,0.008,,
4211,,HIP 52827,162.0225282,-59.91916251,6.015,5.898791,A0Ia/ab,4228,93737,V522 Car,Carina,9009.847961,0.274,,
4212,,HIP 52841,162.0587954,-31.68784691,5.858,5.86241,A1V,4225,93657,252 G. Hya,Hydra,426.1441042,0.028,,
4213,,HIP 52863,162.168981,-1.958895707,5.93,5.142053,M1III,4224,93655,,Sextans,530.9433616,1.608,,
4214,,HIP 52865,162.1727891,-47.74989663,6.5,6.265002,G8III,,93773,,Vela,469.7400992,0.946,,
4215,,HIP 52877,162.2077936,65.13249,6.398,6.398029,B9V,4215,93427,,UrsaMajor,420.1033124,-0.022,,
4216,,HIP 52882,162.2384505,29.41605573,6.149,5.830701,~,4223,93636,43 LMi,LeoMinor,598.1645827,1.144,,
4217,,HIP 52911,162.3142932,10.54519958,5.312,5.2953,A2V,4227,93702,53 Leo,Leo,334.0164693,0.035,,
4218,,HIP 52922,162.3518129,-59.3237894,5.91,6.118988,B9.5IV/V,4239,93943,,Carina,853.4031173,0.008,,
4219,,HIP 52922,162.3518619,-59.32378319,6.12,6.118988,~,4239,93943A,,Carina,853.4031173,0.008,,
4220,,HIP 52929,162.369997,63.81002544,6.43,5.989182,K0,,93551,,UrsaMajor,862.433313,1.287,,
4221,,HIP 52943,162.4062011,-16.19364706,3.11,2.735664,K1.5IIIHdel-0.5,4232,93813,ν Hydrae,Hydra,138.487794,1.232,,
4222,,HIP 52948,162.4312154,-9.852690522,5.842,5.558107,K0III,4233,93833,,Sextans,346.4403352,1.074,,
4223,,HIP 52959,162.47386,27.97394756,6.047,5.952947,F3V,4230,93765,44 LMi,LeoMinor,254.4887384,0.399,,
4224,,HIP 52965,162.4875737,-34.05818454,5.599,5.596713,A1V,4238,93905,,Antlia,346.4403353,0.038,,
4225,,HIP 52980,162.5752349,-8.897764938,5.791,5.769092,A2/3III,4237,93903,41 Sex,Sextans,366.2937424,0.156,,
4226,,HIP 53035,162.7725339,-3.092666722,5.941,5.444381,K4/5III,4240,94014,,Sextans,514.1967357,1.475,,
4227,,HIP 53043,162.7958682,56.58225736,5.661,5.35099,K2III,4235,93859,43 UMa,UrsaMajor,349.7850885,1.132,,
4228,,HIP 53064,162.8488393,59.32011985,5.562,5.251284,K2III,4236,93875,42 UMa,UrsaMajor,263.1156746,1.16,,
4229,,HIP 53100,162.9453282,-57.27230394,6.285,6.255767,A5/7III,,94275,,Carina,603.7033271,0.226,,
4230,,HIP 53141,163.0570528,1.024972626,6.37,6.356861,A2IV/V,4244,94180,18 G. Leo,Leo,1044.872768,0.087,,
4231,,HIP 53151,163.1192986,-79.55943793,6.338,5.869362,K2II/III,4268,94717,,Chamaeleon,1680.413254,1.46,,
4232,,HIP 53154,163.128525,-57.24040501,5.25,5.175163,A0Ia,4250,94367,V524 Car,Carina,6037.033196,0.13,,
4233,,HIP 53157,163.1335769,52.50360482,6.43,6.14938,K2III,4242,94084,,UrsaMajor,314.9761006,1.114,,
4234,,HIP 53167,163.1503863,-0.2016606614,6.294,5.73446,K4III,4245,94237,19 G. Leo,Leo,829.5170899,1.503,,
4235,Praecipua,HIP 53229,163.3278715,34.21489213,3.83,3.494125,K0+III-IV,4247,94264,,LeoMinor,97.60476687,1.04,,
4236,,HIP 53231,163.3381929,-58.89345269,6.25,6.237342,B3IV/V,,94491,,Carina,1574.880499,-0.104,,
4237,,HIP 53240,163.3539945,-2.255169533,6.117,5.883716,G8III,4249,94363,20 G. Leo,Leo,260.5917899,0.913,,
4238,,HIP 53252,163.3730509,-20.13872946,5.24,5.111522,F6V,4251,94388,,Hydra,102.1622531,0.48,,
4239,,HIP 53253,163.3735671,-58.85317037,3.79,3.533434,K0IV,4257,94510,,Carina,96.70729125,0.945,,
4240,,HIP 53259,163.3871015,-15.44583565,6.34,6.001947,K2III,4252,94386,,Crater,250.5767408,1.176,,
4241,,HIP 53260,163.3891832,-56.42049784,6.41,6.015555,K2III,,94508,,Vela,108666.5974,1.392,,
4242,,HIP 53261,163.3935503,54.5851274,5.111,4.679033,K3III,4246,94247,44 UMa,UrsaMajor,676.3491873,1.355,,
4243,,HIP 53272,163.4253269,-70.72033754,5.99,,B6V,4262,94650,,Carina,776.1899881,-0.02,,
4244,,,163.4253386,-70.72033581,6.39,,B6V,,,CD-70 756A,Carina,,-0.04,,
4245,,HIP 53273,163.4321346,-2.129205552,5.449,5.197312,G8III,4253,94402,,Leo,311.9619105,0.966,,
4246,,HIP 53295,163.4947538,43.18995751,4.664,4.65227,A1VsSi:,4248,94334,ω Ursae Majoris,UrsaMajor,266.7760068,-0.039,,
4247,,HIP 53316,163.574071,-13.75803752,5.651,5.438056,G4III-IIIb,4255,94481,,Crater,409.0356182,0.832,,
4248,,HIP 53334,163.6233442,-61.82662162,5.9,5.197956,K4III,4266,94683,,Carina,1663.265651,1.736,,
4249,,HIP 53355,163.6756975,25.49072426,6.187,6.130696,F0,4254,94480,48 LMi,LeoMinor,405.4724337,0.291,6.16,6.23
4250,,HIP 53377,163.7424124,34.03479856,5.725,5.447774,G7III:,4256,94497,47 LMi,UrsaMajor,304.9581201,1.032,,
4251,,HIP 53379,163.7542215,-42.25110069,6.11,6.068395,Ap(SiCr),4263,94660,KQ Vel,Vela,495.4419492,-0.061,6.1,6.12
4252,,HIP 53387,163.798229,-20.66496209,6.444,6.14834,K1III,4261,94619,258 G. Hya,Hydra,636.7206209,1.098,,
4253,,HIP 53394,163.8217575,-60.5170011,5.92,5.622909,K0III,4271,94776,T Car,Carina,305.8161549,1.065,,
4254,,HIP 53411,163.863374,-43.02052578,6.4,6.392091,A0V,,94724,,Vela,319.9215295,0.068,,
4255,,HIP 53417,163.9033191,24.7497173,4.32,,A1,4259,94601,54 Leo,Leo,288.7513515,0.016,,
4256,,HIP 53417,163.903339,24.74972842,4.477,,A1V,4259,94601,* 54 Leo A,Leo,288.7513515,0.016,,
4257,,HIP 53417,163.9052018,24.74904162,6.29,,A2Vn,4260,94602,* 54 Leo B,Leo,288.7513515,0.016,,
4258,,HIP 53423,163.9266504,0.7369192708,5.93,5.884517,F3/5V,4265,94672,55 Leo,Leo,142.6697231,0.425,,
4259,,HIP 53426,163.9349345,33.50692896,5.034,4.706735,K1III,4258,94600,46 UMa,UrsaMajor,244.5613823,1.101,,
4260,,HIP 53449,164.0061178,6.185372588,5.78,3.834727,M5.5III:,4267,94705,56 Leo,Leo,325.0250607,1.256,5.69,6.03
4261,,HIP 53465,164.0604944,42.00815475,6.034,5.709607,K2III,4264,94669,,UrsaMajor,311.6636153,1.123,,
4262,,HIP 53472,164.0702201,22.35168093,6.139,5.557544,K4III,4269,94720,,Leo,636.720618,1.549,7.71,7.79
4263,,HIP 53492,164.1434462,25.50024392,6.354,6.08051,K0,4270,94747,50 LMi,LeoMinor,282.0070611,1.036,,
4264,,HIP 53502,164.1793801,-37.13776741,4.6,4.319348,K0III,4273,94890,ι Antliae,Antlia,198.780538,1.006,,
4265,,HIP 53530,164.2826956,-50.76501689,5.898,5.876337,A4V,4274,94985,IW Vel,Vela,316.5050478,0.173,5.9,5.916
4266,,HIP 53546,164.3157591,-75.0997613,6.122,5.599786,K1II,4279,95208,,Carina,2345.323096,1.531,,
4267,,HIP 53589,164.4507778,-59.73218986,6.11,6.157681,G5/8Iab,4276,95109,U Car,Carina,5897.947493,0.84,5.72,7.02
4268,,HIP 53699,164.8072578,-33.73759318,5.73,5.65432,F2V,4282,95221,259 G. Hya,Hydra,158.5602737,0.374,,
4269,,HIP 53702,164.8073243,-84.59389381,6.185,6.164611,A1V,4312,96124,η Octantis,Octans,355.5063937,0.1,,
4270,,HIP 53701,164.8083695,-61.32075935,6.18,6.176598,B8IV,4290,95324,,Carina,362.6262395,-0.064,,
4271,,HIP 53706,164.8244523,51.88237471,6.197,5.793193,K0,4275,95057,,UrsaMajor,680.5839294,1.352,,
4272,,HIP 53723,164.878863,-16.35370432,5.879,5.070237,M1III,4284,95234,,Crater,1185.4538,1.6,,
4273,,HIP 53726,164.8866138,36.09310073,6,5.09936,M2III,4278,95129,,UrsaMajor,888.2851274,1.595,,
4274,Alkes,HIP 53740,164.9436048,-18.29878622,4.07,3.777938,K0IIIb,4287,95272,α Crateris,Crater,174.2385976,1.079,,
4275,,HIP 53761,164.9867808,77.77017349,6.184,5.939224,G9III,4272,94860,,Draco,553.4797387,0.966,,
4276,,HIP 53762,164.9974084,-43.80711039,5.799,5.810804,B8V,4292,95347,,Vela,289.5203886,-0.064,,
4277,,HIP 53771,165.0344896,-51.81780185,6.143,6.13279,A3III/IV,4296,95429,,Vela,195.2095318,0.188,,
4278,,HIP 53773,165.0386009,-42.22585844,4.39,4.33338,A3V,4293,95370,,Vela,203.8775497,0.116,,
4279,,HIP 53778,165.0487201,-14.08336917,5.857,5.281377,K5III,4289,95314,,Crater,442.3332706,1.501,,
4280,,HIP 53781,165.0612696,45.52627397,5.448,4.923542,K5III,4280,95212,,UrsaMajor,881.0805232,1.466,,
4281,,HIP 53798,165.1064799,51.502101,6.39,6.170128,G9III,4283,95233,,UrsaMajor,567.9443688,1.007,,
4282,,HIP 53807,165.1401964,3.617497885,4.838,4.501623,K0.5IIIFe-0.5,4291,95345,58 Leo,Leo,341.7198533,1.144,,
4283,,HIP 53811,165.1510365,-53.11183288,6.44,6.048838,K3III,,95509,,Vela,414.7569193,1.28,,
4284,,HIP 53818,165.1699307,-31.83937007,6.051,5.938129,F8V,4298,95456,260 G. Hya,Hydra,101.7479072,0.527,,
4285,,HIP 53824,165.1866751,6.10144522,4.977,4.949743,A5III,4294,95382,59 Leo,Leo,150.8562379,0.166,,
4286,,HIP 53838,165.2100716,39.21207634,5.062,5.012182,F0Vs,4288,95310,49 UMa,UrsaMajor,402.9654911,0.255,,
4287,,HIP 53849,165.2391174,-15.79268225,6.36,6.028667,K0III,4297,95441,,Crater,571.9313577,1.172,,
4288,,HIP 53860,165.2735735,63.4210978,6.358,6.351763,A2m,4286,95256,,UrsaMajor,284.2199438,0.169,,
4289,,HIP 53907,165.4569845,-2.484590457,4.75,4.026126,M0III,4299,95578,61 Leo,Leo,514.1967362,1.593,,
4290,Merak,HIP 53910,165.4603323,56.38243365,2.37,2.398536,A1IVps,4295,95418,β Ursae Majoris,UrsaMajor,79.37679287,0.033,,
4291,,HIP 53954,165.5823986,20.17984005,4.398,4.404736,kA1VmA3V,4300,95608,60 Leo,Leo,123.6254466,0.053,,
4292,,HIP 53963,165.601888,-26.83150562,6.202,6.139317,A9III/IV,4302,95698,,Hydra,173.0363092,0.307,,
4293,,HIP 54027,165.8105854,-0.7523416952,6.117,6.259824,A8/9IV,4303,95771,30 G. Leo,Leo,178.0449744,0.269,,
4294,,HIP 54029,165.811997,-11.30346899,5.511,5.264592,G7-IIIb,4305,95808,,Crater,318.3596638,0.938,,
4295,,HIP 54030,165.8169021,-31.96085072,6.444,5.677175,M2/3III,4307,95857,263 G. Hya,Hydra,752.8875032,1.616,,
4296,,HIP 54038,165.8641092,70.03073772,6.43,6.040073,K0,,95572,,UrsaMajor,734.2337657,1.28,,
4297,,HIP 54048,165.902217,-13.4349136,6.343,6.122407,G8III,4308,95870,,Crater,548.8212094,0.86,,
4298,,HIP 54049,165.9024662,-0.00083069254,5.927,5.598446,K2III,4306,95849,62 Leo,Leo,557.2646118,1.218,,
4299,,HIP 54061,165.9316619,61.75087309,4.86,,A7.5,4301,95689,* alf UMa B,UrsaMajor,123.578496,,,
4300,,HIP 54061,165.9319526,61.75103334,1.87,,G9III,4301,95689A,* alf UMa A,UrsaMajor,123.578496,,,
4301,Dubhe,HIP 54061,165.9319647,61.75103469,1.79,,G9III+A7.5,4301,95689,α Ursae Majoris,UrsaMajor,123.578496,1.061,,
4302,,HIP 54082,166.0009664,-57.95533821,6.13,6.131087,B2III,,96088,,Carina,2963.637742,-0.167,,
4303,,HIP 54137,166.1300038,-47.67910434,5.668,5.614189,A8III/IV,4311,96113,,Vela,278.8709426,0.256,,
4304,,HIP 54136,166.1301182,38.24136113,6.02,5.996288,A3Vp,4309,95934,51 UMa,UrsaMajor,262.6915525,0.165,,
4305,,HIP 54173,166.225819,-35.8046713,5.414,5.365636,A0V,4313,96146,,Antlia,530.0827224,0.021,,
4306,,HIP 54182,166.2542825,7.336006703,4.62,4.555182,F2III,4310,96097,χ Leonis,Leo,94.38323756,0.332,,
4307,,HIP 54185,166.2671245,-49.39229989,6.102,6.107396,B9.5V,4316,96224,,Vela,514.1967358,-0.019,,
4308,,HIP 54204,166.3329273,-27.2936241,4.912,4.767822,F3IV/V,4314,96202,χ 1 Hydrae,Hydra,141.8625481,0.369,,
4309,,HIP 54214,166.391587,-11.08893418,6.086,6.026394,F0V,4315,96220,,Crater,209.3771724,0.301,,
4310,,HIP 54255,166.489875,-27.28785353,5.71,5.672903,B8V,4317,96314,χ 2 Hydrae,Hydra,799.0197802,-0.067,5.65,5.94
4311,,HIP 54264,166.523917,-51.21292022,6.281,6.042946,G8III,4318,96407,2 G. Cen,Centaurus,411.6175385,0.943,,
4312,,HIP 54289,166.6010569,-64.83997197,6.381,6.379839,A3V,4326,96568,,Carina,473.1500593,0.114,,
4313,,HIP 54291,166.6146395,-50.95672611,6.294,6.011457,K2III,4321,96484,3 G. Cen,Centaurus,366.7045022,1.156,,
4314,,HIP 54294,166.6220302,-58.67502407,6.03,5.682478,K2II/III,4323,96544,,Carina,1225.564853,1.21,,
4315,,HIP 54301,166.6351103,-62.42411406,4.606,4.341425,G7.5III,4325,96566,,Carina,369.6156821,0.988,,
4316,,,166.68,-59.82,4.7,,Open Cluster,,,Cl Feinstein 1,Carina,,,,
4317,,HIP 54319,166.6834516,17.73736338,6.392,5.754934,K5,,96372,,Leo,768.868027,1.555,,
4318,,HIP 54327,166.7078144,-70.87794637,5.57,5.549459,B3IV/V,4329,96706,,Carina,1128.028876,-0.07,,
4319,,HIP 54360,166.8195413,-42.63867989,5.24,5.220193,ApSrCrEu,4327,96616,V815 Cen,Centaurus,283.4783028,0.029,5.14,5.17
4320,,HIP 54380,166.8922138,-48.63998332,6.42,5.907363,K3III,,96660,5 G. Cen,Centaurus,553.4797502,1.486,,
4321,,HIP 54388,166.9154417,23.3237633,6.468,6.457106,A5m,4322,96528,64 Leo,Leo,246.409805,0.164,,
4322,,HIP 54430,167.0657343,-29.97248862,6.453,6.465806,A1V,4331,96723,270 G. Hya,Hydra,457.2216964,0.029,,
4323,,HIP 54461,167.1416576,-61.9471757,5.19,5.038038,B9.5Ia,4338,96919,,Carina,5525.44121,0.195,5.12,5.19
4324,,HIP 54463,167.1474532,-58.97503863,3.83,3.557437,G5_0-Ia,4337,96918,V382 Car,Carina,5927.268956,1.225,3.84,4.02
4325,,HIP 54477,167.1832921,-28.08065386,5.421,5.421471,A1V,4334,96819,,Hydra,189.4249874,0.069,,
4326,,HIP 54487,167.204533,24.65849378,5.698,5.692273,A0IV,4332,96738,67 Leo,Leo,408.0087154,0.081,,
4327,,HIP 54522,167.329498,36.30937955,5.74,4.433679,M4III,4333,96813,CO UMa,UrsaMajor,378.6295831,1.4,5.74,5.95
4328,,HIP 54537,167.4104181,43.20773435,5.89,4.986831,M2III,4336,96834,,UrsaMajor,565.9720698,1.564,,
4329,,HIP 54540,167.415777,67.21021009,6.061,6.038603,A7IVpSr,4330,96707,EP UMa,UrsaMajor,355.118449,0.225,6.06,6.07
4330,,HIP 54539,167.4158679,44.49848775,3.01,2.68003,K1III,4335,96833,ψ Ursae Majoris,UrsaMajor,146.7809057,1.144,,
4331,,HIP 54561,167.4724751,-32.36752912,5.766,5.775629,A1V,4339,97023,272 G. Hya,Hydra,341.7198545,0.027,,
4332,,HIP 54673,167.8730866,-71.4361908,6.335,5.864738,K2/3III,4349,97472,,Carina,583.1848783,1.373,,
4333,,HIP 54682,167.9144947,-22.82584805,4.449,4.433578,A1V,4343,97277,β Crateris,Crater,265.9055933,0.025,,
4334,,,167.91667,-60.30972,3.9,,Open Cluster,,,Cl Collinder 240,Carina,,,,
4335,,HIP 54688,167.9323165,14.40015362,6.295,6.2732,A5V,4341,97244,,Leo,198.4176988,0.209,,
4336,,HIP 54703,167.9910005,-26.80611641,6.43,6.197579,K0III,,97344,274 G. Hya,Hydra,427.2622858,0.924,,
4337,,HIP 54708,168.0147489,-58.42335713,6.33,4.824206,M4III,,97451,V532 Car,Carina,735.8931154,1.495,,
4338,,HIP 54718,168.0424573,-46.26675563,6.27,6.245812,A1V,,97413,7 G. Cen,Centaurus,322.4532468,0.155,,
4339,,HIP 54721,168.0455864,68.2718704,6.43,6.380236,A3V,4340,97138,,UrsaMajor,299.9080468,0.127,,
4340,,HIP 54725,168.0616308,-32.43379783,6.38,5.428725,Swk,4346,97393,275 G. Hya,Hydra,676.3491959,1.683,,
4341,,HIP 54742,168.1265458,-18.49984868,6.25,6.0792,B9V,4347,97411,* psi Crt A,Crater,478.7083645,-0.004,,
4342,,HIP 54742,168.1265495,-18.49986098,6.105,6.0792,A0V,4347,97411,ψ Crateris,Crater,478.7083645,-0.004,,
4343,,HIP 54745,168.1347929,35.81408027,6.41,6.259071,G2,4345,97334,,UrsaMajor,70.8078837,0.6,,
4344,,HIP 54746,168.1377682,-49.10099773,5.367,5.343214,A3IV/V,4350,97495,9 G. Cen,Centaurus,162.8370687,0.175,,
4345,,HIP 54749,168.1449958,-21.7493374,6.378,5.920781,K3III,4348,97428,,Crater,684.8740992,1.381,,
4346,,HIP 54751,168.1500551,-60.3176263,4.62,4.431382,A5Iae:,4352,97534,V533 Car,Carina,12538.45355,0.541,,
4347,,HIP 54767,168.1883625,-64.16976977,5.219,5.203711,B8V,4355,97583,,Carina,314.0655879,-0.082,,
4348,,HIP 54783,168.2363148,-49.73609723,6.109,5.844301,G8II/III,4353,97550,10 G. Cen,Centaurus,759.906285,1.055,,
4349,,HIP 54811,168.3111885,-44.37221835,5.761,5.052975,K5/M0III,4354,97576,11 G. Cen,Centaurus,840.2066346,1.661,,
4350,,HIP 54829,168.3782605,-59.61931742,5.74,5.698372,B2III,4361,97670,,Carina,1821.229009,-0.106,,
4351,,HIP 54840,168.4141384,-53.231815,5.74,5.331938,K2III,4360,97651,13 G. Cen,Centaurus,445.964911,1.309,,
4352,,HIP 54842,168.4170506,41.08883582,6.34,6.037078,K2III,4351,97501,,UrsaMajor,331.6366654,1.15,,
4353,,HIP 54849,168.4398046,-0.06950222502,5.404,5.386583,A0V,4356,97585,69 Leo,Leo,476.6089231,-0.02,,
4354,,HIP 54863,168.5076406,8.060694979,5.793,5.476933,K3III,4358,97605,36 G. Leo,Leo,223.2879226,1.128,,
4355,Zosma,HIP 54872,168.5270893,20.52371814,2.53,2.571632,A5IV(n),4357,97603,δ Leonis,Leo,57.67888323,0.128,,
4356,Chertan,HIP 54879,168.5600236,15.42957109,3.35,3.339625,A2IV,4359,97633,θ Leonis,Leo,177.5598853,-0.003,,
4357,,HIP 54929,168.7255004,-43.73370482,6.196,5.583217,K4III,4364,97866,15 G. Cen,Centaurus,1724.869895,1.606,,
4358,,HIP 54951,168.8009516,23.09550896,4.63,3.630643,M3IIb:,4362,97778,72 Leo,Leo,6653.075619,1.657,,
4359,,HIP 55003,168.9281199,-57.3558819,6.418,6.401598,A3V,,98025,,Carina,583.1848803,0.098,,
4360,,HIP 55016,168.9661671,13.30756527,5.32,4.925633,K2III,4365,97907,73 Leo,Leo,478.0074625,1.189,,
4361,,HIP 55084,169.1654157,-3.651603208,4.45,4.417504,A5V,4368,98058,ϕ Leonis,Leo,195.3265675,0.21,,
4362,,HIP 55086,169.1743757,49.47624861,5.873,5.582717,K0III:,4367,97989,,UrsaMajor,421.1888965,1.102,,
4363,,HIP 55106,169.2424053,-7.134686049,6.14,6.103786,ApSrCrEu,4369,98088,,Crater,420.6444834,0.211,6.32,6.35
4364,,HIP 55130,169.3000303,-38.01436729,6.235,6.236408,A1V,4372,98161,20 G. Cen,Centaurus,233.5243274,0.105,,
4365,,HIP 55133,169.3096817,-41.93432349,6.44,6.454942,A0V,,98176,22 G. Cen,Centaurus,400.9834158,0.015,,
4366,,HIP 55137,169.322502,2.010555859,5.18,4.500076,M0III,4371,98118,75 Leo,Leo,408.0087182,1.511,,
4367,,HIP 55140,169.3293483,-67.82351645,6.054,5.066885,M2+II-III,4379,98292,V535 Car,Carina,1697.916203,1.753,,
4368,,HIP 55164,169.4119112,-34.73737538,6.428,6.353123,F3V,4373,98221,279 G. Hya,Hydra,152.1941441,0.408,,
4369,,HIP 55203B,169.54515,31.52911714,4.77,4.640213,G2V,4374,98230,,UrsaMajor,,0.64,,
4370,,HIP 55203A,169.5454215,31.52916086,4.25,4.12746,F8.5:V,4375,98231,,UrsaMajor,,0.54,,
4371,Alula Australis,HIP 55203,169.5455495,31.5292889,3.79,,F8.5:V+G2V,,,ksi UMa,UrsaMajor,,0.59,,
4372,Alula Borealis,HIP 55219,169.6197384,33.09430607,3.49,3.020445,K3-III:,4377,98262,ν Ursae Majoris,UrsaMajor,421.1888994,1.4,,
4373,,HIP 55225,169.6433487,-79.66864917,6.352,6.34286,A8III(m),4385,98617,,Chamaeleon,210.322568,0.266,,
4374,,HIP 55249,169.7289985,1.650395442,5.904,5.620847,K0III,4381,98366,76 Leo,Leo,311.0686712,1.04,,
4375,,HIP 55266,169.7828588,38.18559332,4.8,4.694619,A2V,4380,98353,55 UMa,UrsaMajor,182.9405142,0.113,,
4376,,HIP 55280,169.8184731,-64.58249009,5.99,5.879746,F5V,4384,98560,,Carina,122.0058783,0.471,,
4377,,HIP 55282,169.8351973,-14.77853984,3.56,3.227789,G9IIICH0.5,4382,98430,δ Crateris,Crater,194.6269718,1.112,,
4378,,HIP 55308,169.9022006,-75.14244672,6.258,6.260988,B9.5/A0V,4387,98672,,Musca,531.8105193,-0.016,,
4379,,HIP 55332,169.9614556,-72.95829014,6.46,6.450605,A0V,,98671,,Musca,485.8412429,0.004,,
4380,,HIP 55350,170.0171484,-71.99433866,6.412,6.368578,B5V,4389,98695,,Musca,758.1393618,0.019,,
4381,,HIP 55412,170.224157,67.10074989,6.201,5.935959,G8,4383,98499,,UrsaMajor,439.3536197,1.018,,
4382,,HIP 55425,170.2516858,-54.49102356,4.08,3.873441,~,4390,98718A,* pi. Cen A,Centaurus,321.1824977,-0.157,,
4383,,HIP 55425,170.2518159,-54.49108447,5.65,3.873441,~,4390,98718B,* pi. Cen B,Centaurus,321.1824977,-0.157,,
4384,,HIP 55434,170.2841407,6.02932167,4.04,4.054757,B9.5Vs,4386,98664,σ Leonis,Leo,213.9108558,-0.058,,
4385,,HIP 55485,170.4553703,57.07485608,6.44,6.406363,A7Vn,4388,98673,,UrsaMajor,254.8867809,0.161,,
4386,,HIP 55497,170.4870486,-77.60836873,6.423,6.401382,A5III/IV,4397,99015,,Chamaeleon,243.2837883,0.202,,
4387,,HIP 55528,170.5962886,-44.64592388,6.108,5.893043,G8III,4393,98892,25 G. Cen,Centaurus,343.5193749,0.926,,
4388,,HIP 55560,170.7065749,43.48269846,5.03,4.72593,G8IIIa,4392,98839,56 UMa,UrsaMajor,491.7059833,0.998,,
4389,,HIP 55564,170.7135152,64.33051148,6.03,6.01311,A3V,4391,98772,,UrsaMajor,281.5200111,0.085,,
4390,,HIP 55581,170.783881,-56.77935453,5.807,5.813354,A3/5pec,4398,99022,27 G. Cen,Centaurus,653.307506,-0.004,,
4391,,HIP 55588,170.8028653,-36.16477116,4.991,4.439865,K4III,4396,98993,26 G. Cen,Centaurus,857.895402,1.464,,
4392,,HIP 55595,170.8247948,0.1320454775,6.029,5.541066,K3III,4394,98960,50 G. Leo,Leo,674.9473954,1.464,,
4393,,HIP 55597,170.8391656,-64.95471455,5.39,,B5IV,4401,99104,,Musca,474.5257801,-0.061,,
4394,,HIP 55598,170.8411728,-18.78003559,5.09,4.959892,F5III,4395,98991,λ Crateris,Crater,142.9823594,0.439,,
4395,,HIP 55642,170.9810551,10.52950625,4.01,3.907387,F1IV,4399,99028,ι Leonis,Leo,79.01102857,0.423,,
4396,,HIP 55645,170.9856962,-57.88043733,6.5,5.89552,K5/M1III,,99145,,Centaurus,561.1016324,1.504,,
4397,,HIP 55650,171.0096981,1.407762526,5.386,5.1379,G8III-IIIb,4400,99055,79 Leo,Leo,365.0614631,0.938,,
4398,,HIP 55657,171.0463631,-72.25660808,5.583,5.524564,B2V,4406,99264,,Musca,883.4701072,0.017,,
4399,,HIP 55667,171.091891,-42.6690996,6.12,6.096772,B2V,4403,99171,28 G. Cen,Centaurus,3075.472085,-0.175,,
4400,,HIP 55687,171.1524634,-10.85932653,4.802,4.127171,K4III,4402,99167,ϵ Crateris,Crater,364.2464634,1.556,,
4401,,HIP 55705,171.2205151,-17.68401188,4.06,4.047224,A7V(n),4405,99211,γ Crateris,Crater,83.80453595,0.216,,
4402,,HIP 55716,171.2455192,11.43029149,5.788,5.326325,K4III,4404,99196,,Leo,467.7188994,1.376,,
4403,,HIP 55756,171.372723,-36.06306194,5.219,4.968951,K0III,4409,99322,29 G. Cen,Centaurus,280.0689947,0.979,,
4404,,HIP 55763,171.3879066,-37.74757465,5.918,4.78525,M3III,4411,99333,30 G. Cen,Centaurus,540.628827,1.503,,
4405,,HIP 55765,171.4015533,16.45653684,5.572,5.482641,F2V,4408,99285,81 Leo,Leo,154.1371032,0.39,,
4406,,HIP 55779,171.4297691,-63.97247704,5.17,5.042132,F7V,4413,99453,31 G. Cen,Centaurus,89.41303875,0.495,,
4407,,HIP 55791,171.4585693,3.860063822,6.354,6.278861,F2IVnn,4410,99329,80 Leo,Leo,200.2459092,0.345,,
4408,,HIP 55797,171.4879574,55.85045779,5.7,5.46621,K0III,4407,99283,,UrsaMajor,347.5487288,0.988,,
4409,,HIP 55821,171.6064883,33.45061151,6.324,6.217594,F5.5IV-V,4412,99373,,UrsaMajor,187.788137,0.454,,
4410,,HIP 55831,171.6475742,-61.11516776,5.54,5.237007,B3III/IV,4415,99556,33 G. Cen,Centaurus,1552.379971,-0.077,,
4411,,HIP 55846,171.6888405,3.013099066,6.46,6.298396,G9IV-V,4414,99491,83 Leo A,Leo,57.60749167,0.778,,
4412,,HIP 55846,171.6908,3.0097,6.16,6.298396,~,4414,99491,* 83 Leo,Leo,57.60749167,0.778,,
4413,,HIP 55849,171.6969396,-53.15991619,5.806,5.917108,K0III,4417,99574,32 G. Cen,Centaurus,624.5216961,0.517,,
4414,,HIP 55874,171.7896487,-12.356749,5.923,5.817464,F5/6III,4416,99564,κ Crateris,Crater,218.6453568,0.49,,
4415,,HIP 55936,171.9599085,45.18520436,6.28,5.038457,M4III,,99592,,UrsaMajor,1028.390198,1.53,6,7.6
4416,,HIP 55941,171.9738106,-1.699937715,6.256,5.934102,K1III,4419,99651,59 G. Leo,Leo,521.6002002,1.037,,
4417,,HIP 55945,171.9843313,2.85626503,4.943,4.679412,G8-IIIa,4418,99648,τ Leonis,Leo,620.9519959,1,,
4418,,HIP 55953,171.9944673,-35.32885077,6.42,5.769404,K4/5III,4420,99712,281 G. Hya,Hydra,1263.566689,1.614,,
4419,,HIP 55979,172.0767248,-72.47397959,6.115,6.3948,B3V,4425,99872,,Musca,758.1393618,0.101,,
4420,,HIP 56000,172.1461615,-42.67420556,5.136,5.102821,B9V,4423,99803,34 G. Cen,Centaurus,624.5216971,-0.028,,
4421,,HIP 56034,172.2671739,39.33697122,5.35,,~,4422,99787A,* 57 UMa A,UrsaMajor,209.1085439,0.019,,
4422,,HIP 56034,172.2671748,39.33697553,5.354,,A2V,4422,99787,57 UMa,UrsaMajor,209.1085439,0.019,,
4423,,HIP 56078,172.4109132,-24.46402112,5.813,5.818759,A0V,4428,99922,,Crater,403.464278,0.067,,
4424,,HIP 56080,172.424349,15.41326571,5.734,5.298883,K4III,4426,99902,85 Leo,Leo,435.2460274,1.371,,
4425,,HIP 56083,172.4315146,56.73757403,6.278,6.265272,A5V,4424,99859,,UrsaMajor,221.317245,0.157,,
4426,,HIP 56120,172.5536263,54.36223321,6.49,6.283621,K0III,4427,99913,,UrsaMajor,641.7312358,0.937,,
4427,,HIP 56127,172.5787223,-3.003499701,4.77,4.179657,K3+IIIFe-0.5,4432,99998,87 Leo,Leo,603.7033301,1.529,,
4428,,HIP 56135,172.6034389,46.65753236,6.302,5.901233,K2IIICN-1,4430,99967,EE UMa,UrsaMajor,984.8952617,1.265,6.35,6.51
4429,,HIP 56146,172.6209485,18.40980704,5.549,5.242752,K0III,4433,100006,86 Leo,Leo,325.0250611,1.056,,
4430,,HIP 56148,172.6297133,43.17324138,5.942,5.80902,F4V,4431,99984,58 UMa,UrsaMajor,182.9405137,0.524,,
4431,,HIP 56201,172.8126912,-61.27846869,6.4,6.148694,A3Ia,4438,100198,V809 Cen,Centaurus,4657.139896,0.473,6.31,6.36
4432,Giausar,HIP 56211,172.8509236,69.33107573,3.85,3.102934,M0III-IIIaCa1,4434,100029,λ Draconis,Draco,334.0164613,1.613,,
4433,,HIP 56243,172.9419526,-59.44206069,5.097,4.723902,G3_0-Ia,4441,100261,ο 1 Centauri,Centaurus,3227.723919,1.026,5.8,6.6
4434,,HIP 56245,172.9481358,-20.77647275,6.228,6.119365,F8V,4440,100219,,Crater,128.8538406,0.537,,
4435,,HIP 56250,172.9533314,-59.51564712,5.14,4.959113,A2Ia,4442,100262,ο 2 Centauri,Centaurus,3395.84544,0.432,5.12,5.22
4436,,HIP 56253,172.9605552,81.12725695,6.11,6.085317,kA2hF1mF0,4429,99945,,Camelopardalis,194.9761045,0.264,,
4437,,HIP 56280,173.0668331,-29.26330554,5.671,,F8V,4443,100286,* 17 Crt B,Crater,87.07268709,0.54,,
4438,,HIP 56280,173.068352,-29.26102213,5.58,,F8V,4444,100287,* 17 Crt A,Crater,87.07268709,0.54,,
4439,,HIP 56287,173.0833171,-66.96182343,5.881,5.587724,K1IIICNIb/II,4448,100382,,Musca,297.989218,1.136,,
4440,,,173.0864733,61.0827494,5.64,,F4V,4439,100203A,,UrsaMajor,89.7083884,0.515,,
4441,,HIP 56293,173.0970088,-26.74680469,6.16,5.232465,M2III,4445,100307,,Hydra,727.6779155,1.67,,
4442,,HIP 56318,173.198069,-7.827525212,5.927,5.490694,K3III,4446,100343,,Crater,574.9566401,1.38,,
4443,,HIP 56319,173.2003427,-40.43619435,5.639,4.875956,M1III,4447,100378,39 G. Cen,Centaurus,544.2409084,1.578,,
4444,,HIP 56332,173.2255363,-31.0872254,5.11,4.388352,M1/2III,4449,100393,,Hydra,452.7783158,1.581,,
4445,,HIP 56343,173.2504789,-31.85762444,3.54,3.292473,G7IIIb,4450,100407,ξ Hydrae,Hydra,129.2114625,0.947,,
4446,,HIP 56364,173.3117725,-16.28040599,6.044,5.918947,F8/G0Ib/II,4451,100418,,Crater,400.4911571,0.59,,
4447,,HIP 56379,173.3560037,-70.19478925,6.3,,A0VaekB8_lB,,100546,,Musca,316.3718086,0.003,,
4448,,HIP 56388,173.4014431,2.499031032,6.48,5.768905,M0III,,100456,,Leo,1253.845365,1.601,,
4449,,,173.4047395,-40.58660421,6.11,,~,4453,100493A,,Centaurus,367.9465644,0.117,,
4450,,,173.4050075,-40.58663156,6.14,,~,4453,100493B,,Centaurus,367.9465644,0.117,,
4451,,HIP 56410,173.4845186,36.81561541,6.37,6.102626,K0III,4452,100470,,UrsaMajor,424.4782405,1.057,,
4452,,HIP 56452,173.6228602,-32.83133966,5.98,5.738324,K0V,4458,100623,,Hydra,31.09501136,0.811,,
4453,,HIP 56473,173.6770427,16.79691544,5.94,,B6.6(IV)+B3.7(V),4456,100600,90 Leo,Leo,1987.80529,-0.156,,
4454,,HIP 56473,173.6770455,16.79691606,6.289,,B6.6(IV),4456,100600A,* 90 Leo A,Leo,1987.80529,-0.156,,
4455,,HIP 56480,173.6902349,-54.2640931,4.607,4.599313,B9V,4460,100673,A Cen,Centaurus,463.0668776,-0.077,,
4456,,HIP 56497,173.7368779,-49.13648476,5.5,5.206891,K1III/IV,4462,100708,43 G. Cen,Centaurus,207.3791176,1.041,,
4457,,HIP 56500,173.7454344,-4.361288534,6.41,6.11973,K1III,,100659,67 G. Leo,Leo,616.257595,1.167,,
4458,Formosa,HIP 56508,173.7656384,20.44154527,6.438,6.190767,G9III,4459,100655,,Leo,459.3914338,1.01,,
4459,,HIP 56510,173.770351,54.78539853,5.628,5.353157,K0III,4457,100615,,UrsaMajor,410.5808521,1.032,,
4460,,HIP 56518,173.8053431,-47.37257909,5.675,4.626996,M3/4III,4463,100733,C1 Cen,Centaurus,652.0002469,1.682,5.55,5.8
4461,,HIP 56550,173.9264015,-61.28787148,6.24,6.175854,B9.5Iab/b,,100826,,Centaurus,4405.402605,0.131,,
4462,,HIP 56561,173.9453254,-63.01983499,3.14,3.129286,B9III,4467,100841,λ Centauri,Centaurus,409.5474371,-0.044,,
4463,,HIP 56573,173.9816038,-47.64163994,5.252,5.202287,F0V,4466,100825,C2 Cen,Centaurus,189.0950751,0.257,,
4464,,,174.061,-61.616,5.3,,Open Cluster,,,NGC 3766,Centaurus,,,,
4465,,,174.0748192,27.78134816,6.38,6.390902,~,4465,100808A,,Leo,234.195559,0.248,,
4466,,HIP 56601,174.0748196,27.78134158,5.81,,A8,4465,100808,,Leo,234.1955591,0.248,,
4467,,HIP 56606,174.093186,-61.05243375,5.819,5.806851,B3IV,4472,100929,50 G. Cen,Centaurus,1461.882339,-0.102,,
4468,,HIP 100893A,174.1456078,-33.57005998,5.89,,~,4469,100893A,* 22 Crt A,Crater,,,,
4469,,HIP 56632,174.1696801,-37.23718623,6.286,6.287438,A1V,4470,100911,49 G. Cen,Centaurus,432.3609282,0.062,,
4470,,HIP 56633,174.170455,-9.802222702,4.673,4.658411,B9.5V,4468,100889,θ Crateris,Crater,304.6728764,-0.073,,
4471,,HIP 56647,174.2372115,-0.8237499422,4.3,6.308899,G9IIIbFe-0.5,4471,100920,υ Leonis,Leo,178.044976,0.983,,
4472,,HIP 56656,174.252185,-61.28344339,5.15,4.826005,K0III,4475,101021,52 G. Cen,Centaurus,231.0418347,1.105,,
4473,,HIP 56657,174.2550201,-32.98820651,6.318,6.217544,F5V,4473,100953,,Hydra,233.8594565,0.439,,
4474,,HIP 56675,174.315175,-75.89653329,5.637,5.553236,A9IV,4479,101132,π Chamaeleontis,Chamaeleon,137.2633344,0.362,,
4475,,HIP 56700,174.3916552,-47.74729809,5.456,5.112938,K2III,4476,101067,C3 Cen,Centaurus,363.0304822,1.23,,
4476,,HIP 56716,174.4263296,77.59569947,6.486,5.813983,K5,,100858,,Draco,1697.916194,1.61,,
4477,,HIP 56727,174.451576,-67.6203789,5.929,5.678762,K0III,4485,101162,,Musca,347.548734,1.013,,
4478,,HIP 56731,174.4708368,50.61818605,6.113,5.889834,G9:IIIb:Ba2.5,4474,101013,,UrsaMajor,461.1043513,1.068,,
4479,,HIP 56754,174.5302899,-61.82653122,5.14,5.148789,ApHgMn,4487,101189,54 G. Cen,Centaurus,296.9036385,-0.04,,
4480,,HIP 56756,174.5409641,8.883791402,6.19,5.9134,K1III,4478,101112,1 G. Vir,Virgo,372.9963059,1.081,,
4481,,HIP 56775,174.6002866,-2.435903916,6.29,5.968605,K1III,4484,101154,3 G. Vir,Virgo,373.426627,1.119,,
4482,,HIP 56779,174.6150311,8.13429428,5.36,3.906972,M4.5:III,4483,101153,ω Virginis,Virgo,479.4125246,1.499,5.23,5.5
4483,,HIP 56784,174.6346789,33.62582915,6.273,5.869804,K2III,4482,101151,,UrsaMajor,634.2430173,1.325,,
4484,,HIP 56789,174.6396449,46.83421416,6.076,6.020165,F5IIIs,4480,101133,60 UMa,UrsaMajor,350.9163122,0.401,,
4485,,HIP 56802,174.666742,-13.20193924,5.48,5.357287,F6.5V,4488,101198,ι Crateris,Crater,87.96560202,0.52,,
4486,,HIP 56809A,174.6870845,45.10841738,6.47,6.323875,G0V,4486,101177A,,UrsaMajor,,0.57,,
4487,,HIP 56816,174.7047392,64.34696833,6.5,,A5IV,4481,101150,,UrsaMajor,640.4728735,0.154,,
4488,,HIP 56830,174.751843,-24.72109449,6.42,6.166667,G6/8V,4489,101259,,Crater,211.0032626,0.821,,
4489,,HIP 56862,174.8731921,-65.3978054,5.095,4.918591,G5/8IIIp+A0/1V,4492,101379,GT Mus,Musca,561.1016317,0.804,5.08,5.21
4490,,HIP 56899,174.9597258,-16.62022868,6.19,5.097041,M3.5IIICa0.5,4491,101370,VX Crt,Crater,1012.422719,1.579,,
4491,,HIP 56901,174.9630024,-14.46852412,6.198,6.20815,A0V,4490,101369,,Crater,597.0692286,-0.007,,
4492,,HIP 56922,175.0532896,-34.74465833,4.7,4.667739,B9V,4494,101431,ο Hydrae,Hydra,494.688891,-0.07,,
4493,,HIP 56944,175.1142925,57.97040523,6.335,6.334782,B9VpHgMn,4493,101391,,UrsaMajor,525.8055934,-0.092,,
4494,,HIP 56961,175.1541797,-62.56810192,6.38,,O9.5Ib+B0.5Iab,,101545,,Centaurus,2810.345967,0.029,,
4495,,HIP 56970,175.1770033,-53.96860652,5.94,5.12195,M1III,4497,101541,V914 Cen,Centaurus,1065.358616,1.67,,
4496,,HIP 56975,175.1961135,21.35272744,5.255,5.002274,K1III,4495,101484,92 Leo,Leo,232.1939196,0.984,,
4497,,HIP 56986,175.2234741,-62.09010152,4.92,4.588911,G3Ib,4499,101570,58 G. Cen,Centaurus,729.3079132,1.111,,
4498,,HIP 56996,175.2554511,-83.09993815,6.328,6.000539,K0III,4507,101782,,Chamaeleon,344.2463501,1.08,,
4499,,HIP 56997,175.2625678,34.20163378,5.34,5.110995,G8V,4496,101501,61 UMa,UrsaMajor,31.10390691,0.723,,
4500,,HIP 57001,175.2850085,-29.19623507,6.44,6.285429,G2III/IV,4498,101563,294 G. Hya,Hydra,135.3819932,0.651,,
4501,,HIP 57013,175.3324628,-43.09566596,5.53,5.53465,A0V,4502,101615,59 G. Cen,Centaurus,209.242861,0.044,,
4502,,HIP 57029,175.392735,31.74604863,5.75,5.592415,F5,4501,101606,62 UMa,UrsaMajor,133.4970562,0.44,,
4503,,HIP 57045,175.4312373,55.17201002,6.266,5.722351,K5,4500,101604,,UrsaMajor,1006.173288,1.491,,
4504,,HIP 57047,175.4331142,-32.49940312,5.2,4.668484,K5III,4503,101666,,Hydra,429.5116876,1.475,,
4505,,HIP 57079,175.5147005,-20.29416858,6.2,5.958887,G8IV,4506,101695,,Crater,234.0273472,0.949,,
4506,,HIP 57092,175.5621655,-75.22731356,6.466,6.355609,F8V,,101805,,Musca,112.1046014,0.528,,
4507,,HIP 57111,175.6181741,66.74490648,5.308,4.931482,K3III,4504,101673,3 Dra,Draco,642.999374,1.267,,
4508,,HIP 57137,175.7288836,-79.30639098,6.378,6.151828,K0III/IV,4509,101917,,Chamaeleon,181.6156499,0.894,,
4509,,HIP 57165,175.8632824,-37.19016072,5.966,5.473645,K3III,4508,101883,60 G. Cen,Centaurus,598.1645885,1.449,,
4510,,HIP 57175,175.879968,-62.48939643,5.03,4.791573,G0_0-IaFe1,4511,101947,V810 Cen,Centaurus,2566.931459,0.784,4.95,5.12
4511,,,175.925,-62.537,6.3,,Open Cluster,,,Cl Stock 14,Centaurus,,,,
4512,,HIP 57211,175.9701671,-62.87828113,6.087,6.085353,A2III/IV,4513,101995,62 G. Cen,Centaurus,396.1129724,0.063,,
4513,,HIP 57214,175.9796695,-6.677162651,6.041,5.806889,K0III,4510,101933,5 G. Vir,Virgo,384.8887916,0.96,,
4514,,HIP 57240,176.0548472,25.21832095,6.02,5.440054,K5III,4512,101980,,Leo,928.7743455,1.533,,
4515,,HIP 57283,176.1907332,-18.35067637,4.706,4.443709,G8.5III,4514,102070,ζ Crateris,Crater,350.1599993,0.958,,
4516,,HIP 57322,176.3026468,-49.06984179,6.266,5.921811,K1III,4516,102150,63 G. Cen,Centaurus,520.7656394,1.174,,
4517,,HIP 57328,176.3209993,8.258113805,4.842,4.800302,A4V,4515,102124,ξ Virginis,Virgo,119.4578644,0.174,,
4518,,HIP 57363,176.4017279,-66.7287577,3.65,3.624794,A7V,4520,102249,λ Muscae,Musca,128.2455208,0.16,,
4519,,HIP 57371,176.4332007,-45.69013364,5.271,5.248073,B6III,4519,102232,64 G. Cen,Centaurus,781.7743744,-0.118,,
4520,,HIP 57380,176.4648317,6.529374721,4.04,3.320959,M1III,4517,102212,ν Virginis,Virgo,312.8600427,1.501,,
4521,Taiyangshou,HIP 57399,176.5125586,47.77940424,3.72,3.328719,K0.5IIIb:,4518,102224,χ Ursae Majoris,UrsaMajor,195.913688,1.181,,
4522,,HIP 57439,176.6284285,-61.17839961,4.1,3.879374,G5Ib/II,4522,102350,,Centaurus,434.0887265,0.895,,
4523,,HIP 57443,176.6294689,-40.50035719,4.88,4.701676,G2V,4523,102365,,Centaurus,30.13687184,0.66,,
4524,,HIP 57477,176.7317595,55.628189,5.254,4.887915,K2.5IIIbCN1,4521,102328,,UrsaMajor,206.3290642,1.276,,
4525,,HIP 57497,176.7793695,-35.90686527,6.147,5.933057,G8III,4524,102397,67 G. Cen,Centaurus,474.5257839,0.952,,
4526,,HIP 57507,176.8158656,-30.28651118,6.48,6.304665,G6V,4525,102438,297 G. Hya,Hydra,57.94522928,0.681,,
4527,,HIP 57512,176.8297552,-57.69650071,5.407,4.682652,K5III,4526,102461,V918 Cen,Centaurus,821.1584473,1.664,,
4528,,HIP 57562,176.9787305,8.245892688,5.316,5.308989,A1V,4528,102510,4 Vir,Virgo,192.1037309,0.038,,
4529,,HIP 57565,176.9963998,20.21893056,4.52,4.352421,F8III+A6III,4527,102509,93 Leo,Leo,226.3888359,0.547,4.53,4.56
4530,,HIP 57581,177.0605629,-66.81490961,4.728,4.117007,K4III,4530,102584,μ Muscae,Musca,431.7871648,1.522,4.6,4.8
4531,,HIP 57587,177.0978645,-10.3131045,6.226,6.108403,G0V,4529,102574,,Crater,138.7825008,0.585,,
4532,,,177.1612894,14.28420791,5.94,,A8V,4531,102590A,,Leo,241.8399382,0.303,,
4533,,HIP 57613,177.1878447,-26.74977781,5.11,3.745264,M4+III,4532,102620,II Hya,Hydra,476.6089252,1.594,4.85,5.12
4534,,HIP 57629,177.2553386,-0.3186712642,6.15,6.032868,F8V,4533,102634,9 G. Vir,Virgo,111.4147904,0.518,,
4535,Denebola,HIP 57632,177.2649098,14.57205806,2.13,,A3Va,4534,102647,β Leonis,Leo,36.15798774,0.09,2.14,2.165
4536,,HIP 57646,177.3116185,16.24288022,6.036,5.99435,kA2.5hF1mF3,4535,102660,,Leo,204.2606004,0.278,,
4537,,HIP 57669,177.4211139,-63.78847241,4.308,4.300466,B3V,4537,102776,j Cen,Centaurus,459.1548752,-0.149,,
4538,,HIP 57670,177.4238121,34.93175806,5.723,5.610381,F7IV,4536,102713,,UrsaMajor,226.5462917,0.467,,
4539,,HIP 57696,177.4858976,-70.22578912,4.964,4.519953,G6Ib,4538,102839,,Musca,1455.359075,1.36,,
4540,,HIP 57732,177.5816813,-15.86366481,6.122,5.880685,G6III,4539,102845,,Crater,672.1666162,0.947,,
4541,,HIP 57741,177.6136544,-62.64938216,5.702,5.590644,A2Iab,4541,102878,70 G. Cen,Centaurus,3075.472083,0.233,,
4542,,HIP 57749,177.6549266,-27.27793717,6.477,6.233301,G8III,4542,102888,299 G. Hya,Hydra,495.4419521,0.98,,
4543,Zavijava,HIP 57757,177.6738271,1.76472265,3.6,5.970712,F9V,4540,102870,β Virginis,Virgo,35.53532882,0.518,,
4544,,HIP 57779,177.7305886,12.27903642,6.367,6.322233,A5m,4543,102910,,Leo,180.3096983,0.294,,
4545,,HIP 57791,177.7592896,-5.333331523,5.622,5.341698,K0+IIIb:,4544,102928,12 G. Vir,Virgo,258.9357122,1.058,,
4546,,HIP 57803,177.7862133,-45.17346992,4.46,4.060303,K3III,4546,102964,B Cen,Centaurus,463.7286594,1.283,,
4547,,HIP 57805,177.7896274,33.37501284,6.224,6.196578,kA5hA9mF5(III)EuBa,4545,102942,,UrsaMajor,205.4192024,0.345,,
4548,,HIP 57819,177.8412382,-12.18781082,6.35,6.247775,F3V,4547,102990,,Crater,146.5168538,0.41,,
4549,,HIP 57841,177.9233703,-30.83480743,5.85,5.728032,F9V,4548,103026,300 G. Hya,Hydra,102.4836916,0.554,,
4550,,HIP 57851,177.9634343,-65.20591012,4.99,4.990429,B4V,4549,103079,,Musca,338.1729712,-0.123,,
4551,,HIP 57870,178.0428314,-56.98774168,5.559,5.547528,A2V,4551,103101,74 G. Cen,Centaurus,340.6473134,0.069,,
4552,,HIP 57936,178.2271704,-33.9081352,4.69,,~,4552,103192,* bet Hya A,Hydrus,365.0614646,-0.1,4.27,4.31
4553,,HIP 57936,178.2271729,-33.90812978,4.28,,kB8hB8HeA0VSi,4552,103192,β Hydrae,Hydra,365.0614646,-0.1,4.27,4.31
4554,,HIP 57936,178.2272748,-33.9079757,5.47,,~,4552,103192,* bet Hya B,Hydra,365.0614646,-0.1,4.27,4.31
4555,,HIP 57939,178.2448639,37.7186817,6.45,6.198502,K1V_Fe-1.5,4550,103095,Groombridge 1830,UrsaMajor,29.85076223,0.754,,
4556,,HIP 57971,178.3617061,-35.06664235,6.167,6.171582,A1V,4553,103266,302 G. Hya,Hydra,246.4098095,0.089,,
4557,Phecda,HIP 58001,178.4576972,53.69475973,2.44,2.436275,A0V,4554,103287,γ Ursae Majoris,UrsaMajor,83.61121032,0.044,,
4558,,HIP 58002,178.459488,0.5521147506,6.29,6.269214,A9V,4555,103313,IQ Vir,Virgo,430.078928,0.207,6.3,6.32
4559,,HIP 58041,178.5479202,-57.41019779,6.045,6.030029,A0/1III,4556,103400,76 G. Cen,Centaurus,1369.748186,0.05,,
4560,,HIP 58057,178.6074577,-37.7489188,6.46,6.348521,F7V,4557,103437,77 G. Cen,Centaurus,151.627883,0.528,,
4561,,HIP 58082,178.6772433,-25.71388442,5.272,5.033878,G8III,4558,103462,303 G. Hya,Hydra,294.7559536,0.883,,
4562,,HIP 58085,178.6859925,-66.37619946,6.36,6.292591,F2IV,,103482,,Musca,141.1867477,0.406,,
4563,,HIP 58103,178.7500493,-63.27918076,5.96,5.830849,A2Ib,4563,103516,79 G. Cen,Centaurus,2566.931459,0.21,,
4564,,HIP 58110,178.7630519,8.443942119,5.569,5.320617,K0III:,4559,103484,6 Vir,Virgo,167.6093863,0.937,,
4565,,HIP 58119,178.8085677,36.75637589,6.49,5.562133,M3III,4562,103500,,UrsaMajor,588.4465207,1.581,,
4566,,HIP 58158,178.9172119,-28.47710391,5.893,5.361748,K4III,4565,103596,,Hydra,476.6089254,1.499,,
4567,,HIP 58159,178.9188863,15.64681941,5.522,5.500482,A3V,4564,103578,95 Leo,Leo,560.1366737,0.116,,
4568,,HIP 58177,178.97821,-39.6895174,6.131,5.869118,K0III,4568,103637,80 G. Cen,Centaurus,484.3970675,1.01,,
4569,,HIP 58181,178.9934048,56.59855775,5.824,5.531869,K1III,4566,103605,66 UMa,UrsaMajor,315.2805857,1.101,,
4570,,HIP 58188,179.0039755,-17.15082447,5.16,5.163772,A0V,4567,103632,η Crateris,Crater,285.4642984,-0.022,,
4571,,HIP 58225,179.125942,57.87156913,6.2,5.668762,M5IIIv,,103681,,UrsaMajor,1075.907973,1.335,6.2,9.4
4572,,HIP 58242,179.182979,-47.0723777,6.255,6.168949,F5V,4570,103746,81 G. Cen,Centaurus,176.0260571,0.407,,
4573,,HIP 58259,179.2218172,61.54921199,6.2,5.984815,G8III,4569,103736,,UrsaMajor,611.631644,0.955,,
4574,,HIP 58272,179.2656067,-33.3154592,6.189,6.189519,B9.5V,4571,103789,LV Hya,Hydra,377.7526494,-0.044,6.2,6.23
4575,,HIP 58326,179.4166973,-62.44874843,5.557,5.539381,B4V,4573,103884,,Crux,598.164586,-0.152,,
4576,,HIP 58369,179.5298908,32.27390771,6.422,6.350335,A9V,4574,103928,,UrsaMajor,154.5755724,0.331,,
4577,,HIP 58379,179.5634368,-56.31731204,5.436,5.412584,B8III,4576,103961,,Crux,633.0107395,-0.062,,
4578,,HIP 58427,179.698581,-64.33955926,5.6,5.547685,A1Ib,4578,104035,,Crux,2834.782936,0.174,,
4579,,HIP 58436,179.7265571,-25.90885915,6.416,6.408712,A1IV/V,4579,104039,308 G. Hya,Hydra,890.7105756,0.038,,
4580,,HIP 58445,179.7639057,0.5306802464,6.176,5.807339,K2/3III,4580,104055,19 G. Vir,Virgo,597.0692287,1.257,,
4581,,HIP 58450,179.789045,-10.47589877,6.48,5.977121,K4III,,104078,20 G. Vir,Virgo,860.1578446,1.45,,
4582,,HIP 58452,179.7945014,-45.83222168,6.337,6.337936,B8/9V,,104080,84 G. Cen,Centaurus,487.2952081,-0.081,,
4583,,HIP 58453,179.7952605,-51.69676172,6.031,5.676183,K1/2II,4582,104081,85 G. Cen,Centaurus,848.9597384,1.277,,
4584,,HIP 58460,179.8230509,33.16700244,5.96,5.621903,K1II-III,4581,104075,,UrsaMajor,670.7811113,1.153,,
4585,,HIP 58469,179.8567438,-62.8309472,6.35,6.260658,A8II,,104111,,Crux,7656.255782,0.317,,
4586,,HIP 58484,179.9063325,-78.22192514,6.02,5.21488,~,4583,104174,* eps Cha B,Chamaeleon,364.2464585,-0.054,,
4587,,HIP 58484,179.9065922,-78.22181924,5.33,5.21488,~,4583,104174,* eps Cha A,Chamaeleon,364.2464585,-0.054,,
4588,,HIP 58510,179.9871396,3.655204617,5.345,5.350719,A0V,4585,104181,7 Vir,Virgo,276.2714203,-0.001,,
4589,,HIP 58512,179.9890687,34.03474824,6.488,6.451811,A9III,4584,104179,,UrsaMajor,374.2840037,0.243,,
4590,,HIP 58545,180.0775156,80.85318354,6.17,5.28367,M2III,4586,104216,FR Cam,Camelopardalis,819.0948549,1.61,,
4591,Tonatiuh,HIP 58952,180.087533,76.9057341,5.8,5.501072,K0,4609,104985,,Camelopardalis,332.8101,1.01,,
4592,,HIP 58574,180.1759242,-21.83749728,6.255,5.908772,K2III,4588,104307,,Corvus,531.8105257,1.22,,
4593,,HIP 58576,180.1852506,-10.44612975,5.55,5.355077,G8IV,4587,104304,,Virgo,42.07554423,0.76,,
4594,,HIP 58587,180.2131632,-19.65898118,5.264,5.235829,B2IV,4590,104337,31 Crt,Corvus,1752.687488,-0.192,,
4595,,HIP 58590,180.2182993,6.614318553,4.642,4.607758,A5V,4589,104321,π Virginis,Virgo,355.8943409,0.122,,
4596,,HIP 58603,180.2572443,-1.768166221,6.316,5.958396,K1III,4591,104356,26 G. Vir,Virgo,613.9364751,1.204,,
4597,,HIP 58642,180.3716361,-57.50377872,6.142,6.153935,A0V,4592,104430,,Crux,308.7123419,-0.004,,
4598,,,180.4083,36.0439,5.59,,K1III,,,RX J1201.6+3602,UrsaMajor,,,,
4599,,HIP 58654,180.4144252,36.04207718,5.57,5.292559,K0III,4593,104438,,UrsaMajor,361.8210189,1.019,,
4600,,HIP 58697,180.5843305,-85.63175732,6.019,5.632685,K3III,4595,104555,,Octans,334.7010662,1.29,,
4601,,HIP 58706,180.6186271,-71.48898144,6.423,6.083726,K1III,4596,104570,,Musca,420.6444801,1.163,,
4602,,HIP 58720,180.6570525,-69.19228862,5.876,5.876527,B9V,4597,104600,,Musca,308.4202439,-0.08,,
4603,,HIP 58741,180.7152537,-7.683626215,6.225,5.681846,K4III,4598,104625,27 G. Vir,Virgo,710.2401703,1.492,,
4604,,HIP 58758,180.7562527,-63.31292866,4.32,4.220316,A3(m)A8-A8,4599,104671,θ 1 Crucis,Crux,229.7394644,0.28,,
4605,,HIP 58803,180.9148851,-42.43405845,5.15,5.032893,F5V,4600,104731,88 G. Cen,Centaurus,78.89660455,0.417,,
4606,,HIP 58810,180.9354396,-74.21409496,6.45,6.061275,G6III,4601,104752,,Musca,920.9047009,1.198,,
4607,,HIP 58858,181.0691607,21.45915054,6.15,,~,4602,104827,* 2 Com A,ComaBerenices,358.6359999,0.248,,
4608,,HIP 58859,181.0696032,-51.47251544,6.47,6.475135,B9.5V,,104839,90 G. Cen,Centaurus,388.0966316,-0.046,,
4609,,HIP 58867,181.0800837,-63.16569907,4.716,4.675881,B3V,4603,104841,θ 2 Crucis,Crux,752.887502,-0.081,4.7,4.74
4610,,HIP 58874,181.1171171,85.58713112,6.265,6.131307,F6V,4606,104904,,Camelopardalis,248.6653891,0.56,,
4611,,HIP 58884,181.1620237,-68.32891127,5.52,5.543622,~,4604,104878A,,Musca,339.2292113,-0.012,,
4612,,HIP 58901,181.1885822,-59.25325091,6.2,6.29082,B9Vn,,104900,,Crux,353.579738,-0.034,,
4613,,HIP 58905,181.1936285,-76.51906248,5.024,4.466885,K4III,4605,104902,κ Chamaeleontis,Chamaeleon,440.5402664,1.491,,
4614,,HIP 58921,181.2383941,-60.96825307,5.96,5.09688,M2III,4607,104933,,Crux,661.2586492,1.691,,
4615,,HIP 58948,181.302216,8.733018577,4.12,3.857797,G8IIICN0.5CH1Ba1,4608,104979,ο Virginis,Virgo,170.8596078,0.967,,
4616,,HIP 58989,181.4154203,62.93311851,6.13,5.775084,K1III-IV,4610,105043,,UrsaMajor,373.4266176,1.178,,
4617,,HIP 59003,181.4734167,-65.54687615,6.303,6.225141,B8Ia,4611,105071,,Musca,7225.442984,0.152,,
4618,,HIP 59008,181.4860933,-35.69391961,6.226,6.207423,B8V,4612,105078,311 G. Hya,Hydra,727.6779163,-0.073,,
4619,,HIP 59010,181.4992268,-3.131590931,6.364,6.114495,G8/K0III,4613,105089,33 G. Vir,Virgo,498.4704935,0.997,,
4620,,HIP 59046,181.5830203,-68.65140505,6.226,5.874251,G3Ib,4614,105138,,Musca,1884.394791,1.237,,
4621,,HIP 59050,181.5958751,-65.70944583,6.06,5.921681,K0III+A7V:,4615,105151,,Musca,565.9720739,0.613,,
4622,,HIP 59072,181.7204089,-64.6137307,4.136,4.06089,F2V,4616,105211,η Crucis,Crux,64.18584628,0.353,,
4623,,HIP 59151,181.9578155,-75.36701806,5.165,4.747916,K2II/III,4617,105340,λ Cha,Musca,437.5834456,1.278,,
4624,,,182.0202759,-50.76364701,6.362,,B9V,4619,105383,,Centaurus,376.7720647,-0.63,,
4625,,HIP 59173,182.0217594,-50.66127096,4.47,4.397392,B5V,4618,105382,V863 Cen,Centaurus,375.5749672,-0.157,,
4626,,HIP 59184,182.0612693,-48.6925114,5.34,5.328639,B9.5/A0V,4620,105416,E Cen,Centaurus,589.512545,-0.01,,
4627,,HIP 59196,182.0895735,-50.72242739,2.52,2.508257,B2Vne,4621,105435,δ Centauri,Centaurus,395.1512743,-0.128,2.51,2.65
4628,,HIP 59200,182.1030464,-60.84712988,6.184,5.544636,K3/4II,4622,105437,,Crux,2158.942312,1.733,,
4629,Alchiba,HIP 59199,182.1034053,-24.7288756,4.01,3.946629,F1V,4623,105452,α Corvi,Corvus,48.14664469,0.334,,
4630,,HIP 59229,182.2241701,-44.3259899,5.746,5.703322,A2mA5-F2,4624,105509,V788 Cen,Centaurus,326.3261302,0.24,5.74,5.93
4631,,HIP 59232,182.2274554,-41.23160328,5.498,5.494919,B3IVe,4625,105521,V817 Cen,Centaurus,2089.745529,-0.097,5.47,5.58
4632,,HIP 59291,182.4461762,74.66135534,6.34,6.225397,F6IV,4627,105678,,Draco,235.3792569,0.511,,
4633,,HIP 59307,182.5106187,-34.70474365,6.17,,A0V,4628,105686,315 G. Hya,Hydra,328.6276919,0.03,,
4634,,,182.5106662,-34.70477431,6.35,6.350113,~,4628,105686A,,Hydra,328.6276918,0.03,,
4635,,HIP 59316,182.5311691,-22.61976722,2.98,2.629701,K2+IIIa,4630,105707,ϵ Corvi,Corvus,303.2560813,1.326,,
4636,,HIP 59352,182.6318367,16.80927057,6.387,6.383096,A4V,4632,105778,3 Com,ComaBerenices,903.0464184,0.07,,
4637,,HIP 59353,182.6409048,-37.8703492,6.063,6.040892,A5V,4631,105776,97 G. Cen,Centaurus,233.5243292,0.19,,
4638,,HIP 59364,182.6920632,27.2815061,5.987,5.977178,A5V,4633,105805,,ComaBerenices,307.5472171,0.123,,
4639,,HIP 59384,182.749915,81.70983059,5.955,5.406289,K5III:,4639,105943,,Camelopardalis,1101.352277,1.618,,
4640,,HIP 59389,182.7550637,-68.26097421,6.48,6.022524,K0/1III,,105822,,Musca,939.4801889,1.352,,
4641,,HIP 59394,182.7659958,-23.60242107,5.47,5.439326,A1V,4635,105850,3 Crv,Corvus,182.9405217,0.055,,
4642,,HIP 59396,182.7712754,-61.27742445,6.071,5.984334,F2III/IV,4634,105841,,Crux,289.5203886,0.398,,
4643,,HIP 59439,182.881189,-51.35933241,6.23,6.047499,G6III,4637,105920,100 G. Cen,Centaurus,174.0524522,0.816,,
4644,,HIP 59449,182.9129989,-52.36844012,3.96,3.935946,B3V,4638,105937,ρ Centauri,Centaurus,342.078455,-0.156,,
4645,,HIP 59458,182.9371055,57.0544048,6.31,5.771113,K5III,4641,106002,68 UMa,UrsaMajor,970.2382953,1.505,,
4646,,HIP 59468,182.9632362,25.87027986,5.62,5.144146,K5III,4640,105981,4 Com,ComaBerenices,774.3480905,1.401,,
4647,,HIP 59489,183.0042355,28.53631325,6.457,6.372837,F3V,4642,106022,,ComaBerenices,262.9034567,0.428,,
4648,,HIP 59501,183.0387067,20.54206199,5.55,5.343738,G8+IIICH0.5,4643,106057,5 Com,ComaBerenices,484.3970662,0.961,,
4649,,HIP 59504,183.0497692,77.61624118,5.137,5.061902,kA6hF0mF0(III),4646,106112,,Camelopardalis,109.7642387,0.358,5.14,5.21
4650,,HIP 59517,183.0915828,-62.95077388,5.98,5.831384,B8Ia/ab,4644,106068,,Crux,4865.682172,0.253,,
4651,,HIP 59588,183.3039349,-34.12527719,6.47,4.426598,M5.5SIII:,4647,106198,V335 Hya,Hydra,910.6161429,1.449,,
4652,,HIP 59607,183.3543202,-38.92918577,5.75,5.731832,B4III,4648,106231,102 G. Cen,Centaurus,2037.500751,-0.144,,
4653,,HIP 59608,183.3580802,10.2623397,5.829,5.803671,kA3hF2mF2,4650,106251,12 Vir,Virgo,161.5461106,0.262,,
4654,,HIP 59622,183.4033576,-33.79291962,6.46,,~,4651,106257A,317 G. Hya,Hydra,405.97774,0.071,,
4655,,HIP 59647,183.4852621,-78.57393654,6.337,5.996458,K2/3IIICNII,4649,106248,,Chamaeleon,353.1950544,1.234,,
4656,,HIP 59654,183.5112392,-45.72391629,5.6,,~,4652,106321,* D Cen A,Centaurus,565.972077,1.4,,
4657,,HIP 59654,183.5112394,-45.72391615,5.31,,K3III,4652,106321,D Cen,Centaurus,565.972077,1.4,,
4658,,HIP 59678,183.5705241,-64.40851926,6.235,6.176349,B1.5Ia,4653,106343,DL Cru,Crux,7941.477874,0.075,,
4659,,HIP 59708,183.6808762,53.43462674,6.171,5.902937,K0III:,4654,106478,1 CVn,UrsaMajor,504.6449274,1.061,,
4660,,HIP 59728,183.7482348,-20.84423547,5.807,5.56016,K0IIICNII,4655,106485,,Corvus,352.8136414,1.052,,
4661,,HIP 59742,183.7766638,-29.23725675,6.49,6.208796,K0III,,106500,,Hydra,461.1043604,1.086,,
4662,,HIP 59746,183.7853831,70.2000085,5.719,5.359708,K2III,4659,106574,,Draco,467.7188902,1.179,,
4663,Imai,HIP 59747,183.786327,-58.74892408,2.752,2.773012,B2IV,4656,106490,δ Crucis,Crux,363.838962,-0.193,2.78,2.84
4664,,HIP 59750,183.7939888,-10.31239873,6.11,6.003014,F9VFe-1.7CH-0.7,4657,106516,41 G. Vir,Virgo,73.52282017,0.47,,
4665,,HIP 59767,183.8344635,87.70011846,6.259,6.188644,F1IV,4686,107192,UY UMi,UrsaMinor,151.7690256,0.346,,
4666,Megrez,HIP 59774,183.8564994,57.03261698,3.32,3.311102,A2Vn,4660,106591,δ Ursae Majoris,UrsaMajor,81.39832127,0.077,,
4667,,HIP 59785,183.8768717,-41.91327819,6.23,5.970154,K0III,4658,106572,104 G. Cen,Centaurus,347.1770981,1.002,,
4668,,HIP 59796,183.9228788,72.55119672,6.29,5.869628,K0+IIICH-1,4665,106677,DK Dra,Draco,450.2778833,1.145,6.29,6.48
4669,Gienah,HIP 59803,183.951545,-17.54193046,2.58,,B8III,4662,106625,γ Corvi,Corvus,164.8129593,-0.107,,
4670,,HIP 59819,184.0007774,14.8990679,5.09,5.073341,A3V,4663,106661,6 Com,ComaBerenices,197.6956112,0.068,,
4671,,HIP 59831,184.0314544,40.66017864,5.66,4.934459,M0.5III,4666,106690,2 CVn,CanesVenatici,833.7583495,1.586,,
4672,,HIP 59847,184.0855764,23.94540728,4.86,4.678099,G8III-IIIb,4667,106714,7 Com,ComaBerenices,248.4756704,0.957,,
4673,,,184.0958,14.8433,5.1,,A3,,,FAUST 3058,ComaBerenices,,,,
4674,,HIP 59851,184.0992252,-72.61449897,6.196,6.207423,A0V,4664,106676,,Musca,333.3318685,-0.006,,
4675,,HIP 59856,184.1255573,33.06150801,4.94,4.655225,K0.5III-IIIb,4668,106760,,ComaBerenices,306.1033617,1.14,,
4676,,HIP 59895,184.2638864,-16.6937356,6.07,6.039561,A2V,4670,106819,,Corvus,539.7355893,0.113,,
4677,,HIP 59898,184.2762907,-65.69295965,6.054,6.055376,A0V,4669,106797,,Musca,335.3921905,0.021,,
4678,,HIP 59920,184.3733331,53.1913319,5.81,5.374478,K6III,4672,106884,,UrsaMajor,381.733103,1.33,,
4679,,HIP 59923,184.3773911,28.9371919,5.7,5.708875,kA3hA6mF1,4673,106887,,ComaBerenices,173.9595406,0.16,,
4680,,HIP 59929,184.3928152,-67.96073681,4.02,2.703426,M4III,4671,106849,ϵ Muscae,Musca,301.851994,1.603,3.99,4.31
4681,,HIP 59941,184.4344164,15.14469721,6.32,5.867306,K4III-IV,4676,106926,,ComaBerenices,531.8105243,1.384,,
4682,,HIP 59950,184.4469402,-36.09397866,6.14,,A0V,4675,106922,106 G. Cen,Centaurus,488.0254498,0.008,12.03,13.13
4683,,HIP 59984,184.5398853,-3.948780722,5.99,6.492571,F1VkF2mF3,4678,106976,,Virgo,201.2346703,0.363,,
4684,,HIP 60000,184.5867696,-79.31223407,4.229,4.167445,B4V,4674,106911,β Chamaeleontis,Chamaeleon,270.5396803,-0.123,,
4685,,HIP 60009,184.609342,-64.00308537,4.05,4.03991,B2/3V,4679,106983,ζ Crucis,Crux,361.0190601,-0.168,,
4686,,HIP 60018,184.6317503,30.24904693,6.226,6.153295,A9IVn,4680,107054,,ComaBerenices,180.5095348,0.31,,
4687,,HIP 60030,184.6679895,-0.7871843186,5.897,5.868285,A5IV/V,4681,107070,13 Vir,Virgo,326.0001313,0.168,,
4688,,HIP 60044,184.7082716,75.16056071,5.46,5.447877,A1V,4687,107193,,Draco,288.7513442,0.054,,
4689,,HIP 60059,184.749007,-55.14298044,5.01,4.273186,M1III,4682,107079,F Cen,Centaurus,381.2864889,1.6,,
4690,,HIP 60066,184.7584376,26.00835016,6.433,6.413138,A6:IV-Vmv,4684,107131,FM Com,ComaBerenices,248.09751,0.18,6.4,6.48
4691,,HIP 60087,184.8299708,23.03467272,6.22,6.230475,kA7hF2mF3,4685,107168,8 Com,ComaBerenices,285.2145799,0.177,,
4692,,HIP 60122,184.9529608,48.98414637,5.29,4.521284,M0III,4690,107274,3 CVn,CanesVenatici,517.4599932,1.623,,
4693,Zaniah,HIP 60129,184.9764267,-0.6667961981,3.9,3.815949,A2IV,4689,107259,η Virginis,Virgo,249.6173257,0.026,,
4694,,HIP 60157,185.044877,-22.17571803,5.97,5.838094,K0III+F/G,4691,107295,,Corvus,473.8379254,0.824,,
4695,,HIP 60168,185.0739679,26.00187456,6.1,6.084753,F0IV,4694,107326,,ComaBerenices,197.5759677,0.306,,
4696,,HIP 60170,185.0819874,26.61947941,5.51,5.218883,K2.5III-IV,4693,107325,,ComaBerenices,156.8816989,1.091,,
4697,,HIP 60172,185.0874225,3.312570894,4.96,4.59977,K0.5IIIbFe-0.5,4695,107328,16 Vir,Virgo,285.2145823,1.172,,
4698,,HIP 60183,185.1175905,-65.84265783,6.186,6.195564,B9V,4692,107301,,Musca,322.7724,-0.041,,
4699,,HIP 60189,185.1401749,-22.21590047,5.21,5.159155,B8V,4696,107348,ζ Corvi,Corvus,384.8887932,-0.09,,
4700,,HIP 60202,185.179274,17.79286875,4.74,4.437253,G8+IIIFe-1,4697,107383,11 Com,ComaBerenices,360.7943271,1.01,,
4701,,HIP 60210,185.2029778,15.54099574,6.45,6.186991,G7II-III,,107415,,ComaBerenices,478.7083652,1.025,,
4702,,HIP 60212,185.2120117,57.86411906,5.524,5.003103,K5III,4701,107465,70 UMa,UrsaMajor,701.0762977,1.452,,
4703,,HIP 60221,185.232135,-13.56572683,5.139,4.849777,K0III,4699,107418,,Corvus,196.2674069,1.048,,
4704,Ginan,HIP 60260,185.3400339,-60.40114813,3.57,3.103825,K3III,4700,107446,ϵ Crucis,Crux,227.9722186,1.389,,
4705,,HIP 60305,185.4843753,47.18220363,6.325,6.036647,K2III,,107610,,CanesVenatici,307.2573995,1.115,,
4706,,HIP 60308,185.4892818,-56.37438487,5.884,5.338777,K4III+(F),4702,107543,,Crux,1743.314982,1.533,,
4707,,HIP 60320,185.5305794,-67.52210359,5.146,5.151627,A5V,4703,107566,ζ 2 Muscae,Musca,335.7377504,0.195,,
4708,,HIP 60327,185.545112,24.77386624,6.162,6.182999,A2IV,4705,107655,,ComaBerenices,326.9813889,-0.012,,
4709,,HIP 60329,185.5501205,-68.30733591,5.723,5.440825,K0III,4704,107567,ζ 1 Muscae,Musca,395.6304919,1.038,,
4710,,HIP 60351,185.6262975,25.84615768,4.81,4.624533,F6III+A3V,4707,107700,12 Com A,ComaBerenices,273.2608073,0.515,,
4711,,HIP 60353,185.6334915,5.305446631,6.47,6.335243,F8V,4708,107705,17 Vir,Virgo,97.2262881,0.567,,
4712,,HIP 60379,185.7059658,-57.67613024,5.366,5.355988,B7Vn,4706,107696,,Crux,341.7198543,-0.098,,
4713,,HIP 60417,185.8078745,-67.63154805,6.39,6.108168,G8/K0IV,4710,107773,,Musca,165.5663407,0.887,,
4714,,HIP 60418,185.8140269,-4.974502323,6.46,6.141965,K0III,,107794,49 G. Vir,Virgo,454.6723783,1.189,,
4715,,HIP 60421,185.8286128,-11.81211836,6.494,5.453004,M2III,,107814,TT Crv,Corvus,881.0805331,1.64,6.47,6.57
4716,,HIP 60425,185.8399486,-24.8406704,5.658,5.337566,K1III,4711,107815,6 Crv,Corvus,315.8915202,1.153,,
4717,,HIP 60449,185.8975814,-35.41267667,5.311,5.302303,B8/9V,4712,107832,x1 Cen,Centaurus,408.5205412,-0.066,,
4718,,HIP 60454,185.9030963,-39.30236157,6.381,6.32653,F2V,4713,107833,112 G. Cen,Centaurus,389.0224738,0.285,,
4719,,HIP 60455,185.9070413,-61.62912558,6.42,,F7Ib/II,,107805,,Crux,1654.822249,0.67,6.4,7.23
4720,,HIP 60463,185.9364479,-38.91137824,5.782,5.783369,B8/9V,4714,107860,114 G. Cen,Centaurus,342.4370569,-0.064,,
4721,,HIP 60467,185.9458837,42.54273951,6.022,5.951592,F3III-IV,4715,107904,4 CVn,CanesVenatici,334.3587683,0.366,5.89,6.15
4722,,HIP 60468,185.9492839,-30.33541731,6.42,5.681585,K5III,,107869,320 G. Hya,Hydra,802.9546044,1.572,,
4723,,HIP 60485,186.0062262,51.56225684,4.761,4.538651,G7IIIBa0.3,4716,107950,5 CVn,CanesVenatici,392.7714675,0.877,,
4724,,HIP 60514,186.0772871,26.09858928,5.18,5.119886,A3V,4717,107966,13 Com,ComaBerenices,284.2199532,0.082,5.15,5.18
4725,,HIP 60549,186.1863305,-41.38429252,6.327,5.958036,K2/3III,4718,107998,116 G. Cen,Centaurus,497.710913,1.169,,
4726,,HIP 60584,186.2633675,56.77782817,5.81,4.886199,M3III,4726,108135,71 UMa,UrsaMajor,1189.783075,1.622,,
4727,,HIP 60589,186.2765059,63.80277893,6.308,6.069837,G8III,4727,108150,,Draco,515.8234693,0.919,,
4728,,HIP 60591,186.2854921,-42.51431291,6.094,5.961062,G5III+F/G,4721,108063,,Centaurus,171.9409508,0.652,,
4729,,HIP 60595,186.2990188,-11.6105885,5.926,5.950322,A1V,4722,108107,50 G. Vir,Virgo,210.4585182,0.043,,
4730,,HIP 60599,186.3129518,23.92620139,6.02,5.732475,K1III,4725,108123,,ComaBerenices,496.9513307,1.094,,
4731,,HIP 60601,186.3230508,-65.76985501,6.304,6.034171,G8/K0IV,4720,108054,,Musca,156.2052477,0.965,,
4732,,HIP 60603,186.3267102,-27.74900369,6.081,5.701927,K3III,4723,108110,322 G. Hya,Hydra,642.9993867,1.272,,
4733,,HIP 60610,186.3405606,-35.18641625,5.707,5.70008,B9IV/V,4724,108114,x2 Cen,Centaurus,420.1033254,-0.066,,
4734,,HIP 60638,186.4093071,-86.15061575,6.329,6.037086,K0III,4709,107739,,Octans,765.2592021,1.065,,
4735,,HIP 60646,186.462244,39.01861565,5.01,4.769109,G9III,4728,108225,6 CVn,CanesVenatici,227.1777542,0.955,,
4736,,HIP 60697,186.6002684,27.26823884,4.95,4.84173,F1IV:npS_sh,4733,108283,14 Com,ComaBerenices,273.4899852,0.277,,
4737,,,186.6286788,-63.12223532,4.822,,B3/5V,4729,108250,,Crux,320.0001255,-0.143,,
4738,,HIP 60710,186.6323335,-51.45063581,4.808,4.796371,B3V(n),4732,108257,G Cen,Centaurus,399.5098962,-0.141,,
4739,Acrux,HIP 60718,186.649563,-63.0990929,0.76,,B0.5IV + B1V,,,,Crux,321,-0.26,,
4740,,,186.649567,-63.099092,1.28,,B0.5IV,4730,108248,* alf01 Cru,Crux,,-0.18,,
4741,,,186.651842,-63.099522,1.58,,B1V,4731,108249,* alf02 Cru,Crux,,-0.17,,
4742,,HIP 60729,186.7005906,-48.91319431,6.26,6.090406,G2V,4734,108309,120 G. Cen,Centaurus,86.9334853,0.674,,
4743,,HIP 60735,186.7153831,-32.83012395,5.558,5.546079,B9V,4735,108323,323 G. Hya,Hydra,510.9725986,0.007,,
4744,,HIP 60742,186.7344688,28.2684218,4.34,4.039674,K1IIIFe0.5,4737,108381,γ Comae Berenices,ComaBerenices,169.9686475,1.128,,
4745,,HIP 60746,186.7470679,26.8257017,4.959,4.931158,A4V,4738,108382,16 Com,ComaBerenices,282.0070644,0.088,,
4746,,HIP 60771,186.8534411,-63.78898491,6.023,5.978199,B8IV,4736,108355,,Crux,657.2586276,0.052,,
4747,,HIP 60780,186.870151,-58.31644846,6.33,5.685534,K4III,,108395,,Crux,873.9965471,1.612,,
4748,,HIP 60781,186.8703194,-58.991771,5.5,3.996654,M4/5III,4739,108396,BL Cru,Crux,565.9720754,1.543,5.43,5.78
4749,,HIP 60795,186.8962625,55.71272339,5.7,4.918238,M2III,4745,108502,73 UMa,UrsaMajor,438.7635633,1.582,,
4750,,HIP 60804,186.9253402,8.610343691,6.342,6.118702,G8III,4741,108471,51 G. Vir,Virgo,718.0609129,0.935,,
4751,,HIP 60809,186.9560304,-16.63184436,6.294,6.079615,G4III,4742,108477,,Corvus,1278.432297,0.868,,
4752,,HIP 60813,186.9647808,-4.615276771,6.21,6.123365,F5IVn,4746,108506,FT Vir,Virgo,299.0826281,0.43,6.2,6.24
4753,,HIP 60823,187.0099255,-50.23063797,3.91,3.893331,B2V,4743,108483,σ Centauri,Centaurus,442.9363722,-0.192,,
4754,,HIP 60851,187.0802518,-64.34098954,6.09,6.042691,A0V,4744,108501,,Crux,317.1208623,0.022,,
4755,,HIP 60855,187.0936132,-39.04116403,5.439,5.43396,B8/9V,4748,108541,u Cen,Centaurus,426.7015676,-0.073,,
4756,,HIP 60861,187.1070196,-61.79484175,6.22,5.830703,K2III,4747,108530,,Crux,493.9390888,1.253,,
4757,,HIP 60870,187.1399756,-56.40781766,6.13,5.901069,K0/1III,4749,108570,,Crux,137.6688826,0.92,,
4758,,HIP 60904,187.227926,25.91285161,5.236,5.241875,B9VCrEu,4752,108662,17 Com,ComaBerenices,270.3150704,-0.056,5.23,5.4
4759,,HIP 60941,187.3626767,24.10892284,5.468,5.356692,F5IV,4753,108722,18 Com,ComaBerenices,215.894241,0.445,,
4760,,HIP 60957,187.4301669,20.89610812,5.679,5.668382,A3V,4756,108765,20 Com,ComaBerenices,253.8941192,0.093,,
4761,Algorab,HIP 60965,187.4660632,-16.51543126,2.94,2.964905,A0IV(n)kB9,4757,108767,δ Corvi,Corvus,87.84693992,-0.012,,
4762,,HIP 60969,187.4758296,-56.52493763,5.776,5.026444,M1III,4754,108732,,Crux,562.0698544,1.572,,
4763,,HIP 60978,187.488843,58.40574114,5.347,5.315717,A8V,4760,108844,74 UMa,UrsaMajor,274.4109292,0.205,,
4764,,HIP 60979,187.4912099,-41.73589734,6.02,4.978289,M2III,4755,108759,V928 Cen,Centaurus,918.3097455,1.515,,
4765,,HIP 60992,187.5177464,58.7677749,6.065,5.806035,G8III-IV,4762,108861,75 UMa,UrsaMajor,427.8229987,0.988,,
4766,,,187.5198933,-13.39319005,6.49,6.293973,G0.1,4758,108799A,,Corvus,81.43908152,0.591,,
4767,,HIP 60998,187.5277583,69.20110395,4.95,4.034973,M3+IIIa,4765,108907,CQ Dra,Draco,581.1049917,1.621,4.95,5.04
4768,,HIP 61015,187.5726888,-23.69641819,5.63,4.885602,M0III,4759,108821,,Corvus,898.0716594,1.67,,
4769,,HIP 61071,187.7523354,24.5671659,5.436,5.430502,A2pv,4766,108945,21 Com,ComaBerenices,310.7723373,0.056,5.41,5.46
4770,Gacrux,HIP 61084,187.7914984,-57.11321346,1.64,,M3.5III,4763,108903,γ Crucis,Crux,87.89420653,1.6,,
4771,,,187.8196379,-57.08133314,6.45,,A3IVn,4764,108925,,Crux,,0.13,,
4772,,HIP 61103,187.8392284,7.604308601,6.034,5.467001,K5,4770,108985,56 G. Vir,Virgo,795.1208211,1.523,,
4773,,HIP 61134,187.9113387,-5.052593174,6.172,5.904366,G8III,4772,109014,57 G. Vir,Virgo,401.9744595,1.041,,
4774,,HIP 61136,187.9180432,-59.42392353,5.53,5.272219,F7Ib/II,4768,108968,BG Cru,Crux,1680.413259,0.622,5.34,5.58
4775,,HIP 61158,187.9838002,-63.50583932,5.946,5.906167,A8III,4771,109000,,Crux,240.4130347,0.263,,
4776,,HIP 61174,188.01761,-16.19600517,4.294,4.209557,F2V,4775,109085,η Corvi,Corvus,59.35909367,0.388,,
4777,,HIP 61172,188.0182878,-32.53376185,6.46,6.433772,A3V,4774,109074,325 G. Hya,Hydra,567.9443794,0.172,,
4778,,HIP 61181,188.0415655,-73.00105682,5.874,5.590635,K1III,4769,108970,,Musca,341.3612514,1.078,,
4779,,HIP 61199,188.1167205,-72.13298979,3.88,3.816169,B5V+A:,4773,109026,γ Muscae,Musca,323.7340992,-0.157,,
4780,,HIP 61208,188.1366779,-21.21211606,6.39,6.107971,K0III,,109132,,Corvus,419.024266,1.11,,
4781,,HIP 61212,188.1499946,-13.85910672,5.726,5.65296,F2V(n),4776,109141,,Corvus,120.4730318,0.376,,
4782,,HIP 61246,188.2619948,10.29567038,6.28,6.056578,G8III,4777,109217,20 Vir,Virgo,471.0995234,0.953,,
4783,,HIP 61270,188.3426941,-19.79248494,6.254,6.19833,F0IV/V,4778,109238,,Corvus,432.3609308,0.304,,
4784,,HIP 61281,188.3705972,69.78823886,3.89,3.893484,B6IIIe,4787,109387,κ Draconis,Draco,497.7109014,-0.116,3.82,4.01
4785,,HIP 61283,188.3742373,38.06904149,6.49,6.245089,K1III,,109305,,CanesVenatici,506.2129918,1.044,,
4786,,HIP 61295,188.3925805,24.28298333,6.243,6.243773,A4Vm,4780,109307,22 Com,ComaBerenices,346.4403364,0.114,,
4787,,HIP 61296,188.3927449,-12.83020443,5.582,5.351292,G8III/IV,4779,109272,,Corvus,158.4064056,0.861,,
4788,,HIP 61309,188.4121645,33.24758182,5.38,5.145117,K0III,4783,109317,,CanesVenatici,265.9055916,1.011,,
4789,Chara,HIP 61317,188.435601,41.35747815,4.25,4.094672,G0V,4785,109358,β Canum Venaticorum,CanesVenatici,27.63418521,0.61,,
4790,,HIP 61318,188.4447856,-9.452077371,5.48,5.495604,B9V,4781,109309,21 Vir,Virgo,261.4276588,-0.035,,
4791,,HIP 61320,188.4475601,33.38466782,6.23,5.958566,K0III,4784,109345,,CanesVenatici,374.2840049,1.051,,
4792,,HIP 61328,188.4962781,-49.90981324,6.38,6.287909,F3III/IV,4782,109312,126 G. Cen,Centaurus,219.5288174,0.428,,
4793,Kraz,HIP 61359,188.5968122,-23.39676022,2.64,2.448283,G5IIBa0.3,4786,109379,β Corvi,Corvus,139.6744387,0.893,,
4794,,HIP 61379,188.6766398,-44.67301874,5.76,5.607575,G3IV,4788,109409,127 G. Cen,Centaurus,92.48233402,0.683,,
4795,,HIP 61384,188.6834137,70.02177925,4.946,4.444701,K2.5IIIFe-2,4795,109551,6 Dra,Draco,546.0632388,1.312,,
4796,Phyllon Kissinou,HIP 61394,188.7128034,22.629206,4.773,4.861961,A0mA1IV,4789,109485,23 Com,ComaBerenices,364.6539632,0.012,,
4797,,HIP 61404,188.7268484,-67.75689641,6.23,3.921297,M6II/III,,109372,BO Mus,Musca,1003.076292,1.514,5.85,6.56
4798,,,188.7542,36.3717,6.3,,Open Cluster,,,C 1232+365,CanesVenatici,,,,
4799,,HIP 61415,188.7764382,18.37709229,6.276,,A9V,4791,109510,,ComaBerenices,2629.034484,0.265,,
4800,,HIP 61418,188.7823356,18.37705855,5.02,4.68993,K0II-III,4792,109511,24 Com A,ComaBerenices,613.9364742,1.152,,
4801,,HIP 61420,188.784029,21.88138552,5.86,5.461279,K2II-III,4793,109519,,ComaBerenices,652.0002475,1.242,,
4802,,HIP 61443,188.8726799,-61.84152721,6.22,6.04468,G3III,4790,109492,,Crux,151.0658567,0.731,,
4803,,HIP 61468,188.9397159,-41.02194673,5.114,5.066792,A7V,4794,109536,128 G. Cen,Centaurus,112.7246598,0.224,,
4804,,HIP 61496,188.9949834,-20.52747667,6.184,6.118145,F0V,4797,109585,TU Crv,Corvus,251.1557213,0.34,6.53,6.555
4805,,HIP 61498,189.0042989,-39.86950568,5.774,5.783168,A0V,4796,109573,129 G. Cen,Centaurus,218.6453583,0.003,,
4806,,HIP 61532,189.097772,59.48693903,5.5,,M4-7e,4800,109729,,UrsaMajor,3296.507947,1.21,6.6,13.5
4807,,HIP 61557,189.1941537,-50.33539937,6.39,6.375801,A0V,,109675,130 G. Cen,Centaurus,358.6360018,0.026,,
4808,,HIP 61558,189.1973092,-5.831900545,5.88,5.868838,A3V,4799,109704,25 Vir,Virgo,224.2092033,0.072,,
4809,,HIP 61571,189.2430491,17.08953469,5.66,5.187177,K4III,4801,109742,25 Com,ComaBerenices,518.2847798,1.436,,
4810,,HIP 61585,189.2959079,-69.13556479,2.649,2.69975,B2IV,4798,109668,α Muscae,Musca,305.5296013,-0.176,2.68,2.73
4811,,HIP 61622,189.4256837,-48.54130536,3.86,3.850043,A1IVnn,4802,109787,τ Centauri,Centaurus,131.6108238,0.049,,
4812,,HIP 61621,189.4261641,-27.13888553,5.41,5.316832,F2IV,4803,109799,328 G. Hya,Hydra,112.7637809,0.334,,
4813,,HIP 61637,189.5183977,3.282444228,6.334,6.324501,A0V,4805,109860,68 G. Vir,Virgo,649.4020288,0,,
4814,,HIP 61658,189.5933571,1.854661019,5.71,4.698662,M3+IIICa0.5,4807,109896,FW Vir,Virgo,500.7687951,1.592,5.63,5.75
4815,,HIP 61688,189.6858878,-18.25010345,5.982,5.927438,F0V,4809,109931,,Corvus,202.8627158,0.31,,
4816,,HIP 61692,189.6928205,40.87466317,6.352,6.319051,A6Vp_lB,4811,109980,9 CVn,CanesVenatici,213.4906392,0.204,,
4817,,HIP 61703,189.7181632,-67.19304976,6.265,6.20869,B0.5/1Iab,4806,109867,KY Mus,Musca,108666.5974,0.007,,
4818,,HIP 61719,189.7590812,22.65949807,6.37,6.08998,K1III,4812,109996,,ComaBerenices,364.2464632,1.096,,
4819,,HIP 61720,189.7643786,-30.42237308,5.866,5.489668,K2/3III,4810,109960,329 G. Hya,Hydra,546.9793121,1.207,,
4820,,HIP 61724,189.7804274,21.06258338,5.49,5.226044,G9IIIb,4815,110024,26 Com,ComaBerenices,286.2160532,0.978,,
4821,,HIP 61740,189.811529,-7.995564957,4.643,4.300346,K2+IIICN0.5,4813,110014,χ Virginis,Virgo,293.5408605,1.24,,
4822,,HIP 61748,189.8202529,35.95195845,6.385,6.384621,A0pSrCrEuKsn,4816,110066,,CanesVenatici,505.427332,0.095,6.32,6.55
4823,,HIP 61789,189.9688714,-39.98730176,4.64,4.607563,B8II/III,4817,110073,l Cen,Centaurus,354.7337817,-0.082,,
4824,,HIP 61796,189.9827163,-66.51113637,6.252,6.248811,B8V,4814,110020,FH Mus,Musca,353.1950571,-0.05,6.26,6.29
4825,,HIP 61910B,190.316469,-13.01389896,5.843,5.751549,F6III,4821,110317,,Corvus,265.8424784,0.417,,
4826,,HIP 61910A,190.3176155,-13.01486931,5.822,5.752677,F5V,4822,110318,,Corvus,257.4244833,0.42,,
4827,,HIP 61916,190.3457698,-46.14558334,5.816,5.280133,K3/5III,4818,110287,133 G. Cen,Centaurus,797.0670413,1.475,,
4828,,HIP 61932,190.3792307,-48.95957685,2.88,2.227056,A0IV,4819,110304,* gam Cen B,Centaurus,130.3478993,-0.023,,
4829,,HIP 61932,190.3793073,-48.95991232,2.82,2.227056,A1IV,4819,110304,* gam Cen A,Centaurus,130.3478993,-0.023,,
4830,,HIP 61932,190.3793337,-48.95987152,2.17,2.227056,A1IV+A0IV,4819,110304,γ Centauri,Centaurus,130.3478993,-0.023,,
4831,,HIP 61936,190.3912931,62.71303959,6.02,6.009723,A2III,4833,110462,76 UMa,UrsaMajor,581.1049934,0.051,,
4832,,HIP 61937,190.3932997,10.42626903,6.215,6.183695,A6Vp,4824,110377,27 Vir,Virgo,223.2879259,0.192,6.19,6.33
4833,,,190.4147608,-1.449402127,3.49,,F0mF2V,4826,110380,* gam Vir B,Virgo,,,,
4834,Porrima,HIP 61941,190.4151176,-1.449403952,2.74,3.433299,F1-F2V,4825,110379,γ Virginis,Virgo,38.56615395,0.368,,
4835,,HIP 61951,190.4558033,-19.75909471,6.03,5.931046,F2V,4827,110385,,Corvus,216.1804728,0.397,,
4836,,HIP 61960,190.4710706,10.23562571,4.88,4.85024,A0Va_lB,4828,110411,ρ Virginis,Virgo,120.2953606,0.076,4.88,4.9
4837,,HIP 61966,190.4857049,-59.68582068,4.94,4.860169,B5III,4823,110335,CH Cru,Crux,1034.919985,-0.044,4.88,5.7
4838,,HIP 61968,190.4879887,6.80661598,5.573,5.585228,A2V,4829,110423,31 Vir,Virgo,243.8295197,0.002,,
4839,,HIP 61981,190.520942,-69.40755492,6.33,6.230605,F7Ib,4820,110311,R Mus,Musca,1928.994868,0.75,5.93,6.73
4840,,HIP 62012,190.6477138,-48.81311032,4.66,4.36011,K0III,4831,110458,w Cen,Centaurus,188.3306064,1.075,,
4841,,HIP 62026,190.7073484,-55.94702754,6.057,6.046347,B9V,4832,110461,,Crux,371.7216458,-0.023,,
4842,,HIP 62027,190.7094432,-63.05862583,5.31,5.13685,B0.5IVpe,4830,110432,,Crux,981.9286656,0.195,5.24,5.45
4843,,HIP 62046,190.7672008,61.15542135,6.378,6.005417,K0,4840,110678,,UrsaMajor,477.3065562,1.268,,
4844,,HIP 62058,190.7882443,-56.17622729,5.982,5.979011,B7/8V,4834,110506,,Crux,413.7072009,-0.074,,
4845,,HIP 62081,190.8594321,-40.17784862,6.43,6.392472,A7III,4836,110575,137 G. Cen,Centaurus,234.5323222,0.242,,
4846,,HIP 62084,190.8680065,-58.90274278,6.42,6.119834,K0/1III,4835,110532,,Crux,666.6669922,1.092,,
4847,,HIP 62103,190.9085398,-1.57699574,5.918,5.686037,G8III,4837,110646,79 G. Vir,Virgo,228.6115089,0.85,,
4848,,HIP 62128,190.9944534,-36.34915115,6.369,6.372348,B8/9V,4838,110653,138 G. Cen,Centaurus,973.1331862,-0.06,,
4849,,HIP 62131,191.0022137,-28.3239575,5.454,5.025875,K3III,4839,110666,330 G. Hya,Hydra,396.5954579,1.346,,
4850,,HIP 62170,191.1083962,80.62102025,6.34,6.314134,A5m,4852,111112,,Camelopardalis,462.4116059,0.16,,
4851,,HIP 62172,191.1129133,44.10300598,6.335,6.232512,F6IVn,4843,110834,,CanesVenatici,297.9892173,0.469,,
4852,,HIP 62207,191.2475207,39.27891615,5.95,5.803025,F9V_Fe-0.3,4845,110897,10 CVn,CanesVenatici,56.62688085,0.557,,
4853,,HIP 62212,191.258562,-68.83075359,6.162,5.973415,F5Ib,4841,110716,,Musca,1940.476592,0.688,,
4854,La Superba,HIP 62223,191.2826087,45.44025731,4.87,3.957619,C-N5,4846,110914,,CanesVenatici,710.2401644,2.994,,
4855,,HIP 62267,191.4044103,7.673324956,5.207,5.159354,F0IIIm,4847,110951,d2 Vir,Virgo,244.0120798,0.322,5.2,5.28
4856,,HIP 62268,191.4085486,-60.98132119,4.686,4.397129,K0III,4842,110829,ι Crucis,Crux,124.5701974,1.049,,
4857,,HIP 62322,191.5699956,-68.10809999,3.55,,B2V,4844,110879,* bet Mus A,Musca,311.0686697,-0.178,,
4858,,HIP 62322,191.5705971,-68.10787541,4,,B3V,4844,110879,* bet Mus B,Musca,311.0686697,-0.178,,
4859,,HIP 62327,191.5946435,-56.48881549,4.62,4.611213,B2/3V,4848,110956,,Crux,395.6304944,-0.15,,
4860,,HIP 62356,191.6615077,16.57768781,5.12,4.66979,K4III,4851,111067,27 Com,ComaBerenices,321.8165709,1.346,,
4861,,HIP 62360,191.6926163,-33.31548286,5.869,5.414959,K3III,4850,111032,140 G. Cen,Centaurus,383.5293729,1.326,,
4862,,,191.7542,11.9483,6.1,,A3,,,FAUST 3461,Virgo,,,,
4863,,HIP 62376,191.7596226,5.950388318,6.34,6.290737,A0VspSrCrEu,4854,111133,EP Vir,Virgo,523.2758432,-0.013,6.29,6.39
4864,,HIP 62394,191.8068285,11.95808718,6.09,6.084948,A4V(n),4855,111164,34 Vir,Virgo,243.102213,0.122,,
4865,,HIP 62402,191.8289604,62.78115317,5.89,5.853085,A9V,4859,111270,,UrsaMajor,205.6783674,0.215,,
4866,,HIP 62421,191.8892653,-6.301751978,6.26,6.143214,F7V,4856,111199,85 G. Vir,Virgo,216.0373587,0.538,,
4867,Tianyi,HIP 62423,191.8930975,66.79030426,5.423,4.784272,K5III,4863,111335,,Draco,778.0416638,1.567,,
4868,Mimosa,HIP 62434,191.9302866,-59.688772,1.25,,B1IV,4853,111123,β Crucis,Crux,280.000112,-0.238,1.23,1.31
4869,,HIP 62443,191.9642201,3.57271404,6.41,5.54514,M0/1III,4858,111239,35 Vir,Virgo,573.9427818,1.596,,
4870,,HIP 62448,191.9735194,-24.85165708,6.405,6.398692,B8V,4857,111226,332 G. Hya,Hydra,853.4031237,-0.058,,
4871,,HIP 62500,192.1094064,-27.59738366,5.658,5.39174,G8III,4860,111295,333 G. Hya,Hydra,303.8210404,0.947,,
4872,,HIP 62512,192.1643625,60.31973274,5.831,5.700267,F7V,4867,111456,,UrsaMajor,78.76293607,0.467,,
4873,,HIP 62516,192.1741797,48.46684051,6.245,6.234387,kA6hA7VmF3,4866,111421,11 CVn,CanesVenatici,463.0668742,0.195,,
4874,,HIP 62541,192.2258881,14.12258653,5.681,5.690268,A1V,4865,111397,29 Com,ComaBerenices,402.4699785,0.024,,
4875,,HIP 62561,192.277792,83.41783925,5.85,5.838018,A0V+A2V,4892,112014,Σ 1694 B,Camelopardalis,222.0709522,0.015,,
4876,,HIP 62572,192.3072281,83.41289781,5.35,5.317452,A1IV_sh,4893,112028,Σ 1694 A,Camelopardalis,303.2560656,0.033,,
4877,,HIP 62576,192.3227115,27.55237868,5.78,5.752057,A1Van,4869,111469,30 Com,ComaBerenices,326.9813892,0.051,,
4878,,HIP 62600,192.408482,48.74002475,6.495,6.186532,K1III,,111572,,CanesVenatici,496.9513264,1.135,,
4879,,HIP 62608,192.4373341,-71.98624147,5.543,5.219484,G7IIIBa1,4862,111315,,Musca,525.8055987,1.154,,
4880,,HIP 62641,192.5447502,37.51693878,5.872,5.837057,A5Vp_lB,4875,111604,,CanesVenatici,386.7143889,0.17,6.04,6.07
4881,,HIP 62653,192.5720643,22.86341018,6.43,6.163295,K0III,4873,111591,,ComaBerenices,435.2460292,1.002,,
4882,,HIP 62655,192.5811901,-48.45954385,6.257,6.244108,A0V,4871,111519,141 G. Cen,Centaurus,570.9272792,0.046,,
4883,,HIP 62683,192.6715141,-33.99934796,4.894,4.844256,B9V,4874,111597,p Cen,Centaurus,388.5595547,-0.031,,
4884,,HIP 62703,192.7411573,-52.78742832,5.7,5.688757,A5V,4872,111588,142 G. Cen,Centaurus,382.1797302,0.127,,
4885,,HIP 62732,192.8249001,-60.32978899,5.72,5.582678,B9.5Iab,4876,111613,DS Cru,Crux,2990.826154,0.344,,
4886,,HIP 62743,192.8455514,-10.33820932,6.471,6.207697,K0III/IV,4877,111720,88 G. Vir,Virgo,385.7983344,1.03,,
4887,,HIP 62757,192.9037068,3.056786728,6.003,5.626947,K2III,4878,111765,37 Vir,Virgo,582.1416849,1.288,,
4888,,HIP 62763,192.9246674,27.5407125,4.94,4.736375,G0IIIp,4883,111812,31 Com,ComaBerenices,306.968242,0.681,4.87,4.97
4889,,HIP 62786,192.9872129,-39.68043067,5.969,5.973344,B7/8V,4879,111774,145 G. Cen,Centaurus,465.0489619,-0.098,,
4890,,HIP 62788,192.9912367,-26.73827011,6.141,6.088702,F0VkA1mA1_lB,4881,111786,MO Hya,Hydra,196.1493955,0.232,6.15,6.21
4891,,HIP 62799,193.0226396,-48.09427815,6.304,6.303762,A0V,4880,111775,144 G. Cen,Centaurus,478.7083659,0.04,,
4892,,HIP 62807,193.0510708,17.07394141,6.28,5.612164,M4,4884,111862,32 Com,ComaBerenices,1831.462156,1.622,,
4893,,HIP 62821,193.102455,-53.82993235,6.262,5.966711,G8Ib/II,4882,111790,147 G. Cen,Centaurus,1090.300887,1.106,,
4894,,HIP 62825,193.1145786,16.12249517,6.285,6.287276,A7V,4886,111893,,ComaBerenices,364.2464645,0.173,,
4895,,HIP 62861,193.2673527,-54.95247382,5.908,5.498156,K2III,4885,111884,148 G. Cen,Centaurus,378.6295886,1.309,,
4896,,HIP 62867,193.2787764,-48.94331288,4.33,3.87074,K3/4III,4888,111915,e Cen,Centaurus,302.692752,1.344,,
4897,,HIP 62875,193.2964866,-3.553097573,6.11,6.002443,F6V,4891,111998,38 Vir,Virgo,106.0162308,0.493,,
4898,,HIP 62886,193.3239459,21.24494701,4.91,,G7III+F:,4894,112033,35 Com,ComaBerenices,324.0558652,0.904,,
4899,,HIP 62886,193.323993,21.2449832,5.04,,G7III,4894,112033A,* 35 Com A,ComaBerenices,324.0558652,0.904,,
4900,,HIP 62894,193.3412268,-60.3284892,5.77,5.635453,B9Iab,4887,111904,,Crux,4024.699669,0.295,,
4901,,HIP 62896,193.3591321,-40.17891354,4.27,4.207996,A4IV,4889,111968,n Cen,Centaurus,155.0166556,0.224,,
4902,,HIP 62915,193.4088609,-4.224638557,6.439,6.148661,K1III,4896,112048,91 G. Vir,Virgo,339.2292174,1.094,,
4903,,HIP 62931,193.4538326,-60.37624162,5.94,5.883005,B5I,4890,111973,κ Crucis,Crux,6444.506944,0.2,,
4904,,HIP 62933,193.457155,12.4183947,6.241,6.182035,kA7hF0mF0(V),4900,112097,41 Vir,Virgo,198.7805411,0.282,,
4905,Alioth,HIP 62956,193.50729,55.95982296,1.77,1.731607,A1III-IVpkB9,4905,112185,ϵ Ursae Majoris,UrsaMajor,80.89334802,-0.022,1.76,1.78
4906,,HIP 62972,193.5545195,33.53447947,6.3,6.209775,A7V,4904,112171,,CanesVenatici,242.7403497,0.207,,
4907,,HIP 62983,193.5777473,-11.64856981,5.975,5.988941,A1V,4901,112131,92 G. Vir,Virgo,217.6236756,0.068,,
4908,,HIP 62985,193.5881793,-9.538988925,4.8,3.785582,M3-III,4902,112142,ψ Virginis,Virgo,416.8791858,1.59,4.73,4.96
4909,,HIP 63003,193.6484344,-57.1779247,4.04,3.999046,B2IV-V,4898,112092,μ 1 Crucis,Crux,377.3158078,-0.18,,
4910,,HIP 63005,193.653684,-57.16866498,5.2,5.147207,B5Vne,4899,112091,μ 2 Crucis,Crux,361.0190619,-0.089,4.99,5.18
4911,,HIP 63007,193.6632614,-59.14670256,4.602,4.571913,B3Vne,4897,112078,λ Crucis,Crux,359.8226411,-0.153,4.62,4.64
4912,,HIP 63024,193.7355017,47.19672234,5.84,4.211225,M5-III-IIIa,4909,112264,TU CVn,CanesVenatici,704.1048419,1.451,5.55,6.6
4913,,HIP 63033,193.7439308,-44.15193196,5.89,5.740947,F9Vp,4903,112164,151 G. Cen,Centaurus,129.5192079,0.633,,
4914,,HIP 63031 ,193.745004,-85.12336368,5.83,5.5603,~,4870,111482,* iot Oct A,Octans,370.8772997,0.991,,
4915,,HIP 63066,193.8309658,-42.91573321,5.445,4.662756,M0III,4906,112213,152 G. Cen,Centaurus,601.4767511,1.668,,
4916,Taiyi,HIP 63076,193.8689524,65.4384742,5.225,5.145214,F3IV,4916,112429,,Draco,94.02952041,0.303,,
4917,Minelauva,HIP 63090,193.9008693,3.397468904,3.38,2.403777,M3+III,4910,112300,δ Virginis,Virgo,202.3587193,1.571,,
4918,,HIP 63109,193.9718468,-15.32702425,6.174,6.17721,A0V,4911,112304,,Corvus,669.4053974,-0.001,,
4919,,HIP 63117,193.9880568,-56.83580571,5.32,5.315825,O8.5Iab(f)p,4908,112244,,Crux,1884.394794,0.01,,
4920,,HIP 63121,194.001798,38.31485252,5.6,5.5414,F2V,4914,112412,α 1 Canum Venaticorum,CanesVenatici,81.60207633,0.337,,
4921,Cor Caroli,HIP 63125,194.00694,38.31837644,2.88,2.904393,A0VpSiEu,4915,112413,α 2 Canum Venaticorum,CanesVenatici,110.1352367,-0.115,2.84,2.98
4922,,,194.0731858,54.0994903,6.02,6.00074,kA2hA8mA7,4917,112486A,,UrsaMajor,255.8869518,0.204,,
4923,,HIP 63152,194.1079635,65.99439213,6.34,5.163145,C-N3III:,,112559,,Draco,1590.244878,3.269,6.03,8
4924,,HIP 63165,194.1320379,-72.18521307,5.928,5.601061,G8III,4907,112219,,Musca,698.0738411,1.115,,
4925,,HIP 63204,194.2425938,-54.58735518,6.485,6.471357,ApSiCr,,112381,155 G. Cen,Centaurus,328.9602107,-0.042,6.7,6.705
4926,,HIP 63210,194.2681309,-51.19875358,5.159,5.137202,B2IV,4913,112409,H Cen,Centaurus,479.4125258,-0.066,,
4927,,HIP 63211,194.2824818,46.17679221,6.11,5.831029,K0III-IV,4919,112570,,CanesVenatici,343.8812317,1.012,,
4928,,HIP 63220,194.3028072,-12.06694954,6.34,5.656559,M1III,,112495,98 G. Vir,Virgo,642.9993878,1.491,,
4929,,HIP 63243,194.3880371,-22.75349932,6.303,6.014677,K0III,4918,112519,337 G. Hya,Hydra,406.9916022,1.069,,
4930,,HIP 63297,194.5785456,64.92553305,6.44,6.124225,K0,,112826,,Draco,831.6328239,1.15,,
4931,,HIP 63340,194.6972486,75.47252205,5.99,5.723802,K0III,4927,113049,,Draco,477.3065527,1.03,,
4932,,HIP 63355,194.7310124,17.40944286,5,4.049141,M0.5III,4920,112769,36 Com,ComaBerenices,298.8084608,1.568,,
4933,,HIP 63414,194.9147256,-3.811936952,5.791,5.759029,A3III,4921,112846,44 Vir,Virgo,297.7170145,0.203,,
4934,,HIP 63432,194.9794648,66.59726888,5.368,4.942307,K0III,4928,113092,9 Dra,Draco,576.9908712,1.282,,
4935,,HIP 63462,195.0686227,30.78502207,4.88,4.489877,G9IIICH-2CN-1,4924,112989,37 Com,ComaBerenices,898.0716558,1.165,4.9,5.05
4936,,HIP 63490,195.1360079,-33.50509649,6.007,5.912653,F3V,4922,112935,162 G. Cen,Centaurus,130.5043815,0.386,,
4937,,HIP 63494,195.1497731,-3.368486503,6.07,5.76043,~,4925,112992,* 46 Vir A,Virgo,344.2463592,1.119,,
4938,,HIP 63503,195.1819908,56.36635401,5.02,,~,4931,113139A,* 78 UMa A,UrsaMajor,81.37811018,0.368,,
4939,,HIP 63503,195.1820812,56.36633616,4.93,,F2V,4931,113139,78 UMa,UrsaMajor,81.37811018,0.368,,
4940,,HIP 63533,195.2900637,17.12314658,5.93,5.720532,G9III,4929,113095,38 Com,ComaBerenices,400.4911577,0.971,,
4941,Mizar,HIP 65378,195.398762,54.9253611,2.22,,A2Vp,5054,116656,ζ Ursae Majoris,UrsaMajor,81.1067,0.051,,
4942,Vindemiatrix,HIP 63608,195.5441542,10.95914872,2.79,2.619051,G8III-IIIb,4932,113226,ϵ Virginis,Virgo,102.1945304,0.934,,
4943,,HIP 63613,195.5677357,-71.54885898,3.61,3.25495,K2III,4923,112985,δ Muscae,Musca,90.78256521,1.19,,
4944,,,195.7722198,-71.47572994,6.06,,~,4930,113120A,,Musca,1574.880499,0.002,,
4945,,HIP 63688,195.7722326,-71.47573397,6.03,6.100079,B2IVne,4930,113120,LS Mus,Musca,1574.880499,0.002,,
4946,,HIP 63724,195.8887713,-49.52726358,4.826,4.809668,A0V,4933,113314,ξ 1 Centauri,Centaurus,217.7690693,0.029,,
4947,,,195.941946,-20.583356,6.3,,F8,4935,113415A,,Virgo,93.43653875,0.554,,
4948,,,195.942133,-20.583511,6.32,,~,4935,113415B,,Virgo,93.43653875,0.554,,
4949,,HIP 63820,196.2009798,-41.1963237,6.249,5.215502,M3/4III,4938,113523,V789 Cen,Centaurus,1172.661558,1.649,6.22,6.31
4950,,HIP 63822,196.2072722,73.02497109,6.41,,kA5hA9mF0,4950,113889,,UrsaMinor,396.112964,0.218,,
4951,,HIP 63849,196.2777449,-47.1169079,6.426,6.355773,F3III,,113537,168 G. Cen,Centaurus,363.8389646,0.414,,
4952,,HIP 63883,196.3782419,-52.11566067,6.418,6.418127,M1III,4939,113602,V1154 Cen,Centaurus,1101.352291,1.69,6.33,6.58
4953,,HIP 63901,196.4351481,35.79889994,5.195,5.166231,B9V,4943,113797,14 CVn,CanesVenatici,282.2512377,-0.059,,
4954,,HIP 63916,196.4677803,45.26855248,5.637,5.30922,K1III,4945,113847,,CanesVenatici,482.9626624,1.135,,
4955,,HIP 63945,196.5695986,-48.4632907,4.691,4.667264,B4V,4940,113703,f Cen,Centaurus,413.7072025,-0.148,,
4956,,HIP 63948,196.5885043,21.15339481,6.057,,~,4946,113848A,* 39 Com A,ComaBerenices,162.7558969,0.393,,
4957,,HIP 63950,196.5941751,22.61618697,5.61,4.051477,M5III:,4949,113866,FS Com,ComaBerenices,571.9313591,1.461,5.3,6.1
4958,,HIP 63952,196.5953439,62.04186816,6.154,5.883142,G7III,4953,113994,,UrsaMajor,377.3158,0.997,,
4959,,HIP 63972,196.6461756,-41.5884437,5.588,5.292865,K0II/III,4941,113778,172 G. Cen,Centaurus,338.8771363,1.05,,
4960,,HIP 64003,196.7260704,-35.86202136,5.63,5.625024,A0V,4947,113852,176 G. Cen,Centaurus,229.2547072,0.05,,
4961,,HIP 64004,196.7276642,-49.90624642,4.27,4.224331,B3V,4942,113791,ξ 2 Centauri,Centaurus,411.6175415,-0.182,,
4962,,HIP 64022,196.794708,27.62473762,4.69,4.212999,K5-III,4954,113996,41 Com,ComaBerenices,303.256079,1.482,,
4963,,HIP 64033,196.8512364,-59.86050662,5.98,,B9IV+F8/G2,4944,113823,174 G. Cen,Centaurus,1234.849338,0.435,,
4964,,HIP 64053,196.9095193,-53.45976383,5.698,5.685347,B8/9V,4951,113902,177 G. Cen,Centaurus,324.0558653,-0.061,,
4965,,HIP 64077,196.9734756,27.55595564,6.14,5.751909,K4III,4956,114092,,ComaBerenices,389.022472,1.363,,
4966,,HIP 64078,196.9742203,-10.7404087,5.151,4.824246,K0.5IIIbFe-0.5,4955,114038,49 Vir,Virgo,305.8161619,1.138,,
4967,,HIP 64094,197.0298049,-65.30602206,5.53,5.589323,WC5+B0III,4952,113904,θ Muscae,Musca,7070.383757,-0.03,5.5,5.52
4968,,HIP 64108,197.0850113,-78.44602536,6.42,6.427302,A0V,,113694,,Chamaeleon,449.0358295,0.008,,
4969,,HIP 64117,197.1159451,-67.79676338,6.34,5.437376,M1III,,113919,,Musca,999.9988515,1.71,,
4970,,HIP 64122,197.1352755,-8.984382409,5.564,5.220309,K1III,4957,114113,g Vir,Virgo,371.2978496,1.178,,
4971,,HIP 64166,197.2636082,-23.11804387,4.934,4.652889,K0III,4958,114149,ψ Hydrae,Hydra,230.5518625,1.048,,
4972,,HIP 64179,197.3018115,10.02246778,5.782,5.518741,K0III,4960,114256,null,Virgo,351.6726411,1.025,,
4973,,HIP 64181,197.3093276,-9.538098167,6.32,6.055819,K1III,4959,114203,112 G. Vir,Virgo,403.4642812,1.017,,
4974,,HIP 64212,197.4110464,37.42311955,5.99,5.693551,K2III,4964,114357,,CanesVenatici,299.3574417,1.169,,
4975,,HIP 64217,197.4251334,38.53388407,6.28,6.29245,B7III,4967,114376,15 CVn,CanesVenatici,1143.859443,-0.098,,
4976,,HIP 64224,197.4386717,-10.32933968,5.943,5.377328,K4III,4961,114287,50 Vir,Virgo,655.9350728,1.49,,
4977,,HIP 64226,197.4493648,16.84861226,5.87,5.372578,K4III,4962,114326,,ComaBerenices,732.5842183,1.45,,
4978,,HIP 64238,197.4874539,-5.539004065,4.397,4.404805,A1IVs,4963,114330,θ Virginis,Virgo,414.7569252,-0.008,,
4979,Diadem,HIP 64241,197.4970217,17.52945526,4.32,4.656462,F5V+F6V,4968,114378,α 1 Comae Berenices,ComaBerenices,46.69822568,0.455,,
4980,Diadem,HIP 64241,197.4970229,17.52940457,4.8,4.656462,F5V,4968,114378,* alf Com A,ComaBerenices,46.69822568,0.455,,
4981,,HIP 64241,197.4970363,17.52951245,5.48,4.656462,F6V,4969,114379,* alf Com B,ComaBerenices,46.69822568,0.455,,
4982,,HIP 64246,197.5134003,38.49898095,5.91,5.846447,A9III-IV,4971,114447,17 CVn,CanesVenatici,202.2332043,0.294,,
4983,,HIP 64320,197.7434686,-52.56689803,6.026,6.027585,ApSi,4965,114365,V824 Cen,Centaurus,343.1575164,-0.079,6.3,6.335
4984,,HIP 64332,197.7870037,-42.23290045,5.772,5.69974,F5IV,4970,114435,181 G. Cen,Centaurus,299.357446,0.521,,
4985,,HIP 64348,197.8467328,-43.36855502,5.231,4.947043,K1/2III,4973,114474,182 G. Cen,Centaurus,220.8673754,1.049,,
4986,,HIP 64375,197.913325,-26.55172347,6.5,6.4477,A5V,4978,114576,342 G. Hya,Hydra,367.1185279,0.193,,
4987,,HIP 64390,197.9643366,-69.94201586,5.906,5.809996,F3IV/V,4966,114371,,Musca,143.8025728,0.415,,
4988,,HIP 64394,197.9683076,27.87818397,4.25,4.093279,F9.5V,4983,114710,β Comae Berenices,ComaBerenices,29.84528932,0.572,,
4989,,HIP 64395,197.9711208,-63.30299752,6.338,6.205392,A8II/III,4972,114461,180 G. Cen,Centaurus,5653.605417,0.426,,
4990,,HIP 64408,198.0132679,-37.8030222,4.85,4.662345,G3V,4979,114613,185 G. Cen,Centaurus,66.79686436,0.7,,
4991,,HIP 64407,198.0147633,-16.19860297,5.04,4.896299,F5.5V,4981,114642,53 Vir,Virgo,106.1198996,0.46,,
4992,,HIP 64417,198.0350197,24.25804074,6.29,6.059806,K0III,4984,114724,,ComaBerenices,513.3849978,1.006,,
4993,,HIP 64425,198.0732207,-59.92056301,4.593,4.521811,B7V,4975,114529,V831 Cen,Centaurus,346.0719562,-0.073,4.49,4.66
4994,,HIP 64437,198.1059696,80.47130804,6.33,6.087269,G8III,5009,115337,,Camelopardalis,686.3150072,0.955,,
4995,,HIP 64445,198.1371672,11.55609967,5.77,5.107598,M0III,4986,114780,null,Virgo,810.9448674,1.499,,
4996,,HIP 64449,198.1496282,18.75174955,6.49,6.282549,G6III,4987,114793,,ComaBerenices,349.7850994,0.859,,
4997,,HIP 64466,198.2033448,-66.22674881,5.897,5.888477,A0V(n),4977,114570,,Musca,284.7161247,0.048,,
4998,,HIP 64472,198.2118238,-42.69972192,6.184,5.923748,K0III,4982,114707,187 G. Cen,Centaurus,629.3432415,1.057,,
4999,,HIP 64478,198.2320444,-59.81659771,6.197,6.092704,G0V,4980,114630,186 G. Cen,Centaurus,129.7770718,0.592,,
5000,,HIP 64515,198.3473036,-50.69982629,5.9,,B9.5V,4985,114772,189 G. Cen,Centaurus,328.6276914,-0.011,,
5001,,HIP 64540,198.4289237,40.15288503,4.94,4.661752,G8.5IIICN0.5,4997,115004,,CanesVenatici,522.434758,1.061,,
5002,,HIP 64557,198.4903348,-43.13910904,6.147,5.679584,K4-IIIb,4991,114873,192 G. Cen,Centaurus,350.9163206,1.366,,
5003,,HIP 64577,198.5453965,-19.93094567,5.33,5.076736,G7IV,4995,114946,55 Vir,Virgo,125.9175608,0.862,,
5004,,HIP 64580,198.5503619,-58.68393907,5.9,5.612503,K0/1III,4988,114835,190 G. Cen,Centaurus,343.5193755,1.084,,
5005,,HIP 64583,198.5631031,-59.10323723,4.93,4.788322,F6VFe-0.4,4989,114837,191 G. Cen,Centaurus,58.74947022,0.489,,
5006,,HIP 64587,198.5722072,-78.44745449,5.839,5.532202,G2Ib,4976,114533,,Chamaeleon,1862.859222,1.04,,
5007,,HIP 64607,198.6303478,11.33165663,5.67,5.027156,M0III,4998,115046,LN Vir,Virgo,506.9986574,1.514,,
5008,,HIP 64623,198.6802791,-48.95703045,5.831,5.556811,K1III,4996,114971,193 G. Cen,Centaurus,259.1417445,1.061,,
5009,,HIP 64651,198.7894077,-36.37141021,6.167,5.92286,K1III,4999,115050,194 G. Cen,Centaurus,464.3871825,0.968,,
5010,,HIP 64661,198.8122304,-67.89459139,4.78,4.749032,B7III+B7III,4993,114911,η Muscae,Musca,405.4724361,-0.078,4.76,4.81
5011,,HIP 64682,198.8566557,-69.67928274,6.371,6.015593,K2/3III,4994,114912,,Musca,306.1033617,1.21,,
5012,,HIP 64692,198.8831241,40.85520269,5.777,5.786275,A7V,5004,115271,19 CVn,CanesVenatici,244.7449232,0.198,,
5013,,HIP 64725,198.9948786,-19.94310036,5.22,4.926055,K1IV-,5001,115202,57 Vir,Virgo,126.9470692,1.011,,
5014,,HIP 64751,199.0595303,19.0517329,6.45,6.18922,K0III-IV,5007,115319,,ComaBerenices,306.6794078,0.972,,
5015,,HIP 64774,199.1193146,68.40799826,6.189,6.187586,B8V,5018,115612,,Draco,457.8639077,-0.052,,
5016,,HIP 64779,199.1344173,19.78529798,6.423,6.408872,F0V,5010,115365,,ComaBerenices,279.8284079,0.274,,
5017,,HIP 64790,199.1871019,-65.13825942,6.08,5.948961,F4V,5000,115149,,Musca,126.6510557,0.431,,
5018,,HIP 64803,199.2213828,-31.50620127,5.11,4.853926,K0III,5006,115310,r Cen,Centaurus,246.7827561,0.959,,
5019,,HIP 64820,199.3042208,-66.78343903,4.846,4.365727,K2Ib/II,5002,115211,,Musca,1185.453799,1.48,,
5020,,HIP 64822,199.3080465,-43.97949851,5.803,5.80082,A2mA4-A9/F0,5008,115331,196 G. Cen,Centaurus,190.4205944,0.187,,
5021,,HIP 64823,199.3151164,13.67575187,5.33,4.897491,K3III,5013,115478,null,Virgo,297.9892234,1.304,,
5022,,HIP 64838,199.3743792,-0.6760736219,6.351,6.313381,A9V,5014,115488,129 G. Vir,Virgo,242.3791466,0.26,,
5023,,HIP 64844,199.3855881,40.57260677,4.698,4.652891,A9IImF2,5017,115604,20 CVn,CanesVenatici,286.2160504,0.306,4.7,4.75
5024,,HIP 64852,199.401194,5.469884093,4.8,3.956471,M1III,5015,115521,σ Virginis,Virgo,540.6288302,1.638,,
5025,,HIP 64906,199.5604564,49.68206367,5.15,5.128485,B9IV(Si),5023,115735,21 CVn,CanesVenatici,275.1056382,-0.049,5.13,5.17
5026,,HIP 64924,199.6013083,-18.31119382,4.74,4.532528,G6.5V,5019,115617,61 Vir,Virgo,27.78854872,0.71,,
5027,,HIP 64927,199.6155308,34.09830769,5.78,5.357128,K4III,5022,115723,,CanesVenatici,503.8657926,1.366,,
5028,,HIP 64933,199.6452728,-51.28577595,6.173,6.174549,A0V,5016,115529,198 G. Cen,Centaurus,644.2675258,-0.001,,
5029,,HIP 64951,199.7011529,-79.97601786,6.33,6.33595,B9.5/A0V,,115088,,Chamaeleon,443.5362072,-0.027,,
5030,,HIP 64962,199.730407,-23.17151401,3,2.776534,G8IIIa,5020,115659,γ Hydrae,Hydra,132.037235,0.92,,
5031,,HIP 64979,199.7677134,35.12798105,6.02,5.951961,A7IV,5025,115810,,CanesVenatici,212.5162268,0.277,,
5032,,HIP 64994,199.829092,-72.03560532,6.044,5.569555,K3III,5012,115439,,Musca,444.7489295,1.341,,
5033,,HIP 65072,200.0789629,40.15054653,5.6,5.221204,K2II-III,5032,116010,23 CVn,CanesVenatici,654.618026,1.204,,
5034,,HIP 65108,200.1459499,-59.77278243,6.193,6.112575,F3/5II,5024,115778,200 G. Cen,Centaurus,392.298773,0.41,,
5035,Kulou,HIP 65109,200.1492201,-36.71230458,2.73,2.78118,kA1.5hA3mA3Va,5028,115892,ι Centauri,Centaurus,58.59103748,0.068,,
5036,,HIP 65112,200.1576056,-52.74782482,5.443,5.433688,B5III/IV,5026,115823,V964 Cen,Centaurus,395.6304955,-0.125,,
5037,,HIP 65129,200.2014139,-55.80068967,6.09,5.927875,B0.5Ia,5027,115842,203 G. Cen,Centaurus,5596.370909,0.236,,
5038,,HIP 65144,200.2404185,-46.88000774,5.742,5.452213,K1III,5029,115912,205 G. Cen,Centaurus,377.3158097,1.106,,
5039,,HIP 65183,200.3740406,-19.48929471,6.21,6.203856,A2/3V,5033,116061,135 G. Vir,Virgo,289.00727,0.098,,
5040,,HIP 65198,200.4235244,2.087238927,5.687,5.680805,A0V,5037,116160,136 G. Vir,Virgo,212.7939838,0.045,,
5041,,HIP 65230,200.516345,43.90336842,6.332,6.288087,A7m,5045,116303,,CanesVenatici,457.8639139,0.255,,
5042,,HIP 65241,200.540437,5.154754305,5.873,5.870859,kA3hA6mA7,5040,116235,64 Vir,Virgo,207.6435077,0.109,,
5043,,HIP 65247,200.567859,-52.18295316,5.91,5.777706,B2Ib,5036,116084,209 G. Cen,Centaurus,5174.599887,0.072,,
5044,,,200.6493755,-60.97210963,6.153,,B3/5,5034,116072,,Centaurus,1319.723633,,6.16,6.27
5045,,HIP 65271,200.6580546,-60.9883806,4.509,4.471185,B3V,5035,116087,J Cen,Centaurus,354.3490991,-0.141,,
5046,,HIP 65289,200.7191844,-72.14671744,6.05,6.069949,B5V,5030,115967,,Musca,745.9958586,0.049,,
5047,,HIP 65301,200.7546445,-17.73527456,5.354,5.092994,K0III,5044,116292,63 Vir,Virgo,319.6079232,0.987,,
5048,,HIP 65303,200.7608308,-48.56278957,6.36,6.347604,B5V,5039,116226,210 G. Cen,Centaurus,1791.210922,-0.077,,
5049,,HIP 65311,200.7859674,-33.18987883,6.21,5.28199,M2III,5043,116278,213 G. Cen,Centaurus,730.9411795,1.653,,
5050,,HIP 65323,200.828723,-4.924428274,5.858,5.367201,K4III,5047,116365,65 Vir,Virgo,1160.143156,1.431,,
5051,,HIP 65372,200.9671435,-49.82281085,6.464,6.238344,G8III,5046,116338,,Centaurus,424.4782464,0.959,,
5052,,HIP 65376,200.9747068,37.03392145,6.14,5.090091,M3III,5052,116581,CL CVn,CanesVenatici,1207.406647,1.637,,
5053,,HIP 65378A,200.9814262,54.92535988,2.22,2.282647,A1.5Vas,,,,UrsaMajor,81.10670421,0.051,,
5054,,HIP 65378B,200.9846746,54.92180938,3.88,3.913775,kA1h(eA)mA7IV-V,,,,UrsaMajor,81.10670421,0.051,,
5055,,HIP 65381,200.987845,-20.92458437,6.49,6.156954,K1/2III/IV,,116429,141 G. Vir,Virgo,472.4654665,1.101,,
5056,,HIP 65387,201.0020112,-64.53566986,4.52,4.29425,G5IIb,5041,116243,m Cen,Centaurus,256.8952751,0.822,,
5057,,HIP 65417,201.1272744,12.43182481,6.44,6.160671,K0,5053,116594,null,Virgo,537.9556286,1.062,,
5058,,HIP 65420,201.1385357,-5.164001242,5.749,5.657103,K2V,5050,116568,66 Vir,Virgo,98.10420874,0.415,,
5059,,HIP 65466,201.2778254,23.85442013,5.745,5.739733,A3IV,5057,116706,,ComaBerenices,254.2902102,0.09,,
5060,,HIP 65468,201.2796621,-74.88781948,5.04,4.730606,K0III,5042,116244,ι 1 Muscae,Musca,224.6727691,1.11,,
5061,Spica,HIP 65474,201.2982474,-11.16131949,0.97,,B1V,5056,116658,α Virginis,Virgo,250.000106,-0.235,0.95,1.05
5062,Alcor,HIP 65477,201.3064076,54.98795966,4.01,3.974355,A5V+M3-4V,5062,116842,,UrsaMajor,81.72308282,0.17,,
5063,,HIP 65479,201.3080271,-64.48514919,5.312,5.204391,F3IV,5048,116457,215 G. Cen,Centaurus,128.0942584,0.411,,
5064,,HIP 65522,201.4595882,-70.62725256,5.651,5.632455,ApHg(Mn),5049,116458,,Musca,463.7286567,-0.018,,
5065,,HIP 65535,201.5325011,-39.75508583,5.09,4.844375,K0.5IIIbBa3,5058,116713,217 G. Cen,Centaurus,207.2474171,1.181,,
5066,,HIP 65536,201.5336068,72.39147394,5.79,5.08159,M1III,5073,117187,,UrsaMinor,1009.289846,1.652,,
5067,,HIP 65545,201.5475624,-1.192472856,5.965,5.941509,A8V,5059,116831,146 G. Vir,Virgo,245.1129838,0.183,,
5068,,HIP 65550,201.5691764,46.02805688,5.873,5.620327,K0III:,5067,116957,,CanesVenatici,357.0646769,0.985,,
5069,,HIP 65581,201.6798606,-12.7076629,5.25,4.669678,K5III,5064,116870,68 Vir,Virgo,504.6449383,1.477,,
5070,,,201.697,-47.47947,3.9,,Globular Cluster,,116790,ω Cen,Centaurus,17090,,,
5071,,HIP 65593,201.733818,-41.49756103,5.656,5.193455,K3III,5060,116835,221 G. Cen,Centaurus,2012.346583,1.477,,
5072,,HIP 65595,201.7366812,78.64387012,5.742,5.562666,G3IIIbFe-1CH1,5091,117566,,Camelopardalis,292.376791,0.769,,
5073,,HIP 65606,201.7766077,-49.14370968,6.31,6.312794,A0III/IV,5061,116836,220 G. Cen,Centaurus,1068.85334,0.003,,
5074,,HIP 65621,201.8110816,-40.16266259,6.405,6.132792,G8/K0III,5065,116873,223 G. Cen,Centaurus,452.1491378,0.974,,
5075,,HIP 65630,201.8360654,-49.38129146,6.257,6.246707,B3III/IV,5063,116862,222 G. Cen,Centaurus,2312.058051,-0.123,,
5076,,HIP 65639,201.8631835,-15.97357934,4.75,4.466056,K0III-IIIbCN1.5CH0.5 ,5068,116976,69 Vir,Virgo,258.115825,1.096,,
5077,,HIP 65678,201.9984544,52.74558829,6.345,6.293868,F0,5076,117242,,UrsaMajor,325.0250577,0.259,,
5078,,HIP 65682,202.0078383,-26.40223587,6.49,5.814039,K5III,,117033,346 G. Hya,Hydra,1086.665989,1.608,,
5079,,HIP 65698,202.0491229,50.58728696,6.43,,F1IV,5079,117281,,CanesVenatici,389.0224674,0.277,,
5080,,HIP 65721,202.1075358,13.77878842,4.97,4.778971,G4Va,5072,117176,70 Vir,Virgo,59.06695501,0.71,,
5081,,HIP 65723,202.1093394,40.72964445,6.49,6.236796,G8III,5077,117261,,CanesVenatici,431.7871652,0.927,,
5082,,HIP 65728,202.1128583,59.94578694,5.4,5.456955,A1Vn,5085,117376,,UrsaMajor,236.4032277,-0.01,,
5083,,HIP 65754,202.1909627,50.7185734,6.417,6.342851,F0IV,5083,117361,,CanesVenatici,253.3024242,0.404,,
5084,,HIP 65755,202.1949446,-69.62712095,6.179,6.153873,B8pSi,5066,116890,,Musca,698.0738419,-0.014,6.19,6.28
5085,,,202.27127,11.75134,4.7,,Galaxy,,,NAME NGC 5171 Group,Virgo,,,,
5086,,HIP 65783,202.2829578,-64.67580074,6.07,6.095903,ApSrEuCr,5069,117025,,Musca,287.7319522,0.117,,
5087,,HIP 65790,202.3041691,10.81830919,5.646,5.357572,K0III,5081,117304,71 Vir,Virgo,271.8932405,1.052,,
5088,,HIP 65796,202.3121486,-1.364427294,6.419,6.13878,K1IIICNII,5078,117267,150 G. Vir,Virgo,479.4125288,1.122,,
5089,,HIP 65810,202.3552261,-51.16513153,5.03,5.011899,A1V,5071,117150,K Cen,Centaurus,503.865795,0.059,,
5090,,HIP 65835,202.4282507,-23.2813199,4.97,3.152486,M6-9e,5080,117287,R Hya,Hydra,2012.346585,1.317,3.5,10.9
5091,,HIP 65862,202.500337,7.17885315,6.167,5.660509,K5V,5086,117404,153 G. Vir,Virgo,802.9546053,1.471,,
5092,,HIP 65892,202.6071823,-6.47026596,6.098,6.036958,F0IV,5088,117436,72 Vir,Virgo,176.5026733,0.341,,
5093,,HIP 65936,202.7610691,-39.40730528,3.88,3.3537,G8II/III,5089,117440,d Cen,Centaurus,1253.845368,1.186,,
5094,,HIP 65951,202.8156931,42.10615346,6.065,5.786922,K2III,5096,117710,,CanesVenatici,263.3279079,1.075,,
5095,,HIP 65969,202.8882005,-28.11273674,6.478,6.472554,A1V,5090,117558,348 G. Hya,Hydra,283.972198,0.09,,
5096,,HIP 65970,202.8892108,-61.58236629,6.49,6.474747,F6/7Ib+B6V,,117399,,Centaurus,4346.657386,0.777,6.45,6.71
5097,,HIP 66006,202.9911861,-6.255817661,4.69,3.815022,M2.5III,5095,117675,74 Vir,Virgo,431.7871718,1.606,,
5098,,HIP 66015,203.0116937,-18.72887784,5.998,5.979767,A7IV/V,5094,117661,73 Vir,Virgo,233.8594602,0.196,6.01,6.03
5099,,HIP 66019,203.0226078,-38.39885093,6.148,5.870227,K1III,5092,117597,229 G. Cen,Centaurus,362.6262456,1.031,,
5100,,HIP 66060,203.1436098,-29.5652616,6.436,6.342125,F5IV,5098,117718,349 G. Hya,Hydra,153.9917128,0.438,,
5101,,HIP 66065,203.1495734,-28.69276767,5.69,5.686776,A2V,5097,117716,350 G. Hya,Hydra,213.7706805,0.037,,
5102,,HIP 66086,203.200891,24.34674377,6.1,5.841368,G8II-III,5102,117876,,ComaBerenices,469.7401023,0.969,,
5103,,HIP 66091,203.2151782,-15.3630135,5.529,5.07639,K1.5IIIb:,5099,117789,75 Vir,Virgo,659.9187947,1.228,,
5104,,HIP 66098,203.241965,-10.16499863,5.21,4.935049,G8III,5100,117818,76 Vir,Virgo,263.7539971,0.964,,
5105,,,203.361739,-64.86474021,6.5,,B8/9IV/V,,117630,,Musca,1242.217011,0.18,,
5106,,HIP 66152,203.3994618,-65.63268658,6.354,6.356196,A0V,5093,117651,,Musca,348.6636561,-0.014,,
5107,,HIP 66198,203.5304391,55.34843462,5.588,5.59287,A0V,5109,118214,81 UMa,UrsaMajor,276.9755737,-0.014,,
5108,,HIP 66200,203.5330469,3.658969156,4.94,4.88981,ApEuCrSr,5105,118022,78 Vir,Virgo,183.2492452,0.029,4.91,4.99
5109,,HIP 66223,203.5911073,38.78926284,6.37,6.345453,A8V,5108,118156,,CanesVenatici,222.67765,0.241,,
5110,,HIP 66234,203.6135831,49.01597197,4.7,4.650836,A4V,5112,118232,24 CVn,CanesVenatici,190.4205879,0.132,,
5111,,HIP 66236,203.6206539,-48.27216169,6.319,6.357147,B8III,5103,117919,232 G. Cen,Centaurus,726.0576961,-0.052,,
5112,,HIP 66247,203.6685425,-13.21432543,5.932,6.234115,A0V,5106,118054,y Vir,Virgo,506.9986593,0.02,,
5113,Heze,HIP 66249,203.6732973,-0.5958164161,3.38,3.373845,A2Van,5107,118098,ζ Virginis,Virgo,73.17628362,0.114,,
5114,,HIP 66251,203.6781343,76.54670893,6.47,5.777095,K5III:,5131,118686,,Camelopardalis,1025.156271,1.573,,
5115,,HIP 66254,203.6815662,-33.31085516,6.462,6.084479,K2III,5104,118010,233 G. Cen,Centaurus,903.046422,1.25,,
5116,,HIP 66257,203.6992032,37.1824144,4.98,4.781243,A6m,5110,118216,,CanesVenatici,145.1469982,0.404,4.94,5.01
5117,,HIP 66320,203.8804012,-5.396191372,5.706,5.446171,K0III,5111,118219,80 Vir,Virgo,370.4535096,0.95,,
5118,,HIP 66326,203.8892726,10.20496134,6.486,6.206185,K0III,5114,118266,null,Virgo,329.2927335,1.043,,
5119,,HIP 66385,204.1662394,49.4866497,6.46,6.162616,K1III,5126,118536,,UrsaMajor,499.999428,1.175,,
5120,,HIP 66400,204.2018893,-26.49519737,5.78,5.69477,A7III-IV,5120,118349,351 G. Hya,Hydra,386.2547352,0.22,,
5121,,HIP 66405,204.2107119,-34.46783816,6.476,6.198976,K0III,5117,118319,237 G. Cen,Centaurus,519.1095628,1.026,,
5122,,HIP 66417,204.2461764,24.61329686,5.69,4.892537,M3,5123,118508,,Bootes,505.4273352,1.593,,
5123,,HIP 66427,204.275046,-44.14320258,5.957,5.72678,G8/K0III,5118,118338,236 G. Cen,Centaurus,376.44213,0.936,,
5124,,HIP 66435,204.2957819,71.24224931,5.496,5.136686,K2III,5139,118904,,UrsaMinor,400.4911462,1.219,,
5125,,HIP 66438A,204.3016622,-61.69185436,5.92,,~,,,,Centaurus,115.6850646,0.493,,
5126,,HIP 66454,204.347817,-46.42789785,5.889,5.886516,B8V,5121,118354,239 G. Cen,Centaurus,389.4853944,-0.11,,
5127,,HIP 66458,204.3651119,36.29489795,4.95,,A7III,5127,118623A,* 25 CVn A,CanesVenatici,191.6518931,0.239,,
5128,,HIP 66475,204.4288654,50.71484134,6.45,,M2.5II,5133,118741,,UrsaMajor,1771.738929,1.555,,
5129,,HIP 66521,204.5317748,-58.41465032,6.45,6.147943,K1III,5122,118384,238 G. Cen,Centaurus,472.4654625,1.113,,
5130,,HIP 66522,204.532868,14.30192565,6.489,6.446406,A9Vs,5129,118660,,Bootes,233.6918944,0.274,,
5131,,HIP 66563,204.6752958,-29.56086753,5.81,5.731054,F3V,5128,118646,354 G. Hya,Hydra,159.6474889,0.431,,
5132,,HIP 66574,204.6904828,-70.44483128,6.097,5.626828,K3III,5119,118344,,Musca,438.1735075,1.415,,
5133,,HIP 66575,204.703971,-57.62271583,6,5.658012,G5Ib,5124,118520,242 G. Cen,Centaurus,1234.849339,1.138,,
5134,,HIP 66594,204.7595183,18.26532009,6.46,6.11211,K2II-III,5137,118839,,Bootes,737.5557204,1.217,,
5135,,HIP 66607,204.799959,-75.68378132,6.323,6.303985,B8IV,5115,118285,DY Cha,Chamaeleon,928.7743441,-0.003,,
5136,,HIP 66613,204.812123,51.80421288,6.48,6.04082,K2,,118970,,UrsaMajor,1495.414708,1.378,,
5137,,HIP 66634,204.8768664,52.92120763,5.456,5.44243,A2Vnp,5142,119024,82 UMa,UrsaMajor,169.1748333,0.113,,
5138,,HIP 66640,204.8942339,10.74627298,5.58,5.486852,F0V,5138,118889,,Bootes,174.5183094,0.348,,
5139,,HIP 66645,204.9201762,-39.74758749,6.36,5.089752,M3/4III,5135,118781,V765 Cen,Centaurus,1120.2766,1.597,6.28,6.36
5140,,HIP 66656,204.9522844,-40.0517074,5.603,5.184935,K2/3III,5136,118799,248 G. Cen,Centaurus,521.6002031,1.301,,
5141,,HIP 66657,204.9719072,-53.46639115,2.3,,B1III,5132,118716,ϵ Centauri,Centaurus,375.5749683,-0.171,2.29,2.31
5142,,HIP 66666,204.9991969,-49.94995975,6,3.836441,M6III,5134,118767,V744 Cen,Centaurus,543.3346296,1.496,5.14,6.55
5143,,HIP 66681,205.0446156,-64.57655332,5.785,5.687508,F2III/IV,5130,118666,243 G. Cen,Centaurus,225.7619379,0.401,,
5144,,HIP 66690,205.0649078,31.01203572,6.2,5.954582,G8II-III,5143,119035,,CanesVenatici,539.7355865,0.963,,
5145,,HIP 66700,205.0891034,57.20760413,6.273,6.284756,A2IVpSrCr,5153,119213,CQ UMa,UrsaMajor,287.9859012,0.111,6.28,6.3
5146,,HIP 66704,205.0968004,50.51941502,6.32,6.199,F8V,5148,119124,,UrsaMajor,82.24005638,0.537,,
5147,,HIP 66725,205.1628235,28.06516245,6.18,5.798867,K3III,5145,119081,,CanesVenatici,381.7331098,1.311,,
5148,,HIP 66727,205.1686218,19.95571831,5.76,5.754958,A1V,5144,119055,1 Boo,Bootes,302.6927526,0.017,,
5149,,HIP 66738,205.1844697,54.68163501,4.66,3.797435,M2III,5154,119228,83 UMa,UrsaMajor,548.8212044,1.63,,
5150,,HIP 66753,205.2311806,-85.78604227,5.555,5.530516,A2mA5-A8,5084,117374,κ Octantis,Octans,256.49103,0.183,,
5151,,HIP 66763,205.2597768,22.49577054,5.58,5.360865,K0III,5149,119126,2 Boo,Bootes,321.8165711,1.009,,
5152,,HIP 66798,205.3745531,64.82241093,5.85,5.835414,A2V,5162,119476,,Draco,221.166959,0.073,,
5153,,HIP 66803,205.4032087,-8.702980285,5.01,4.148621,M1+III,5150,119149,82 Vir,Virgo,457.2217013,1.623,,
5154,,HIP 66821,205.4365434,-54.55942631,5.217,,B8.5Vn,5141,118991A,* Q Cen A,Centaurus,270.5396861,-0.055,,
5155,,HIP 66825,205.4398481,-33.59737778,6.05,5.933962,K5-M4e,5147,119090,,Centaurus,2063.290622,1.584,5.5,9
5156,,HIP 66849,205.5045179,-58.78708772,5.372,5.346007,B9III,5140,118978,251 G. Cen,Centaurus,646.8266256,-0.029,,
5157,,,205.54842,28.37728,6.39,,Globular Cluster,,,M 3,Auriga,,,,
5158,,HIP 66878,205.5965976,82.75241953,5.913,5.666739,G9III,5203,120565,,Camelopardalis,363.8389498,0.993,,
5159,,HIP 66892,205.6200268,41.67428499,6.289,6.082869,G6III,5160,119445,,CanesVenatici,942.1957701,0.879,,
5160,,HIP 66903,205.6633401,78.06443889,5.899,5.65333,G7III,5184,120084,,UrsaMinor,318.5244332,1.017,,
5161,,HIP 66907,205.680957,34.98902069,5.96,5.76889,G5III-IIIbFe-0.5,5161,119458,,CanesVenatici,485.8412462,0.857,,
5162,,HIP 66923,205.72764,-50.79023471,6.41,5.66344,M0III,5152,119193,254 G. Cen,Centaurus,947.675836,1.671,,
5163,,HIP 66924,205.7291725,-41.40109974,5.956,5.690416,K0III,5155,119250,256 G. Cen,Centaurus,352.4322217,1.019,,
5164,,HIP 66925,205.7337931,-56.76796844,6,5.955611,B1/2II,5151,119159,253 G. Cen,Centaurus,3046.728656,-0.096,,
5165,,HIP 66936,205.7654656,3.537900048,5.423,5.10714,K2IIIb:CN0.5,5159,119425,84 Vir,Virgo,217.1887916,1.091,,
5166,,HIP 66984,205.9170182,-42.06752069,5.97,5.995493,B7V,5157,119361,258 G. Cen,Centaurus,1590.24489,-0.075,,
5167,,HIP 66992,205.9381812,22.70042483,6.09,5.608524,K4III,5164,119584,,Bootes,730.9411773,1.447,,
5168,,HIP 67004,205.9759886,-5.498936773,6.498,6.491958,A0V,5163,119537,,Virgo,414.2320656,0.053,,
5169,,HIP 67005,205.9782422,52.06441337,6.018,6.023171,A1V,5169,119765,,UrsaMajor,344.6082111,0.017,,
5170,,HIP 67008,205.9889431,-59.23598518,6.49,6.483261,B8V,,119283,,Centaurus,684.8740993,-0.027,,
5171,,HIP 67036,206.0666771,-51.01245074,6.44,6.421834,ApSiCr,5158,119419,V827 Cen,Centaurus,367.1185256,-0.106,6.46,6.485
5172,,HIP 67057,206.1242785,-16.17907284,5.567,5.340338,G0II:,5165,119605,83 Vir,Virgo,779.9031383,0.805,,
5173,,HIP 67071,206.190266,-25.50093399,6.205,5.780996,K3III,5166,119623,356 G. Hya,Hydra,705.6272711,1.374,,
5174,,HIP 67104,206.3059795,10.32530706,6.41,6.087542,K2,,119784,,Bootes,370.8773086,1.226,,
5175,,HIP 67139,206.3961127,-15.76746877,6.179,6.178576,A0V,5170,119786,85 Vir,Virgo,338.5250584,0.046,,
5176,,HIP 67143,206.4037134,-26.11601025,5.795,5.801047,A0V,5167,119752,357 G. Hya,Hydra,287.2247015,0.023,,
5177,,HIP 67153,206.4218497,-33.04371697,4.23,4.144167,F2V,5168,119756,1 Cen,Centaurus,62.80100365,0.39,,
5178,,HIP 67172,206.4846609,-12.42653544,5.57,5.31315,~,5173,119853A,* 86 Vir A,Virgo,379.069693,0.898,,
5179,,HIP 67194,206.5564399,41.08874463,5.877,5.8501,A5V,5179,120047,,CanesVenatici,167.3511915,0.211,,
5180,,HIP 67199,206.5603933,-54.6833672,6.42,6.423641,A1V,,119727,263 G. Cen,Centaurus,337.1265142,0.116,,
5181,,HIP 67210,206.5794237,38.50362347,5.919,5.705039,G9III,5180,120048,,CanesVenatici,403.4642756,0.948,,
5182,,,206.614,-62.916,5.9,,Open Cluster,,,NGC 5281,Centaurus,,,,
5183,,HIP 67231,206.6485699,54.43267877,5.675,5.67088,A0VpSrCrEu,5187,120198,84 UMa,UrsaMajor,281.5200156,-0.039,5.65,5.7
5184,,HIP 67234,206.6640797,-51.43275733,4.632,4.383455,G8/K0III,5172,119834,M Cen,Centaurus,257.0980497,0.955,,
5185,,HIP 67239,206.680514,25.70223748,5.965,5.839237,A7V:+G5III:,5182,120064,3 Boo,Bootes,272.3476827,0.523,,
5186,,HIP 67244,206.734799,-36.25193335,5.147,5.125829,A0V,5174,119921,z Cen,Centaurus,428.3837298,-0.007,,
5187,,HIP 67250,206.7490615,38.54269588,5.501,5.225536,K0III,5186,120164,,CanesVenatici,303.5383934,1.036,,
5188,,HIP 67271,206.8058022,-9.709446663,6.049,5.520683,K3III,5178,120033,183 G. Vir,Virgo,511.7745611,1.418,,
5189,,HIP 67275,206.8155757,17.45689154,4.49,4.356021,F7IV-V,5185,120136,τ Boötis,Bootes,50.93808957,0.508,,
5190,,HIP 67288,206.855797,-17.85983849,5.43,4.569464,M2III,5181,120052,87 Vir,Virgo,635.478566,1.623,,
5191,,HIP 67292,206.8651568,-50.24928736,5.91,5.862688,A3mA5-F0,5175,119938,268 G. Cen,Centaurus,195.9136958,0.279,,
5192,Alkaid,HIP 67301,206.8851573,49.31326673,1.86,1.881019,B3V,5191,120315,η Ursae Majoris,UrsaMajor,100.6483054,-0.099,,
5193,,HIP 67304,206.910579,-50.32068842,5.446,4.966388,K2III,5176,119971,269 G. Cen,Centaurus,454.0399373,1.351,,
5194,,HIP 67384,207.1613967,31.19020671,5.57,5.318724,K0III,5195,120420,,CanesVenatici,310.7723376,1.032,,
5195,,HIP 67457,207.3613414,-34.45077353,4.19,2.579403,M5-III:,5192,120323,2 Cen,Centaurus,177.270403,1.52,4.16,4.26
5196,,HIP 67459,207.3693387,15.79790464,4.07,3.41004,K5.5III,5200,120477,υ Boötis,Bootes,245.2971725,1.52,,
5197,Heng,HIP 67464,207.3761521,-41.68770853,3.386,3.378937,B2V,5190,120307,ν Centauri,Centaurus,474.525786,-0.225,3.38,3.41
5198,,HIP 67472,207.4041195,-42.47373341,3.43,3.426197,B2Vnpe,5193,120324,μ Centauri,Centaurus,526.6564647,-0.17,2.92,3.47
5199,,HIP 67480,207.4284365,21.26410131,4.91,4.414803,K4III,5201,120539,6 Boo,Bootes,367.9465661,1.432,,
5200,,HIP 67483,207.4371917,36.6328286,6.43,6.383901,A7IV-V,5204,120600,,CanesVenatici,211.5509405,0.256,,
5201,,HIP 67485,207.439654,61.48930735,5.964,5.720357,G3V,5213,120787,,UrsaMajor,394.6720468,0.974,,
5202,,HIP 67494,207.4678454,-18.13416925,4.959,4.675496,K0+IIIb,5196,120452,89 Vir,Virgo,241.8399434,1.059,,
5203,,HIP 67523,207.5271189,-29.08132348,6.186,6.189949,A0V,5197,120455,359 G. Hya,Hydra,361.4200462,-0.009,,
5204,,HIP 67537,207.580817,-39.90085845,6.431,6.180024,K1III,5198,120457,,Centaurus,366.7045071,0.992,,
5205,,HIP 67545,207.602828,5.49722135,5.993,5.787742,K0,5205,120602,194 G. Vir,Virgo,402.9655008,0.899,,
5206,,HIP 67548,207.6155987,58.5394567,6.46,6.439791,A3V,5216,120874,,UrsaMajor,268.9771601,0.094,,
5207,,HIP 67605,207.7883988,34.66439827,5.87,5.128133,M2III,5215,120819,,CanesVenatici,676.3491954,1.635,,
5208,,HIP 67627,207.8579651,64.72328128,4.66,3.538004,M3.5III,5226,121130,CU Dra,Draco,391.3566248,1.572,4.52,4.67
5209,,HIP 67648,207.9020636,-36.43328001,6.347,6.223178,F6V,5208,120672,279 G. Cen,Centaurus,195.3265714,0.484,,
5210,,HIP 67663,207.9467314,-46.89866659,5.752,5.734039,B2III,5206,120640,278 G. Cen,Centaurus,1172.661558,-0.153,,
5211,,HIP 67664,207.9476423,-69.40125803,5.727,4.940401,K5/M0III,5194,120404,,Circinus,815.0003044,1.704,,
5212,,HIP 67665,207.9478125,34.44424028,4.74,3.766288,M3-IIIa,5219,120933,AW CVn,CanesVenatici,603.7033291,1.611,4.72,4.81
5213,,HIP 67669A,207.9566693,-32.99408495,4.52,4.513189,B5III,,,,Centaurus,297.4454567,-0.146,,
5214,,HIP 67669B,207.9591674,-32.99467649,5.98,6.039504,B9IV,,,,Centaurus,297.4454567,-0.146,,
5215,,HIP 67696,208.0040884,-31.61916463,6.21,6.333225,F5/6V,5212,120759,282 G. Cen,Centaurus,174.7054344,0.478,,
5216,,HIP 67703,208.0202596,-52.81152954,5.257,5.245359,B8V,5207,120642,N Cen,Centaurus,362.6262438,-0.084,,
5217,,HIP 67714,208.0766933,12.16513809,6.098,6.096013,A1V,5220,120934,,Bootes,325.0250659,0.042,,
5218,,HIP 67778,208.2851513,40.33797463,6.479,5.829656,K5,,121197,,CanesVenatici,1369.748185,1.55,,
5219,,HIP 67782,208.2928407,28.64813208,5.909,5.887554,A8IV,5229,121164,,CanesVenatici,210.8669939,0.202,,
5220,,HIP 67786,208.3022429,-31.92761955,4.73,4.701439,B5IVp,5221,120955,4 Cen,Centaurus,669.4053976,-0.111,,
5221,,HIP 67787,208.3038754,17.93286869,5.709,5.498851,G5III,5225,121107,7 Boo,Bootes,683.439701,0.845,,
5222,,HIP 61932,208.3862311,-35.66408904,6.33,2.227056,~,4819,110304,* y Cen B,Centaurus,130.3478993,-0.023,,
5223,,HIP 67819,208.3865117,-35.66426838,6.218,,~,5222,120987A,* y Cen A,Centaurus,163.2448999,0.444,,
5224,,HIP 67836,208.4295561,-53.37332121,5.873,5.840948,B4III,5217,120908,283 G. Cen,Centaurus,1202.953488,0.009,,
5225,,HIP 67848,208.4625584,53.72867641,5.695,5.686796,A0V,5238,121409,86 UMa,UrsaMajor,443.5362066,-0.032,,
5226,,HIP 67851,208.4669221,-35.31435883,6.19,5.90057,K0III,5224,121056,,Centaurus,215.8503837,1.01,,
5227,,HIP 67861,208.488499,-47.12816406,6.1,6.110023,B2Ve,5223,120991,V767 Cen,Centaurus,2239.00939,-0.053,5.86,6.26
5228,,,208.516,-61.883,6,,Open Cluster,,,NGC 5316,Centaurus,,,,
5229,,HIP 67890,208.5693357,-28.56961552,6.045,5.736545,K2III,5228,121156,361 G. Hya,Hydra,206.3290761,1.129,,
5230,Muphrid,HIP 67927,208.6711622,18.39772072,2.68,2.558358,G0IV,5235,121370,η Boötis,Bootes,36.97396867,0.58,,
5231,,HIP 67929,208.6756047,-1.503122721,5.159,4.86146,K1/2II/III,5232,121299,90 Vir,Virgo,253.8941234,1.093,,
5232,,HIP 67942,208.7046266,-67.65210149,5.705,5.209016,K2III,5218,120913,,Circinus,1268.482769,1.49,,
5233,,HIP 67973,208.8005928,-52.16082148,5.71,5.648656,B9V,5230,121190,288 G. Cen,Centaurus,341.7198563,-0.072,,
5234,Leepwal,HIP 68002,208.8849402,-47.28837451,2.55,,B2.5IV,5231,121263,ζ Centauri,Centaurus,384.4356526,-0.176,,
5235,,HIP 68009,208.9119819,-82.66619087,5.94,5.387409,K2III:CN-1CH-2.5,5188,120213,,Chamaeleon,871.6591217,1.411,,
5236,,HIP 68065,209.0435823,32.0325947,6.3,6.213261,F4IV-V,5245,121682,,CanesVenatici,236.0609344,0.401,,
5237,,HIP 68079,209.0824013,-46.59294917,5.815,5.507075,K1III,5239,121416,293 G. Cen,Centaurus,283.9721963,1.14,,
5238,,HIP 68092,209.1161531,1.050580528,5.898,5.862807,A5IV/V,5244,121607,92 Vir,Virgo,337.4753375,0.217,,
5239,,HIP 68101,209.137265,-54.70466202,6.01,5.787548,G8VCH+0.3CaIwk,5236,121384,291 G. Cen,Centaurus,124.2380051,0.78,,
5240,,HIP 68103,209.1424209,27.49208144,5,4.503571,K3III,5247,121710,9 Boo,Bootes,648.1110666,1.441,,
5241,,HIP 68177,209.3655234,-23.02263112,6.132,5.659458,K2/3III,5246,121699,363 G. Hya,Hydra,595.9771316,1.426,,
5242,,HIP 68191,209.4120149,-63.68669832,4.701,4.399307,K1.5IIIb:,5241,121474,294 G. Cen,Centaurus,208.840576,1.075,,
5243,,HIP 68224,209.4953157,-25.99808073,6.42,6.01613,K1III,,121758,364 G. Hya,Hydra,579.0414253,1.274,,
5244,,HIP 68245,209.5677757,-42.10075692,3.802,3.808906,B2IV,5248,121743,ϕ Centauri,Centaurus,465.0489625,-0.224,,
5245,,HIP 68269,209.6297765,-24.97225228,5.15,5.17792,B8V,5250,121847,47 Hya,Hydra,339.2292185,-0.086,,
5246,,HIP 68270,209.6301532,-65.80066713,6.24,5.938457,K0III,5242,121557,,Circinus,527.507321,1.043,,
5247,,HIP 68276,209.6621789,21.69619987,5.748,5.754101,A0Vs,5255,121996,10 Boo,Bootes,480.1166868,-0.002,,
5248,,HIP 68279,209.6662795,14.64927379,5.999,5.515333,K5III,5254,121980,,Bootes,530.9433662,1.43,,
5249,,HIP 68282,209.6697862,-44.80358582,3.87,3.84923,B2IV-V,5249,121790,υ 1 Centauri,Centaurus,417.4138249,-0.208,,
5250,,HIP 68333,209.82285,-50.36964782,5.927,5.67045,G8/K0III,5251,121853,298 G. Cen,Centaurus,335.3921943,0.957,,
5251,,HIP 68380,209.9553149,-3.549801594,6.394,6.284651,F6V,5258,122106,204 G. Vir,Virgo,252.9092772,0.486,,
5252,,HIP 68390,210.000503,-25.01040457,5.77,5.653009,F6V,5257,122066,48 Hya,Hydra,187.0337813,0.48,,
5253,,HIP 68413,210.0724631,-61.48102724,6.469,6.410639,F0/2III/IV,5252,121901,299 G. Cen,Centaurus,212.5162278,0.333,,
5254,,HIP 68431,210.1367143,-78.58998079,6.079,6.06309,B9III,5240,121439,,Apus,727.6779106,0.007,,
5255,,HIP 68455,210.2185196,-66.26891105,5.948,5.877706,F2III,5253,121932,,Circinus,250.5767406,0.352,,
5256,,HIP 68478,210.2936697,27.38659588,6.221,6.200817,A7III,5263,122405,11 Boo,Bootes,339.936635,0.193,,
5257,,HIP 68493,210.3293988,-40.2219376,6.108,5.708094,K1III,5259,122210,302 G. Cen,Centaurus,804.9399459,1.265,,
5258,,HIP 68498,210.3351104,8.894893622,5.973,5.967408,A2V,5262,122365,1 G. Boo,Bootes,287.7319568,0.089,,
5259,,HIP 68516,210.4033764,17.6683875,6.384,5.939268,G5,,122443,,Bootes,6037.033201,1.215,,
5260,,HIP 68520,210.4116398,1.544530608,4.237,4.224652,A2IV/V,5264,122408,τ Virginis,Virgo,218.2062383,0.121,,
5261,,HIP 68523,210.431279,-45.60340961,4.33,4.187586,F7II/III,5260,122223,υ 2 Centauri,Centaurus,447.8035558,0.598,,
5262,,HIP 68537,210.4610404,68.67867492,6.329,5.862025,K5,5282,122909,,Draco,591.6510963,1.412,,
5263,,HIP 68567,210.5507873,45.75345798,6.269,5.840572,K3,5271,122675,,CanesVenatici,544.2409051,1.353,,
5264,,HIP 68581,210.5949255,-27.42977576,5.469,5.037746,K2/3III,5265,122430,,Hydra,434.0887327,1.331,,
5265,,HIP 68594,210.6326896,9.686095664,6.19,5.87496,G8:III:Fe-5,5270,122563,,Bootes,867.0201486,0.853,,
5266,,HIP 68637,210.7489898,50.97180744,6.15,6.155564,A2V,5280,122866,,UrsaMajor,313.4615082,0.026,,
5267,,,210.7571781,-31.68403104,6.47,6.365066,~,5268,122510A,,Centaurus,124.7609124,0.48,,
5268,,HIP 68643,210.7669555,-17.36701441,6.31,5.845936,K2/3III,,122577,207 G. Vir,Virgo,483.6798711,1.38,,
5269,,HIP 68670,210.8604431,-56.21343443,5.923,5.558422,K2III,5266,122438,305 G. Cen,Centaurus,530.0827239,1.207,,
5270,,HIP 68673,210.8644477,-41.42334228,6.088,6.071553,ApSi,5269,122532,V828 Cen,Centaurus,551.608514,-0.112,6.1,6.145
5271,,HIP 68682,210.8847538,10.78676164,6.268,6.107364,G6V,5273,122742,,Bootes,54.11701196,0.733,,
5272,,HIP 68687,210.9031922,7.546170385,6.239,6.025936,G9III,5274,122744,2 G. Boo,Bootes,432.3609314,0.927,,
5273,,-,210.9554578,-60.37318301,3.95,,~,-,-,* bet Cen B,Centaurus,,,,
5274,Hadar,HIP 68702,210.9558556,-60.37303516,0.58,,B1III,5267,122451,β Centauri,Centaurus,397.7201551,-0.231,0.61,0.655
5275,,HIP 68705,210.9712088,-22.42159812,6.299,6.196461,F3IV,5272,122703,208 G. Vir,Virgo,252.1268771,0.452,,
5276,,HIP 68707,210.982314,4.900972293,6.238,6.13886,F4V,5275,122797,209 G. Vir,Virgo,204.9028252,0.406,,
5277,,HIP 68739,211.06067,-5.381418767,6.387,5.972,K3III,5276,122815,211 G. Vir,Virgo,294.7559565,1.321,,
5278,Thuban,HIP 68756,211.0973233,64.37586962,3.68,3.652423,A0III,5291,123299,α Draconis,Draco,308.7123349,-0.049,,
5279,,HIP 68763,211.1124177,-14.9717038,6.344,6.069237,K1III+G,5277,122837,210 G. Vir,Virgo,472.4654671,1.081,,
5280,,HIP 68776,211.1559466,2.297531957,6.27,6.008936,K0IV,5283,122910,213 G. Vir,Virgo,398.0461594,1.022,,
5281,,HIP 68815,211.3328372,-76.79676186,5.5,3.050322,M6.5III:,5261,122250,θ Apodis,Apus,328.2984263,1.239,,
5282,,HIP 68842,211.4436513,-54.66936322,6.204,6.155255,A5III/IV,5278,122844,V992 Cen,Centaurus,425.0324461,0.225,,
5283,,HIP 68862,211.5115335,-41.17963291,4.343,4.30829,B2V,5285,122980,χ Centauri,Centaurus,445.9649158,-0.198,4.15,4.17
5284,,HIP 68872,211.5454388,-43.09170046,6.176,5.921948,G8III,5286,123004,312 G. Cen,Centaurus,561.1016372,0.986,,
5285,,HIP 68895,211.5929083,-26.68236158,3.28,2.948431,K2-IIIFe-0.5,5287,123123,π Hydrae,Hydra,101.3368262,1.091,,
5286,,HIP 68902,211.6048244,-59.71590394,6.5,6.364975,B0Ia,5281,122879,310 G. Cen,Centaurus,7549.918898,0.079,,
5287,Menkent,HIP 68933,211.6706147,-36.36995474,2.05,,K0-IIIb,5288,123139,θ Centauri,Centaurus,60.91183279,1.011,,
5288,,HIP 68940,211.6784304,-9.313515237,5.453,5.373695,F2III,5290,123255,95 Vir,Virgo,178.9242026,0.347,,
5289,,HIP 68956,211.7348527,74.5937829,6.44,6.410584,A7V,5305,124063,3 UMi,UrsaMinor,437.5834388,0.16,,
5290,,,211.847,-48.285,5.6,,Open Cluster,,,NGC 5460,Centaurus,,,,
5291,,HIP 69011,211.9200334,-48.7040275,6.418,6.421823,B9.5V,,123247,317 G. Cen,Centaurus,329.6252526,0.001,,
5292,,HIP 69038,211.9823142,43.85445238,5.28,3.792248,M4.5III,5299,123657,BY Boo,Bootes,465.0489569,1.493,4.98,5.33
5293,,HIP 69065,212.059569,-63.20795055,6.389,6.11275,G8/K0III,5289,123151,313 G. Cen,Centaurus,384.4356498,1.013,,
5294,,HIP 69068,212.0720948,49.45816568,5.25,4.435907,M1.5III,5300,123782,CF Boo,Bootes,556.3126886,1.637,5.2,5.3
5295,,HIP 69090,212.113181,-74.85028693,6.02,5.875319,F9.5V,5279,122862,,Apus,93.48999571,0.581,,
5296,,HIP 69107,212.1918596,59.33764665,6.471,6.19558,K0III-IV,5302,123977,,UrsaMajor,438.1735032,1.023,,
5297,,HIP 69112,212.2121921,77.54750978,4.805,4.32384,K3-IIIbFe-0.5,5321,124547,4 UMi,UrsaMinor,499.9994206,1.368,,
5298,,HIP 69113,212.2161918,-43.47077775,6.17,6.177689,B9V,5294,123445,319 G. Cen,Centaurus,713.3469524,-0.056,,
5299,,HIP 69122,212.2343875,-59.27670971,6.339,6.29231,B3V+B8V,5292,123335,V883 Cen,Centaurus,1068.853339,0.031,,
5300,,HIP 69127,212.2524713,-10.33454721,6.46,6.181726,K0III,5298,123630,96 Vir,Virgo,554.4218967,1.003,,
5301,,HIP 69174,212.3959687,-51.50467575,5.961,5.957641,B8V,5296,123515,V869 Cen,Centaurus,547.8986312,-0.053,5.92,6.01
5302,,HIP 69191,212.4783927,-53.43894579,4.736,4.482681,G9-III,5297,123569,321 G. Cen,Centaurus,181.8181022,0.938,,
5303,,HIP 69226,212.5997229,25.09167695,4.83,4.662029,F8V,5304,123999,12 Boo,Bootes,119.5452336,0.541,,
5304,,HIP 69241,212.6287536,-70.30546109,6.04,5.332593,K4II,5293,123377,,Circinus,2819.228083,1.718,,
5305,,HIP 69269,212.7103627,-16.3020307,4.91,4.083242,M2IIIa,5301,123934,ET Vir,Virgo,541.5285921,1.684,4.8,5
5306,,HIP 69298,212.7578277,-69.71931505,6.065,6.050306,A6IV,5295,123492,,Circinus,239.7059399,0.19,,
5307,,HIP 69316,212.8130034,32.29589223,6.129,5.779441,K4III,5310,124186,,Bootes,383.0794897,1.258,,
5308,,HIP 69340,212.8800134,1.36239748,6.408,6.310963,F6V,5307,124115,221 G. Vir,Virgo,149.6787315,0.479,,
5309,,HIP 69373,213.0167069,69.43254749,5.24,4.40452,M2III,5334,124730,,UrsaMinor,445.3552831,1.595,,
5310,,HIP 69389,213.0658564,2.409429216,5.02,4.961365,ApSi,5313,124224,CU Vir,Virgo,261.8475481,-0.118,4.92,5.07
5311,,HIP 69398,213.1023624,-24.36335459,6.344,5.910771,K2III,5309,124162,369 G. Hya,Hydra,483.6798709,1.351,,
5312,,HIP 69415,213.1917623,-27.26118559,5.08,4.706111,K2III,5312,124206,50 Hya,Hydra,229.2547086,1.13,,
5313,Kang,HIP 69427,213.2239369,-10.27370346,4.21,3.709856,K2.5IIIFe-0.5,5315,124294,κ Virginis,Virgo,223.4408228,1.323,,
5314,,HIP 69458,213.3052381,-26.61231009,6.236,5.938839,K0III,5314,124281,371 G. Hya,Hydra,708.6949323,1.071,,
5315,,HIP 69462,213.3183772,-53.66565921,5.575,4.928925,K5III,5308,124147,324 G. Cen,Centaurus,2608.000957,1.438,,
5316,,HIP 69483,213.3708653,51.78996746,4.5,4.464427,A7IV,5329,124675,κ 2 Boötis,Bootes,155.0166486,0.233,4.5,4.58
5317,,HIP 69491,213.415932,-54.62562832,6.09,6.093494,B5V,5311,124195,V716 Cen,Centaurus,1101.352291,0.051,5.96,6.52
5318,,HIP 69493,213.4199587,-0.8454640573,5.9,5.78193,F6V,5317,124425,224 G. Vir,Virgo,181.7170453,0.489,,
5319,,HIP 69564,213.5887851,-5.947720083,6.36,6.231307,F8V,5322,124553,225 G. Vir,Virgo,135.3259248,0.593,,
5320,,HIP 69569,213.5981158,41.51875879,6.227,5.962132,K3III:,5335,124755,,Bootes,145.5359157,1.071,,
5321,,HIP 69585,213.6483585,13.97544936,6.44,6.001304,K2,,124678,,Bootes,502.310776,1.348,,
5322,,HIP 69592,213.6706791,21.87339417,6.377,6.345786,A7V,5333,124713,,Bootes,192.3306285,0.194,,
5323,,HIP 69598,213.6777513,-41.83749213,5.613,5.369285,G8III,5318,124433,330 G. Cen,Centaurus,449.0358368,0.929,,
5324,,HIP 69612,213.7118698,10.1006102,5.32,5.065567,K1III,5330,124679,15 Boo,Bootes,254.8867928,1.007,,
5325,,HIP 69614,213.7209168,3.335884212,6.45,5.377857,M3III,5331,124681,FS Vir,Virgo,812.9693297,1.6,6.37,6.52
5326,,HIP 69618,213.7380763,-57.08612483,5.07,5.011469,B4Vne,5316,124367,V795 Cen,Centaurus,485.8412477,-0.074,4.97,5.1
5327,,HIP 69623,213.7552169,-29.28190638,6.09,6.080634,A1V,5324,124576,372 G. Hya,Hydra,695.0974672,0.04,,
5328,,HIP 69655,213.8387887,-53.50994223,6.395,5.794804,K3III,5319,124454,329 G. Cen,Centaurus,978.9783671,1.576,,
5329,,HIP 69658,213.8503591,-18.20069065,5.532,5.525628,A0V,5332,124683,226 G. Vir,Virgo,261.0090765,0.001,,
5330,,HIP 69671,213.9111877,-45.0007556,6.305,6.17243,G0V,5325,124580,332 G. Cen,Centaurus,68.61717055,0.596,,
5331,Arcturus,HIP 69673,213.9153003,19.18240916,-0.05,,K1.5IIIFe-0.5,5340,124897,α Boötis,Bootes,36.69100055,1.239,,
5332,Syrma,HIP 69701,214.0036178,-6.000547079,4.08,3.942037,F7III,5338,124850,ι Virginis,Virgo,69.74774102,0.511,,
5333,,,214.0172487,18.91180145,5.957,,A8V,5343,124953,V* CN Boo,Bootes,,0.274,,
5334,,HIP 69713,214.041374,51.3672302,4.75,4.691944,A7V,5350,125161,ι Boötis,Bootes,97.19726777,0.236,4.73,4.78
5335,,HIP 69727,214.0890924,-6.621542875,6.434,6.383627,A7IV/V,5341,124915,229 G. Vir,Virgo,169.8803073,0.275,,
5336,Xuange,HIP 69732,214.09591,46.08830429,4.18,4.169045,A0Va_lB,5351,125162,λ Boötis,Bootes,97.08153902,0.087,,
5337,,HIP 69735,214.1011457,39.74470969,6.376,6.291094,F2IV,5347,125111,,Bootes,157.3358163,0.376,,
5338,,HIP 69747,214.1256922,-3.196297818,6.141,6.139854,A0V,5342,124931,230 G. Vir,Virgo,541.5285918,-0.007,,
5339,,,214.1368469,20.1218484,6.41,6.29416,~,5346,125040A,,Bootes,105.1953612,0.504,,
5340,,HIP 69763,214.1613129,-66.58789696,5.75,5.708743,B2III/IV,5320,124471,,Circinus,2295.774342,-0.095,,
5341,,HIP 69773,214.2030605,-8.884475473,6.47,6.117365,K1III,,124973,233 G. Vir,Virgo,531.8105285,1.212,,
5342,,HIP 69778,214.2297849,-77.66422141,6.472,6.016447,K2IIp,5306,124099,,Apus,2362.320743,1.375,,
5343,,HIP 69792,214.2657919,-18.58570138,6.219,5.968025,K0III,5344,124990,231 G. Vir,Virgo,382.1797344,0.985,,
5344,,HIP 69818,214.3380803,51.30733541,6.195,6.193511,A2IV,5360,125349,,Bootes,331.3008866,0.07,,
5345,,HIP 69829,214.3685479,15.2633805,5.8,4.997034,M3III,5352,125180,CY Boo,Bootes,1012.422721,1.678,5.74,5.9
5346,,HIP 69862,214.4549968,48.00200375,6.316,6.204857,F5,5363,125406,,Bootes,231.2058112,0.466,,
5347,,HIP 69879,214.4992389,35.5095123,4.796,4.505902,K0III,5361,125351,,Bootes,222.829893,1.057,,
5348,,HIP 69881,214.5030278,-7.542392381,6.5,6.297372,G5IV,5353,125184,235 G. Vir,Virgo,106.9906466,0.723,,
5349,,HIP 69896,214.5578996,-81.0077585,4.889,4.835109,A2mA7-F2,5303,123998,η Apodis,Apus,139.5547889,0.243,,
5350,,HIP 69929,214.6593773,-18.71596258,5.9,5.854669,ApSi(Cr),5355,125248,CS Vir,Virgo,294.2239245,0.013,5.84,5.95
5351,,HIP 69958,214.7329851,54.86378191,6.48,6.457463,A5Vn,5372,125632,,Bootes,334.3587668,0.183,,
5352,,HIP 69965,214.7537321,-25.81542495,5.87,5.732926,F9VFe-1.5CH-0.7,5356,125276,374 G. Hya,Hydra,57.97620261,0.518,,
5353,Khambalia,HIP 69974,214.7774695,-13.3710913,4.52,4.474489,A1V,5359,125337,λ Virginis,Virgo,186.6057435,0.128,,
5354,,HIP 69977,214.7798245,-27.14115008,6.34,5.697597,K5III,,125279,373 G. Hya,Hydra,833.7583576,1.591,,
5355,,HIP 69989,214.8178322,13.00430108,5.396,5.288976,F3V,5365,125451,18 Boo,Bootes,85.05083696,0.385,,
5356,,HIP 69995,214.8495004,-37.00290686,5.925,5.92974,A2Vn,5357,125283,337 G. Cen,Centaurus,223.2879276,0.082,,
5357,,HIP 69996,214.8509215,-46.05809426,3.529,3.544546,B2.5IV,5354,125238,ι Lupi,Lupus,351.672641,-0.184,,
5358,,HIP 70012,214.8853322,-2.265516306,5.14,4.856747,G9IIICN-0.5,5366,125454,υ Virginis,Virgo,273.9496508,1.023,,
5359,,HIP 70022,214.9206267,0.3843343686,6.179,6.15784,A7Vn,5368,125489,239 G. Vir,Virgo,228.1316381,0.201,,
5360,,HIP 70029,214.9489106,38.79404963,6.31,6.31753,A2V,5373,125642,,Bootes,446.5745314,0.053,,
5361,,HIP 70035,214.9645947,-61.2729738,5.23,5.181315,A5/7mA7-F2,5349,125158,334 G. Cen,Centaurus,157.564018,0.281,,
5362,,HIP 70038,214.9716639,-6.746159487,6.44,6.192452,K0III,,125490,240 G. Vir,Virgo,301.293889,0.915,,
5363,,HIP 70051,215.0361022,30.42912653,6.445,6.429625,kA3hA4mF0,5374,125658,,Bootes,282.9863698,0.156,,
5364,,HIP 70054,215.0404235,-43.05884291,5.66,5.41236,G8III,5362,125383,,Lupus,383.9825131,0.907,,
5365,,HIP 70069,215.0814278,-56.38649549,4.35,4.271601,B5II,5358,125288,v Cen,Centaurus,1185.453801,0.082,,
5366,,HIP 70090,215.1393016,-37.88529206,4.034,4.066854,A0IV,5367,125473,ψ Centauri,Centaurus,247.1570042,-0.03,,
5367,,HIP 70104,215.1774237,-45.18705767,4.77,4.688169,F0IV,5364,125442,,Lupus,148.5194735,0.31,,
5368,,HIP 70243,215.582165,-34.78679115,5.568,5.539803,B8V,5376,125745,341 G. Cen,Centaurus,1230.187541,-0.088,,
5369,,HIP 70248,215.5966382,-80.10895512,5.052,4.977851,B3V,5336,124771,ϵ Apodis,Apus,550.6761461,-0.108,,
5370,,HIP 70264,215.6544709,-58.45911648,4.94,4.736431,G9III,5371,125628,340 G. Cen,Centaurus,282.0070656,0.795,,
5371,,HIP 70300,215.759328,-39.51181793,4.42,4.362966,B2V,5378,125823,V761 Cen,Centaurus,418.4863661,-0.185,4.38,4.43
5372,,HIP 70306,215.7740578,-27.75401725,4.75,4.34729,K4III,5381,125932,51 Hya,Hydra,174.6118728,1.3,,
5373,,HIP 70319,215.8136866,1.241567019,6.27,6.092967,G1.5V,5384,126053,243 G. Vir,Virgo,57.37408013,0.639,,
5374,,HIP 70320,215.8139698,-47.41696258,6.39,6.040308,G5/6Ib,,125809,,Lupus,3227.723923,1.257,,
5375,,HIP 70325,215.8343877,-50.77225091,6.09,5.595999,K2III,5377,125810,,Lupus,802.9546038,1.36,,
5376,,HIP 70327,215.8445636,8.44662087,4.87,,~,5385,126128,,Bootes,214.8979885,0.01,,
5377,,,215.8445645,8.446618501,5.037,,A0V,5386,126129,BD+09 2882A,Bootes,,,,
5378,,HIP 70336,215.8567707,-11.71404315,6.214,5.969796,K0III,5383,126035,2 Lib,Libra,330.2935556,0.99,,
5379,,HIP 70363,215.9524188,-53.17624428,5.993,5.692395,K1III,5380,125869,,Lupus,348.2920186,1.099,,
5380,,HIP 70384,216.0036587,8.243967588,5.93,5.926809,A3V,5388,126200,4 G. Boo,Bootes,383.9825138,0.066,,
5381,,HIP 70385,216.0082522,27.41317693,6.41,5.729141,K4III,,126307,,Bootes,1475.114686,1.609,,
5382,,HIP 70400,216.0472703,5.820127516,5.094,5.075666,A3V,5392,126248,244 G. Vir,Virgo,151.2060417,0.124,,
5383,,,216.085,-61.328,6.4,,Open Cluster,,,Cl Lynga 2,Centaurus,,,,
5384,,HIP 70418,216.0919368,-82.84824171,6.417,6.382507,B9IVe,5327,124639,,Apus,881.0805251,-0.001,,
5385,,HIP 70451,216.1700534,-44.31113491,6.43,6.154005,K0/1III,,126093,,Lupus,493.9390928,1.047,,
5386,,HIP 70469,216.2026034,-24.80630988,5.332,5.087268,K0III,5390,126218,,Libra,399.5099004,0.962,,
5387,,,216.2274191,-46.52874853,6.36,,M1(III),,126111,,Lupus,,1.68,,
5388,,HIP 70492,216.2763623,-68.19533377,5.62,5.40648,A1Iab/b,5379,125835,,Circinus,3505.38148,0.435,,
5389,,HIP 70497,216.299154,51.85074367,4.05,3.917229,F7V,5404,126660,θ Boötis,Bootes,47.50115764,0.497,,
5390,,HIP 70501,216.3233047,-13.35316332,6.49,6.141927,K2III,,126363,,Libra,519.9376043,1.223,,
5391,,HIP 70517,216.3714663,38.3930522,6.28,5.909278,K2III:,5402,126597,,Bootes,624.5216959,1.225,,
5392,,HIP 70528,216.4156118,-66.17292079,6.362,6.342701,A3V,5382,125990,,Circinus,418.4863615,0.128,,
5393,,HIP 70538,216.4490361,-26.85224271,6.487,6.254082,K0III,5399,126400,378 G. Hya,Hydra,250.9624045,0.941,,
5394,,HIP 70574,216.5342685,-45.2214233,4.553,4.535299,B2IV,5395,126341,τ 1 Lupi,Lupus,1034.919989,-0.147,4.54,4.58
5395,,HIP 70576,216.5450574,-45.37927841,4.35,4.207063,F7,5396,126354,τ 2 Lupi,Lupus,314.0655934,0.434,,
5396,,HIP 70580,216.5560145,-42.31859986,6.333,5.99815,K2III,5398,126386,347 G. Cen,Centaurus,314.0655939,1.215,,
5397,,HIP 70602,216.6140212,19.22689968,5.394,5.361637,kA7hA8mF2(III)((Sr)) ,5405,126661,22 Boo,Bootes,286.4677271,0.231,,
5398,,HIP 70626,216.707805,-39.87398451,6.346,6.34189,B9V,5400,126475,348 G. Cen,Centaurus,457.8639203,-0.088,,
5399,,HIP 70638,216.7301338,-83.66788473,4.304,3.879832,K2III,5339,124882,δ Octantis,Octans,278.6326326,1.3,,
5400,,HIP 70657,216.7795276,-65.82164697,5.828,5.340777,K3III,5391,126241,,Circinus,920.9047036,1.502,,
5401,,HIP 70663,216.8006423,-46.13419376,5.811,5.758399,A1mA5/7-F2,5401,126504,,Lupus,189.9769084,0.311,,
5402,,HIP 70680,216.8516026,-6.120344487,6.161,6.166488,A1V,5406,126722,104 Vir,Virgo,235.7196172,0.093,,
5403,,HIP 70692,216.8814361,75.69599431,4.235,3.744546,K4-III,5430,127700,5 UMi,UrsaMinor,344.6082049,1.431,,
5404,,HIP 70753,217.0434468,-29.49163799,4.97,4.944902,B7/8V,5407,126769,52 Hya,Hydra,415.2883058,-0.074,,
5405,Elgafar,HIP 70755,217.0505788,-2.22795806,4.84,4.645484,G2IV,5409,126868,ϕ Virginis,Virgo,134.9898185,0.693,,
5406,,HIP 70762,217.0684985,36.19702541,6.2,5.901379,K0III,5416,127065,,Bootes,936.7809096,1.174,,
5407,,HIP 70794,217.173843,-6.900526988,5.418,4.854397,K4/5III,5410,126927,106 Vir,Virgo,478.7083692,1.49,,
5408,,HIP 70798,217.1812346,-59.19754617,6.469,6.424245,A0II/III,5403,126610,349 G. Cen,Centaurus,2533.844759,0.111,,
5409,,HIP 70809,217.2162758,-47.99208229,6.39,6.375258,ApSi,,126759,,Lupus,490.9627112,-0.112,,
5410,,HIP 70874,217.4041931,-76.72908269,6.06,5.711649,K0/1III,5389,126209,,Apus,521.6001964,1.18,,
5411,,HIP 70892,217.4569608,31.79118853,6.05,6.061587,A0Vs(Si),5422,127304,,Bootes,348.6636574,-0.013,,
5412,,HIP 70894,217.4604902,0.8289308688,5.966,5.943536,A5IV/V,5418,127167,250 G. Vir,Virgo,248.8551395,0.159,,
5413,,HIP 70915,217.5359529,-45.32135607,5.5,5.484575,B8V,5412,126981,,Lupus,476.6089263,-0.087,,
5414,,HIP 70931,217.5872623,-49.5190371,5.376,5.368799,A2Vs+A2Vs,5413,126983,,Lupus,222.3738216,0.056,,
5415,,HIP 70949,217.6891264,4.772285794,6.007,5.521778,K4III,5424,127337,252 G. Vir,Virgo,1079.471166,1.421,,
5416,,HIP 70966,217.7359009,-40.84512432,6.374,5.902776,K3III,5417,127152,350 G. Cen,Centaurus,1048.230574,1.441,,
5417,,HIP 70987,217.7951646,-38.86971101,5.983,5.705048,K1III,5419,127193,351 G. Cen,Centaurus,345.7068397,1.06,,
5418,,,217.8185004,-67.7172026,5.903,5.6174,~,5408,126862A,,Circinus,274.410935,1.006,,
5419,,HIP 71040,217.9283803,60.22563463,6.26,6.215724,F0III,5437,127929,ER Dra,Draco,416.3477951,0.243,6.18,6.21
5420,,HIP 71053,217.9574555,30.37143657,3.59,3.164287,K3-III,5429,127665,ρ Boötis,Bootes,148.7225692,1.298,,
5421,Seginus,HIP 71075,218.0194653,38.30824808,3.02,3.022188,A7IV+(n),5435,127762,γ Boötis,Bootes,85.13983051,0.191,3.02,3.07
5422,,HIP 71094,218.0842756,26.67728926,6,6.187548,A7V,5433,127726,,Bootes,232.3592042,0.23,,
5423,,HIP 71111,218.1288721,55.3979948,5.718,5.144922,K5III,5442,128000,,Draco,611.6316471,1.529,,
5424,,HIP 71115,218.1355923,22.2600566,5.897,5.82093,F2IV,5434,127739,26 Boo,Bootes,167.6954515,0.391,,
5425,,HIP 71121,218.1543961,-50.45714824,4.423,4.37895,B1/B2V,5425,127381,σ Lupi,Lupus,573.9427808,-0.177,4.42,4.44
5426,,HIP 71154,218.2902293,-30.71505994,6.12,5.831007,K0III,5428,127624,352 G. Cen,Centaurus,411.6175444,1.03,,
5427,,HIP 71168,218.3344296,36.95901365,6.39,6.271513,F8IVw,5441,127986,,Bootes,238.4785504,0.521,6.9,6.92
5428,,HIP 71182,218.3748687,-52.67951862,5.87,5.561312,K0III,5427,127501,,Lupus,341.0059161,1.085,,
5429,,HIP 71184,218.3848648,-54.99862198,5.87,5.743918,F5IV,5426,127486,,Lupus,285.4642975,0.482,,
5430,,HIP 71196,218.4095569,79.66042627,6.27,5.849936,K3III,5479,129245,,UrsaMinor,461.104346,1.315,,
5431,,HIP 71243,218.5487791,32.53447877,6.306,6.214203,F5V,5445,128093,,Bootes,137.4367707,0.45,,
5432,,HIP 71277,218.6604157,36.6260635,5.999,5.564075,K5III,5448,128198,,Bootes,567.9443758,1.379,,
5433,,HIP 71280,218.6650862,49.36835358,5.74,5.074803,M1III,5452,128333,CH Boo,Bootes,781.7743703,1.56,5.74,5.88
5434,,HIP 71284,218.6700724,29.74512713,4.47,4.341964,F4VkF2mF1,5447,128167,σ Boötis,Bootes,50.41755969,0.364,,
5435,,HIP 71295,218.7113682,-20.43938232,6.481,6.467373,A3V,5438,127964,,Libra,612.7824379,0.139,,
5436,,,218.734,-56.64,5.5,,Open Cluster,,,NGC 5662,Centaurus,,,,
5437,,HIP 71333,218.8210151,-60.01564207,6.384,6.015051,K2III,5432,127724,354 G. Cen,Centaurus,609.3463919,1.256,,
5438,,HIP 71352,218.8767673,-42.15782522,2.31,2.2547,B2Ve,5440,127972,η Centauri,Centaurus,308.4202498,-0.157,2.3,2.41
5439,,HIP 71353,218.8811627,-41.51744226,5.87,5.859383,B7V,5439,127971,357 G. Cen,Centaurus,358.241544,-0.085,,
5440,,HIP 71406,219.0286359,23.25036033,6.37,6.111246,K0,5454,128402,,Bootes,376.8789692,1.063,,
5441,,HIP 71419,219.0792959,-46.24545087,5.55,4.999646,K3III,5444,128068,,Lupus,636.7206242,1.489,,
5442,,HIP 71429,219.1004328,-39.59741692,6.141,5.82247,K1III,5446,128152,358 G. Cen,Centaurus,399.9988993,1.048,,
5443,,HIP 71453,219.1838844,-40.2115823,5.736,5.72136,B8V,5449,128207,359 G. Cen,Centaurus,419.0242661,-0.112,,
5444,,HIP 71469,219.2491497,-12.30529685,6.2,6.039425,F6V,5455,128429,,Libra,108.7754973,0.464,,
5445,,HIP 71490,219.298234,26.73657117,6.2,,M4-8e,,128609,,Bootes,2145.201906,,6.2,13.1
5446,,HIP 71494,219.3017401,-53.06078332,6.49,5.957287,K2/3III,,128154,,Lupus,710.2401698,1.447,,
5447,,HIP 71500,219.3339864,-46.13343919,5.431,5.1057,G8III,5450,128266,,Lupus,1336.065858,0.927,,
5448,,HIP 71510,219.3686687,2.277240223,6.455,6.344806,F8V,,128563,254 G. Vir,Virgo,292.1147031,0.56,,
5449,,HIP 71530,219.4427368,-67.93201029,6.04,5.915188,F8.5VFe-0.6,5443,128020,,Circinus,91.83098272,0.506,,
5450,,HIP 71536,219.4717757,-49.42582829,4.05,4.001947,B3/4V,5453,128345,ρ Lupi,Lupus,310.1809754,-0.152,,
5451,,HIP 71568,219.5524541,43.64212726,5.721,5.173793,K4III,5464,128902,,Bootes,1143.859443,1.481,,
5452,,HIP 71571,219.5582815,18.29837772,5.91,5.59065,K2III:,5462,128750,,Bootes,367.1185264,1.099,,
5453,,HIP 71573,219.563423,54.02334039,5.83,5.82109,A1V,5467,128998,,Bootes,428.3837211,0.007,,
5454,,HIP 71577,219.5736429,-49.90112007,6.5,6.486763,A0IV,,128415,,Lupus,772.5127129,0.031,,
5455,,HIP 71581,219.580723,-38.7941866,6.031,5.549893,K3III,5456,128488,361 G. Cen,Centaurus,626.9243216,1.422,,
5456,,HIP 71618,219.7092721,44.40450225,5.387,5.383827,A1V,5468,129002,33 Boo,Bootes,196.8600696,0.03,,
5457,,HIP 71639,219.7951929,-46.58447635,6.07,5.941639,F8V,5457,128582,,Lupus,117.435362,0.508,,
5458,,HIP 71658,219.8519701,-49.05532108,6.39,6.279143,F5IV/V,5458,128617,,Lupus,182.021201,0.44,,
5459,Toliman,HIP 71681,219.8960963,-60.83752757,1.33,,K1V,5460,128621,α 2 Centauri,Centaurus,4.403123641,0.9,,
5460,Rigil Kentaurus,HIP 71683,219.9020583,-60.83399269,0.01,,G2V,5459,128620,α 1 Centauri,Centaurus,4.389739104,0.71,,
5461,,HIP 71683,219.90208,-60.83397,-0.1,,G2V+K1V,5459,128620,* alf Cen,Centaurus,4.389739104,0.71,,
5462,,HIP 71729,220.0911215,21.97586714,6.15,6.038795,G0V,5472,129132,,Bootes,344.2463575,0.434,,
5463,,HIP 71746,220.1364969,-56.44076437,6.296,5.952489,K0/1II,5461,128713,365 G. Cen,Centaurus,1006.173296,1.173,,
5464,,HIP 71759,220.176637,13.53432281,5.925,5.889852,F0V,5473,129153,,Bootes,173.1279188,0.238,,
5465,,HIP 71762,220.1814955,16.41832666,4.893,4.85487,B9IIIpHgMnSi,5475,129174,π 1 Boötis,Bootes,317.1208666,-0.002,,
5466,,,220.1830238,16.41779764,5.761,,A6V,5476,129175,* pi.02 Boo,Bootes,317.1208666,0.218,,
5467,,HIP 71783,220.2557908,-36.1348591,5.658,5.652278,B9.5III,5466,128974,367 G. Cen,Centaurus,588.446528,-0.081,,
5468,,HIP 71795,220.287116,13.72841686,4.51,4.310509,A2,5477,129246,* zet Boo B,Bootes,180.4094574,0.044,,
5469,,HIP 71795,220.2872982,13.72830463,3.78,4.310509,A1V,5478,129247,ζ Boötis,Bootes,180.4094574,0.044,,
5470,,HIP 71795,220.2873341,13.72828106,4.51,4.310509,A3IV,5478,129247,* zet Boo A,Bootes,180.4094574,0.044,,
5471,,HIP 71832,220.4114633,8.161764572,4.862,4.579063,G7IIIa,5480,129312,31 Boo,Bootes,575.9705034,0.992,,
5472,,HIP 71857,220.4759912,21.12352647,6.4,6.151615,G8III-IV,5483,129430,,Bootes,475.2201651,0.928,,
5473,Uridim,HIP 71860,220.4823158,-47.38819875,2.286,2.324652,B1.5III,5469,129056,α Lupi,Lupus,547.8986319,-0.154,2.29,2.34
5474,,HIP 71861,220.4832506,-58.61583149,6.204,6.107667,F5V,5465,128917,,Circinus,144.3756837,0.454,,
5475,,HIP 71865,220.4899606,-37.7934945,4,3.986582,B2.5V,5471,129116,b Cen,Centaurus,304.9581291,-0.157,,
5476,,HIP 71870,220.4987908,-77.01145167,6.34,6.31994,B9III,,128294,,Apus,591.6511017,-0.027,,
5477,,HIP 71876,220.5135351,61.26191322,6.29,6.189651,F3V,5492,129798,DL Dra,Draco,138.9008303,0.409,6.22,6.29
5478,Xami,HIP 71908,220.6267527,-64.97513301,3.19,3.167361,A7VpSrCrEu,5463,128898,α Circini,Circinus,53.46891945,0.256,3.18,3.21
5479,,HIP 71957,220.7650999,-5.658201377,3.88,3.767125,F2V,5487,129502,μ Virginis,Virgo,60.88901375,0.385,,
5480,,HIP 71974,220.8064637,-24.99775323,5.73,5.683555,A0IVe,5484,129433,4 Lib,Libra,409.0356238,0.006,,
5481,,HIP 71995,220.8556773,26.52785338,4.79,3.841982,M3-III,5490,129712,W Boo,Bootes,888.2851339,1.672,4.73,5.4
5482,,HIP 72000,220.8672239,-62.96663566,6.408,,B3IV,,129092,,Circinus,1216.417291,-0.086,,
5483,,HIP 72010,220.9143232,-35.17366858,4.04,3.594247,K3IIIb,5485,129456,c1 Cen,Centaurus,205.1606912,1.356,,
5484,,HIP 72012,220.93514,40.45925287,5.73,5.233682,K4III,5493,129846,,Bootes,793.1876366,1.398,,
5485,,HIP 72097,221.2311502,-58.47749443,6.098,5.828079,K0III,5486,129462,,Circinus,365.879724,1.013,,
5486,,,221.2464574,27.07498559,4.801,,A0V,5505,129988,* eps Boo B,Bootes,,0.052,,
5487,,HIP 72104,221.2466735,-35.1918287,4.924,4.895011,A0IVnn,5489,129685,c2 Cen,Centaurus,206.8529578,0.013,,
5488,Izar,HIP 72105,221.2467398,27.07422232,2.45,2.183352,K0-II-III,5506,129989,ϵ Boötis,Bootes,209.6464498,0.966,,
5489,,HIP 72121,221.295665,-55.60164064,6.089,6.05945,B2III,5488,129557,BU Cir,Circinus,1724.869897,-0.066,6.1,6.12
5490,,HIP 72122,221.2987803,-1.417530217,6.07,5.26576,M1III,5496,129902,257 G. Vir,Virgo,510.9726006,1.608,,
5491,,HIP 72124,221.3071323,32.788345,6.28,5.500243,M1III,5510,130084,,Bootes,976.0476245,1.61,,
5492,,HIP 72125,221.3102523,16.96427662,4.6,4.340529,G8.5III,5502,129972,ο Boötis,Bootes,225.1383031,0.972,,
5493,,HIP 72131,221.3222357,-62.87564939,5.36,5.282068,A9III/IV,5482,129422,,Circinus,149.8850848,0.308,,
5494,,HIP 72135,221.3284456,-51.31492961,6.43,5.788513,K4III,,129624,,Lupus,1116.439577,1.591,,
5495,,HIP 72139,221.335757,18.88495575,6.145,5.928105,K0,5507,130025,,Bootes,494.6888925,0.841,,
5496,,HIP 72154,221.3758519,0.7172722786,5.665,5.661195,B9.5V,5501,129956,108 Vir,Virgo,613.9364778,-0.021,,
5497,,HIP 72194,221.4906601,-15.45954503,6.34,5.973894,K2III,5503,129978,5 Lib,Libra,1108.843778,1.194,,
5498,,HIP 72197,221.5003405,-25.44317763,5.11,,F0VSr,5497,129926A,* m Hya A,Hydra,99.20869758,0.315,,
5499,,HIP 72208,221.5247612,15.13178088,5.63,3.827463,M5+IIIab,5512,130144,EK Boo,Bootes,908.0798628,1.335,,
5500,,HIP 72210,221.528212,-23.15303147,5.803,5.526731,K0III,5499,129944,,Libra,365.8797283,0.98,,
5501,,HIP 72217,221.5453324,-21.17596168,6.43,6.303584,G1V,5504,129980,,Libra,137.9019777,0.603,,
5502,,HIP 72220,221.562181,1.892883828,3.73,3.728377,A0IIInn,5511,130109,109 Vir,Virgo,128.5995638,-0.005,,
5503,,HIP 72250,221.6208046,-47.44111756,5.74,5.723742,A1V,5494,129858,,Lupus,339.9366365,0.066,,
5504,,HIP 72290,221.7553903,-52.38351726,5.22,4.960587,G8III,5495,129893,,Lupus,259.1417444,0.984,,
5505,,HIP 72296,221.7712365,-38.29063667,5.898,5.439885,K3III,5508,130055,373 G. Cen,Centaurus,554.4218954,1.336,,
5506,,HIP 72308,221.8024417,-52.20525594,6.07,6.035306,A1III/IV,5498,129932,,Lupus,2414.816548,0.084,,
5507,,HIP 72310,221.8068749,-21.32487342,6.034,5.397008,K4/5III,5513,130157,,Libra,1862.859231,1.649,,
5508,,HIP 72323,221.8439821,-25.62426656,5.609,5.583675,B9IV/V,5514,130158,55 Hya,Hydra,612.7824376,-0.043,,
5509,,HIP 72338,221.8837303,-43.55680807,6.3,6.018516,G8III,5509,130073,,Lupus,609.3463946,1.068,,
5510,,HIP 72357,221.9366934,-26.08750053,5.229,4.969911,G8/K0III,5516,130259,56 Hya,Hydra,331.3008956,0.938,,
5511,Paradys,HIP 72370,221.9654629,-79.04475355,3.798,3.362282,K3IIICN0.5,5470,129078,α Apodis,Apus,411.0959357,1.433,,
5512,,HIP 72373,221.9789655,-12.84000927,6.32,6.028984,K1IIICN0.5,5518,130325,,Libra,360.6180865,1.097,,
5513,,HIP 72378,221.98982,-26.6461698,5.764,5.746594,B9.5V,5517,130274,57 Hya,Hydra,434.0887328,-0.007,,
5514,,HIP 72432,222.1585264,-36.63469686,6.01,4.116181,M5III,5519,130328,375 G. Cen,Centaurus,449.0358374,1.369,5.93,6.15
5515,,HIP 72438,222.1856248,-66.59356179,5.88,5.910399,B2V,5500,129954,CO Cir,Circinus,1143.859444,-0.106,,
5516,,HIP 72449,222.2253963,-0.8476604348,6.136,6.140657,A0IV,5522,130557,,Libra,352.8136432,-0.025,,
5517,,HIP 72471,222.2793993,-56.66782937,6.21,5.900203,K1III,5515,130227,,Circinus,311.9619128,1.107,,
5518,Merga,HIP 72487,222.3277931,46.116204,5.757,5.645437,F6IVs,5533,130945,,Bootes,152.7649671,0.482,,
5519,,HIP 72488,222.3281003,-24.25146913,5.692,5.252471,K3III+G,5521,130529,,Libra,1112.628639,1.275,,
5520,,HIP 72489,222.3293785,-14.14902565,5.6,,~,5523,130559,* mu. Lib A,Libra,235.2094271,0.066,,
5521,,HIP 72489,222.3293804,-14.14902127,5.31,,ApSrEuCr,5523,130559,μ Librae,Libra,235.2094271,0.066,,
5522,,HIP 72508,222.384925,51.37450325,6.48,6.391676,F3V,5537,131040,,Bootes,167.9546153,0.401,,
5523,,HIP 72518,222.4043583,-68.93619062,6.488,6.467286,B2V,,130021,,Circinus,851.1765376,-0.101,,
5524,,HIP 72524A,222.4220563,48.72080582,6.248,6.123209,F8V,5538,131041A,,Bootes,229.2547001,0.501,,
5525,,HIP 72552,222.4933272,28.61583143,5.8,5.781428,A4V,5532,130917,,Bootes,294.7559524,0.046,,
5526,,HIP 72567,222.5658791,23.91184284,5.867,5.729347,F9IV-V,5534,130948,HP Boo,Bootes,58.49649561,0.576,,
5527,Solitaire,HIP 72571,222.5721179,-27.96036123,4.41,3.907332,K2.5IIIbFe-1:,5526,130694,58 Hya,Hydra,305.243706,1.366,,
5528,,HIP 72603,222.6715495,-15.99721043,5.16,5.033163,F3V,5530,130819,α 1 Librae,Libra,77.14142377,0.401,,
5529,Kochab,HIP 72607,222.6763575,74.15550394,2.08,,K4-III,5563,131873,β Ursae Minoris,UrsaMinor,126.4055682,1.465,,
5530,Zubenelgenubi,HIP 72622,222.7196379,-16.04177652,2.75,2.722356,kA2hA5mA4IV-V,5531,130841,α 2 Librae,Libra,77.15967978,0.147,,
5531,,HIP 72629,222.750397,-0.2574949892,6.175,5.6966,K4III,5536,130970,261 G. Vir,Virgo,454.0399399,1.397,,
5532,,HIP 72631,222.7544668,-2.299150294,4.94,4.641121,K0III/IV,5535,130952,11 Lib,Libra,216.0373598,0.988,,
5533,,HIP 72659,222.8474164,19.10047205,4.593,,G7Ve+K5Ve,5544,131156,ξ Boötis,Bootes,21.8411083,0.72,4.52,4.67
5534,,HIP 72659,222.8474519,19.10044994,4.675,,G7Ve,5544,131156A,* ksi Boo A,Bootes,21.8411083,0.72,4.52,4.67
5535,,HIP 72670,222.8751508,-77.17597088,6.44,6.41814,ApSi,,129899,,Apus,898.0716527,-0.024,,
5536,,HIP 72683,222.9095954,-43.57536015,4.313,4.195675,B5IV,5528,130807,ο Lupi,Lupus,407.5001615,-0.154,,
5537,,HIP 72702,222.9637756,-18.35532684,6.26,5.967727,K0II/III,,131027,10 Lib,Libra,913.1654667,1.094,,
5538,,HIP 72772,223.1379218,-30.57725605,6.29,6.158226,G0/1V,5542,131117,377 G. Cen,Centaurus,130.4522225,0.605,,
5539,,HIP 72773,223.1469115,-63.80982131,5.96,5.658399,F8II,5527,130701,AX Cir,Circinus,1012.422717,0.66,5.65,6.09
5540,,HIP 72800,223.2128048,-37.80316171,5.015,4.982706,B7IIIp,5543,131120,V1019 Cen,Centaurus,383.9825137,-0.155,,
5541,,,223.306546,-73.190075,5.77,,~,5520,130458A,,Apus,319.9215282,0.82,,
5542,,HIP 72833,223.3065465,-73.19007258,5.6,,G7III,5520,130458,,Apus,319.9215281,0.82,,
5543,,HIP 72846,223.3472852,15.70516316,6.38,,F4IV+G1IV,5550,131473,,Bootes,159.8039676,0.569,,
5544,,HIP 72848,223.3490228,19.15279798,6,5.766141,K0.5V,5553,131511,DE Boo,Bootes,37.60543079,0.841,6,6.05
5545,,HIP 72929,223.5838691,-24.64220427,5.266,4.832326,K2/3III,5548,131430,12 Lib,Libra,384.4356549,1.336,,
5546,,HIP 72934,223.5953088,-11.89835038,5.788,5.52798,K0III,5554,131530,ξ 1 Librae,Libra,364.6539679,0.982,,
5547,,HIP 72959,223.6579758,-33.3005703,5.834,5.378422,K2III,5549,131432,380 G. Cen,Centaurus,800.9823052,1.429,,
5548,,HIP 72965,223.6774418,-65.99110499,6.09,6.053959,B2/3Vn,5539,131058,ζ Circini,Circinus,1225.564854,-0.061,,
5549,,HIP 72983,223.7251452,-69.8609587,6.37,6.351654,B5V,,130942,,Circinus,926.1370046,-0.059,,
5550,,HIP 73036,223.8939986,-60.11416535,5.18,4.832974,K2III,5546,131342,,Circinus,172.7611656,1.161,,
5551,,HIP 73049,223.9362851,-33.85578252,5.312,5.299865,A0V,5558,131625,381 G. Cen,Centaurus,246.9698804,0.046,,
5552,,HIP 73068,223.9941348,32.30006223,6.122,6.125945,A2V,5569,132029,,Bootes,313.1606143,0.109,,
5553,,HIP 73087,224.0551254,14.44626134,5.892,5.89855,A0V,5567,131951,,Bootes,546.979312,-0.031,,
5554,,HIP 73095,224.0718796,-52.80955114,5.386,5.365459,A1IV/V,5556,131562,,Lupus,216.1804707,0.142,,
5555,,HIP 73107,224.1286108,-32.63678383,6.058,5.58426,K3III,5562,131774,383 G. Cen,Centaurus,550.6761545,1.413,,
5556,,HIP 73111,224.1335557,-47.87919625,5.64,,B9V,5559,131657,,Lupus,625.7213799,-0.035,,
5557,,,224.1335628,-47.87919673,5.99,6.047067,~,5559,131657A,,Lupus,625.72138,-0.035,,
5558,,HIP 73116,224.1489821,-39.41600538,6.357,6.344184,A0/1V,5561,131752,382 G. Cen,Centaurus,392.7714766,0.061,,
5559,,HIP 73118,224.1597455,-62.36441692,6.391,6.384954,B4III,,131491,,Circinus,1012.422717,-0.055,,
5560,,HIP 73129,224.1832711,-62.78102093,5.11,5.35798,B2III,5551,131492,θ Circini,Circinus,833.7583526,-0.023,5.02,5.44
5561,,HIP 73133,224.192146,-11.40970003,5.45,4.920499,K4III,5564,131918,ξ 2 Librae,Libra,537.9556307,1.491,,
5562,,HIP 73165,224.2958287,-4.346458684,4.49,4.374847,F2V,5570,132052,16 Lib,Libra,90.9853445,0.318,,
5563,,HIP 73166,224.2986577,16.38812724,5.715,5.476844,G5III:,5575,132146,,Bootes,617.4246773,0.951,,
5564,,HIP 73171,224.3071193,-29.15767717,6.283,6.266329,B9V,5565,131919,391 G. Hya,Hydra,557.2646172,-0.011,,
5565,,HIP 73184,224.36667,-21.4154798,5.72,5.364037,K4V,5568,131977,Gliese 570,Libra,19.25351743,1.024,5.72,5.76
5566,,HIP 73193,224.3885473,-0.1676119348,5.512,5.197387,K1III,5573,132132,1 Ser,Virgo,294.7559561,1.131,,
5567,,HIP 73199,224.3958733,65.93244851,4.54,3.169796,M4.5III,5589,132813,RR UMi,UrsaMinor,397.5604067,1.59,4.53,4.73
5568,,HIP 73223,224.4707647,-76.66265469,5.359,4.847765,K4III:,5540,131109,R Aps,Apus,427.8230024,1.442,,
5569,,HIP 73241,224.5366435,-48.86295024,6.347,6.180665,G4V,5566,131923,,Lupus,79.92154997,0.708,,
5570,,HIP 73273,224.6330224,-43.13396385,2.68,2.695258,B2III,5571,132058,β Lupi,Lupus,523.2758434,-0.184,,
5571,,HIP 73279,224.6522046,-39.90717466,6.163,5.821328,K1III,5572,132096,384 G. Cen,Centaurus,365.4722267,1.216,,
5572,,HIP 73284,224.6635704,-27.65730538,6.13,,~,5577,132219,* 59 Hya A,Hydra,349.7851022,0.262,,
5573,,HIP 73309,224.7199237,-4.989253315,6.08,5.967186,F7V,5583,132375,,Libra,113.7078787,0.509,,
5574,,HIP 73310,224.7232557,-11.14401733,5.857,5.51443,K3-IIICN2,5582,132345,18 Lib,Libra,315.8915222,1.274,,
5575,,HIP 73334,224.7903539,-42.10419637,3.11,3.118282,B2IV,5576,132200,κ Centauri,Centaurus,538.8423492,-0.208,,
5576,,HIP 73341,224.8080218,-37.8812323,6.47,6.444463,B7V,5579,132238,386 G. Cen,Centaurus,625.7213812,-0.08,,
5577,,HIP 73350,224.8463146,4.5677606,5.93,5.061779,M2.5III,5584,132525,265 G. Vir,Virgo,724.4439974,1.615,,
5578,,HIP 73354,224.8632871,-43.15985066,6.095,5.953558,F7II,5580,132242,,Lupus,1801.105026,0.597,,
5579,,HIP 73369,224.9039461,39.2653324,5.634,5.556746,F1III-IV,5588,132772,40 Boo,Bootes,164.3973049,0.336,,
5580,,HIP 73394,224.982332,-75.03267013,6.187,6.185792,B9V,5555,131551,,Apus,529.2220795,-0.038,,
5581,,HIP 73415,225.0470909,-77.16055176,5.92,5.634158,G8II,5547,131425,,Apus,876.3437448,1.052,,
5582,Quadrans,HIP 73695,225.063139,47.6540556,4.83,,G2V+G2V,5618,133640,GJ 575,Bootes,41.58686,0.647,5.8,6.4
5583,,HIP 73454,225.1613246,47.27744222,6.351,6.331152,A0VspSiSrCr,5597,133029,BX Boo,Bootes,476.6089201,-0.099,6.33,6.41
5584,,HIP 73464,225.2178203,22.04558756,6.26,5.960255,K0,5592,132879,,Bootes,1021.945183,1.179,,
5585,,HIP 73473,225.2431179,-8.518947336,4.93,4.87722,A0V,5586,132742,δ Librae,Libra,304.1046618,0,4.91,5.9
5586,,HIP 73493,225.30457,-38.05839773,5.869,5.497828,K2/3III,5585,132604,388 G. Cen,Centaurus,386.7143946,1.246,,
5587,,HIP 73497,225.3326093,-2.754922806,5.52,4.748884,K4/5III,5590,132833,,Libra,564.0128198,1.692,,
5588,,HIP 73507,225.3628705,60.204462,5.92,5.904988,A4V,5608,133388,,Draco,326.6521225,0.107,,
5589,Alkalurops,HIP 75411,225.408175,37.3771556,4.31,4.150256,F0V,5733,137391,μ 1 Boötis,Bootes,120.92,0.309,,
5590,,HIP 73536,225.4538372,-0.140297794,5.93,5.171853,~,5594,132933A,* 2 Ser A,Serpens,1021.945186,1.509,,
5591,,HIP 73536,225.4538376,-0.1402979832,5.71,5.171853,M0.5IIb,5594,132933,2 Ser,Virgo,1021.945186,1.509,,
5592,,HIP 73540,225.4616595,-83.22764731,5.641,5.39617,G8/K0III,5525,130650,π 1 Octantis,Octans,388.5595465,0.962,,
5593,Nekkar,HIP 73555,225.4865096,40.39056857,3.52,3.244982,G8IIIaFe-0.5,5602,133208,β Boötis,Bootes,218.6453543,0.956,,
5594,,HIP 73559,225.4920092,-34.35887669,6.208,6.164189,A8/9III/IV,5587,132763,389 G. Cen,Centaurus,392.7714771,0.242,,
5595,,HIP 73566,225.5268047,-28.06061308,5.824,5.800091,A4IV,5591,132851,60 Hya,Hydra,324.7013489,0.164,,
5596,,HIP 73568,225.52712,25.0081388,4.81,4.218185,K4III,5600,133124,ω Boötis,Bootes,359.4281824,1.506,,
5597,,HIP 73571,225.5357335,-7.575300928,6.373,6.342482,A5V,,132953,,Libra,580.0715858,0.18,,
5598,,HIP 73620,225.7251565,2.091304361,4.4,4.094921,K0+IIIbFe-0.5,5601,133165,110 Vir,Virgo,183.3522615,1.026,,
5599,,HIP 73624,225.7469854,-32.6432914,5.437,5.416502,B3V,5595,132955,,Lupus,349.7851017,-0.127,,
5600,,HIP 73634,225.7752274,35.20579424,5.513,5.252574,G8III:,5609,133392,,Bootes,275.1056418,1.023,,
5601,,HIP 73695A,225.9467902,47.65397724,5.136,4.9544,F5V,5618,133640A,,Bootes,41.58686431,0.647,5.8,6.4
5602,,HIP 73695B,225.9479773,47.65448026,6.004,5.486304,G9:,5618,133640B,44 Boo,Bootes,41.58686431,0.647,5.8,6.4
5603,,HIP 73706,225.9906928,65.91971421,6.23,6.208067,A2Vs,5629,133994,,UrsaMinor,463.7286506,0.055,,
5604,Brachium,HIP 73714,226.0175617,-25.28196958,3.21,2.303412,M2.5III,5603,133216,σ Librae,Libra,291.8532512,1.674,3.2,3.46
5605,,HIP 73745,226.111429,26.94764832,4.55,4.109814,K2III,5616,133582,ψ Boötis,Bootes,250.0000483,1.24,,
5606,,HIP 73764,226.1787547,-40.86134476,6.4,4.730577,M6III,5604,133220,GM Lup,Lupus,640.4728862,1.389,6.38,6.7
5607,,HIP 73771,226.1955136,-83.03831098,5.645,5.262153,G8Ib,5545,131246,π 2 Octantis,Octans,1734.043534,1.273,,
5608,,HIP 73776,226.2007815,-64.03135115,5.168,4.900535,G8III,5593,132905,η Circini,Circinus,267.213179,0.935,,
5609,,HIP 73807,226.2795301,-47.05126154,4.58,4.661487,B5V,5605,133242,* pi. Lup A,Lupus,496.9513333,-0.144,,
5610,,HIP 73807,226.2801457,-47.0510636,3.89,4.661487,B5,5605,133242,π Lupi,Lupus,496.9513333,-0.144,,
5611,,HIP 73807,226.2801545,-47.0510894,4.62,4.661487,B5IV,5606,133243,* pi. Lup B,Lupus,496.9513333,-0.144,,
5612,,HIP 73826,226.3298537,-41.06723709,5.127,4.842067,G8III,5607,133340,,Lupus,367.1185271,1.011,,
5613,,HIP 73841,226.3576437,48.15097021,5.577,5.579378,A0Vs,5627,133962,47 Boo,Bootes,259.7611393,-0.005,,
5614,,HIP 73850,226.3912722,-30.55086287,6.48,6.366749,F5.5V,,133469,,Lupus,103.8215987,0.489,,
5615,,HIP 73881,226.5100603,-48.88339293,6.467,6.452807,B2/3V,,133399,,Lupus,1706.806231,-0.137,,
5616,,HIP 73901,226.5580588,-36.26460192,6.269,5.533639,K5III,5615,133550,,Lupus,1364.017109,1.658,,
5617,,HIP 73909,226.5696557,54.55631794,5.25,4.984057,G8IIIFe-1,5635,134190,,Bootes,260.1758099,0.958,,
5618,,HIP 73927,226.6130949,-22.03182947,6.14,5.852552,K0III,5620,133670,,Libra,195.3265723,1.04,,
5619,,HIP 73937,226.6383242,-30.91848158,5.977,5.925947,ApSi,5619,133652,,Lupus,312.2605322,-0.076,5.96,6.03
5620,,HIP 73941,226.6464387,36.45606544,6.351,6.231051,F8V,5630,134044,,Bootes,96.13679269,0.537,,
5621,,HIP 73945,226.6566521,-16.25681861,5.2,4.556368,K5-III,5622,133774,ν Librae,Libra,765.259213,1.589,,
5622,,HIP 73953,226.7044188,-16.48436091,6.404,6.385905,A6VkA0.5mA0.5_lB,,133800,22 Lib,Libra,413.1823454,0.162,,
5623,,HIP 73966,226.733214,-52.02977914,6.39,6.358083,B2IVpHe,,133518,,Lupus,1015.57514,-0.109,,
5624,,HIP 73980,226.7841793,-71.90495206,6.5,5.901851,K4III,5598,133049,,Apus,1895.348395,1.592,,
5625,,HIP 73996,226.8252747,24.86919428,4.93,4.802299,F5V,5634,134083,45 Boo,Bootes,64.29994939,0.429,,
5626,,HIP 74000,226.8348689,18.44182458,6.029,6.030386,A1Vnn,5633,134064,,Bootes,244.1949656,0.073,,
5627,,HIP 74006,226.8581257,-49.08860804,5.766,5.53859,G8III,5617,133631,,Lupus,348.6636592,0.92,,
5628,,HIP 74026,226.9180069,5.498058903,6.17,5.913457,G7IIIa:Fe-0.5:,5631,134047,271 G. Vir,Virgo,533.551368,0.921,,
5629,,HIP 74044,226.9839741,-61.12869166,6.5,,F2III,,133557,,Circinus,406.4830381,0.432,,
5630,,HIP 74047,226.9865107,-65.2754509,6.166,5.638294,K3III,5611,133456,,TriangulumAustrale,793.1876373,1.47,,
5631,,HIP 74066,227.0505161,-40.58393206,5.79,5.743783,B8IVSi,5624,133880,,Lupus,412.6574836,-0.113,5.76,5.81
5632,,HIP 74083,227.081406,50.0549537,6.327,6.059183,K0III,5648,134493,,Bootes,422.8286799,1.05,,
5633,,HIP 74087,227.0990963,26.30115411,5.669,5.276025,K2III,5638,134320,46 Boo,Bootes,419.5621639,1.24,,
5634,,HIP 74096,227.1481778,25.10863493,5.804,5.441864,K1III,5640,134335,,Bootes,510.1738969,1.233,,
5635,,HIP 74100,227.1633251,-42.86792291,5.82,5.80913,B5/7V,5625,133937,,Lupus,444.1425747,-0.123,,
5636,,HIP 74117,227.2108869,-45.27986138,4.05,3.959939,B3V,5626,133955,λ Lupi,Lupus,406.4830408,-0.162,,
5637,,HIP 74121,227.2229721,13.23523673,6.142,5.881036,G6V:,5639,134323,,Bootes,582.1416848,0.967,,
5638,,HIP 74181,227.3563408,-63.6429304,6.247,6.2279,ApSrCrEu,5623,133792,,Circinus,555.3672915,0.059,,
5639,,HIP 74184,227.3746434,-67.08413478,5.757,5.571874,F5Ib,5621,133683,,TriangulumAustrale,6037.033197,0.675,,
5640,,HIP 74224,227.5305196,-38.79250997,5.978,5.764575,G6III,5636,134255,,Lupus,467.0473435,0.867,,
5641,,HIP 74239,227.5776306,-26.3326255,5.756,5.478405,K0III,5641,134373,,Libra,449.6552382,1.045,,
5642,,HIP 74272,227.6851068,67.78105053,6.18,6.15649,A8Vn,5672,135384,,UrsaMinor,503.8657846,0.143,,
5643,,HIP 74273,227.6864292,-61.42232241,6.285,6.14853,G0VFe+0.4,5632,134060,,Circinus,78.72512721,0.623,,
5644,,HIP 74296,227.7866339,-84.78778598,5.866,5.869414,B9.5V,5557,131596,ω Octantis,Octans,318.3596587,-0.031,,
5645,,HIP 74305,227.8165972,-55.34602998,5.43,5.117611,G1/3Ib/II,5637,134270,,Lupus,2024.845426,1.118,,
5646,,HIP 74336,227.895013,-45.27746041,6.41,6.194861,K1III,5642,134444,,Lupus,389.0224744,1.039,,
5647,,HIP 74376,227.9836386,-48.73782499,3.7,3.870617,B9.5Vne,5646,134481,κ 1 Lupi,Lupus,182.2246249,-0.029,,
5648,,HIP 74380,227.990314,-48.74368566,5.498,5.688129,A3/5V,5647,134482,κ 2 Lupi,Lupus,193.0135989,0.144,,
5649,,HIP 74386,228.0177726,18.97603019,5.89,4.655125,M4SIII,5654,134943,FL Ser,Serpens,829.5170936,1.414,5.79,6.02
5650,,HIP 74391,228.0500458,-19.10648439,6.49,5.915336,K4III,,134758,,Libra,555.3672968,1.507,,
5651,,HIP 74392,228.0553761,-19.79171089,4.54,4.42579,B9IVpSi,5652,134759,ι 1 Librae,Libra,376.4421319,-0.071,,
5652,,HIP 74395,228.0712313,-52.0992487,3.41,3.180022,G8III,5649,134505,ζ Lupi,Lupus,116.1796085,0.918,,
5653,,HIP 74418,228.130013,-48.21899339,6.332,6.019643,K2III,5650,134597,,Lupus,471.0995237,1.115,,
5654,,HIP 74421,228.1415795,-72.77060094,6.019,6.001606,B8/9III,5628,133981,,Apus,848.9597359,-0.002,,
5655,,HIP 74441,228.1965515,10.70230708,6.5,6.094779,K2,,135061,,Serpens,669.4053967,1.274,,
5656,,HIP 74449,228.2066147,-44.50041401,4.806,4.788659,B3IV/V,5651,134687,,Lupus,454.0399381,-0.177,,
5657,,HIP 74470,228.254254,-61.74377688,6.269,5.439369,K4Ib,5645,134468,,Circinus,7581.393558,1.901,,
5658,,HIP 74479,228.281924,-36.0914193,6.079,6.07653,B8V,5653,134837,,Lupus,362.2220058,-0.081,,
5659,,HIP 74490,228.3225313,-24.00831594,6.47,6.446226,B8III,5655,134946,,Libra,412.1358847,-0.026,,
5660,,HIP 74493,228.3299728,-19.64757607,6.066,6.049988,A2V,5656,134967,ι 2 Librae,Libra,218.9390869,0.124,,
5661,,HIP 74500,228.3694455,-25.30934816,6.46,6.302472,G6IV-V,5657,134987,23 Lib,Libra,72.40675741,0.7,,
5662,,HIP 74505,228.3827932,22.98339372,6.298,6.29593,A2V,5665,135263,,Serpens,281.5200223,0.064,,
5663,,HIP 74514,228.398256,38.26469812,6.187,5.825101,K2III:,5673,135402,,Bootes,438.7635684,1.218,,
5664,,HIP 74539,228.4721369,-26.19357409,5.857,5.529739,G8/K0II,5658,135051,,Libra,918.309748,1.139,,
5665,,HIP 74561,228.5251779,31.78784594,5.974,5.341127,K5,5674,135438,,Bootes,585.2778028,1.552,,
5666,,HIP 74571,228.542978,42.1714048,6.13,5.238345,M2III,5677,135530,,Bootes,1003.076292,1.635,,
5667,,HIP 74582,228.5798979,-70.07947592,5.81,4.253746,"C5,5",5644,134453,X TrA,TriangulumAustrale,1495.414711,3.271,5.02,6.4
5668,,HIP 74596,228.6214948,29.16429637,5.272,5.262741,A1Va+,5676,135502,χ Boötis,Bootes,226.3888373,0.062,,
5669,,HIP 74600,228.6406578,-17.76857145,6.172,6.156366,B9III,5662,135230,26 Lib,Libra,1283.465741,-0.015,,
5670,,HIP 74604,228.6554993,-31.51912384,4.918,4.796084,F3III,5660,135153,1 Lup,Lupus,1139.859428,0.374,,
5671,,HIP 74623,228.7108189,-5.502551915,6.29,5.742402,K3III,5669,135367,,Libra,910.6161453,1.473,,
5672,,HIP 74649,228.7973205,4.939355431,5.337,4.973391,K0III,5675,135482,3 Ser,Serpens,467.0473439,1.092,,
5673,,HIP 74666,228.8756784,33.31483124,3.49,3.21128,G8IIIFe-1,5681,135722,δ Boötis,Bootes,116.6787127,0.961,,
5674,,HIP 74689,228.95449,0.3721376178,5.623,5.594704,A5V,5679,135559,4 Ser,Serpens,161.3863735,0.181,,
5675,,HIP 74690,228.9612793,50.9384609,6.48,6.253892,G5,,135944,,Bootes,197.3366799,0.854,,
5676,,HIP 74695,228.9731846,6.46483815,6.46,6.053621,K0,,135615,4 G. Ser Cap,Serpens,1211.895674,1.308,,
5677,,HIP 74696,228.9736384,-48.0736853,5.958,5.93688,A2IIIs,5663,135235,,Lupus,168.7370221,0.21,,
5678,,HIP 74707,229.016746,-41.4911657,5.171,5.064031,A/F,5667,135345,,Lupus,1283.465739,0.564,,
5679,,HIP 74716,229.0435856,-43.48499655,6.034,6.021009,B2/3IV,5668,135348,,Lupus,893.1523173,-0.128,,
5680,,HIP 74732,229.0958778,-22.3994143,5.506,5.089524,K2III,5678,135534,,Libra,499.9994366,1.357,,
5681,,HIP 74750,229.1528739,-60.904,5.81,5.771914,B1/2Vn,5661,135160,,Circinus,1917.646806,-0.057,,
5682,,HIP 74769,229.2157723,-47.86455092,6.45,6.229959,G8III,,135430,,Lupus,564.9908177,0.927,,
5683,,HIP 74775,229.229025,-46.20235712,6.45,6.326706,F6V,,135468,,Lupus,173.8666343,0.514,,
5684,,HIP 74778,229.2370663,-60.95725558,5.09,5.008418,O8V,5664,135240,δ Circini,Circinus,6392.145127,-0.077,5.08,5.18
5685,Zubeneschamali,HIP 74785,229.2517243,-9.38291441,2.62,2.634658,B8Vn,5685,135742,β Librae,Libra,159.9607754,-0.071,,
5686,,HIP 74793,229.2745394,71.82390204,5.015,4.556678,K4III,5714,136726,11 UMi,UrsaMinor,389.6591666,1.369,,
5687,,HIP 74824,229.3785394,-58.80120702,4.057,4.060981,A3Va,5670,135379,β Circini,Circinus,96.59254215,0.088,,
5688,,HIP 74837,229.4120545,-63.61046754,4.849,4.471704,K2III,5666,135291,ϵ Circini,Circinus,372.9963054,1.26,,
5689,,HIP 74857,229.4576566,-30.14866647,4.33,4.049004,K0IIIaCH-1,5686,135758,2 Lup,Lupus,307.8376885,1.1,,
5690,,HIP 74875,229.5393139,-41.06116158,6.277,6.275874,A2mA2-A7,5682,135730,,Lupus,261.8475468,0.176,,
5691,,HIP 74896,229.6021134,20.57276304,5.686,5.423979,G8IIIa,5692,136138,,Serpens,290.2939898,0.972,,
5692,,HIP 74901,229.6088619,-0.4612341765,5.89,5.314125,K2/3III,5690,136028,6 G. Ser Cap,Serpens,978.9783698,1.507,,
5693,,HIP 74911,229.6331047,-47.87508807,5.01,,B7V,5683,135734,* mu.02 Lup,Lupus,290.5528344,-0.086,,
5694,,HIP 74911,229.6334501,-47.87529209,4.945,,B7V,5683,135734,* mu.01 Lup,Lupus,290.5528344,-0.086,,
5695,,,229.63842,2.08103,5.95,,Globular Cluster,,,M 5,Serpens,,,,
5696,,HIP 74929,229.672092,-31.20934994,6.194,5.813161,G6/8III,5688,135896,,Lupus,996.9409761,1.205,,
5697,,HIP 74941,229.7047636,-60.49633221,5.46,5.378384,O8IV((f)),5680,135591,,Circinus,163000.0591,-0.089,,
5698,,HIP 74946,229.727422,-68.67954667,2.89,2.882312,A1V,5671,135382,γ Trianguli Australis,TriangulumAustrale,182.6330993,0.014,,
5699,,HIP 74950,229.7348944,-40.78822126,5.604,5.567989,B7V,5687,135876,GG Lup,Lupus,514.1967403,-0.099,5.49,6
5700,,HIP 75000,229.8751991,32.51490083,6.311,6.286205,A2m,5702,136403,,CoronaBorealis,278.1570033,0.234,,
5701,,HIP 75003,229.8821703,-37.09716065,6.178,5.918568,G8III/IV,5689,136014,,Lupus,385.341934,0.959,,
5702,,HIP 75018,229.9404701,-66.49603977,6.39,6.469655,F7Ib/II,,135592,R TrA,TriangulumAustrale,7581.393557,0.574,6.33,7
5703,,HIP 75043,230.0214638,51.95851515,5.64,5.626817,A2.5IVp,5715,136729,,Bootes,212.7939752,0.122,,
5704,,HIP 75049,230.035661,29.61620702,5.51,5.219635,K0III,5709,136512,ο Coronae Borealis,CoronaBorealis,273.9496463,1.015,,
5705,,HIP 75091,230.1689607,-67.4815262,6.318,,B2V,5684,135737,,TriangulumAustrale,1253.845364,-0.09,,
5706,,,230.169004,-67.481514,6.44,,~,5684,135737A,,TriangulumAustrale,1253.845364,-0.09,,
5707,,HIP 75093,230.173667,44.43437757,6.14,6.059247,F3V,5716,136751,,Bootes,175.2687554,0.369,,
5708,Pherkad,HIP 75097,230.182098,71.83402545,3.002,3.021867,A2III,5735,137422,γ Ursae Minoris,UrsaMinor,480.1166749,0.058,3.04,3.09
5709,,HIP 75101,230.1959206,-2.413335575,6.331,6.051827,K2III,5706,136442,10 G. Ser Cap,Serpens,120.3840347,1.062,,
5710,,HIP 75110,230.2236581,-18.15866061,6.17,5.868291,G8II/III,5701,136366,28 Lib,Libra,630.5624839,1.024,,
5711,,HIP 75118,230.255789,-15.54835153,6.143,6.038442,F2V,5703,136407,ο Librae,Libra,178.04498,0.393,,
5712,,HIP 75119,230.2583178,0.7153361998,5.393,5.009805,K1III,5710,136514,6 Ser,Serpens,243.6472872,1.191,,
5713,,HIP 75125,230.2786663,24.95801662,6.361,5.986227,K0,5711,136643,,Serpens,555.3672931,1.257,,
5714,,HIP 75127,230.2817054,-5.824852417,5.537,5.266178,K1III,5707,136479,,Libra,268.5338106,1.047,,
5715,,HIP 75141,230.3429743,-40.64753037,3.19,3.214463,B1.5IV,5695,136298,δ Lupi,Lupus,510.1738988,-0.227,3.2,3.24
5716,,HIP 75143,230.3498139,31.36738469,5.8,,M6.5-8e,,136753,,CoronaBorealis,1715.790792,0.967,5.8,14.1
5717,,HIP 75164,230.3970936,-40.74948188,6.183,6.193502,A1V,5696,136334,,Lupus,318.6706714,0.068,,
5718,,HIP 75181,230.4506246,-48.31763053,5.65,5.48217,G2-V,5699,136352,ν 2 Lupi,Lupus,47.45259009,0.639,,
5719,,HIP 75177,230.45154,-36.26137329,3.546,2.965608,K4III,5705,136422,ϕ 1 Lupi,Lupus,326.3261326,1.534,,
5720,,HIP 75178,230.4523963,32.93369394,5.372,5.366265,B9Vn,5718,136849,50 Boo,Bootes,246.9698759,-0.051,,
5721,,HIP 75206,230.5344612,-47.92779255,5,4.856768,F6III-IV,5698,136351,ν 1 Lupi,Lupus,111.3769753,0.515,,
5722,,HIP 75230,230.5968075,12.56752615,6.28,6.277908,A0V,5717,136831,7 Ser,Serpens,444.7489349,-0.008,,
5723,,HIP 75256,230.6552325,62.04706386,5.986,5.986302,A0p(SiHg),5731,137389,,Draco,461.1043506,-0.033,,
5724,,HIP 75257,230.6557129,39.58146163,5.532,4.911481,K4III,5726,137071,,Bootes,2650.407049,1.626,,
5725,,HIP 75260,230.6600351,63.34146519,5.712,5.308099,K4III,5737,137443,,Draco,379.5097807,1.315,,
5726,,HIP 75264,230.6702844,-44.68961518,3.366,3.249896,B3IV+B3:V,5708,136504,ϵ Lupi,Lupus,503.865796,-0.191,,
5727,,HIP 75294,230.7574202,-15.13403763,6.48,5.776628,K4III,,136801,30 Lib,Libra,779.903138,1.603,,
5728,,HIP 75304,230.788961,-36.85848831,4.54,4.513188,B4V,5712,136664,ϕ 2 Lupi,Lupus,605.9494739,-0.155,,
5729,,HIP 75308,230.7937649,-60.65717004,5.651,5.523074,F5V,5700,136359,,Circinus,135.833502,0.489,,
5730,,HIP 75312,230.8009619,30.2882117,5.577,5.505744,G2V,5727,137107A,* eta CrB A,CoronaBorealis,60.7077529,0.577,,
5731,,HIP 75312,230.8011269,30.2884603,5.95,5.505744,G2V,5727,,* eta CrB B,CoronaBorealis,60.7077529,0.577,,
5732,,HIP 75312,230.8012723,30.28782502,4.98,5.505744,G2V+G2V,5727,137107,η 1 Coronae Borealis,CoronaBorealis,60.7077529,0.577,,
5733,,HIP 75323,230.8444033,-59.3207022,4.96,,B3/4V,5704,136415,* gam Cir A,Circinus,509.3751957,0.169,,
5734,,HIP 75323,230.8445483,-59.3204858,5.59,,F8V,5704,,* gam Cir B,Circinus,509.3751957,0.169,,
5735,,HIP 75324,230.8540827,-46.14041575,6.49,6.254528,G8III,,136607,,Lupus,494.6888924,0.945,,
5736,,HIP 75342,230.9321242,-1.022386122,6.105,6.061502,A5II/III,5721,137006,8 Ser,Serpens,179.1211059,0.264,,
5737,,HIP 75352,230.9676622,-12.36950219,5.716,5.431813,G8III,5720,136956,,Libra,602.5884138,1.039,,
5738,,HIP 75369,231.0213191,45.2710313,6.055,5.720726,K2III,5732,137390,,Bootes,482.2487224,1.212,,
5739,,HIP 75379,231.0495158,-10.32227885,4.92,4.782545,F4V,5723,137052,ϵ Librae,Libra,105.5018036,0.453,,
5740,,HIP 75439,231.1875701,-39.71025307,5.37,5.336003,ApSi,5719,136933,υ Lupi,Lupus,384.4356533,-0.093,,
5741,Edasich,HIP 75458,231.2323909,58.96606586,3.29,2.97292,K2III,5744,137759,ι Draconis,Draco,102.1848345,1.16,,
5742,,HIP 75501,231.3342211,-38.73360973,4.6,4.559559,A0V,5724,137058,,Lupus,373.8536895,0,,
5743,,HIP 75530,231.447489,15.42803635,5.17,4.413493,M1III,5739,137471,τ 1 Serpentis,Serpens,918.3097461,1.65,,
5744,,HIP 75535,231.4719573,19.48070707,6.241,6.116808,G0IV-V,5740,137510,,Serpens,134.5530238,0.618,,
5745,,HIP 75565,231.5613492,-68.30916661,5.892,5.616705,G8/K0III,5713,136672,,TriangulumAustrale,334.3587703,1,,
5746,,HIP 75572,231.5724319,34.3359951,5.45,4.943442,K4III,5741,137704,,Bootes,489.4891874,1.41,,
5747,,HIP 75587,231.6341255,54.02029487,6.43,6.436634,A2IV,5748,137928,,Draco,362.6262369,0.079,,
5748,,HIP 75647,231.8255436,-36.76755965,5.45,5.425261,B5V,5736,137432,,Lupus,418.4863659,-0.15,,
5749,,HIP 75665,231.8878274,-64.53149985,5.706,4.97864,K5/M0III,5725,137066,LX TrA,TriangulumAustrale,679.1658361,1.646,,
5750,,HIP 75674,231.9119714,25.10161861,6.02,5.2365,M1III,5745,137853,,Serpens,785.5429364,1.654,,
5751,Nusakan,HIP 75695,231.9573086,29.10569296,3.68,3.604429,F2VpSrCrEuSi,5747,137909,β Coronae Borealis,CoronaBorealis,113.9859524,0.319,3.65,3.72
5752,,HIP 75696,231.9642656,60.67022137,5.9,5.349001,K5III,5755,138265,,Draco,594.8915394,1.441,,
5753,,HIP 75730,232.0642008,-16.71648542,5.626,5.03647,K4.5III,5743,137744,ζ 1 Librae,Libra,908.0798644,1.545,,
5754,,HIP 75736,232.079557,-88.13300687,6.484,6.435517,A2mA7-F2,5491,129723,BP Oct,Octans,209.7814065,0.303,6.46,6.5
5755,,HIP 75742,232.1133717,-51.5979348,6.094,5.808314,G2II,5738,137465,,Lupus,1495.414714,1.067,,
5756,,HIP 75761,232.1593209,1.842079648,5.17,5.10021,A6III,5746,137898,10 Ser,Serpens,122.189097,0.245,,
5757,,HIP 75770,232.184966,47.20151014,6.138,6.13204,A2IV,5752,138213,,Bootes,478.7083606,0.1,,
5758,,HIP 75788,232.2367581,55.19493732,6.427,6.433662,A3m,5759,138338,,Draco,299.3574377,0.079,,
5759,,HIP 75810,232.3004835,16.39561778,6.382,6.113791,G8III-IV,,138085,,Serpens,499.233334,0.955,,
5760,,HIP 75818,232.3302924,-38.63503288,6.43,6.360048,F2V,,137785,,Lupus,205.2897864,0.351,,
5761,,HIP 75822,232.3378899,62.0995294,6.29,5.871527,K5,5768,138524,,Draco,680.5839301,1.369,,
5762,,HIP 75828,232.3511247,-46.73270518,5.222,4.54036,K4III,5742,137709,,Lupus,885.869474,1.731,,
5763,,,232.588792,-41.918981,6.329,,~,,137919A,,Lupus,503.086656,-0.005,,
5764,,HIP 75919,232.5948637,31.28592775,6.452,6.413804,A4IV,5760,138341,,CoronaBorealis,459.8036172,0.205,,
5765,,HIP 75939,232.6510458,-20.72855295,6.194,6.180585,A3V,5749,138105,,Libra,234.02735,0.192,,
5766,,HIP 75944,232.6683389,-16.60946242,5.806,5.529326,K0III,5750,138137,ζ 3 Librae,Libra,564.0128197,1.056,,
5767,,HIP 75959,232.704922,-71.65413523,6.38,6.365758,B3V,,137366,,Apus,1051.614449,-0.112,,
5768,,HIP 75973,232.7323317,40.83304841,5.026,4.360903,K4.5IIIbBa0.5,5763,138481,ν 1 Boötis,Bootes,871.6591245,1.589,,
5769,,HIP 75974,232.7323491,64.20869308,5.738,5.482151,K0III-IV,5785,138852,,Draco,318.3596562,0.976,,
5770,,HIP 76006,232.8429404,36.61659891,6.39,6.266474,F8IV,5769,138525,,CoronaBorealis,225.2938011,0.529,,
5771,,HIP 76008,232.8538067,77.34935996,4.982,4.374761,K5-IIICN0.5,5826,139669,θ Ursae Minoris,UrsaMinor,831.6328207,1.545,,
5772,,HIP 76013,232.8784255,-73.38959154,5.49,5.355033,B2Vnpe,5730,137387,κ 1 Apodis,Apus,1018.750377,-0.146,5.43,5.61
5773,,HIP 76033,232.9308687,-20.16492491,6.22,6.254579,A5V,5756,138268,,Libra,238.8280278,0.22,,
5774,,HIP 76041,232.9457627,40.89933486,4.978,4.935906,A2V,5774,138629,ν 2 Boötis,Bootes,429.5116842,0.086,,
5775,,HIP 76048,232.9592896,-32.88111534,6.488,6.448555,B7V,5753,138221,,Lupus,453.4074988,0.065,,
5776,,HIP 76063,233.0174422,-38.62254086,6.219,6.193734,A3III,5751,138204,,Lupus,174.8928834,0.212,,
5777,,HIP 76069,233.0403125,16.05616918,6.216,6.220827,B9V,5770,138527,τ 2 Serpentis,Serpens,431.2166693,-0.038,,
5778,,HIP 76106,233.152921,-19.67045844,5.52,5.478084,A2IV,5762,138413,,Libra,226.5462993,0.197,,
5779,,HIP 76126,233.2300886,-16.85284478,5.499,5.477847,B3V,5764,138485,ζ 4 Librae,Libra,768.8680339,-0.148,,
5780,,HIP 76127,233.2323568,31.35897752,6.29,5.3488,~,5778,138749,* tet CrB B,CoronaBorealis,310.7723371,-0.127,4.06,4.33
5781,,HIP 76127,233.2324256,31.35913227,4.13,5.3488,B6Vnne,5778,138749,θ Coronae Borealis,CoronaBorealis,310.7723371,-0.127,4.06,4.33
5782,,HIP 76127,233.2324295,31.3591431,4.3,5.3488,~,5778,138749,* tet CrB A,CoronaBorealis,310.7723371,-0.127,4.06,4.33
5783,,HIP 76133,233.2414065,-1.186401576,5.496,5.206245,K0III,5772,138562,A1 Ser,Serpens,270.3150748,1.092,,
5784,,HIP 76165,233.3513533,-40.49085028,6.4,6.132285,K0III,,138395,,Lupus,610.487395,1.016,,
5785,,HIP 76198,233.4696077,17.13735729,6.49,6.425042,F1IV-V,5783,138803,,Serpens,204.7740531,0.341,,
5786,,HIP 76207,233.5071155,-40.06643286,5.82,4.825293,M2III,5767,138505,,Lupus,1654.822253,1.695,,
5787,,HIP 76219,233.5445937,-10.06453271,4.62,4.316157,K1III-IV,5777,138716,37 Lib,Libra,94.38324338,1,,
5788,,HIP 76234,233.5868861,-39.3492083,6.349,6.360803,B9V,5773,138564,,Lupus,364.2464659,-0.017,,
5789,,HIP 76243,233.6104759,-9.183438948,5.17,5.130948,B5V,5780,138764,,Libra,350.5381622,-0.09,,
5790,,HIP 76259,233.6554924,-28.04702026,5.138,4.651735,K2/3III,5775,138688,36 Lib,Libra,368.7778685,1.306,,
5791,Alphecca,HIP 76267,233.671952,26.714685,2.24,2.26937,A1IV,5793,139006,α Coronae Borealis,CoronaBorealis,74.68500843,0.032,2.21,2.32
5792,,HIP 76276,233.7006052,10.53885563,4.14,,F0IV,5789,138918,* del Ser A,Serpens,230.0000972,0.25,4.23,4.27
5793,,HIP 76276,233.7007299,10.53775278,5.13,,F0IV,5788,138917,* del Ser B,Serpens,230.0000972,0.25,4.23,4.27
5794,,HIP 76297,233.7849104,-41.16676775,3.51,,~,5776,138690B,* gam Lup B,Lupus,566.9565991,-0.216,,
5795,,HIP 76297,233.7851616,-41.16679195,3.48,,~,5776,138690,* gam Lup A,Lupus,566.9565991,-0.216,,
5796,,HIP 76297,233.7852015,-41.16675687,2.765,,B2IV,5776,138690,γ Lupi,Lupus,566.9565991,-0.216,,
5797,,HIP 76307,233.8121609,39.01006742,5.11,4.375866,M1.5IIIb,5800,139153,μ Coronae Borealis,CoronaBorealis,570.9272758,1.65,,
5798,,HIP 76311,233.8174941,53.9221415,5.964,5.629723,K4III:,5811,139357,,Draco,395.8235289,1.196,,
5799,Zubenelhakrabi,HIP 76333,233.8815784,-14.78953551,3.91,3.625443,G8.5III,5787,138905,γ Librae,Libra,152.1941484,1.007,,
5800,,HIP 76337,233.8884572,17.65555429,6.113,5.845951,G8III:,5795,139074,τ 3 Serpentis,Serpens,414.2320629,0.975,,
5801,,HIP 76366,233.9549747,38.37392548,6.28,5.898852,K2,5808,139284,,CoronaBorealis,683.4396967,1.306,,
5802,,HIP 76371,233.9718682,-44.95838868,4.708,,~,5781,138769,* d Lup A,Lupus,434.0887307,-0.175,,
5803,,HIP 76372,233.9723677,11.26566125,6.04,5.700166,K0III:,5796,139087,,Serpens,705.6272693,1.125,,
5804,,HIP 76376,233.9876375,54.63050067,5.79,5.764079,A0Vn,5818,139493,,Draco,246.2236565,0.051,,
5805,,HIP 76395,234.0473464,-33.0928041,6.251,6.240581,B8V,5790,138923,,Lupus,366.7045073,-0.07,,
5806,,HIP 76397,234.050414,-44.39682628,5.434,4.886434,K4/5III,5784,138816,,Lupus,658.5854519,1.497,,
5807,,HIP 76423,234.1174277,15.10145555,6.25,4.251103,M5IIIa,,139216,,Serpens,519.9376015,1.2,5.89,7.07
5808,,HIP 76424,234.1218318,16.11908423,5.926,5.854312,F3V,5804,139225,τ 5 Serpentis,Serpens,159.8039669,0.354,,
5809,,HIP 76425,234.1232246,10.01014705,5.253,5.014866,K0III:CN1Ba0.7Sr2,5802,139195,16 Ser,Serpens,234.7011908,0.925,,
5810,,HIP 76440,234.1800952,-66.31703763,4.104,3.768162,K1/2III,5771,138538,ϵ Trianguli Australis,TriangulumAustrale,216.0373538,1.161,,
5811,,HIP 76456,234.2226172,29.99118457,6.46,6.356777,F5V:,5813,139389,,CoronaBorealis,117.3929793,0.433,,
5812,,HIP 76470,234.2560371,-28.13511046,3.589,3.141329,K3.5III,5794,139063,υ Librae,Libra,194.5109193,1.361,,
5813,,HIP 76503,234.3687486,-26.2798638,6.194,6.169713,B9IV,5801,139160,,Libra,600.3683524,-0.013,,
5814,,HIP 76509,234.3833644,54.50873023,5.845,5.552729,K1III:,5828,139778,,Draco,355.118454,1.098,,
5815,,HIP 76519,234.4130351,69.28334446,5.627,5.194172,M0III,5844,140227,,UrsaMinor,881.0805208,1.371,,
5816,,HIP 76532,234.450173,-23.1417071,5.79,5.502065,K0III,5806,139254,,Libra,272.3476857,1.074,,
5817,,HIP 76534,234.4566586,40.35343467,5.254,4.996858,G7III-IVFe-2,5823,139641,ϕ Boötis,Bootes,163.0000677,0.886,,
5818,,HIP 76552,234.5133623,-42.56733569,4.33,3.828281,K3III,5797,139127,ω Lupi,Lupus,229.7394687,1.412,,
5819,,HIP 76567,234.5658811,-28.20665654,6.319,5.966983,K1III,5809,139290,,Libra,562.0698584,1.176,,
5820,,HIP 76568,234.5676796,46.79777189,5.742,5.66457,F2V,5830,139798,,Bootes,116.5117974,0.353,,
5821,,HIP 76569,234.5678602,-21.01631844,5.816,5.518943,K0III,5810,139329,,Libra,291.8532508,1.077,,
5822,,HIP 76594,234.6425199,50.42323656,5.84,5.619167,G8III,5835,139906,,Bootes,374.2840019,0.847,,
5823,,HIP 76600,234.6640396,-29.77774878,3.642,3.646205,B2.5V,5812,139365,τ Librae,Libra,444.7489358,-0.177,,
5824,,HIP 76602,234.6664909,-8.794720872,6.5,6.463216,F7V,5815,139460,,Libra,73.73895979,0.52,,
5825,,HIP 76603,234.6669188,-8.79144611,6.38,6.371177,F6.5V,5816,139461,,Libra,81.11471244,0.505,,
5826,,HIP 76608,234.6757514,-39.12774561,6.041,6.028014,A3/5mA3-F2,5807,139271,,Lupus,625.7213806,0.204,,
5827,,HIP 76617,234.7035485,34.67503851,6.13,5.842829,K0,5827,139761,,CoronaBorealis,459.8036164,1.039,,
5828,,HIP 76618,234.7061271,-52.37269703,5.423,5.415644,A0V,5798,139129,,Norma,457.2216977,0.005,,
5829,,HIP 76628,234.7273224,-19.301891,5.359,5.110125,G8III/IV,5814,139446,41 Lib,Libra,339.5845582,0.883,,
5830,,HIP 76651,234.7896616,57.9244263,6.44,6.165427,K1III,5841,140117,,Draco,442.9363649,1.102,,
5831,,HIP 76664,234.8266547,-77.91800543,6.181,5.859944,K2.5IIIbCN1.5Ba+0.5,5757,138289,,Apus,339.2292098,1.207,,
5832,,HIP 76666,234.839043,-23.15022858,6.322,6.327009,B9.5V,5819,139518,,Libra,305.5296077,0.023,,
5833,,,234.8426839,36.63682977,5.93,,B9V,5833,139891,* 7 CrB B,CoronaBorealis,,,,
5834,,HIP 76669,234.8444702,36.63581106,4.979,4.985497,B7V,5833,139891,ζ 1 Coronae Borealis,CoronaBorealis,473.1500608,-0.103,,
5835,,HIP 76705,234.9415804,-34.4119208,4.661,4.385198,G8/K0III,5820,139521,ψ 1 Lupi,Lupus,244.744929,0.964,,
5836,,HIP 76716,234.9855988,-59.90833531,5.95,5.83574,F6IV,5803,139211,,Norma,100.8041373,0.505,,
5837,,HIP 76733,235.0431106,12.05293255,6.215,5.986237,G7.5IIIaFe-0.5,5831,139862,,Serpens,1058.440897,0.968,,
5838,,HIP 76736,235.048149,-70.2278832,6.424,6.4259,A1V,5792,138965,,TriangulumAustrale,251.9322479,0.077,,
5839,,HIP 76739,235.0646967,-31.2137734,6.34,5.860664,K3III,5822,139613,,Lupus,635.4785648,1.418,,
5840,,HIP 76742,235.0704055,-23.81808365,4.96,4.544677,K3-IIICN2,5824,139663,42 Lib,Libra,381.2864931,1.302,,
5841,,HIP 76750,235.0889795,-73.4466672,5.65,5.61211,B7III/IV,5782,138800,κ 2 Apodis,Apus,734.233774,-0.04,,
5842,,HIP 76809,235.2426211,-47.73609177,6.209,5.500709,K5/M0III,5821,139599,,Lupus,883.4701129,1.621,,
5843,,HIP 76810,235.2462518,16.02458923,5.991,5.763762,G8III,5840,140027,τ 6 Serpentis,Serpens,450.2778961,0.908,,
5844,,HIP 76829,235.2974034,-44.66120603,4.633,4.520535,F4V,5825,139664,,Lupus,57.10284583,0.413,,
5845,,HIP 76852,235.3877279,19.67039944,4.505,4.4591,A1V,5842,140159,ι Serpentis,Serpens,192.103732,0.062,,
5846,,HIP 76866,235.4475614,12.84752603,5.33,5.313911,A2VpMnEu(Sr),5843,140160,χ Serpentis,Serpens,228.291376,0.033,5.33,5.36
5847,,HIP 76877,235.4778669,-76.08196439,5.941,5.940487,B9V,5786,138867,,Apus,376.8789639,-0.034,,
5848,,HIP 76878,235.4779858,18.4640365,5.792,5.769212,A8Vam,5845,140232,τ 7 Serpentis,Serpens,173.5888815,0.207,,
5849,,HIP 76880,235.4866351,-19.678793,4.72,4.051939,M0-IIIb,5838,139997,κ Librae,Libra,399.5098998,1.574,,
5850,,HIP 76894,235.5073661,-64.18028612,6.47,6.01221,K2/3II,,139471,,TriangulumAustrale,10187.5037,1.524,,
5851,,HIP 76935,235.6551085,-49.48953409,6.01,5.592821,K2III,5832,139871,,Norma,516.6417397,1.315,,
5852,,HIP 76939,235.6596521,-37.42493921,5.24,4.960589,G8/K0III,5837,139980,,Lupus,270.7643021,0.987,,
5853,,HIP 76945,235.6709156,-34.71040752,4.721,4.71713,B5V,5839,140008,ψ 2 Lupi,Lupus,395.6304976,-0.151,,
5854,,HIP 76952,235.6857056,26.29563438,4.05,4.015646,~,5849,140436A,* gam CrB A,CoronaBorealis,145.0179039,0.02,3.8,3.86
5855,,HIP 76952,235.6858552,26.29555742,5.56,4.015646,~,5849,140436B,* gam CrB B,CoronaBorealis,145.0179039,0.02,3.8,3.86
5856,,HIP 76957,235.7115009,52.36090107,5.482,5.463089,A0VpSiCr,5857,140728,BP Boo,Bootes,316.5050444,-0.042,,
5857,,HIP 76985,235.793914,13.66765807,6.5,,G5III,5850,140438,,Serpens,629.3432412,0.873,,
5858,,HIP 76996,235.8205348,-84.46527467,5.568,5.542472,A1/2V,5729,137333,ρ Octantis,Octans,217.044038,0.118,,
5859,,HIP 77007,235.8535779,-15.04323018,6.295,5.985258,K0III,5847,140301,,Libra,410.5808638,1.124,,
5860,,HIP 77042,235.9803193,-60.2872184,6.475,6.147787,G0Ib,5836,139915,,Norma,1347.107479,1.02,,
5861,,HIP 77048,235.9970806,32.51580592,5.575,5.269531,G9III:,5855,140716,π Coronae Borealis,CoronaBorealis,248.6654022,1.076,,
5862,,HIP 77055,236.0146607,77.79449312,4.274,4.267973,A3Vn,5903,142105,ζ Ursae Minoris,UrsaMinor,375.5749553,0.038,,
5863,,HIP 77058,236.0160185,-54.9868109,6.2,,M4+B,,140041,T Nor,Norma,5174.599887,1.386,6.2,13.6
5864,,HIP 77060,236.0183311,-15.67283425,5.412,5.357767,A5/7IV,5848,140417,η Librae,Libra,146.7809162,0.238,,
5865,Unukalhai,HIP 77070,236.0669755,6.42563022,2.63,2.325354,K2IIIbCN1,5854,140573,α Serpentis,Serpens,73.19258249,1.167,,
5866,,,236.0944753,-41.81908769,6.11,6.096742,~,5846,140285A,,Lupus,461.1043606,-0.007,,
5867,,HIP 77086,236.0944756,-41.81908837,5.93,,A0V+B,5846,140285,,Lupus,461.1043605,-0.007,,
5868,,HIP 77111,236.1755512,17.26422197,6.136,6.140505,A0V,5858,140729,τ 8 Serpentis,Serpens,320.8662809,0.002,,
5869,,HIP 77163,236.3478279,5.44731945,5.58,5.554869,A0V,5859,140775,22 G. Ser Cap,Serpens,383.9825132,0.035,,
5870,,HIP 77186,236.4146179,0.8910331988,6.337,5.986889,K1/2III,5861,140815,23 G. Ser Cap,Serpens,618.5950186,1.195,,
5871,,HIP 77227,236.5234855,-1.804190373,5.39,5.349524,B8IV/V,5863,140873,A2 Ser,Serpens,408.0087224,-0.035,,
5872,Zhou,HIP 77233,236.5468966,15.4218193,3.67,3.653779,A2IV,5867,141003,β Serpentis,Serpens,152.9798063,0.073,,
5873,,HIP 77257,236.6108926,7.353068716,4.42,4.246856,G0-V,5868,141004,λ Serpentis,Serpens,38.31676371,0.604,,
5874,,HIP 77272,236.6448296,55.47478833,5.917,5.447071,K3III,5878,141472,,Draco,1041.534522,1.404,,
5875,,HIP 77277,236.6666932,62.59955643,5.194,5.182029,A2IV,5886,141653,,Draco,271.6666596,0.062,,
5876,,HIP 77286,236.6842393,-34.68245278,5.6,5.587417,B8V,5860,140784,,Lupus,388.0966348,-0.117,,
5877,,HIP 77287,236.6892677,-6.120356991,6.245,5.905594,K0III,5866,140986,,Libra,936.7809142,1.169,,
5878,,HIP 77336,236.8221375,14.11541466,5.709,5.683834,A3V,5870,141187,υ Serpentis,Serpens,251.7376303,0.094,,
5879,,HIP 77350,236.8563276,-40.19420853,6.414,6.179354,G5IIICH1,5862,140861,,Lupus,414.2320637,0.88,,
5880,,HIP 77358,236.8712542,-37.91631192,6.01,5.833836,G7IV,5864,140901,,Lupus,49.6951458,0.715,,
5881,,HIP 77370,236.9080289,55.37662559,5.878,5.868205,A3m,5887,141675,,Draco,259.554127,0.249,,
5882,,HIP 77390,236.9710538,-65.44228016,5.53,,A5,5851,140483,,TriangulumAustrale,405.9777367,0.231,,
5883,,,236.9710678,-65.44230786,6.12,,A5III/IV,,,CD-65 2007A,TriangulumAustrale,,,,
5884,,,236.9717257,-65.4426974,6.4,,A5III/IV,,,CD-65 2007B,TriangulumAustrale,,,,
5885,,HIP 77397,237.0074696,31.73561477,6.39,5.804757,K5,5877,141456,,CoronaBorealis,823.2318085,1.517,,
5886,,HIP 77412,237.0554412,13.78908028,5.97,5.568318,K2III,5874,141353,,Serpens,439.9469525,1.272,,
5887,,HIP 77442,237.1433978,28.15674885,5.71,,G0Iep,5880,141527,R CrB,CoronaBorealis,6037.033198,0.608,5.71,14.8
5888,Gudja,HIP 77450,237.184905,18.14156491,4.09,3.348804,M0.5IIIab,5879,141477,κ Serpentis,Serpens,348.2920187,1.616,,
5889,,HIP 77454,237.210073,-52.43825426,6.05,5.584009,K2/3III,5865,140979,,Norma,772.5127118,1.385,,
5890,,HIP 77464,237.236654,-3.818510538,5.524,5.511378,A5IV-V,5875,141378,30 Ser,Libra,160.2753647,0.12,,
5891,,HIP 77512,237.3985292,26.06839286,4.63,4.378254,G5III-IVFe-1,5889,141714,δ Coronae Borealis,CoronaBorealis,165.3984531,0.794,4.57,4.69
5892,,HIP 77516,237.405029,-3.43020438,3.53,3.511335,B9.5III,5881,141513,μ Serpentis,Serpens,155.683001,-0.036,,
5893,,HIP 77541,237.489576,-48.91240455,5.837,5.831314,A1V,5871,141194,,Norma,193.8168626,0.068,,
5894,,HIP 77562,237.5295151,-53.20977072,5.78,5.768804,B9V(n),5869,141168,,Norma,362.222003,-0.076,,
5895,,HIP 77574,237.5679775,-45.40171538,6.117,6.059287,A9III,5872,141296,,Norma,146.582706,0.299,,
5896,,HIP 77578,237.5731118,2.19650889,5.217,4.926394,K0IV,5888,141680,ω Serpentis,Serpens,262.9034615,1.019,,
5897,,HIP 77622,237.704022,4.477730971,3.693,3.699778,kA2hA5mA7V,5892,141795,ϵ Serpentis,Serpens,70.27390346,0.147,,
5898,,HIP 77634,237.7397723,-33.62714676,3.946,3.958363,B9III,5883,141556,χ Lupi,Lupus,205.5486306,-0.045,,
5899,,HIP 77635,237.7447686,-25.75129408,4.635,4.593921,B1.5Vn,5885,141637,1 Sco,Scorpius,521.6002036,-0.072,,
5900,,HIP 77645,237.7783507,-55.05553574,5.767,5.721884,B2III,5873,141318,V360 Nor,Norma,3662.937339,0.017,,
5901,,HIP 77655,237.8080471,35.65738158,4.82,4.511343,K1IVa,5901,142091,κ Coronae Borealis,CoronaBorealis,101.4629821,0.996,,
5902,,HIP 77660,237.8149666,-3.090506257,5.1,5.090608,A2IV-Vn,5895,141851,b Ser,Serpens,159.2575922,0.135,,
5903,,HIP 77661,237.8162886,20.97792043,4.78,4.122148,K4.5III,5899,141992,ρ Serpentis,Serpens,394.672055,1.534,,
5904,,HIP 77678,237.8809078,-47.06080412,6.005,5.647169,K2III,5882,141544,,Norma,438.7635716,1.152,,
5905,,HIP 77689,237.9099805,-14.13358612,6.207,5.920482,G8III,5896,141853,,Libra,692.1439057,1.01,,
5906,,HIP 77729,238.0533578,-29.88653288,6.382,6.139449,K0III,5893,141832,,Lupus,262.6915616,0.991,,
5907,,HIP 77738,238.0689841,55.82671216,5.8,5.586346,G8III:,5922,142531,,Draco,358.6359947,0.972,,
5908,,HIP 77760,238.168921,42.45151747,4.62,4.424265,F8VFe-2Hdel-1,5914,142373,χ Herculis,Hercules,51.68048062,0.563,,
5909,,HIP 77782,238.233815,17.40314841,6.28,5.917496,K0,5909,142244,,Serpens,485.1207883,1.238,,
5910,,HIP 77801,238.3004049,13.19662623,6.12,5.926571,G1VFe-1,5911,142267,39 Ser,Serpens,56.92321964,0.598,,
5911,,HIP 77811,238.3335579,-20.16707528,5.027,4.975765,B3V,5902,142096,λ Librae,Libra,356.2855439,-0.014,5.03,5.05
5912,,HIP 77817,238.3455915,-62.60656946,6.196,5.710982,K3III,5884,141585,,TriangulumAustrale,623.3285359,1.467,,
5913,,HIP 77835,238.3952903,16.07493379,6.22,6.11077,F5.5IV+,5913,142357,,Serpens,287.985909,0.413,,
5914,,HIP 77840,238.4029936,-25.32713873,4.71,,~,5904,142114A,* 2 Sco A,Scorpius,433.5117117,-0.073,,
5915,,HIP 77840,238.402995,-25.32714131,4.59,,B2.5Vn,5904,142114,2 Sco,Scorpius,433.5117117,-0.073,,
5916,,HIP 77853,238.456408,-16.72929705,4.16,3.840686,G9IIIb,5908,142198,θ Librae,Libra,162.8370738,1.003,,
5917,,HIP 77858,238.4746426,-24.53315925,5.372,5.339675,B5V,5906,142165,,Scorpius,414.2320647,-0.011,,
5918,,HIP 77859,238.4827658,-23.97809538,5.402,5.36059,B2V,5907,142184,,Scorpius,392.771477,-0.033,,
5919,,HIP 77900,238.6254539,-27.33863497,6.1,6.124674,B7V,5910,142250,,Scorpius,530.9433669,-0.069,,
5920,,HIP 77902,238.6442175,20.31096752,5.44,4.752333,K8IIIb,5924,142574,QY Ser,Serpens,601.4767499,1.588,5.42,5.5
5921,,HIP 77907,238.6577072,43.13856391,5.38,4.4158,M3-III,5932,142780,2 Her,Hercules,625.7213744,1.645,,
5922,,HIP 77909,238.6647069,-25.24373888,5.87,5.841276,B8III/IV,5912,142301,3 Sco,Scorpius,455.3080796,-0.065,5.8,5.83
5923,,HIP 77910,238.6678109,8.580337591,6.266,6.249247,A7Vn,5919,142500,40 Ser,Serpens,240.7680527,0.171,6.28,6.305
5924,,HIP 77927,238.7193199,-60.74365238,6.34,,~,5898,141913A,,TriangulumAustrale,1706.806229,0.121,,
5925,,HIP 77939,238.7515063,-19.38293185,5.957,6.019032,B2/3V,5915,142378,47 Lib,Libra,623.3285406,-0.013,,
5926,,HIP 77939 ,238.7515263,-19.38291798,6.05,6.019032,~,5915,142378,* 47 Lib A,Libra,623.3285406,,,
5927,,HIP 77952,238.7856753,-63.43072654,2.85,2.784391,F1V,5897,141891,β Trianguli Australis,TriangulumAustrale,40.12801645,0.315,,
5928,,HIP 77982,238.873332,-68.60300095,5.097,4.795941,G5Ib-II,5891,141767,κ Trianguli Australis,TriangulumAustrale,2990.826153,1.108,,
5929,,HIP 77984,238.8753065,-26.2659826,5.625,5.596847,A3V,5917,142445,4 Sco,Scorpius,431.787171,0.141,,
5930,,HIP 77985,238.8772208,-31.0836166,6.199,5.753195,K4III,5916,142407,,Lupus,395.6304976,1.371,,
5931,,HIP 77986,238.8774664,42.56619206,5.75,5.698397,B9pe,5938,142926,4 Her,Hercules,481.5347823,-0.102,5.74,5.84
5932,,,238.8848544,-60.17764569,5.868,5.806118,G5II/III,5900,142049A,,Norma,170.7699564,0.355,,
5933,,HIP 77995,238.9160551,18.62074413,6.257,6.239418,B8III,5931,142763,,Serpens,1646.466869,-0.089,,
5934,,HIP 78012,238.9482803,37.94695693,5.424,5.356588,F2IV-V,5936,142908,λ Coronae Borealis,CoronaBorealis,135.1577018,0.352,,
5935,,HIP 78017,238.9567539,58.91177143,6.306,6.308894,B8V,5949,143187,,Draco,465.0489525,-0.028,,
5936,,HIP 78045,239.0246306,-60.48248463,5.76,5.750317,A1IV/V,5905,142139,,TriangulumAustrale,215.1816044,0.087,,
5937,,HIP 78046,239.028493,-39.8643634,6.028,5.986247,B9V,5918,142448,,Lupus,631.7817224,0.13,,
5938,,HIP 78058,239.0584612,-31.785881,6.284,6.186245,F3/5V,5923,142542,,Lupus,164.5635698,0.462,,
5939,,HIP 78059,239.0600697,-14.39940787,6.324,6.203712,F6V,5927,142640,,Libra,208.4399263,0.485,,
5940,,HIP 78072,239.1132611,15.66161377,3.84,3.694426,F6V,5933,142860,γ Serpentis,Serpens,36.25448575,0.478,,
5941,,HIP 78078,239.1390568,-14.82943693,6.117,6.049366,F1VskA1.5mA1.5_lB,5930,142703,,Libra,172.5782833,0.243,6.13,6.15
5942,Iklil,HIP 78104,239.221155,-29.21407444,3.86,3.866735,B2IV-V,5928,142669,ρ Scorpii,Scorpius,409.0356225,-0.199,,
5943,,HIP 78105,239.2228735,-33.96611475,5.08,5.079535,A3V,5925,142629,ξ 1 Lupi,Lupus,199.3885322,0.129,,
5944,,HIP 78106,239.22547,-33.96426056,5.55,5.602274,B9V,5926,142630,ξ 2 Lupi,Lupus,195.913697,0.072,,
5945,,HIP 78117,239.2661283,-48.16218867,6.297,6.213759,F2V,5921,142529,,Norma,161.2266308,0.381,,
5946,,HIP 78132,239.3107118,14.41448137,5.53,5.201742,K2III+,5940,142980,ϕ Serpentis,Serpens,227.019649,1.141,,
5947,,HIP 78142,239.3388584,-36.18534493,5.83,5.519164,K0/1III,5929,142691,,Lupus,928.7743503,1.095,,
5948,,HIP 78153,239.3742671,39.6950856,6.297,6.004914,K0,5950,143209,,Hercules,396.1129719,1.11,,
5949,,HIP 78159,239.3968808,26.87787963,4.13,3.756233,K2IIIab,5947,143107,ϵ Coronae Borealis,CoronaBorealis,229.577444,1.231,,
5950,,HIP 78168,239.4185984,-20.98307849,5.836,5.809731,B3V,5934,142883,,Scorpius,455.3080796,0.012,,
5951,,HIP 78180,239.4476694,54.74976377,4.96,4.881935,F1IVab,5960,143466,CL Dra,Draco,110.2470509,0.269,4.95,4.97
5952,,HIP 78207,239.5473677,-14.27935586,4.87,4.74231,B5IIIp_sh,5941,142983,48 Lib,Libra,512.5797804,-0.08,4.74,4.96
5953,,HIP 78236,239.6283197,-37.50388295,6.307,6.041715,K0III,5935,142889,,Lupus,611.6316553,1.006,,
5954,,HIP 78246,239.6452774,-24.83148937,5.43,5.394046,B5V,5942,142990,,Scorpius,488.0254513,-0.092,5.4,5.47
5955,Fang,HIP 78265,239.7129718,-26.11410795,2.91,2.873515,B1V+B2:V:,5944,143018,π Scorpii,Scorpius,459.1548808,-0.18,,
5956,,HIP 78276,239.7404821,36.64377062,5.586,5.018504,K5III,5957,143435,,CoronaBorealis,898.0716544,1.529,,
5957,,HIP 78279,239.742282,-65.03758495,5.74,5.726255,B7III,5920,142514,,TriangulumAustrale,752.8875024,-0.066,,
5958,,HIP 78286,239.7683158,49.88104398,6.032,5.97994,F0IV,5964,143584,,Hercules,159.80396,0.289,,
5959,,HIP 78323,239.8761109,-41.74443835,4.984,4.733053,K0II/III,5943,143009,,Lupus,379.5097907,0.988,,
5960,,HIP 78355,239.9755925,-54.02091362,6.089,6.062862,B5III,5937,142919,,Norma,1288.538298,-0.016,,
5961,,HIP 78367,239.9910083,-40.65311275,6.488,5.953332,K1II/III,5945,143084,,Lupus,1638.192987,1.499,,
5962,,HIP 78384,240.030533,-38.39670506,3.41,3.407868,B2.5IV,5948,143118,η Lupi,Lupus,493.1925522,-0.206,,
5963,,HIP 78400,240.0818151,-16.53341208,5.45,5.337779,F8V,5954,143333,49 Lib,Libra,106.9202294,0.517,,
5964,Dschubba,HIP 78401,240.0833554,-22.62170643,2.32,,B0.3IV,5953,143275,δ Scorpii,Scorpius,401.47894,-0.117,1.86,2.32
5965,,HIP 78436,240.198468,-8.411358271,5.526,5.504774,A0V,5959,143459,50 Lib,Libra,459.1548809,0.043,,
5966,,HIP 78442,240.2130584,4.427357896,5.804,5.519844,K0III/IV,5963,143553,3 Her,Serpens,239.3538645,1.003,,
5967,,HIP 78445,240.223798,-40.43547664,6.221,6.224742,A0V,5952,143248,,Lupus,370.4535075,0.01,,
5968,,HIP 78469,240.2769492,-54.5779033,6.124,6.085614,A5V,5946,143101,,Norma,447.8035536,0.264,,
5969,,HIP 78476,240.2946509,-63.77653633,6.41,6.233585,F8II,5939,142941,S TrA,TriangulumAustrale,2050.315813,0.567,5.95,6.81
5970,,HIP 78486,240.3314765,-31.88913367,6.317,5.832255,K4III,5956,143404,,Lupus,549.7470532,1.454,,
5971,,HIP 78493,240.3606872,29.85106095,4.971,4.954191,A0IIIspHgMnEu,5971,143807,ι Coronae Borealis,CoronaBorealis,350.9163174,-0.05,,
5972,,HIP 78527,240.4722707,58.56525054,4,3.869275,F9V,5986,144284,θ Draconis,Draco,68.60681976,0.52,,
5973,,HIP 78540,240.5186486,-51.12077193,6.387,6.346626,B5V,,143321,,Norma,722.8368138,-0.003,,
5974,,HIP 78542,240.52319,52.91593807,5.902,5.357499,K5III,5981,144204,,Draco,819.0948621,1.498,,
5975,,HIP 78554,240.5737145,22.80445254,4.817,4.79438,A3V,5972,143894,π Serpentis,Serpens,176.9815635,0.066,,
5976,,HIP 78575,240.6642573,-29.1358029,6.056,5.660765,K2/3III,5965,143619,,Scorpius,450.9005576,1.304,,
5977,,HIP 78592,240.6995742,46.03670387,4.709,4.686431,B9.5III,5982,144206,υ Herculis,Hercules,375.574963,-0.094,,
5978,,HIP 78603,240.7187168,-62.54159055,6.246,6.244966,B9.5V,5951,143238,,TriangulumAustrale,338.8771328,-0.015,,
5979,,HIP 78632,240.7889384,59.41073743,6.19,5.462062,M1III,5995,144542,,Draco,883.4701039,1.576,,
5980,,HIP 78639,240.8037395,-49.22969592,4.643,4.400192,G8III,5962,143546,η Normae,Norma,217.7690691,0.902,,
5981,,HIP 78649,240.8306849,36.63178765,5.804,5.624629,G6IIIa+A2.5IV,5983,144208,,CoronaBorealis,690.6768992,0.586,,
5982,,HIP 78650,240.8359298,-25.86524257,4.966,4.570461,K3III,5969,143787,,Scorpius,211.8260891,1.234,,
5983,,HIP 78655,240.8507897,-38.60253932,4.89,4.870595,B5/7III/IV,5967,143699,,Lupus,526.6564642,-0.146,,
5984,,HIP 78661,240.8806216,76.79394073,5.73,5.713057,A3V,6034,145622,,UrsaMinor,581.1049899,0.051,,
5985,,HIP 78662,240.8837059,-57.77507336,4.67,4.958488,A5IVs,5961,143474,ι 1 Normae,Norma,140.1549596,0.252,,
5986,,HIP 78665,240.893162,-32.00053451,5.993,5.880613,F5IV/V,5970,143790,,Lupus,178.3370746,0.47,,
5987,,HIP 78685,240.9403794,4.986832127,6.068,5.833456,G9III,5976,144046,43 Ser,Serpens,389.4853947,0.96,,
5988,,HIP 78699,240.9779277,-24.72631337,6.211,5.75616,K2/3III,5973,143900,,Scorpius,597.0692307,1.386,,
5989,,HIP 78710,241.0258275,-59.17618676,6.38,5.966643,K1II/III,,143548,,Norma,2587.303208,1.366,,
5990,,HIP 78726,241.0742433,-33.21371457,6.086,6.02104,F3III,5974,143902,,Lupus,400.491159,0.338,,
5991,,HIP 78731,241.0888353,-53.71038689,6.47,6.440635,B9II/III(pSi),,143658,QY Nor,Norma,1048.230571,0.006,6.45,6.464
5992,,HIP 78727,241.0922032,-11.37296456,4.87,,F5V,5977,144069,* ksi Sco B,Scorpius,,0.48,,
5993,,HIP 78727,241.0922274,-11.3731039,4.17,,F7V,,,ξ Sco B,Scorpius,,0.47,,
5994,,HIP 78727,241.0923141,-11.3732074,5.16,,F4(V),5978,144070,* ksi Sco A,Scorpius,,0.48,,
5995,,HIP 78747,241.1533984,-37.86294801,5.901,5.806963,F5VFe-0.8,5975,143928,,Lupus,129.8804165,0.409,,
5996,Acrab,HIP 78820,241.35929,-19.80539,2.5,2.555015,B1V+B2V,5984,144217,* bet Sco,Scorpius,530.0827265,-0.065,,
5997,Acrab,HIP 78820,241.3592999,-19.80545278,2.62,2.555015,B1V,5984,144217,β 1 Scorpii,Scorpius,530.0827265,-0.065,,
5998,,HIP 78821,241.3607026,-19.80190151,4.89,4.804584,B2V,5985,144218,β 2 Scorpii,Scorpius,1131.944145,-0.024,,
5999,,HIP 78840,241.4080814,8.096249732,6.269,6.263623,A3m,5992,144426,38 G. Ser Cap,Serpens,402.4699791,0.084,,
6000,,,241.4356475,-6.2911261,6.41,,~,5989,144362A,,Ophiuchus,254.4887466,0.413,,
6001,,HIP 78868,241.4825804,-72.40090079,5.685,5.380277,K1.5IIICN1,5955,143346,,Apus,288.2405104,1.169,,
6002,,HIP 78870,241.4992246,-6.139754015,6.391,6.078503,G8III,5990,144390,3 G. Oph,Ophiuchus,347.1771001,1.034,,
6003,,HIP 78877,241.5266214,-23.60634712,5.92,5.878273,B8V,5988,144334,V929 Sco,Scorpius,486.5682307,-0.071,5.89,5.91
6004,,HIP 78893,241.5819866,67.81013521,5.441,5.42619,A0Vn,6025,145454,,Draco,273.4899767,-0.019,,
6005,,HIP 78914,241.6227153,-45.17328002,4.713,4.676848,kA3hA7mF0III:,5980,144197,δ Normae,Norma,123.4380014,0.23,,
6006,,HIP 78918,241.6480999,-36.80227053,4.201,4.156569,B2.5Vn,5987,144294,θ Lupi,Lupus,410.5808623,-0.184,,
6007,,HIP 78933,241.7017708,-20.66918885,3.97,3.918366,B1V,5993,144470,ω 1 Scorpii,Scorpius,423.3763678,-0.046,,
6008,,HIP 78955,241.7640402,-14.07129754,6.32,6.160456,G2V,5996,144585,,Scorpius,94.21959061,0.66,,
6009,,HIP 78970,241.8175807,-36.75563286,5.7,5.613798,F0/2V,5991,144415,,Lupus,169.614941,0.298,,
6010,,HIP 78985,241.8424051,21.82265428,6.14,5.68208,K4III,6005,144889,,Serpens,565.9720765,1.365,,
6011,,HIP 78989,241.8503523,-56.19095949,6.165,5.986752,F0/2Ib/II,5979,144183,,Norma,1278.432294,0.565,,
6012,,HIP 78990,241.8513626,-20.86876443,4.33,4.090471,G4II-III,5997,144608,ω 2 Scorpii,Scorpius,264.6103983,0.831,,
6013,,HIP 79005,241.9017305,-12.74540681,5.77,5.753145,B9V,6002,144708,11 Sco,Scorpius,425.5866486,0.018,,
6014,,HIP 79007,241.9064129,9.891740914,5.635,5.592799,A7V,6004,144874,45 Ser,Serpens,268.9771685,0.2,,
6015,,HIP 79031,241.9661994,-24.46234652,6.33,6.296906,B8IV/V,5998,144661,,Scorpius,383.5293732,-0.038,,
6016,Marsic,HIP 79043,242.0188568,17.04697753,4.994,4.74474,G7III,6008,145001,,Hercules,381.0001502,0.933,,
6017,,HIP 79045,242.0206062,17.0543597,6.23,5.95703,K0IV,6009,145000,κ Herculis B,Hercules,401.0001574,1.14,,
6018,,HIP 79050,242.0316113,-26.32668091,5.38,4.422068,M2III,6001,144690,,Scorpius,425.0324482,1.643,,
6019,,HIP 79072,242.1169825,8.534310908,5.73,4.522522,M4IIIa,6010,145002,47 Ser,Serpens,567.9443789,1.575,5.68,5.73
6020,,HIP 79098,242.1821679,-23.68541207,5.88,5.839924,B9V,6003,144844,,Scorpius,426.1441087,0.02,,
6021,,HIP 79101,242.1924009,44.93490593,4.27,4.190117,B9VspHgMn,6023,145389,ϕ Herculis,Hercules,228.4514358,-0.045,,
6022,,HIP 79102,242.1942965,17.20563667,6.127,6.124429,A0Vnn,6013,145122,8 Her,Hercules,367.1185251,-0.003,,
6023,,HIP 79119,242.2429539,36.49087057,4.73,4.434176,K1-III-IV,6018,145328,τ Coronae Borealis,CoronaBorealis,113.0376158,1.015,,
6024,,HIP 79120,242.2453305,3.454474692,5.909,5.377319,K4III,6011,145085,41 G. Ser Cap,Serpens,430.0789294,1.471,,
6025,,HIP 79125,242.2620785,57.93784469,6.33,6.320405,A1V,6036,145674,,Draco,400.9834093,0.032,,
6026,,HIP 79153,242.3272819,-57.93431911,5.57,5.565596,B9.5V,5994,144480,ι 2 Normae,Norma,271.214831,-0.024,,
6027,,HIP 79164,242.3582223,55.82897392,6.4,6.150254,K0,6038,145694,,Draco,437.5834431,1.076,,
6028,,HIP 79195,242.4604326,-3.466744115,5.378,4.82157,K4III,6016,145206,43 G. Ser Cap,Serpens,493.939093,1.446,,
6029,,HIP 79199,242.4691245,-33.54580654,5.497,5.485478,B8V,6007,144987,,Scorpius,432.9346906,-0.075,,
6030,,HIP 79203,242.480303,-18.3406277,6.43,6.326626,F3V,6012,145100,,Scorpius,160.9876747,0.447,,
6031,,HIP 79208,242.4965731,-62.96715276,6.488,6.460417,A3mA7-F2,,144481,,TriangulumAustrale,340.2919731,0.231,,
6032,,HIP 79280,242.7063518,75.87756181,5.473,5.457001,B8V,6079,146926,19 UMi,UrsaMinor,665.3075606,-0.093,,
6033,,HIP 79302,242.7586179,-29.41621869,5.102,4.748892,K0III,6017,145250,,Scorpius,255.2858165,1.131,,
6034,,HIP 79320,242.8237673,-41.11980209,5.857,5.809131,F2III(+A),6015,145191,,Scorpius,225.7619408,0.273,,
6035,,HIP 79332,242.8697434,16.66569087,6.082,6.082109,A0V,6035,145647,48 Ser,Hercules,439.9469515,0.02,,
6036,,HIP 79349,242.9084808,23.4948014,5.7,4.393531,M3III,6039,145713,10 Her,Hercules,565.9720761,1.519,5.58,5.83
6037,,HIP 79350,242.9149968,33.34276547,6.3,5.946383,K2III,6043,145802,,CoronaBorealis,515.008476,1.228,,
6038,,HIP 79357,242.9483284,42.37456654,5.868,5.335554,K4III,6050,145931,,Hercules,934.097926,1.464,,
6039,,HIP 79358,242.9502307,36.42509476,5.615,5.160967,K3III,6046,145849,,CoronaBorealis,610.4873899,1.352,,
6040,Jabbah,HIP 79374,242.998891,-19.4606906,4.349,,~,6027,145502A,* nu. Sco A,Scorpius,436.4131124,0.076,,
6041,Jabbah,HIP 79374,242.9988987,-19.46070448,4,,B2V,6027,145502,ν Scorpii,Scorpius,436.4131124,0.076,,
6042,,HIP 79375,242.9999714,-10.06414171,4.928,4.902428,A1V,6031,145570,ψ Scorpii,Scorpius,164.7298299,0.087,,
6043,,HIP 79385,243.0272669,39.05552524,6.388,6.010193,K0,,145957,,CoronaBorealis,867.0201424,1.262,,
6044,,HIP 79387,243.0304832,-8.547579594,5.424,5.401822,A2IV,6033,145607,16 Sco,Scorpius,249.8086887,0.118,,
6045,,HIP 79399,243.0668451,-28.41728452,5.8,,B9V,,145483A,* 12 Sco A,Scorpius,297.9892242,0.012,,
6046,,HIP 79404,243.0758526,-27.92637591,4.568,4.525139,B2V,6028,145482,13 Sco,Scorpius,467.7189035,-0.172,,
6047,,HIP 79414,243.1056677,67.14417866,6.211,5.948644,G8III,6069,146603,,Draco,485.8412378,0.993,,
6048,,HIP 79420,243.1337307,75.21068144,6.34,5.970201,K2IV,6082,147142,20 UMi,UrsaMinor,765.259197,1.283,,
6049,,,243.1894612,26.67057991,6.5,6.426194,~,6052,145976A,,CoronaBorealis,238.3041409,0.391,,
6050,,HIP 79463,243.2357763,-4.220786625,6.255,6.225181,A0V,6041,145788,5 G. Oph,Ophiuchus,557.2646159,0.133,,
6051,,HIP 79488,243.3142876,5.021091243,5.453,4.928994,K5III,6047,145892,9 Her,Hercules,424.4782471,1.472,,
6052,,HIP 79490,243.3207051,-53.67117433,5.944,5.102559,M0III,6022,145384,V367 Nor,Norma,4939.390801,1.965,,
6053,,HIP 79497,243.3445746,-55.54094743,5.772,5.688195,F2IV/V,6019,145361,ζ Normae,Norma,230.7148586,0.365,,
6054,,HIP 79509,243.3697086,-54.63046751,4.94,4.670534,G8III,6024,145397,κ Normae,Norma,437.5834497,1.017,,
6055,,HIP 79522,243.4108166,-1.475129336,6.45,6.174512,K0III,,145936,45 G. Ser Cap,Serpens,324.3782813,0.997,,
6056,,HIP 79530,243.4395747,-24.42209166,6.43,6.401151,B6IV,6042,145792,,Scorpius,452.7783182,0.043,,
6057,,HIP 79540,243.4621094,-11.83774786,5.239,4.763124,K3III,6048,145897,χ Scorpii,Scorpius,438.7635732,1.394,,
6058,,HIP 79581,243.5566946,5.901847223,6.289,5.974724,K2III,6057,146084,2 G. Her,Hercules,334.3587744,1.148,,
6059,Yed Prior,HIP 79593,243.5864126,-3.694325785,2.75,2.016425,M0.5III,6056,146051,δ Ophiuchi,Ophiuchus,170.1463216,1.584,,
6060,,HIP 79596,243.5931879,-33.0110882,5.918,5.632356,K0III,6044,145838,,Scorpius,642.9993866,1.021,,
6061,,HIP 79599,243.6203447,-21.10763655,6.405,6.401848,B9V,6051,145964,,Scorpius,344.9733392,0.002,,
6062,,HIP 79601,243.6393466,73.39489111,6.016,6.006887,A3V,6088,147321,,UrsaMinor,747.7073511,0.063,,
6063,,HIP 79605,243.6635164,-18.53564833,6.34,6.02393,K1III,6053,145997,,Scorpius,282.0070684,1.085,,
6064,,,243.6682809,33.85752672,6.42,,G1V,6064,146362,* sig CrB B,CoronaBorealis,,0.62,,
6065,,,243.6702227,33.85861434,5.55,,F6V,,146361,* sig CrB A,CoronaBorealis,,0.59,,
6066,,HIP 79622,243.7226228,-25.47697234,6.05,6.023312,B8V,6054,146001,,Scorpius,461.7563614,0.027,,
6067,,HIP 79653,243.813824,-47.37201988,5.124,5.102956,B8V,6045,145842,θ Normae,Norma,294.755953,-0.114,,
6068,,HIP 79661,243.8498243,-42.89942483,6.135,5.819734,K2III,6049,145921,,Norma,244.5613893,1.114,,
6069,,HIP 79664,243.8594616,-63.6856815,3.839,3.560336,G2Ib-IIa,6030,145544,δ Trianguli Australis,TriangulumAustrale,620.9519946,1.105,,
6070,,HIP 79666,243.8693124,18.80808822,5.69,5.413513,K3III,6065,146388,16 Her,Hercules,316.1979582,1.126,,
6071,,HIP 79672,243.9052928,-8.369439479,5.5,5.327651,G2Va,6060,146233,18 Sco,Scorpius,45.72218265,0.652,,
6072,,HIP 79686,243.9471765,27.42208247,6.136,5.716666,K2,6068,146537,,CoronaBorealis,441.7334304,1.334,,
6073,,HIP 79689,243.9574896,-57.91234941,5.622,5.592641,A3III,6040,145782,,Norma,369.6156845,0.137,,
6074,,HIP 79692,243.964563,-14.84911541,6.083,6.061788,A0III,6061,146254,,Scorpius,613.9364767,0.098,,
6075,,HIP 79754,244.1803239,-53.81111142,5.44,4.425868,M2III,6055,146003,V368 Nor,Norma,804.9399429,1.696,,
6076,,HIP 79757,244.1866129,29.15026062,5.779,5.772992,A3V,6074,146738,υ Coronae Borealis,CoronaBorealis,825.318209,0.063,,
6077,,HIP 79781,244.2304232,-3.953348115,6.165,6.104956,F0IV,6067,146514,8 G. Oph,Ophiuchus,155.2380101,0.326,,
6078,,HIP 79787,244.2455371,-53.69623061,6.41,6.1879,G6IV,,146059,,Norma,235.5491146,0.793,,
6079,,HIP 79788,244.2466593,-20.10408768,6.42,5.925258,G8III,,146436,,Scorpius,630.5624826,1.27,,
6080,,HIP 79790,244.2538931,-50.06812143,5.09,4.735878,F9Ia,6058,146143,γ 1 Normae,Norma,1436.125072,0.788,,
6081,,HIP 79797,244.2725443,-67.94128417,5.944,5.933451,A3V,6037,145689,,TriangulumAustrale,179.8125459,0.159,,
6082,,HIP 79804,244.313963,59.75501684,5.4,4.111553,M4III,6086,147232,,Draco,657.2586216,1.551,,
6083,,HIP 79812,244.3370846,-53.08638203,6.33,6.251167,A7/9IV,6059,146145,,Norma,252.5174208,0.273,,
6084,,HIP 79834,244.4306597,1.496713515,6.49,6.170881,K0III,,146740,,Serpens,598.1645902,1.128,,
6085,,HIP 79867,244.540704,68.5545454,6.36,5.980811,K2,6101,147662,,Draco,593.8059565,1.343,,
6086,,HIP 79881,244.5745798,-28.61402,4.782,4.781785,A1Va,6070,146624,,Scorpius,140.3358927,0.008,,
6087,Yed Posterior,HIP 79882,244.5803759,-4.692513153,3.23,2.977211,G9.5IIIbFe-0.5,6075,146791,ϵ Ophiuchi,Ophiuchus,107.4490008,0.966,,
6088,,HIP 79932,244.7159654,-57.89979333,6.49,6.175861,F8/G0Ib,6062,146323,S Nor,Norma,2739.496363,0.931,6.12,6.77
6089,,HIP 79938,244.751735,-14.87281398,5.94,5.367383,K3IIICNVp,6078,146850,,Scorpius,864.7218475,1.475,,
6090,,HIP 79945,244.7821744,-20.21806835,6.298,5.968423,K0III,6076,146834,,Scorpius,490.2259517,1.066,,
6091,,HIP 79953,244.7967215,49.03815837,5.91,5.466325,K6III,6090,147352,,Hercules,637.9659371,1.369,,
6092,,HIP 79963,244.8235275,-42.67397261,5.44,5.675921,A3V,6071,146667,λ Normae,Norma,467.7189021,0.099,,
6093,,HIP 79980,244.8864095,-30.90671131,5.502,5.400348,F5IV,6077,146836,,Scorpius,135.2698507,0.466,,
6094,,HIP 79992,244.9351533,46.3133617,3.87,3.88713,B5V,6092,147394,τ Herculis,Hercules,314.3684404,-0.151,,
6095,,HIP 80000,244.9600929,-50.155506,4.02,3.71747,K0III,6072,146686,γ 2 Normae,Norma,127.4432379,1.08,,
6096,,HIP 80008,244.9797592,39.70858345,5.48,5.378591,F4V,6091,147365,,Hercules,87.42280755,0.41,,
6097,,HIP 80021,245.0178136,21.13261227,6.038,5.793865,G8III,6087,147266,,Hercules,344.608216,0.938,,
6098,,HIP 80047,245.086673,-78.69574842,4.68,3.366725,M4III,6020,145366,δ 1 Apodis,Apus,765.2592038,1.68,4.66,4.87
6099,,HIP 80054,245.1052146,-55.13970659,5.744,5.512036,K0III,6073,146690,,Norma,363.0304825,0.97,,
6100,,HIP 80057,245.1119068,-78.66749603,5.247,4.764135,K3III,6021,145388,δ 2 Apodis,Apus,662.6017666,1.413,,
6101,,HIP 80066,245.1359061,-39.43034253,6.102,6.109892,B9V,6080,146954,,Scorpius,496.1950127,-0.079,,
6102,,HIP 80079,245.1590574,-24.1693043,4.57,4.124845,A5II,6081,147084,ο Scorpii,Scorpius,1176.8963,0.758,,
6103,Alniyat,HIP 80112,245.2971488,-25.59279208,2.89,2.920874,B1III+B1:V,6084,147165,σ Scorpii,Scorpius,568.0002197,0.299,2.86,2.94
6104,,HIP 80142,245.3626364,-48.18862259,6.498,6.498351,B7V,,147001,,Norma,441.733432,-0.047,,
6105,,HIP 80161,245.4529616,69.10939293,5.264,4.959169,K2III,6126,148293,,Draco,293.9585456,1.115,,
6106,,HIP 80170,245.48006,19.15312828,3.76,3.691747,A9IIIbn,6095,147547,γ Herculis,Hercules,195.3265682,0.299,4.02,4.11
6107,,HIP 80179,245.5181176,1.029043509,4.82,4.739257,F1IV,6093,147449,σ Serpentis,Serpens,89.16854367,0.338,,
6108,,HIP 80181,245.5242661,30.89199596,4.849,4.592602,G9IIIFe-0.5,6103,147677,ξ Coronae Borealis,CoronaBorealis,183.558614,0.97,,
6109,,HIP 80197,245.5892701,33.79905223,5.2,4.37462,M2III,6107,147749,ν 1 Coronae Borealis,CoronaBorealis,555.3672902,1.631,,
6110,,HIP 80208,245.6166483,-49.57235238,5.318,5.067946,B3V,6083,147152,,Norma,556.3126933,-0.047,,
6111,,HIP 80212,245.6211145,-43.91205515,5.915,5.526956,G3II,6085,147225,,Norma,1041.53453,1.121,,
6112,,HIP 80214,245.621743,33.70347908,5.39,4.784998,K5III,6108,147767,ν 2 Coronae Borealis,CoronaBorealis,545.1504465,1.523,,
6113,,HIP 80227,245.6621051,-2.079866464,6.241,6.216174,B9V,6096,147550,10 G. Oph,Ophiuchus,406.991601,0.058,,
6114,,HIP 80247,245.7354126,32.33301165,6.404,6.400231,A4Vn,6110,147835,23 Her,CoronaBorealis,515.0084758,0.083,,
6115,,,245.9464498,61.6964519,6.04,,~,6130,148374A,,Draco,412.1358722,0.956,,
6116,,HIP 80324,245.9863094,-33.19939737,6.46,,B9.5V(n)+A1V(n),6097,147553,,Scorpius,380.8398714,0.013,,
6117,Athebyne,HIP 80331,245.9978597,61.51420976,2.74,2.494415,G8-IIIab,6132,148387,η Draconis,Draco,87.68164668,0.91,,
6118,,HIP 80337,246.0053797,-39.19298053,5.376,5.215097,G5V,6094,147513,,Scorpius,41.97635389,0.62,,
6119,,HIP 80343,246.0257406,-20.03732005,4.5,4.212595,K0-II-III,6104,147700,ψ Ophiuchi,Ophiuchus,177.9478304,0.996,,
6120,,HIP 80351,246.0451198,6.948210497,5.819,5.827705,A1III,6111,147869,21 Her,Hercules,341.3612565,0.018,,
6121,,HIP 80375,246.1055768,55.20509632,5.734,5.736858,A2pSi,6127,148330,DQ Dra,Draco,366.2937371,0.001,5.74,5.757
6122,,HIP 80390,246.13231,-37.56604458,5.42,5.393765,B8V,6100,147628,,Scorpius,467.7189025,-0.104,,
6123,,HIP 80399,246.1657241,-29.70465813,5.41,,G0,6105,147722,CD-29 12513B,Scorpius,102.4514187,0.625,,
6124,,,246.1657255,-29.70466253,5.82,,F9IV,6106,147723,CD-29 12513A,Scorpius,,0.62,,
6125,,HIP 80421,246.2256256,-45.34949816,6.326,6.306508,A2/3V,6099,147614,,Norma,298.5349464,0.187,,
6126,,,246.332,-40.661,5.8,,Open Cluster,,,NGC 6124,Sagittarius,,,,
6127,,HIP 80455,246.3421938,-63.12521722,6.132,6.126132,A1V,6089,147349,,TriangulumAustrale,428.3837248,0.029,,
6128,,HIP 80460,246.3507034,37.3940519,5.54,5.473483,A5V,6123,148283,25 Her,Hercules,256.088097,0.174,,
6129,Cujam,HIP 80463,246.3539778,14.03326724,4.58,4.573544,A2VpCrSr,6117,148112,ω Herculis,Hercules,235.0399031,0.002,4.57,4.65
6130,,HIP 80473,246.3963236,-23.44717083,4.63,,B2IV+B2V,6112,147933,ρ Ophiuchi,Ophiuchus,394.1960966,0.227,,
6131,,HIP 80473,246.3963274,-23.44717546,5.05,,B1V,6112,147933,* rho Oph A,Ophiuchus,394.1960966,0.227,,
6132,,HIP 80514,246.5474412,11.40749519,6.103,5.820695,G8III,6121,148228,,Hercules,357.8470819,1.065,,
6133,,HIP 80558,246.7086433,2.347942748,6.049,5.832173,G8III,6124,148287,16 G. Oph,Ophiuchus,466.3823021,0.919,,
6134,,HIP 80569,246.7559815,-18.45624999,4.43,4.199642,B2Vne,6118,148184,χ Ophiuchi,Ophiuchus,488.7556909,0.217,4.18,5
6135,,HIP 80579,246.7919434,-47.54907675,6.13,,A,,,,Norma,,,,
6136,,HIP 80582,246.7960067,-47.55479365,4.521,4.484875,B2V,6115,147971,ϵ Normae,Norma,399.5098966,-0.07,,
6137,,HIP 80610,246.8844641,2.870624029,6.37,5.546611,M0III,,148390,19 G. Oph,Ophiuchus,546.9793112,1.638,,
6138,,HIP 80620,246.9310708,-7.597929125,5.23,4.255892,M3-III,6128,148349,17 G. Oph,Ophiuchus,506.9986574,1.721,5,5.38
6139,,HIP 80628,246.9507221,-8.371782117,4.63,4.623723,kA2hA5VmA5,6129,148367,υ Ophiuchi,Ophiuchus,122.234736,0.185,,
6140,,HIP 80645,246.9889398,-64.05794042,5.29,5.202838,F0IV,6109,147787,ι Trianguli Australis,TriangulumAustrale,131.7170971,0.383,,
6141,,HIP 80650,246.995894,68.76813709,4.949,4.926309,B9.5IV,6161,149212,15 Dra,Draco,490.962699,-0.051,,
6142,,HIP 80672,247.0602932,-37.17988287,5.79,5.481141,K1+IIICN0.5,6122,148247,,Scorpius,318.9826525,1.104,,
6143,,HIP 80675,247.0631658,-58.59979409,5.673,5.639606,B9II/III,6114,147977,,Norma,679.1658364,0.008,,
6144,,HIP 80686,247.1172594,-70.08439581,4.899,4.743968,F9V,6098,147584,ζ Trianguli Australis,TriangulumAustrale,39.46264852,0.555,,
6145,,HIP 80693,247.1415867,0.6650003175,5.39,4.878614,K3V,6136,148513,21 G. Oph,Ophiuchus,422.2810062,1.461,,
6146,,HIP 80704,247.1606233,41.88167914,5.01,2.72367,M6-III,6146,148783,30 Her,Hercules,361.019058,1.289,4.3,6.3
6147,,HIP 80708,247.1763138,0.05485727539,6.45,6.008353,K3V,,148531,,Ophiuchus,299.3574457,1.378,,
6148,,HIP 80710,247.1810267,51.40774065,6.307,6.034722,G9III,6150,148880,,Draco,391.356627,1.052,,
6149,,,247.35083,-26.43083,5.2,,B2.5V,,148479,* alf Sco B,Scorpius,,,,
6150,Antares,HIP 80763,247.3519154,-26.43200261,0.91,,M1.5Iab+B2Vn,6134,148478,α Scorpii,Scorpius,609.6202345,1.865,0.88,1.16
6151,,HIP 80782,247.4263657,-46.24323081,5.37,5.129825,B2Iab,6131,148379,QU Nor,Norma,1194.138445,0.488,5.29,5.41
6152,,HIP 80788,247.4384195,-57.75632429,6.052,5.588239,G8Ib,6120,148218,V378 Nor,Norma,1530.518405,1.459,,
6153,,HIP 80793,247.4455094,-14.55079801,5.665,5.432307,G5III/IV,6140,148604,22 G. Oph,Ophiuchus,267.6519787,0.823,,
6154,,HIP 80809,247.5251633,48.96108562,6.427,6.436048,A1V,6156,149081,34 Her,Hercules,362.2219969,0.026,,
6155,,HIP 80815,247.5519803,-25.11522127,4.79,4.745399,B2.5V,6141,148605,22 Sco,Scorpius,392.7714759,-0.116,,
6156,Kornephoros,HIP 80816,247.5550013,21.48961075,2.77,2.547638,G7IIIaFe-0.5,6148,148856,β Herculis,Hercules,147.7119683,0.947,,
6157,,HIP 80840,247.6250765,-7.514453179,6.461,6.366587,A7Ib,6144,148743,23 G. Oph,Ophiuchus,1873.565072,0.371,,
6158,,HIP 80843,247.6397853,20.47918736,5.243,4.796258,G8.5IIICN-2CH-1Fe-1,6152,148897,,Hercules,758.1393657,1.274,,
6159,,HIP 80874,247.7056648,-61.63350575,5.182,4.832532,K1IIb,6125,148291,,TriangulumAustrale,669.4053923,1.236,,
6160,Marfik,HIP 80883,247.7284118,1.983905135,4.15,,A0V,6149,148857,* lam Oph A,Ophiuchus,166.0722972,0.022,,
6161,Marfik,HIP 80883,247.7284298,1.98392248,3.9,,A1IV,6149,148857,λ Ophiuchi,Ophiuchus,166.0722972,0.022,,
6162,,HIP 80883,247.728592,1.984244,5.14,,A4V,6149,148857,* lam Oph B,Ophiuchus,166.0722972,0.022,,
6163,,HIP 80888,247.7615983,35.22506655,6.26,5.557494,K5,6157,149084,,Hercules,999.9988508,1.64,,
6164,,HIP 80894,247.7848624,-16.61273087,4.27,4.052528,G8+IIIa,6147,148786,ϕ Ophiuchi,Ophiuchus,209.9163798,0.924,,
6165,,HIP 80898,247.8059627,22.19545607,5.754,5.079833,K5III,6154,149009,,Hercules,926.1370063,1.605,,
6166,,HIP 80910,247.8451996,-26.53764462,6.081,5.782963,K1III,6145,148760,,Scorpius,225.1383031,1.085,,
6167,,HIP 80911,247.8455603,-34.70436819,4.23,4.183035,B2III-IV,6143,148703,N Sco,Scorpius,745.9958634,-0.168,,
6168,,HIP 80920,247.8676135,72.61233807,6.31,5.872678,K2III,6180,150010,,Draco,437.5834387,1.291,,
6169,,HIP 80945,247.9240365,-41.81714793,5.39,5.1761,B1Iaeqp,6142,148688,,Scorpius,8578.953921,0.299,,
6170,,HIP 80953,247.9467816,45.59826248,5.68,5.649823,A2Vn_lB,6162,149303,,Hercules,225.1382959,0.125,,
6171,,HIP 80964,247.9852332,9.414381302,6.5,6.407339,F2,,149059,,Hercules,293.4294586,0.429,,
6172,,HIP 80975,248.0341683,-21.46640337,4.45,4.425611,ApSrEuCr,6153,148898,ω Ophiuchi,Ophiuchus,174.705433,0.13,4.44,4.51
6173,,HIP 80991,248.1069948,60.82330152,5.91,5.913602,A2V,6170,149650,,Draco,335.3921845,0.039,,
6174,,HIP 81007,248.1486893,5.521219936,5.63,5.626242,B9.5III,6158,149121,n Her,Hercules,322.1344214,-0.044,,
6175,,HIP 81008,248.1512166,11.48804115,4.85,4.23257,K4.5III,6159,149161,29 Her,Hercules,316.8124688,1.495,,
6176,,HIP 81065,248.3628438,-78.89714817,3.854,3.620061,G8III,6102,147675,γ Apodis,Apus,159.4913262,0.923,,
6177,,HIP 81122,248.520914,-44.04531128,4.94,4.815575,O9.7Iab,6155,149038,μ Normae,Norma,4657.1399,0.045,4.87,4.98
6178,,HIP 81126,248.5257601,42.43700949,4.196,4.132682,B9V,6168,149630,σ Herculis,Hercules,302.1317004,-0.013,,
6179,,HIP 81141,248.5806091,-70.98810222,5.489,5.185569,K0.5IIbCN1,6135,148488,,Apus,942.1957694,1.235,,
6180,,HIP 81198,248.7822718,-45.24436344,6.44,5.975527,K2/3III,6160,149174,,Scorpius,613.9364744,1.346,,
6181,,HIP 81231,248.8595323,17.05734104,6.403,6.405854,A1V,6169,149632,,Hercules,528.3647027,0.062,,
6182,,HIP 81252,248.9367544,-65.49539962,5.5,5.245303,G8/K0III,6151,148890,θ Trianguli Australis,TriangulumAustrale,327.9691678,0.949,,
6183,Paikauhale,HIP 81266,248.9706369,-28.21601709,2.81,2.802828,B0V,6165,149438,τ Scorpii,Scorpius,429.5116889,-0.206,,
6184,,HIP 81289,249.0466739,46.61333117,5.814,5.56857,G8II,6183,150030,,Hercules,878.7072444,1.044,,
6185,,HIP 81290,249.0475848,52.90005242,5.52,5.51291,B9.5V+DA:,6184,150100,16 Dra,Draco,399.5098894,-0.06,,
6186,,HIP 81292,249.0571722,52.92442288,5.39,,B9V,6185,150117,* 17 Dra A,Draco,396.5954484,-0.027,,
6187,,HIP 81292,249.0585831,52.92419058,6.413,,A1Vnn,6186,150118,* 17 Dra B,Draco,396.5954484,-0.027,,
6188,,,249.08304,-2.32031,5.755,,~,,,BD+02 4211,Ophiuchus,,0.819,,
6189,,HIP 81300,249.0893737,-2.324586951,5.77,5.553552,K1V,6171,149661,12 Oph,Ophiuchus,31.87643505,0.827,6.57,6.61
6190,,HIP 81304,249.0936313,-35.25533141,4.156,3.49136,K5III,6166,149447,H Sco,Scorpius,338.5250555,1.535,,
6191,,HIP 81305,249.0940119,-42.8588617,5.52,5.267011,O8.5Iab(f)p,6164,149404,,Scorpius,1493.080553,0.338,5.42,5.5
6192,,HIP 81337,249.1789105,15.49745201,6.355,6.342068,A2VpSiSrCr,6176,149822,V773 Her,Hercules,436.4131095,-0.055,,
6193,,HIP 81358,249.2291441,63.07282449,6.148,5.581446,K5,6198,150429,,Draco,486.5682186,1.527,,
6194,,HIP 81377,249.2897502,-10.56708604,2.56,2.556596,O9.2IVnn,6175,149757,ζ Ophiuchi,Ophiuchus,365.1201457,0.038,2.56,2.58
6195,,HIP 81404,249.3906656,5.277525551,6.47,6.151226,K0,,149908,11 G. Her,Hercules,427.8230075,1.15,,
6196,,HIP 81425,249.4500427,13.68703276,6.32,6.2026,F5IV-V,6181,150012,,Hercules,226.5462957,0.433,,
6197,,HIP 81428,249.4697302,78.91867086,6.317,6.026852,G9III,6238,151623,,UrsaMinor,414.2320487,1.141,,
6198,,HIP 81437,249.5018686,56.0155626,5.28,4.975124,K1III,6199,150449,,Draco,258.7303237,1.055,,
6199,,HIP 81440,249.5064712,-6.538013398,6.09,6.008697,ApSrCrEu,6179,149911,30 G. Oph,Ophiuchus,411.6175424,0.165,,
6200,,HIP 81472,249.60955,-43.3984247,5.83,5.809494,B2V,6174,149711,V1003 Sco,Scorpius,686.3150207,-0.053,5.83,5.86
6201,,HIP 81497,249.6868542,48.92834233,4.9,4.015113,M2III,6200,150450,42 Her,Hercules,376.0085417,1.562,,
6202,,HIP 81499,249.6988636,-8.618606095,6.45,5.606189,K4III,,150052,31 G. Oph,Ophiuchus,881.0805326,1.806,,
6203,,HIP 81507,249.7195636,-60.99039514,6.15,6.141089,B7Vn,6167,149485,,Ara,537.0689043,-0.073,,
6204,,HIP 81523,249.7717775,-37.21737605,5.914,5.910427,B9/A0V+B,6178,149886,,Scorpius,434.0887299,-0.035,,
6205,,HIP 81580,249.9130403,-9.554586822,6.332,6.195694,F6V,6189,150177,33 G. Oph,Ophiuchus,141.6160946,0.492,,
6206,,HIP 81632,250.1438225,-20.40864767,6.245,5.958475,K0III,6190,150259,34 G. Oph,Ophiuchus,423.927307,1.077,,
6207,,HIP 81641,250.1611966,4.219789774,5.761,5.763929,B9V,6195,150378,37 Her,Hercules,302.9740903,-0.004,,
6208,,HIP 81650,250.1849977,-51.47825749,6.29,6.22464,F1Vnnm-4,,149989,V872 Ara,Ara,159.1796747,0.321,,
6209,,HIP 81657,250.210347,-60.44644642,6.24,6.147944,F6V,6177,149837,,Ara,100.3076381,0.488,,
6210,,HIP 81659,250.2139161,12.39504116,6.061,6.06877,A3Vn,6203,150483,,Hercules,347.5487376,0.046,,
6211,,HIP 81660,250.2296645,64.58904569,4.842,4.465789,K0IIICN-0.5CH-2Ca1,6223,151101,18 Dra,Draco,680.5839285,1.212,,
6212,,HIP 81663,250.2350332,-8.309624746,6.49,6.08211,K0III,,150381,38 G. Oph,Ophiuchus,499.2333341,1.147,,
6213,,HIP 81670,250.2524233,24.85870342,6.07,5.648411,K2,6208,150580,,Hercules,449.0358326,1.316,,
6214,,HIP 81687,250.2980967,-1.000313299,6.259,6.241418,A5/7III,6201,150451,41 G. Oph,Ophiuchus,153.6288725,0.313,,
6215,,HIP 81693,250.3191979,31.60458388,2.88,,~,6212,150680,* zet Her A,Hercules,35.19367756,0.65,,
6216,,HIP 81691,250.3197285,1.245435736,6.395,6.12801,G8III,,150493,42 G. Oph,Ophiuchus,767.0587306,1.019,,
6217,,HIP 81693,250.3215043,31.6027187,2.8,,G0IV,6212,150680,ζ Herculis,Hercules,35.19367756,0.65,,
6218,,HIP 81702,250.335065,-48.76298068,5.65,5.601677,O3.5-4III(f*)+O6IV,6187,150136,,Ara,4703.727959,0.13,,
6219,,HIP 81710,250.3462823,-68.29612193,5.884,5.857358,B7V,6172,149671,η 1 Trianguli Australis,TriangulumAustrale,687.7624576,-0.078,,
6220,,HIP 81724,250.3932646,-17.74216655,4.923,4.572637,G7.5II-IIICN1Ba0.5,6196,150416,24 Sco,Ophiuchus,390.887195,1.095,,
6221,,HIP 81728,250.4007414,-24.46796077,6.09,6.030447,A7III,6193,150366,36 G. Oph,Ophiuchus,262.0581422,0.214,,
6222,,HIP 81729,250.4029135,26.9168802,5.916,5.817127,F3V:+F3V:,6213,150682,39 Her,Hercules,139.6147762,0.402,,
6223,,HIP 81733,250.4176091,-49.65155234,5.68,5.595775,B1Iab/Ib,6188,150168,,Ara,3260.001193,-0.043,,
6224,,,250.423475,36.461319,5.8,,Globular Cluster,,,M 13,Hercules,,,,
6225,,HIP 81734,250.4270081,1.181230899,5.724,5.653561,F2V,6205,150557,14 Oph,Ophiuchus,165.4822366,0.336,,
6226,,HIP 81741,250.439393,-33.14575986,5.836,5.680701,G0/2II,6192,150331,,Scorpius,292.1147007,0.653,,
6227,,HIP 81754,250.473762,-19.92436096,5.559,5.4319,F3V,6202,150453,40 G. Oph,Ophiuchus,138.7234956,0.436,,
6228,,HIP 81823,250.7017478,-62.55392958,6.19,5.6875,K3III,,150097,,TriangulumAustrale,1468.467541,1.524,,
6229,,HIP 81833,250.7240206,38.92225492,3.5,3.24463,G7IIIFe-1,6220,150997,η Herculis,Hercules,111.989198,0.916,,
6230,,HIP 81840,250.7435775,55.69012055,6.172,6.17132,A2VpSr,6226,151199,,Draco,295.2899329,0.088,,
6231,,HIP 81847,250.7648574,-46.0702936,6.27,5.957307,F6II,6197,150421,,Ara,3128.299416,0.821,,
6232,,HIP 81852,250.7694107,-77.51743315,4.24,3.925096,K0III,6163,149324,β Apodis,Apus,157.5640137,1.06,,
6233,,HIP 81873,250.84228,-67.4323866,6.015,6.017276,A0Vn,6182,150026,,TriangulumAustrale,304.6728729,0.037,,
6234,,HIP 81891,250.9113497,-32.10594617,6.452,6.45136,B8V,6211,150638,,Scorpius,783.6553968,-0.076,,
6235,,HIP 81903,250.9403309,-41.1192046,6.199,6.181868,A4V,6206,150573,,Scorpius,430.078928,0.143,,
6236,,HIP 81904,250.9483303,-38.15634401,6.046,6.033408,B9II/III,6210,150608,,Scorpius,702.585687,-0.054,,
6237,,,250.95,-41.1167,5.41,,~,,,[SC96] Mis 125,Scorpius,,,,
6238,,HIP 81911,250.9653649,34.03880255,6.01,5.95595,F2.5III-IV,6222,151087,,Hercules,179.2195512,0.321,,
6239,,HIP 81914,250.9753419,-41.11334407,6.116,6.116977,B6/7V,6209,150591,,Scorpius,485.1207879,-0.078,,
6240,,HIP 81966,251.1655967,-53.15231618,5.967,5.533219,G8III,6207,150576,,Ara,687.76246,1.23,,
6241,,HIP 81972,251.1774695,-40.83967507,5.628,5.613902,B3V,6214,150742,,Scorpius,492.4460106,-0.093,,
6242,,HIP 81992,251.2507913,-28.50965713,5.982,5.978128,A3IV,6218,150894,,Scorpius,754.6283464,0.103,,
6243,,HIP 82012,251.2991452,43.21717192,6.059,5.582053,K4III,6230,151388,,Hercules,637.9659377,1.415,,
6244,,HIP 82020,251.3244229,56.78189999,4.837,4.722477,F2V,6237,151613,,Draco,87.14244318,0.375,,
6245,,HIP 82028,251.3438235,15.74528106,5.619,4.59896,M3IIIab,6227,151203,,Hercules,516.6417383,1.637,,
6246,,HIP 82037,251.3736452,1.020163006,6.018,6.010863,B9IV/V,6224,151133,16 Oph,Ophiuchus,476.6089252,-0.012,,
6247,,HIP 82073,251.4578831,8.582613525,5.15,4.512991,K5III,6228,151217,43 Her,Hercules,350.5381589,1.535,,
6248,,HIP 82080,251.4926817,82.03725828,4.212,3.969046,G5III,6322,153751,ϵ Ursae Minoris,UrsaMinor,346.4403234,0.897,4.19,4.23
6249,,HIP 82091,251.526555,-46.53199371,6.47,6.461892,A2V,,150897,,Ara,447.8035538,0.087,,
6250,,HIP 82110,251.5884412,-58.5035954,5.728,5.698627,B2III/IV,6215,150745,,Ara,838.0452536,-0.101,,
6251,,HIP 82129,251.6666317,-67.10969037,5.1,5.070085,ApSi,6204,150549,LP TrA,TriangulumAustrale,625.7213753,-0.08,5.12,5.153
6252,,HIP 82135,251.6998248,-39.37696419,5.481,5.227675,K0III,6221,151078,,Scorpius,369.195146,0.975,,
6253,,HIP 82162,251.7906377,2.064529047,6.077,6.051345,A1IV,6232,151431,19 Oph,Ophiuchus,492.4460108,0.14,,
6254,,,251.80908,-1.94853,6.07,,Globular Cluster,,,M 12,Ophiuchus,,,,
6255,,HIP 82171,251.8319097,-58.3414442,5.61,5.525335,B0Ib,6219,150898,,Ara,2089.745527,-0.096,,
6256,,HIP 82172,251.8322789,42.23891603,5.87,4.603846,M4.5III,6242,151732,V636 Her,Hercules,742.5956757,1.504,5.83,6.03
6257,,HIP 82216,251.9434168,5.246747594,5.24,5.198735,A1VpSi,6234,151525,45 Her,Hercules,459.8036187,-0.001,5.21,5.27
6258,,HIP 82241,252.0370333,13.59028376,6.379,6.15274,G5III,6239,151627,,Hercules,679.1658373,0.877,,
6259,,HIP 82259,252.1124078,-14.90941809,6.028,5.954884,A0IV/V,6235,151527,46 G. Oph,Ophiuchus,446.5745349,0.192,,
6260,Atria,HIP 82273,252.1662295,-69.02771185,1.88,,K2III_Ba1,6217,150798,α Trianguli Australis,TriangulumAustrale,391.0001498,1.447,,
6261,,HIP 82321,252.3092379,45.98331948,4.826,,~,6254,152107A ,* 52 Her A,Hercules,175.0806513,0.087,4.78,4.85
6262,,HIP 82321,252.3092426,45.98332279,4.823,,A1VpSiSrCr,6254,152107,52 Her,Hercules,175.0806513,0.087,4.78,4.85
6263,,HIP 82339,252.3652876,-15.66796724,6.19,6.241131,A3V,6240,151676,V1010 Oph,Ophiuchus,242.0192408,0.234,6.1,7
6264,,HIP 82350,252.394408,13.26113762,5.91,5.931233,A1V,6246,151862,,Hercules,287.4779994,0.015,,
6265,,HIP 82355,252.4190237,43.43043622,6.165,5.812935,K0IV,6256,152153,,Hercules,605.9494659,1.257,,
6266,,HIP 82363,252.4464845,-59.04137935,3.744,3.105009,K5III,6229,151249,η Arae,Ara,313.1606133,1.562,,
6267,,HIP 82369,252.4584073,-10.78306516,4.632,4.498244,F7V,6243,151769,20 Oph,Ophiuchus,120.5620286,0.478,,
6268,Larawag,HIP 82396,252.5408784,-34.29323159,2.29,1.991036,K1III,6241,151680,ϵ Scorpii,Scorpius,65.39628818,1.144,,
6269,,HIP 82402,252.5807534,7.247683551,5.469,5.458885,A3m,6250,151956,47 Her,Hercules,188.4394901,0.108,,
6270,,HIP 82405,252.5927147,-2.654357559,6.31,6.206071,F3V,6248,151900,51 G. Oph,Ophiuchus,195.0928273,0.401,,
6271,,HIP 82418,252.6503317,-50.04494556,6.45,,F0IV/V,6236,151566,,Ara,245.4820119,0.325,,
6272,,HIP 82419,252.6503931,41.89649903,6.29,6.004398,K3III:,6264,152262,,Hercules,404.9703933,1.086,,
6273,,HIP 82422,252.6623271,29.80653969,5.72,5.051331,M1III,6258,152173,50 Her,Hercules,923.5127034,1.626,,
6274,,HIP 82426,252.6797899,32.55366808,6.158,5.881382,K0III,6259,152224,,Hercules,314.6719483,1.014,,
6275,,HIP 82453,252.7501408,-37.51451129,6.22,6.186251,B8II-III,6244,151771,,Scorpius,853.4031215,0.124,,
6276,,HIP 82480,252.8538675,1.215946528,5.51,5.746495,A0V,6255,152127,21 Oph,Ophiuchus,344.9733373,0.055,,
6277,,HIP 82493,252.8905075,-41.2305332,5.22,5.168706,O8Iaf,6245,151804,,Scorpius,6791.658273,0.047,5.22,5.28
6278,,HIP 82504,252.9385898,24.65643282,5.029,4.678733,K0.5IIIaCa0.5,6270,152326,51 Her,Hercules,758.1393643,1.246,,
6279,Xamidimura,HIP 82514,252.9676181,-38.04739946,2.98,3.069865,B1V+B,6247,151890,μ 1 Scorpii,Scorpius,821.1584497,-0.2,2.94,3.22
6280,,HIP 82517,252.9745092,-65.3754584,6.114,6.105442,B8II/III,6233,151441,,TriangulumAustrale,947.6758321,-0.028,,
6281,,HIP 82516,252.974662,14.94187878,6.4,5.996001,M4-7.5Se,,152276,,Hercules,7761.899823,1.522,6.4,13.8
6282,,,253,-38.0333,2.51,,~,,,[SC96] Mis 162,Scorpius,,,,
6283,,HIP 82526,253.020211,14.97421431,6.488,,B9.5pSiCr,6268,152308,,Hercules,452.1491347,-0.033,,
6284,,HIP 82539,253.0737622,-67.68163704,6.317,5.942094,K2III,6231,151404,,TriangulumAustrale,377.3158051,1.289,,
6285,Pipirima,HIP 82545,253.0839388,-38.01753496,3.542,3.542674,B2IV,6252,151985,μ 2 Scorpii,Scorpius,516.6417394,-0.21,,
6286,,HIP 82554,253.1142289,-40.72315503,6.315,6.316248,ApSiSr:,,151965,,Scorpius,588.4465252,-0.141,6.32,6.38
6287,,,253.125,-40.7167,6.14,,~,,,[SC96] Mis 165,Scorpius,,,,
6288,,HIP 82587,253.2419074,31.701673,5.333,5.255359,F0V,6279,152598,53 Her,Hercules,97.89784387,0.319,,
6289,,HIP 82611,253.3231253,47.41671211,5.987,5.555265,K2III,6286,152812,,Hercules,610.4873866,1.325,,
6290,,HIP 82621,253.3550531,-20.41580059,5.857,5.690658,G2IV-V,6269,152311,54 G. Oph,Ophiuchus,91.23994795,0.685,,
6291,,,253.4,-42.0833,5.94,,~,,,[SC96] Mis 177,Scorpius,,,,
6292,,HIP 82650,253.4267675,-43.05096903,6.06,4.462919,M3II/III,6257,152161,V1068 Sco,Scorpius,1160.143152,1.643,,
6293,,HIP 82669,253.4952202,-41.99432718,6.38,6.113081,B0.5Ia,6261,152235,V900 Sco,Scorpius,5502.893481,0.462,6.29,6.34
6294,,HIP 82671,253.498863,-42.36202982,4.79,4.526421,B1.5Ia+,6262,152236,ζ 1 Scorpii,Scorpius,5570.563563,0.444,4.66,4.86
6295,,HIP 82672,253.5015022,-57.90951154,5.905,5.159032,M1III,6251,151967,,Ara,687.7624591,1.592,,
6296,,HIP 82673,253.5019647,10.16536138,4.38,4.326058,B8V,6281,152614,ι Ophiuchi,Ophiuchus,233.691892,-0.088,,
6297,,HIP 82676,253.5076557,-41.80638539,5.45,5.4243,B0.5Ia,6260,152234,,Scorpius,5927.26896,0.176,,
6298,,HIP 82691,253.5419243,-41.82503869,6.088,5.993099,O7Iabf+O7Ib(f),,152248,,Scorpius,4715.288372,0.126,6.06,6.3
6299,,HIP 82693,253.5441876,-1.612303284,6.24,6.195966,A5/7V,6277,152569,V2542 Oph,Ophiuchus,237.9563006,0.283,6.25,6.27
6300,,,253.5484982,-41.84924864,6.45,,OC9Iab,,152249,,Scorpius,,,,
6301,,HIP 82716,253.6122612,-42.47889682,5.839,5.65731,F3II,6266,152293,,Scorpius,1192.005333,0.626,,
6302,,HIP 82723,253.6314816,-49.71080523,6.46,5.954567,K1II,,152220,,Ara,1405.17136,1.466,,
6303,,HIP 82729,253.6458543,-42.36131584,3.62,3.145207,K3III,6271,152334,ζ 2 Scorpii,Scorpius,150.4383082,1.393,,
6304,,HIP 82730,253.6487253,-6.153980957,5.23,4.913814,K1IICNIII,6280,152601,23 Oph,Ophiuchus,248.0975125,1.1,,
6305,,HIP 82731,253.649836,-30.58734554,6.34,6.28892,A5III(m),6273,152431,,Scorpius,630.562481,0.214,,
6306,,,253.725,-40.7333,3.4,,UV-src,,,[SC96] Mis 190,Scorpius,,,,
6307,,HIP 82764,253.7298764,20.95849053,5.387,5.134241,G8III,6287,152815,,Hercules,254.6876023,0.966,,
6308,,HIP 82775,253.7437713,-41.15085919,5.77,5.671538,O8Iape,6272,152408,,Scorpius,9588.250286,0.132,,
6309,,HIP 82780,253.7590043,25.73068061,6.064,5.829329,G5III,6292,152863,56 Her,Hercules,456.5827347,0.921,,
6310,,HIP 82783,253.7638729,-42.09083078,6.27,6.146645,OC9.2Ia,,152424,,Scorpius,5299.049498,0.396,,
6311,,HIP 82798,253.8166269,13.61990998,6.34,6.282326,F1V,6290,152830,V644 Her,Hercules,256.2895678,0.339,6.32,6.36
6312,,HIP 82802,253.842365,18.43321205,5.354,4.854032,K4III-IV,6293,152879,54 Her,Hercules,354.7337789,1.407,,
6313,,HIP 82806,253.8528701,-63.26966047,5.996,5.982169,A0III,6253,152082,,Ara,448.4196915,0.059,,
6314,,,253.87498,-40.83333,3.4,,Open Cluster,,,C 1652-407,Scorpius,,,,
6315,,,253.9,-31.4,6.36,,~,,,[SC96] Mis 201,Scorpius,,,,
6316,,HIP 82855,253.9906347,-33.50687316,6.32,5.50332,K5III,6282,152636,,Scorpius,581.1050029,1.747,,
6317,,HIP 82860,254.0070465,65.13480466,4.88,4.750818,F8V,6315,153597,19 Dra,Draco,49.76454263,0.48,,
6318,,HIP 82861,254.0076832,-16.80626553,6.336,6.086812,K0/1III/IV,6284,152781,60 G. Oph,Ophiuchus,131.8771666,0.952,,
6319,,HIP 82868,254.0368417,-50.67478969,6.33,6.206131,B3Vnpe,6274,152478,ρ1 Ara,Ara,751.153183,-0.016,,
6320,,HIP 82880,254.0697247,73.12786627,6.29,6.238504,F0V,6335,154099,,Draco,317.4295748,0.259,,
6321,,,254.075,-40.6667,6.31,,~,,,[SC96] Mis 208,Scorpius,,,,
6322,,HIP 82898,254.1052782,65.03912503,6.4,,F2.2V,6319,153697,20 Dra,Draco,218.7920468,0.383,,
6323,,HIP 82902,254.1198714,-52.28374682,5.933,5.929081,B9V,6275,152527,,Ara,314.9761087,-0.069,,
6324,,HIP 82911,254.1499069,-40.82345647,6.22,6.035681,B2Iab/b,6283,152667,V861 Sco,Scorpius,4959.046627,0.228,6.07,6.4
6325,,HIP 82912,254.1576608,-30.58005888,6.1,5.899565,M6+e,,152783,RR Sco,Scorpius,1147.888808,1.167,5,12.4
6326,,HIP 82925,254.199877,-23.15019587,6.44,6.1155,~,6291,152849,* 24 Oph B,Ophiuchus,362.6262444,-0.018,,
6327,,HIP 82925,254.2001566,-23.15033969,6.16,6.1155,~,6291,152849,* 24 Oph A,Ophiuchus,362.6262444,-0.018,,
6328,,HIP 82944,254.2543687,-71.11164479,6.48,6.420318,A5IV/V,,152010,,Apus,1663.26565,0.26,,
6329,,,254.275,-40.9333,5.98,,~,,,[SC96] Mis 213,Scorpius,,,,
6330,,,254.28771,-4.10031,4.98,,Globular Cluster,,,M 10,Ophiuchus,,,,
6331,,HIP 82960,254.2965617,-33.25949229,5.49,4.792548,K5III,6288,152820,27 Sco,Scorpius,724.4439948,1.606,,
6332,,HIP 82979,254.3583375,-10.96337203,6.159,5.863198,K0III,6296,153021,63 G. Oph,Ophiuchus,250.7694095,1,,
6333,,HIP 82987,254.3793564,25.35284171,6.29,6.036252,G5III:,6305,153287,57 Her,Hercules,555.3672905,0.909,,
6334,,HIP 82989,254.3834992,13.88411262,6.361,6.118232,K0V,6301,153226,,Hercules,200.1230073,0.93,,
6335,,HIP 83000,254.4170729,9.37502902,3.2,2.882089,K2III,6299,153210,κ Ophiuchi,Ophiuchus,85.8120444,1.16,,
6336,,HIP 83007,254.4262792,24.38126159,6.326,6.037402,K0III,6307,153312,,Hercules,485.1207852,1.089,,
6337,,HIP 83013,254.4590735,42.51243144,6.355,5.966455,K3III,6313,153472,,Hercules,543.3346231,1.28,,
6338,,,254.497,-45.951,5.9,,Open Cluster,,,NGC 6250,Ara,,,,
6339,,HIP 83057,254.574751,-50.64118556,5.534,5.490375,B9V,6289,152824,"If[StringTake[""ρ2"", 3] == ""HIP"", """", name]",Ara,523.2758403,0.016,,
6340,,HIP 83081,254.6550507,-55.99014453,3.076,2.510786,K3III,6285,152786,ζ Arae,Ara,573.942778,1.552,,
6341,,HIP 83090,254.6731717,-14.86967394,6.466,6.388649,F3IV/V,6302,153229,64 G. Oph,Ophiuchus,157.7165878,0.391,,
6342,,HIP 83100,254.7177803,-37.62049285,6.048,6.031631,A3III,6298,153072,,Scorpius,268.7551613,0.179,,
6343,,HIP 83114,254.760719,69.18624674,6.41,6.249536,M2/3,6345,154319,,Draco,284.4677037,0.725,,
6344,,HIP 83138,254.8396354,56.68859537,6.041,5.711896,K1III:,6330,153956,,Draco,296.6333788,1.165,,
6345,,HIP 83150,254.8915006,-69.26815927,5.89,5.871282,ApSi,6276,152564,MX TrA,TriangulumAustrale,981.9286638,-0.103,,
6346,,HIP 83153,254.8960338,-53.16043787,4.05,3.547944,K3III,6295,152980,ϵ 1 Arae,Ara,304.1046566,1.452,,
6347,,HIP 83176,254.990446,-25.09219952,5.86,4.991736,M1/2III,6308,153336,66 G. Oph,Ophiuchus,482.2487273,1.607,,
6348,,HIP 83187,255.0261637,-54.59717703,5.633,5.618508,A5IV/V,6297,153053,,Ara,165.147106,0.194,,
6349,,HIP 83196,255.0397056,-24.98913938,5.731,5.642802,F3V,6310,153363,26 Oph,Ophiuchus,108.4860059,0.407,,
6350,,HIP 83202,255.059348,-44.98853216,6.494,6.400636,F3V,,153234,,Scorpius,164.9798691,0.403,,
6351,,HIP 83207,255.072389,30.92640423,3.92,3.913435,A0V,6324,153808,ϵ Herculis,Hercules,162.6747192,-0.018,,
6352,Alrakis,HIP 83608,255.088923,54.4700278,4.91,,F5,6370,154906,μ Draconis A,Draco,87.918,0.471,,
6353,,,255.1123329,-48.64775271,6.22,,~,6300,153221A,,Ara,388.5595518,0.883,,
6354,,HIP 83235,255.1541224,-35.93413427,5.934,5.641711,K2IIICNII,6311,153368,,Scorpius,291.5921217,1.161,,
6355,,HIP 83254,255.2422303,22.63209631,5.658,5.291079,K3III,6325,153834,,Hercules,3046.728654,1.332,,
6356,,HIP 83255,255.243824,-86.36429741,6.035,6.032096,A1/2IV/V,6139,148542,CW Oct,Octans,598.1645814,0.043,,
6357,Rasalgethi,HIP 84345,255.244128,14.3903333,2.78,,M5Ib-II,6406,156014,α 1 Herculis,Hercules,360.0001,1.164,2.74,4
6358,,HIP 83262,255.2650074,-4.222643847,4.812,4.267726,K4III,6318,153687,30 Oph,Ophiuchus,401.9744579,1.483,,
6359,,HIP 83269,255.2792593,-56.55507909,6.38,6.410031,Ap(Si),,153201,,Ara,1181.160378,0.1,,
6360,,HIP 83289,255.3205228,60.64875434,6.143,5.90441,K1III,6348,154391,,Draco,352.8136303,1.006,,
6361,,HIP 83308,255.3877147,14.9497189,6.31,6.257729,A0VpSiSrCrEu,6326,153882,V451 Her,Hercules,550.6761501,0.031,6.26,6.34
6362,,HIP 83313,255.4015054,33.56826847,5.267,5.257055,A3IV,6332,154029,59 Her,Hercules,295.0226167,0.028,,
6363,,HIP 83317,255.417136,75.2974953,6.18,6.107041,F2IVnn,6379,155154,VX UMi,UrsaMinor,146.4509883,0.306,6.48,6.54
6364,,HIP 83321,255.4431326,-51.13102821,6.42,,A9III,6312,153370,,Ara,323.4126658,0.279,,
6365,,HIP 83323,255.4474497,-58.95824755,6.11,6.121645,B2IVne,6304,153261,V828 Ara,Ara,2279.722096,-0.124,6.11,6.24
6366,,HIP 83331,255.4635532,-18.88553488,6.293,5.804675,K1III,6321,153727,29 Oph,Ophiuchus,450.2778957,1.351,,
6367,,HIP 83336,255.4693412,-32.14352237,5.01,5.013706,B8V,6316,153613,,Scorpius,490.9627101,-0.1,,
6368,,HIP 83342,255.4957353,8.45066584,6.39,,A4V,6329,153914,72 G. Oph,Ophiuchus,379.0696886,0.091,,
6369,,HIP 83359,255.5656154,64.60074089,6.094,5.862847,G5V,6360,154633,,Draco,360.2203521,0.96,,
6370,,HIP 83365,255.5712626,31.88410043,6.383,6.088244,K0,6336,154126,,Hercules,334.7010693,1.134,,
6371,,HIP 83367,255.5779008,25.50561839,5.762,5.49097,G7III:,6333,154084,,Hercules,368.7778627,1.018,,
6372,,,255.65704,-26.26794,5.57,,Globular Cluster,,,M 19,Ophiuchus,,,,
6373,,HIP 83430,255.7827963,14.09194833,4.98,4.059279,M3-III,6337,154143,32 Oph,Hercules,409.0356188,1.6,,
6374,,HIP 83431,255.7864733,-53.23693601,5.278,5.218416,F5VFe+0.5,6314,153580,ϵ 2 Arae,Ara,85.85735738,0.498,,
6375,,HIP 83462,255.8758979,35.41406098,6.23,4.917459,M4III,6346,154356,61 Her,Hercules,693.6174187,1.467,,
6376,,HIP 83478,255.9137585,13.60534759,5.908,5.913402,A1V,6341,154228,33 Oph,Hercules,263.32791,0.01,,
6377,,HIP 83481,255.9236796,-47.16057146,6.064,6.064697,A2/3V,6323,153791,,Ara,619.7718756,0.072,,
6378,,HIP 83491,255.9622565,-38.15257198,5.902,5.808962,F3V,6327,153890,V923 Sco,Scorpius,208.8405774,0.409,5.86,6.24
6379,,HIP 83493,255.9694093,19.69051252,6.39,5.779811,K4III,6343,154301,,Hercules,1116.439574,1.518,,
6380,,HIP 83494,255.9732391,34.79022295,6.07,6.056928,A6V,6351,154431,,Hercules,176.2164373,0.2,,
6381,,HIP 83504,255.991843,13.56742084,6.054,5.766209,K1III,6342,154278,34 Oph,Hercules,337.4753329,1.05,,
6382,,HIP 83535,256.1029991,-57.71216234,5.727,5.70697,B4IV,6320,153716,,Ara,722.8368116,-0.097,,
6383,,HIP 83565,256.1722751,19.59910583,6.2,6.242765,B9V,6352,154441,,Hercules,600.3683474,0.01,,
6384,,HIP 83567,256.1888605,-20.49470498,6.3,6.258299,B7IV/V,6340,154204,77 G. Oph,Ophiuchus,397.0779363,-0.035,,
6385,,HIP 83574,256.2056319,-34.12292824,4.87,4.735985,B2Iab,6334,154090,V1073 Sco,Scorpius,2672.1317,0.257,,
6386,,HIP 83575,256.2073881,48.80395479,6.106,5.796454,K1III,6363,154732,,Hercules,330.2935445,1.091,,
6387,,HIP 83593,256.270596,43.81223792,6.441,6.44056,A3IV,6362,154713,,Hercules,469.740096,0.099,,
6388,,HIP 83594,256.2723638,-45.50212736,6.268,6.266313,A2V,6331,154025,,Scorpius,318.9826507,0.074,,
6389,,HIP 83608A,256.3338497,54.47002302,5.66,5.508497,F6V,6370,154906,,Draco,87.91799753,0.471,,
6390,,HIP 83608B,256.334211,54.47063197,5.69,5.590328,F6V,6369,154905,,Draco,87.91799753,0.471,,
6391,,HIP 83613,256.3445434,12.74082649,4.871,4.848533,A3V,6355,154494,60 Her,Hercules,143.7390047,0.125,,
6392,,HIP 83635,256.3844116,-0.8920660315,5.61,5.561939,B1V,6353,154445,82 G. Oph,Ophiuchus,765.2592092,0.104,,
6393,,HIP 83650,256.451928,-44.10505167,6.178,6.099186,F1VkA3mA3_lB?,6338,154153,,Scorpius,215.0397951,0.281,,
6394,,HIP 83677,256.5401893,9.733866007,6.375,5.850853,K5III,6358,154610,83 G. Oph,Ophiuchus,603.7033297,1.458,,
6395,,HIP 83684,256.5491236,-21.56457375,6.282,6.284094,A1mA2-A5/7,6350,154418,28 Sco,Ophiuchus,320.5507125,0.128,,
6396,,HIP 83688,256.5543678,10.45387609,6.38,6.146233,G8III-IV,6359,154619,,Ophiuchus,380.8398688,0.896,,
6397,,HIP 83692,256.5751952,22.08415388,5.565,5.145234,K3III,6364,154733,,Hercules,357.8470791,1.299,,
6398,,HIP 83693,256.5841229,-37.22759179,5.98,5.963737,A2IV,6344,154310,,Scorpius,421.7333246,0.076,,
6399,,HIP 83706,256.6182032,-35.45104461,6.13,5.937191,O9.5Iab,6347,154368,,Scorpius,1194.138445,0.438,,
6400,,HIP 83738,256.7206514,-1.656186465,6.351,6.315689,A5V,6361,154660,84 G. Oph,Ophiuchus,286.4677256,0.209,,
6401,,HIP 83740,256.7217695,-26.51302001,6.251,6.234244,B8/9II,6354,154481,80 G. Oph,Ophiuchus,1293.649981,-0.038,,
6402,,HIP 83816,256.944468,40.51605407,6.36,6.331968,A2IV,6376,155102,,Hercules,478.0074595,0.032,,
6403,,HIP 83834,257.0028899,31.20619292,6.44,6.081444,K2,,155061,,Hercules,1021.945178,1.285,,
6404,,HIP 83838,257.0085904,35.93518867,5.39,5.287159,kA5hF0VmF2,6377,155103,,Hercules,175.7414548,0.309,,
6405,,,257.0568668,-1.079475675,6.32,,A1V,6367,154895A,,Ophiuchus,271.6666683,0.074,,
6406,,HIP 83854,257.0618947,-17.60905077,5.977,5.708615,K0III,6365,154779,85 G. Oph,Ophiuchus,400.9834176,1.011,,
6407,,HIP 83857,257.0711466,50.84227204,6.453,6.452325,A1V,6383,155328,,Draco,689.216414,-0.017,,
6408,Aldhibah,HIP 83895,257.1966155,65.71464533,3.17,3.157012,B8III,6396,155763,ζ Draconis,Draco,339.5845442,-0.12,,
6409,,HIP 83896,257.1980809,-30.40371731,5.911,5.878305,Fm_dD,6366,154783,,Scorpius,266.9944348,0.276,,
6410,,HIP 83906,257.2271658,-3.882996027,6.356,6.195845,G8IV(+A),6372,154962,87 G. Oph,Ophiuchus,115.3574357,0.697,,
6411,,HIP 83947,257.3885278,40.77703808,5.065,4.659752,K3III,6388,155410,,Hercules,277.9199969,1.275,,
6412,,HIP 83962,257.4497921,-10.52329972,5.43,5.306893,F5IV/V,6375,155078,88 G. Oph,Ophiuchus,131.5045478,0.465,,
6413,,HIP 83984,257.5261488,-61.6754564,6.366,6.342043,B8IV,6356,154555,,Ara,1448.887974,-0.049,,
6414,,HIP 84012,257.59432,-15.7251822,3.26,,A3(V),6378,155125,* eta Oph B,Ophiuchus,84.08554866,0.059,,
6415,Sabik,HIP 84012,257.5944336,-15.7251428,2.463,,A2(V),6378,155125,* eta Oph A,Ophiuchus,84.08554866,0.059,,
6416,Sabik,HIP 84012,257.5945287,-15.72490664,2.42,,A2IV-V,6378,155125,η Ophiuchi,Ophiuchus,84.08554866,0.059,,
6417,,HIP 84021,257.6276325,52.40877052,6.296,6.285096,B9III,6395,155711,,Draco,423.9272975,-0.025,,
6418,,HIP 84033,257.6763301,-44.55769776,5.08,4.794748,G8/K0III+G,6371,154948,,Scorpius,299.9080577,0.867,,
6419,,HIP 84054,257.7631809,24.23769463,6.2,6.162089,A8V,6391,155514,63 Her,Hercules,285.7143364,0.227,6.19,6.23
6420,,HIP 84105,257.9111919,-48.87339026,5.98,4.816456,M1/2III,6374,155035,V854 Ara,Ara,829.5170911,1.786,,
6421,,HIP 84108,257.9178049,49.74635747,6.16,6.149568,A5III,6399,155860,,Hercules,315.5857228,0.185,,
6422,,HIP 84113,257.9384953,7.894761831,6.333,6.039491,K0III,6390,155500,97 G. Oph,Ophiuchus,401.9744565,1.04,,
6423,,HIP 84143,258.0383087,-43.23918953,3.33,3.234533,F5IV,6380,155203,η Scorpii,Scorpius,71.55410301,0.441,,
6424,,HIP 84147,258.0567499,-25.25514195,6.499,,A0V,6386,155379,,Ophiuchus,370.0329661,-0.037,,
6425,,HIP 84150,258.0675205,-39.50694896,5.655,5.653873,A0/1V,6381,155259,,Scorpius,210.8669938,0.042,,
6426,,HIP 84151,258.0690197,-38.82253718,6.285,6.031483,K0.5IIICN0.5,6382,155276,,Scorpius,369.6156854,1.05,,
6427,,HIP 84158,258.0830592,-70.72108232,6.214,5.921085,K1IVCNIII,6357,154556,,Apus,227.9722161,1.062,,
6428,,HIP 84175,258.1044267,-27.76212473,6.117,6.111473,B9V(n),6387,155401,95 G. Oph,Ophiuchus,546.0632498,-0.048,,
6429,,HIP 84177,258.1158512,10.58515569,5.34,4.540046,M2III,6393,155644,37 Oph,Ophiuchus,776.1899918,1.593,,
6430,,HIP 84183,258.1357498,62.87433486,5.54,5.5063,A7V,6421,156295,,Draco,135.7767689,0.216,,
6431,,HIP 84226,258.2439912,-32.43833166,5.997,5.937779,B1Ib,6389,155450,,Scorpius,3747.14317,0.071,,
6432,,HIP 84248,258.3244917,-67.19659002,5.873,5.556075,K0/1III,6368,154903,,Ara,326.6521264,1.07,,
6433,,HIP 84311,258.5558425,-56.88853332,6.105,4.961723,M1/2II/III+A,6384,155341,,Ara,1283.465735,1.728,6.09,6.2
6434,,HIP 84332,258.6152295,-39.76664938,6.44,5.324928,K0Ia-0,6392,155603,,Scorpius,5946.335397,2.282,6.22,6.64
6435,,HIP 84345A,258.6618864,14.39037105,3.33,,M5Ib-II,6406,156014,,Hercules,360.0001407,1.164,2.74,4
6436,,HIP 84345B,258.6632184,14.39000223,5.322,5.238958,G5III+F2V:,6407,156015,,Hercules,360.0001407,1.164,2.74,4
6437,Sarin,HIP 84379,258.7579607,24.83920697,3.13,3.130809,A1IVn,6410,156164,δ Herculis,Hercules,78.45976109,0.08,,
6438,,HIP 84380,258.7618094,36.80916155,3.18,2.702518,K3II,6418,156283,π Herculis,Hercules,366.7044996,1.437,,
6439,,HIP 84401,258.8301994,-33.54841649,5.53,5.6681,O7.5V((f))z(e),6397,155806,,Scorpius,4465.74523,-0.056,,
6440,,HIP 84402,258.8345065,-14.58416861,6.004,5.703131,K1III,6404,155970,105 G. Oph,Ophiuchus,306.6794071,1.096,,
6441,Guniibuu,HIP 84405,258.8365985,-26.60169922,5.08,,K2V,6402,155886,* 36 Oph A,Ophiuchus,19.50001929,0.855,,
6442,,HIP 84405 ,258.8374326,-26.60282596,5.03,,K1V,6401,155885,* 36 Oph B,Ophiuchus,,,,
6443,,HIP 84425,258.8995922,-38.59393581,5.95,5.824571,G0V,6398,155826,,Scorpius,99.99989556,0.58,,
6444,,HIP 84431,258.9227931,23.74275882,5.975,5.577447,K2III,6419,156284,,Hercules,745.9958591,1.335,,
6445,,HIP 84445,258.963959,-30.21073131,6.184,6.194221,B9/9.5V,6403,155940,,Scorpius,370.0329659,-0.027,,
6446,,HIP 84478,259.0556767,-26.54614905,6.34,5.889863,K5V,,156026,36 Oph C,Ophiuchus,19.50001893,1.144,6.26,6.34
6447,,HIP 84479,259.0594184,2.186202857,6.18,6.118901,A1IV,6412,156208,V2368 Oph,Ophiuchus,588.4465244,0.235,,
6448,,HIP 84489,259.0900106,-35.75029826,6.12,5.975217,F5.5V,6405,155974,,Scorpius,105.0597435,0.479,,
6449,,HIP 84496,259.1224953,60.67061299,6.318,6.019868,K1.5IIIb,6448,156947,VW Dra,Draco,482.2487168,1.09,6,7
6450,,HIP 84500,259.1321408,1.210555153,5.921,5.857286,B3V,6414,156247,U Oph,Ophiuchus,605.9494708,0.023,5.84,6.56
6451,,HIP 84510,259.1485354,-74.53301131,6.227,6.232914,A0V,6373,154972,,Apus,324.0558602,-0.004,,
6452,,HIP 84514,259.1528643,-0.445310736,4.79,4.471448,~,6415,156266,* 41 Oph A,Ophiuchus,217.7690685,1.119,,
6453,,HIP 84524,259.1781133,-6.244975884,6.084,5.763716,K0III,6413,156227,109 G. Oph,Ophiuchus,406.9915991,1.1,,
6454,,HIP 84535,259.235067,89.03770557,6.38,5.416544,M1III,7394,183030,λ Ursae Minoris,UrsaMinor,876.3437338,1.575,,
6455,,HIP 84551,259.2651911,-32.6628391,5.526,5.404375,F6V,6409,156098,,Scorpius,164.6466973,0.514,,
6456,,HIP 84556,259.2730909,-44.77859556,6.487,6.383211,B0.5Ib,,155985,,Scorpius,3638.921085,0.187,,
6457,,HIP 84573,259.3315326,33.10010233,4.8,4.815964,B2V,6431,156633,68 Her,Hercules,864.7218406,-0.166,,
6458,,,259.35,-35.55,6.5,,UV-src,,,[SC96] GC 33,Sagittarius,,,,
6459,,HIP 84599,259.3993929,23.09062581,6.22,5.673633,K2,6430,156593,,Hercules,1781.421134,1.544,,
6460,,HIP 84606,259.4177217,37.29150629,4.65,4.618945,A2V,6436,156729,69 Her,Hercules,177.753527,0.043,,
6461,,HIP 84626,259.5028346,-24.28690221,5.11,4.839122,G8III,6424,156349,ο 1 Ophiuchi,Ophiuchus,363.0304834,1.046,,
6462,,HIP 84631,259.5205948,17.31788391,5.992,5.991385,A1V,6432,156653,,Hercules,401.478935,0.015,,
6463,,HIP 84649,259.5803037,-16.31187537,6.43,5.433793,M2-IIICa1,6428,156462,115 G. Oph,Ophiuchus,804.9399435,1.691,,
6464,,HIP 84650,259.5854602,-32.55310608,6.367,6.292141,B6Vne,6422,156325,V1077 Sco,Scorpius,1258.686468,0.109,,
6465,,HIP 84656,259.5969506,38.81140128,5.962,5.709153,G7III:,6444,156891,,Hercules,319.6079141,1.011,,
6466,,HIP 84671,259.6541259,10.86447534,5.02,4.43896,K4II-III,6433,156681,66 Her,Ophiuchus,690.6769005,1.539,,
6467,,HIP 84690,259.6992852,-44.12974649,5.736,5.741128,B9V,6420,156293,,Scorpius,338.8771336,-0.049,,
6468,,,259.7,-42.9167,5.38,,~,,,[SC96] Mis 382,Scorpius,,,,
6469,,HIP 84691,259.7021937,28.82296666,5.68,5.423873,K0III,6443,156874,,Hercules,318.3596612,0.981,,
6470,,HIP 84700,259.7154468,-62.87457736,6.49,6.206379,K1III,,155951,,Ara,542.4283452,1.087,,
6471,,,259.7350633,-34.9895783,6.37,,K3,6426,156384A,,Scorpius,22.72570797,1.082,,
6472,,HIP 84709,259.7381868,-34.98976155,5.89,,K3V+K5V,6426,156384,Gliese 667 A,Scorpius,22.72570787,1.082,,
6473,,HIP 84720,259.7659898,-46.63623345,5.48,5.301429,G9V,6416,156274,41 G. Ara,Ara,28.64423914,0.764,,
6474,,HIP 84731,259.8021146,-59.69461171,5.894,5.49528,K2IIIaCN1Ca1Ba0.5,6408,156091,,Ara,2050.315812,1.389,,
6475,,HIP 84759,259.8771419,-50.06376301,6.267,6.16956,F3IV/V,6423,156331,,Ara,181.615654,0.413,,
6476,,HIP 84769,259.9046312,80.13640062,5.706,5.192952,K5III,6529,158996,,UrsaMinor,990.8806171,1.499,,
6477,,,259.9722973,-17.75654742,6.34,6.331462,~,6435,156717A,,Ophiuchus,372.9963071,0.04,,
6478,,HIP 84801,259.9981387,-5.917506443,6.32,6.09385,K0V,6439,156826,122 G. Oph,Ophiuchus,173.9595425,0.85,,
6479,,HIP 84821,260.0409756,25.53760347,5.357,5.348935,A3III,6455,157087,,Hercules,502.3107703,0.063,,
6480,,HIP 84833,260.0786289,18.05707929,5,4.244999,M2III,6452,157049,V656 Her,Hercules,472.4654605,1.654,4.9,5.1
6481,,HIP 84835,260.0880045,46.24077866,5.59,4.841345,M0III,6464,157325,74 Her,Hercules,575.9704935,1.586,,
6482,,HIP 84862,260.1648644,32.46774388,5.39,5.209875,G0V,6458,157214,72 Her,Hercules,46.91990024,0.619,,
6483,,HIP 84880,260.206924,-12.84687607,4.324,4.296322,A0/1V,6446,156928,ν Serpentis,Serpens,193.3572017,0.037,,
6484,,HIP 84883,260.2192923,-10.69641046,6.454,6.386606,A9/F0IV,6449,156971,2 G. Ser Cau,Serpens,153.8463134,0.326,,
6485,,HIP 84887,260.2258579,24.49943578,5.12,5.106127,A2V,6457,157198,70 Her,Hercules,462.411616,0,,
6486,,HIP 84893,260.2515605,-21.11293639,4.387,4.290967,F2V,6445,156897,ξ Ophiuchi,Ophiuchus,56.71555629,0.394,,
6487,,HIP 84934,260.3801752,28.75808421,6.397,6.240493,G0IVHdel-1,6466,157358,,Hercules,535.3052418,0.724,,
6488,,HIP 84938,260.3893395,16.73122714,6.34,5.517664,M2III,6463,157257,,Hercules,742.5956785,1.608,,
6489,,HIP 84947,260.423174,-24.90610449,6.36,5.894403,K3III,,156992,32 Sco,Ophiuchus,642.9993847,1.399,,
6490,,HIP 84949,260.4317108,39.97466819,5.561,5.326394,F7V,6469,157482,V819 Her,Hercules,209.916372,0.667,5.51,5.63
6491,,HIP 84950,260.4390348,53.4204301,5.677,5.149156,K4III,6479,157681,,Draco,590.5785574,1.463,,
6492,,HIP 84969,260.4978237,-67.77066899,4.78,4.387793,K2-III,6417,156277,ζ Apodis,Apus,311.6636188,1.194,,
6493,,HIP 84970,260.5024139,-24.99954638,3.26,3.259318,OB,6453,157056,θ Ophiuchi,Ophiuchus,563.0413357,-0.186,3.25,3.31
6494,,HIP 84979,260.5244819,-70.12320627,5.39,5.332132,B8/9V(n),6411,156190,ι Apodis,Apus,1143.859442,-0.042,,
6495,,HIP 85019,260.6581287,-35.91058474,6.419,6.29556,F9V:,6454,157060,,Scorpius,120.6066889,0.541,,
6496,,HIP 85020,260.6634083,-37.80463887,6.44,6.031171,B3Iap,6450,157038,,Scorpius,7658.053449,0.682,6.27,6.35
6497,,HIP 85042,260.7136988,-2.388177625,6.278,6.121606,G3V,6465,157347,131 G. Oph,Ophiuchus,63.43637413,0.68,,
6498,,HIP 85048,260.7281212,-37.22078877,5.914,5.62179,K1III,6456,157097,,Scorpius,420.6444835,1.075,,
6499,,HIP 85049,260.7300892,-58.01032748,5.87,5.580903,G8Ib/II,6438,156768,,Ara,785.5429338,1.075,,
6500,,HIP 85068,260.7796735,-56.52554901,5.763,5.507979,G8/K0III,6442,156854,,Ara,408.5205374,0.994,,
6501,,HIP 85079,260.8169843,-47.46819602,5.25,5.205132,B1V,6451,157042,ι Arae,Ara,721.2394117,-0.097,5.18,5.26
6502,,HIP 85084,260.839962,-28.14283354,5.288,4.67406,K4/5III,6459,157236,43 Oph,Ophiuchus,599.2664687,1.549,,
6503,,HIP 85112,260.9196541,37.14678471,5.398,,A0Vn,6484,157778,* rho Her B,Hercules,401.4789318,-0.011,,
6504,,HIP 85112,260.9205607,37.14592403,4.51,,B9.5III,6485,157779,* rho Her A,Hercules,401.4789318,-0.011,,
6505,,HIP 85112,260.9206005,37.14594279,4.17,,A0III+B9.5IVn,6484,157778,ρ Herculis,Hercules,401.4789318,-0.011,,
6506,,HIP 85139,260.990066,8.852570191,5.763,5.389403,K1III,6476,157617,134 G. Oph,Ophiuchus,1075.90798,1.251,,
6507,,HIP 85147,261.0044814,-62.86415398,5.676,5.653575,B2III,6440,156838,,Ara,1638.192982,-0.147,,
6508,,HIP 85157,261.0274462,22.96028226,5.72,5.666976,A7V,6480,157728,73 Her,Hercules,139.4951331,0.229,,
6509,,HIP 85162,261.0544937,-44.16258555,5.108,5.088622,B5/6III,6460,157243,,Scorpius,756.3822247,-0.052,,
6510,,,261.07133,69.94653,4.89,,X-ray src,,,RX J1724.2+6957,Draco,,0.48,,
6511,,HIP 85169,261.0783184,-60.67379734,5.754,5.733199,B8Ib/II,6447,156942,,Ara,705.6272645,-0.067,,
6512,,HIP 85181,261.1129936,36.95193356,6.253,6.034778,G5III,6491,157910,,Hercules,683.439694,0.884,,
6513,,HIP 85185,261.1314046,16.30100723,5.736,5.732534,A3V,6481,157740,,Hercules,431.7871658,0.074,,
6514,,HIP 85187,261.140835,15.60604781,6.41,6.391273,B9V,6482,157741,,Hercules,486.5682257,-0.017,,
6515,,HIP 85195,261.1543359,-18.44576246,6.334,6.303071,B9IIIe,6473,157546,133 G. Oph,Ophiuchus,695.0974635,0.046,,
6516,,HIP 85207,261.175118,-21.44148279,5.83,5.594629,K0III,6472,157527,132 G. Oph,Ophiuchus,301.5726149,0.939,,
6517,,HIP 85237,261.2611141,-34.69606617,6.142,6.126589,ApSiCr,6470,157486,,Scorpius,505.4273343,0.046,,
6518,,HIP 85242,261.276002,-24.24368549,6.171,5.873001,K0III,6474,157588,33 Sco,Ophiuchus,424.4782453,1.103,,
6519,,HIP 85258,261.3249492,-55.52988169,2.85,2.391282,K0/1Ib,6461,157244,β Arae,Ara,602.5884077,1.479,,
6520,,HIP 85267,261.3485805,-56.37772633,3.34,3.1639,B1Ib,6462,157246,γ Arae,Ara,1135.888741,-0.15,,
6521,,HIP 85268,261.3502304,52.79068608,6.47,6.320388,G5VmF9,,158259,,Draco,88.58694953,0.619,,
6522,,HIP 85290,261.4223064,60.04839813,5.645,5.633265,A1Vn,6511,158460,,Draco,340.2919653,0.024,,
6523,,HIP 85302,261.4765186,16.91757778,5.98,4.76061,M4-5III,6495,157967,V640 Her,Hercules,652.0002455,1.528,5.98,6.21
6524,,HIP 85307,261.4911476,-1.65177985,6.44,6.332398,F5V,6489,157856,138 G. Oph,Ophiuchus,201.3588739,0.457,,
6525,,HIP 85312,261.5001797,-50.63350662,5.193,4.901598,G8III,6468,157457,κ Arae,Ara,398.0461542,1.055,,
6526,,HIP 85313,261.5036161,26.87873497,6.39,6.36543,A5IV,6499,158067,,Hercules,676.349193,0.124,,
6527,,HIP 85317,261.5201555,58.65189777,6.494,6.476295,A4V,6514,158485,,Draco,356.2855314,0.139,,
6528,,HIP 85333,261.5791933,7.595640529,6.04,5.854472,A1IVs+A2Vs+G0III,6497,157978,142 G. Oph,Ophiuchus,825.3182093,0.592,,
6529,,HIP 85340,261.5925689,-24.17530695,4.153,4.104882,kA5hA9mF1III,6486,157792,44 Oph,Ophiuchus,83.67576581,0.283,,
6530,,HIP 85355,261.6286697,4.140359379,4.31,3.818025,K2II,6498,157999,σ Ophiuchi,Ophiuchus,1172.661555,1.48,,
6531,,HIP 85365,261.6578399,-5.086598464,4.54,4.410187,F3V,6493,157950,,Ophiuchus,97.9568526,0.385,,
6532,,HIP 85379,261.6843416,48.26006156,5.83,5.802926,A4V,6509,158414,77 Her,Hercules,363.0304758,0.121,,
6533,,HIP 85382,261.6922721,34.69580108,5.94,5.934814,A0V,6506,158261,,Hercules,280.3095782,-0.017,,
6534,,HIP 85385,261.7047009,20.08097666,5.514,5.493369,B5V,6502,158148,,Hercules,469.740099,-0.119,,
6535,,HIP 85389,261.7157808,-45.84321159,6.47,,B9V,6477,157661B,,Ara,599.2664676,-0.058,,
6536,,HIP 85389,261.7165756,-45.84303053,5.64,,B8V,6477,157661A,,Ara,599.2664676,-0.058,,
6537,,HIP 85391,261.7304025,-25.94346527,6.43,6.406872,B9.5/A0V,6490,157864,136 G. Oph,Ophiuchus,422.8286846,-0.055,,
6538,,HIP 85393,261.7348417,-51.94882233,6.17,6.155706,B8V,6475,157599,,Ara,494.688889,-0.039,,
6539,,HIP 85397,261.7589513,-12.51248691,6.206,6.090278,F7V,6496,157968,47 Oph,Serpens,147.6451389,0.517,,
6540,,HIP 85405,261.7911779,-15.8533629,6.48,6.142686,K0II/III,,157969,4 G. Ser Cau,Serpens,466.3823005,1.146,,
6541,,HIP 85409,261.8019209,-50.63037273,5.898,5.857703,B9II,6478,157662,,Ara,1671.797076,0.063,,
6542,,HIP 85423,261.8386485,-29.86703482,4.269,4.191681,F5III-IV,6492,157919,45 Oph,Ophiuchus,111.4147897,0.402,,
6543,,HIP 85442,261.9064712,-29.72456688,5.974,5.957031,B9.5IV,6494,157955,140 G. Oph,Ophiuchus,599.2664684,0.01,,
6544,,HIP 85450,261.9336534,8.442037434,6.485,5.235348,M0,,158228,V2114 Oph,Ophiuchus,823.2318084,1.66,6.4,6.51
6545,,HIP 85470,261.9900055,-52.29714303,5.723,5.376433,K2III,6483,157753,,Ara,312.2605269,1.169,,
6546,,HIP 85474,262.009742,-8.208376138,6.372,6.225463,F7V,6504,158170,144 G. Oph,Ophiuchus,297.1742209,0.57,,
6547,,HIP 85480,262.0327709,-63.03624001,6.208,6.194865,B7/8V,6471,157524,,Ara,781.7743717,-0.073,,
6548,,HIP 85537,262.2068949,0.3306249001,5.412,5.358015,A8Vp,6507,158352,146 G. Oph,Ophiuchus,205.5486272,0.237,,
6549,,HIP 85543,262.2337055,-36.77828045,5.985,5.653204,K0III,6501,158105,,Scorpius,636.7206217,1.112,,
6550,,HIP 85549,262.2535951,-43.97391884,6.3,6.268758,B5III,,158042,,Scorpius,1516.27872,-0.01,,
6551,,,262.4472867,-5.919481425,6.46,,~,6512,158463A,,Ophiuchus,234.8703822,0.93,,
6552,,HIP 85666,262.5943886,11.92401629,6.48,6.46355,A1V,6521,158716,,Ophiuchus,309.0047636,0.056,,
6553,,HIP 85667,262.5989715,-1.062584646,6.089,5.833587,~,6516,158614B,Gliese 678,Ophiuchus,53.61855424,0.715,,
6554,,,262.5991662,-1.063021632,5.981,5.8011,~,6516,158614A,,Ophiuchus,53.61855424,0.715,,
6555,Rastaban,HIP 85670,262.6081737,52.30138871,2.81,2.3791,G2Ib-IIa,6536,159181,β Draconis,Draco,361.4200343,0.954,,
6556,,HIP 85688,262.667537,38.8822042,6.431,6.314272,F6IVn,6531,159026,,Hercules,990.8806248,0.51,,
6557,,HIP 85692,262.6815615,57.87682412,6.21,5.739629,K2III,6540,159330,,Draco,1156.029021,1.397,,
6558,Maasym,HIP 85693,262.6846243,26.11064561,4.41,3.909734,K3.5III,6526,158899,λ Herculis,Hercules,370.0001419,0.931,,
6559,Lesath,HIP 85696,262.690988,-37.29581348,2.65,,B2IV,6508,158408,υ Scorpii,Scorpius,518.2847787,-0.179,,
6560,,HIP 85699,262.6982895,86.96804757,5.756,5.737864,kA2hA9mF0,6811,166926,24 UMi,UrsaMinor,156.1302552,0.239,,
6561,,HIP 85715,262.7307214,31.15813859,5.633,5.384504,G8III,6528,158974,,Hercules,376.8789636,0.96,,
6562,,HIP 85727,262.77464,-60.68384496,3.62,3.596028,B8Vn,6500,158094,δ Arae,Ara,187.1413545,-0.104,,
6563,,HIP 85749,262.8388997,2.724514452,5.58,5.335833,G8III+A/F,6524,158837,152 G. Oph,Ophiuchus,372.5725054,0.844,,
6564,,HIP 85751,262.8470151,-56.92096344,5.984,5.915405,B7II/III,6505,158220,V862 Ara,Ara,2144.738486,-0.045,,
6565,,HIP 85755,262.8539745,-23.962643,4.81,4.746484,A0V,6519,158643,51 Oph,Ophiuchus,426.1441057,0.016,,
6566,,HIP 85760,262.8644444,-80.85913224,5.856,4.697997,M3III,6429,156513,NO Aps,Apus,810.9448594,1.617,5.71,5.95
6567,,HIP 85783,262.9348915,-26.26971036,6.052,6.160792,B9pHgMn,6520,158704,151 G. Oph,Ophiuchus,436.4131094,-0.065,,
6568,,HIP 85786,262.9473281,-33.70315907,6.413,6.087261,K2III,6517,158619,,Scorpius,400.9834163,1.191,,
6569,,HIP 85788,262.9545771,-46.03678643,6.028,5.821358,F8/G0Ib,6513,158476,,Ara,2012.346579,0.805,,
6570,,HIP 85790,262.9565802,28.4075005,5.65,5.647503,A1V,6533,159139,78 Her,Hercules,274.873527,-0.001,,
6571,,HIP 85792,262.9603814,-49.87614501,2.95,2.878016,B2Vne,6510,158427,α Arae,Ara,242.1991896,-0.136,,
6572,,HIP 85805,262.9911298,68.13502522,5.074,4.769284,G9IIIb,6566,159966,27 Dra,Draco,217.0440329,1.077,,
6573,Yildun,HIP 85822,263.0541592,86.58645961,4.336,4.321091,A1Van,6789,166205,δ Ursae Minoris,UrsaMinor,182.6330869,0.021,,
6574,,HIP 85826,263.0620007,11.93004928,6.45,6.398606,B9.5V,6532,159082,,Ophiuchus,494.6888887,-0.013,,
6575,,HIP 85839,263.1026169,-34.27940566,6.158,6.067613,F2IV,6522,158741,,Scorpius,341.3612546,0.36,6.13,6.18
6576,,HIP 85888,263.2802393,41.24345079,5.726,5.403206,K1III:,6550,159501,,Hercules,378.1894823,1.089,,
6577,,HIP 85889,263.2807879,-41.17306549,5.838,5.798533,B9III,6523,158799,,Scorpius,981.9286663,0.041,,
6578,,HIP 85912,263.3451012,19.25667787,5.648,5.521005,F4V,6541,159332,,Hercules,119.5892399,0.505,,
6579,,HIP 85922,263.3743544,-5.744803216,5.607,5.575381,A5V,6534,159170,153 G. Oph,Ophiuchus,157.79287,0.187,,
6580,Shaula,HIP 85927,263.4021672,-37.10382355,1.63,,B2IV+DA7.9,6527,158926,λ Scorpii,Scorpius,571.2022803,-0.231,1.62,1.68
6581,,HIP 85930,263.4141227,16.31754631,5.672,5.412944,K0III,6542,159353,,Hercules,319.6079167,1.002,,
6582,,HIP 85934,263.4282502,14.8415983,6.48,5.09522,M4III,6543,159354,V642 Her,Hercules,719.6485299,1.595,6.41,6.56
6583,,HIP 85975,263.570235,-48.52679822,6.32,6.056957,G6/8III,,158907,,Ara,470.4181803,0.953,,
6584,,HIP 85998,263.6528946,9.586696386,5.81,5.800199,A2V,6548,159480,53 Oph,Ophiuchus,341.7198534,0.04,,
6585,,HIP 86011,263.6770506,-32.5816654,5.7,5.710343,O7V,6535,159176,,Scorpius,3395.845441,0.045,5.71,5.79
6586,,HIP 86019,263.6931313,-11.24199845,5.535,5.505731,B9V,6544,159358,6 G. Ser Cau,Serpens,376.8789675,0.013,,
6587,Rasalhague,HIP 86032,263.7336227,12.56003739,2.07,2.108286,A5IVnn,6556,159561,α Ophiuchi,Ophiuchus,46.67801023,0.155,,
6588,,HIP 86036,263.7484364,61.87451162,5.21,5.069048,G0IV-V,6573,160269,26 Dra,Draco,45.92852807,0.602,,
6589,,HIP 86060,263.8270839,-22.04382666,6.481,6.431682,ApSi,6545,159376,52 Oph,Ophiuchus,883.4701112,0.011,6.57,6.611
6590,,HIP 86064,263.8329448,-53.3529296,6.08,6.054187,B9III,6530,159018,,Ara,1072.367618,0.025,,
6591,,HIP 86088,263.8958551,-59.84612315,6.257,6.235299,B5II/III,6525,158895,,Ara,1399.143616,-0.081,,
6592,,,263.9,-37.4,6.32,,~,,,[SC96] Mis 549,Scorpius,,,,
6593,,,263.9,-37.4,6.32,,~,,,[SC96] GC 109,Scorpius,,,,
6594,,HIP 86092,263.914964,-46.5056844,4.59,4.523951,A0V,6537,159217,σ Arae,Ara,385.3419296,-0.02,,
6595,,HIP 86096,263.9265425,37.30159393,6.122,5.884033,G9III,6563,159925,,Hercules,425.0324399,0.978,,
6596,,HIP 86098,263.9294873,-37.4398709,6.463,6.471678,A0V,6539,159312,,Scorpius,338.1729732,0.006,,
6597,,HIP 86118,263.9981999,20.9962464,6.1,6.078418,A7IV,6559,159834,,Hercules,383.5293672,0.184,,
6598,,HIP 86130,264.0337533,28.18509339,6.39,5.950664,K5,6564,159926,,Hercules,419.5621593,1.367,,
6599,,HIP 86153,264.089247,27.56663664,6.406,5.327978,M4III,,159968,V959 Her,Hercules,964.4974368,1.586,,
6600,,HIP 86170,264.1368964,-38.63524774,4.267,3.923714,G8/K0III/IV,6546,159433,Q Sco,Scorpius,143.9929587,1.075,,
6601,,HIP 86178,264.1531061,30.78517695,6.05,6.022988,A6IV,6570,160054,,Hercules,216.3239052,0.158,,
6602,,HIP 86182,264.1568904,48.58563258,5.353,5.004649,K1III,6574,160290,82 Her,Hercules,328.9602031,1.142,,
6603,,HIP 86201,264.2378929,68.75796709,4.77,4.645841,F4V,6596,160922,ω Draconis,Draco,76.49005977,0.43,,
6604,,HIP 86219,264.2870144,72.45579395,5.869,5.602662,G9III,6606,161178,,Draco,320.5506995,1.016,,
6605,,,264.3279652,-42.99656099,5.4,,~,,159532B,* tet Sco B,Scorpius,,,,
6606,Sargas,HIP 86228,264.3297077,-42.99782799,1.85,,F1III,6553,159532,θ Scorpii,Scorpius,271.8932367,0.406,,
6607,,HIP 86246,264.362162,-38.06636546,6.27,5.877388,G2Ib,6557,159633,,Scorpius,2834.782938,1.244,,
6608,,HIP 86248,264.3637988,-50.05970058,5.878,5.583913,K0III,6547,159463,,Ara,345.7068349,1.109,,
6609,,HIP 86254,264.3796136,24.31000633,5.76,5.719236,A2Vn,6571,160181,79 Her,Hercules,239.8823047,0.114,,
6610,,HIP 86263,264.3966658,-15.39855576,3.519,3.499006,A9IIIpSr:,6561,159876,ξ Serpentis,Serpens,105.3994352,0.262,,
6611,,,264.40063,-3.24592,5.73,,Globular Cluster,,,M 14,Ophiuchus,,,,
6612,,HIP 86266,264.4008462,-15.57103305,5.94,5.830254,F0IV,6562,159877,9 G. Ser Cau,Serpens,2672.131699,0.357,,
6613,,HIP 86284,264.4613048,-8.118771748,4.62,4.532191,B8II((Mn)),6567,159975,μ Ophiuchi,Ophiuchus,548.8212096,0.132,,
6614,,HIP 86305,264.5229808,-54.5004339,5.242,5.20874,A5IV/V,6549,159492,π Arae,Ara,137.494797,0.195,,
6615,,HIP 86311,264.5351724,-42.88027708,6.078,6.07104,B8/9V,6558,159707,,Scorpius,692.143901,-0.057,,
6616,,HIP 86313,264.5396029,-10.92626826,5.727,5.35358,K1III,6568,160018,10 G. Ser Cau,Serpens,425.0324448,1.228,,
6617,,HIP 86352,264.686892,-21.91268718,6.2,5.956779,G6III/IV,,160042,2 Sgr,Ophiuchus,337.4753332,0.827,,
6618,,HIP 86373,264.7410633,13.32925318,6.123,5.975963,F6III,6577,160365,,Ophiuchus,305.2436996,0.567,,
6619,,HIP 86391,264.7854358,2.028049946,6.253,5.975277,K0III,6575,160315,159 G. Oph,Ophiuchus,387.1740504,1.021,,
6620,,HIP 86414,264.8661954,46.00633138,3.8,3.790645,B3IV,6588,160762,ι Herculis,Hercules,495.4419438,-0.179,,
6621,,HIP 86462,264.9896578,31.20246958,6.03,5.287492,M2III,6584,160677,,Hercules,532.6809397,1.599,,
6622,,HIP 86476,265.0497581,-2.152297404,6.17,5.116931,M2III,6578,160471,162 G. Oph,Ophiuchus,544.2409075,1.608,,
6623,,HIP 86486,265.0992732,-49.41558313,4.77,4.630771,F4V,6569,160032,λ Arae,Ara,71.30373342,0.415,,
6624,,HIP 86501,265.1564984,43.47066595,6.33,6.005394,K2,6599,160950,,Hercules,387.6337051,1.199,,
6625,,HIP 86506,265.1716101,31.28747725,6.309,6.02121,K0III,6591,160822,,Hercules,402.9654926,1.075,,
6626,,,265.17538,-53.67433,5.17,,Globular Cluster,,,NGC 6397,Ara,,,,
6627,,HIP 86510,265.1854298,-67.85417422,6.48,6.219423,G8III,,159558,,Apus,379.0696848,0.999,,
6628,,HIP 86527,265.2439433,-32.21446232,5.6,5.330418,K2IbHdel1,,160371,BM Sco,Scorpius,1530.518405,1.673,,
6629,,HIP 86537,265.2728567,24.51325265,6.374,6.026442,K2IIIa,6592,160835,,Hercules,668.0329296,1.204,,
6630,,HIP 86546,265.295798,15.17837408,6.332,6.33457,A1V,6589,160765,,Hercules,420.1033209,0.04,,
6631,,HIP 86552,265.3176795,-46.92183645,5.79,5.767831,A0V,6572,160263,,Ara,659.9187889,-0.004,,
6632,,HIP 86561,265.3408222,51.81814789,5.994,5.723204,K0III:,6607,161193,,Draco,331.6366633,1.068,,
6633,,HIP 86565,265.3536363,-12.87530527,4.228,4.205563,A2Va,6581,160613,ο Serpentis,Serpens,167.9546196,0.086,4.26,4.27
6634,,HIP 86575,265.3846811,6.313157925,5.952,5.569562,G7III,6590,160781,164 G. Oph,Ophiuchus,1239.543739,1.271,,
6635,Dziban,HIP 86614,265.4835932,72.14886878,4.55,4.444496,F5IV-V,6636,162003,ψ 1 Draconis,Draco,71.83771136,0.434,,
6636,,HIP 86614,265.4875,72.1528,4.58,4.444496,~,6636,162003,* psi01 Dra,Draco,71.83771136,0.434,,
6637,,HIP 86620,265.4920968,72.15690156,5.53,5.656994,F8V,6637,162004,ψ 1 Draconis B,Draco,72.76778969,0.53,,
6638,,HIP 86623,265.4942981,15.95243344,5.54,5.458743,F4Vw,6594,160910,,Hercules,115.8082905,0.387,,
6639,,HIP 86628,265.5150839,-50.51070365,6.35,5.112096,M3+II-III,6576,160342,V626 Ara,Ara,1481.817246,1.661,6.23,6.46
6640,,HIP 86667,265.6181763,24.5640573,5.558,5.017627,K4III,6602,161074,83 Her,Hercules,365.4722199,1.436,,
6641,,HIP 86670,265.62198,-39.02998308,2.386,2.422704,B1.5III,6580,160578,κ Scorpii,Scorpius,463.7286583,-0.171,2.41,2.42
6642,,HIP 86698,265.712906,-36.94556242,5.52,4.918717,K5III,6583,160668,,Scorpius,541.5285866,1.553,,
6643,,HIP 86713,265.7731058,44.08432018,6.376,5.742878,K4III,6612,161369,,Hercules,1220.974767,1.521,,
6644,,HIP 86716,265.7785973,-33.05128692,6.45,5.478886,M1III,6587,160748,,Scorpius,2672.131699,1.813,,
6645,,HIP 86725,265.8237829,-27.8839777,6.41,6.255553,F0III/IV,6593,160839,163 G. Oph,Ophiuchus,2936.938335,0.438,,
6646,,HIP 86731,265.8398522,24.32782138,5.729,5.576386,G2IIIb,6608,161239,84 Her,Hercules,124.7609047,0.683,,
6647,,HIP 86732,265.8417612,14.2951695,6.211,6.117013,F5III,6604,161149,,Hercules,371.2978432,0.426,,
6648,,HIP 86736,265.8574731,-21.68319414,4.861,4.73051,F5V,6595,160915,58 Oph,Ophiuchus,57.19314544,0.469,,
6649,Cebalrai,HIP 86742,265.868133,4.567303668,2.75,2.442325,K2IIICN0.5,6603,161096,β Ophiuchi,Ophiuchus,81.95089731,1.168,,
6650,,HIP 86768,265.9459257,-7.079609531,6.32,6.173796,B3II/III,6601,161056,167 G. Oph,Ophiuchus,1393.161515,0.324,,
6651,,HIP 86769,265.9517046,-13.50869922,6.363,6.268756,F0V,6600,161023,12 G. Ser Cau,Serpens,139.137839,0.384,,
6652,Alruba,HIP 86782,265.996537,53.80170722,5.76,5.737591,A2V,6618,161693,,Draco,412.6574722,0.017,,
6653,Cervantes,HIP 86796,266.0362631,-51.83405322,5.15,4.942752,G3IV-V,6585,160691,μ Arae,Ara,49.83672182,0.7,,
6654,,HIP 86809,266.0718633,14.41006852,6.194,6.162354,A3m,6611,161321,V624 Her,Hercules,470.4181791,0.211,6.18,6.36
6655,,HIP 86831,266.1420475,2.579447846,6.18,6.133553,A0IV,6609,161270,61 Oph,Ophiuchus,459.8036163,0.131,,
6656,,HIP 86847,266.1750396,-42.72931946,5.871,5.845892,A3IVn,6597,160928,,Scorpius,268.9771654,0.163,,
6657,,HIP 86871,266.2327693,-57.54554024,5.964,5.73848,G8III,6586,160720,,Pavo,405.9777358,0.912,,
6658,,HIP 86925,266.4176441,31.50467956,6.24,6.217896,A0Ib,6619,161695,,Hercules,4075.001483,0.008,,
6659,,HIP 86929,266.4332817,-64.72387146,3.581,3.279602,K2II,6582,160635,η Pavonis,Pavo,370.8773022,1.161,,
6660,,HIP 86974,266.6147804,27.72071138,3.42,3.238405,G5IV,6623,161797,μ Herculis,Hercules,27.38346259,0.75,,
6661,,HIP 87042,266.7803992,-38.11217347,6.4,6.404289,B9V,6613,161390,,Scorpius,381.2864883,-0.02,,
6662,,HIP 87043,266.7807274,-59.9943356,6.5,6.447916,F2V,,161032,,Pavo,346.0719537,0.321,,
6663,,HIP 87045,266.7834743,47.61224817,6.465,6.498906,A2Vs,6641,162132,,Hercules,428.9476991,0.095,,
6664,,HIP 87044,266.7835254,17.6970232,5.61,5.878662,A1V,6627,161833,,Hercules,367.9465614,0.036,,
6665,,,266.7835337,17.69701157,6.02,,~,6627,161833A,,Hercules,367.9465615,0.036,,
6666,,HIP 87072,266.8900998,-27.83078772,4.54,4.327284,F7II,6616,161592,X Sgr,Sagittarius,1075.90798,0.6,4.2,4.9
6667,,HIP 87073,266.8961645,-40.12699736,2.992,2.866683,F2Ia,6615,161471,ι 1 Scorpii,Scorpius,1791.210919,0.509,,
6668,,HIP 87074,266.9032485,-14.72582634,5.923,5.897855,B9pHgMn,6620,161701,13 G. Ser Cau,Serpens,510.1738953,0.009,,
6669,,HIP 87099,266.9399986,-22.47779159,6.19,5.596255,G6IbHdel1,6617,161664,3 G. Sgr,Sagittarius,1811.113227,1.446,,
6670,Bake-eo (or Bake Eo),HIP 87108,266.9731691,2.707279122,3.75,3.752848,A1VnkA0mA0,6629,161868,γ Ophiuchi,Ophiuchus,94.71249787,0.043,,
6671,,,267.018,1.525,6.1,,Open Cluster,,,Cl Collinder 350,Ophiuchus,,,,
6672,,HIP 87150,267.0843392,3.804213282,6.225,6.176013,B9/A0III,6633,161941,173 G. Oph,Ophiuchus,2469.698664,0.135,,
6673,,HIP 87158,267.1031995,20.5654397,5.687,5.437513,G5IV,6638,162076,,Hercules,250.0000443,0.938,,
6674,,HIP 87163,267.1159862,-26.97494523,6.35,6.276762,B3Vn,6621,161756,V3894 Sgr,Sagittarius,1135.888742,0.094,6.21,6.39
6675,,HIP 87174,267.1585918,-55.4017399,6.085,6.030664,F0IV,6614,161420,,Ara,166.4964191,0.283,,
6676,,HIP 87192,267.1994611,19.25501353,6.125,6.1186,A1V,6642,162161,,Hercules,611.6316495,0.024,,
6677,,HIP 87194,267.2047758,25.62286842,5.1,4.76858,K0IIIb,6644,162211,87 Her,Hercules,204.5171592,1.141,,
6678,,HIP 87220,267.293655,-31.70320629,4.797,4.755649,B8Ib/II,6628,161840,,Scorpius,607.0774303,-0.028,,
6679,,HIP 87224,267.32934,1.961412466,6.45,6.06309,K0/1III,6639,162113,174 G. Oph,Ophiuchus,341.7198533,1.236,,
6680,Fuyue,HIP 87261,267.4645037,-37.04327638,3.21,2.860071,K2III,6630,161892,,Scorpius,126.79906,1.192,,
6681,,HIP 87264,267.4708918,-61.71470435,6.4,6.386538,B9IV,,161475,,Pavo,689.2164178,-0.049,,
6682,,HIP 87293,267.5421347,78.30653924,6.244,5.744723,K5,6717,164428,,Draco,890.7105608,1.452,,
6683,,HIP 87294,267.5462991,-40.09043182,4.803,4.686216,A2Ib,6631,161912,ι 2 Scorpii,Scorpius,3704.534952,0.259,,
6684,,HIP 87308,267.5953848,29.32214143,5.517,5.217624,K1III,6654,162555,,Hercules,266.5575891,1.071,,
6685,,HIP 87314,267.6183042,-53.61240688,5.71,5.643974,B2/3Vnn,6622,161783,V539 Ara,Ara,823.2318072,-0.099,5.71,6.24
6686,,HIP 87335,267.6816837,11.94654993,6.193,5.802195,K1III-IV,6650,162468,,Ophiuchus,508.5797529,1.247,,
6687,,HIP 87341,267.7015943,22.31633128,6.13,6.0869,A9V,6655,162570,,Hercules,318.0489826,0.242,,
6688,,HIP 87379,267.7960221,-53.13026904,6.076,6.071302,B9.5III/IV,6632,161917,ν2 Ara,Ara,507.7875729,0.01,,
6689,,,267.8,-30.5667,6.4,,~,,,[SC96] Mis 731,Scorpius,,,,
6690,,,267.8,-30.5667,6.4,,~,,,[SC96] GC 208,Scorpius,,,,
6691,,,267.85,-35.35,6.29,,~,,,[SC96] Mis 732,Scorpius,,,,
6692,,,267.85,-35.35,6.29,,~,,,[SC96] GC 210,Scorpius,,,,
6693,,HIP 87390,267.8855487,-40.7724647,5.958,5.054748,M2III,6643,162189,,Scorpius,737.5557171,1.572,,
6694,,HIP 87393,267.8977987,-60.16405678,5.774,5.517963,K0III,6624,161814,,Pavo,370.8773026,1.008,,
6695,,HIP 87404,267.9356645,-45.6007077,6.087,5.854239,G6III,6640,162123,,Ara,682.0085566,0.949,,
6696,,HIP 87427,267.9935854,15.32637467,6.42,,K0III,6665,162734,,Hercules,440.5402678,0.997,,
6697,,HIP 87428,267.9976868,-1.236809419,6.332,5.989447,K0III,6659,162596,176 G. Oph,Ophiuchus,444.7489308,1.126,,
6698,,HIP 87434,268.0037862,46.643574,6.36,6.09586,K0III,6674,163075,,Hercules,350.1599906,1.06,,
6699,,HIP 87445,268.0196667,39.98208895,6.001,5.566214,K4III,6673,162989,,Hercules,698.0738377,1.341,,
6700,,HIP 87460,268.0569221,-34.79919703,5.9,5.860088,B5IVp,6647,162374,V957 Sco,Scorpius,829.5170906,-0.111,5.87,5.92
6701,,HIP 87472,268.082339,-34.41684179,5.85,5.528635,G8/K0III,6648,162391,,Scorpius,744.2941398,1.129,,
6702,,HIP 87491,268.1476636,1.305011081,5.917,5.244788,K4III,6667,162774,179 G. Oph,Ophiuchus,350.5381564,1.573,,
6703,,HIP 87495,268.1612579,-6.143576131,6.21,5.640049,G3Ia,6661,162714,Y Oph,Ophiuchus,2859.650226,1.25,5.87,6.46
6704,,HIP 87516,268.2050961,-34.11483208,6.06,5.681046,K1III,6651,162496,,Scorpius,696.5807625,1.241,,
6705,,HIP 87523,268.2190959,-41.9965241,6.2,6.06077,F9VFe-0.7CH-0.4,6649,162396,,Scorpius,106.7102803,0.523,,
6706,,HIP 87532,268.24005,-35.62430971,6.02,5.950079,F2V,6653,162517,,Scorpius,209.3771719,0.342,,
6707,,HIP 87540,268.2647515,-10.89956397,6.176,5.842493,K1V,6666,162757,14 G. Ser Cau,Serpens,273.031955,1.11,,
6708,,HIP 87558,268.3091068,6.101422838,5.759,5.661367,F4IV-V,6670,162917,180 G. Oph,Ophiuchus,102.290696,0.425,,
6709,,HIP 87563,268.3251131,40.00796147,5.15,4.805308,K1+IIIbCN-1,6677,163217,90 Her,Hercules,363.4347164,1.166,,
6710,,HIP 87564,268.3257699,-65.48860393,6.459,6.183899,K0/1III,6634,161955,,Pavo,519.1095556,1.086,,
6711,,HIP 87567,268.3315841,-34.73080585,6.12,,B3/5III,6657,162586,,Scorpius,825.3182091,-0.041,,
6712,,,268.3477734,-34.89515036,5.73,,~,6658,162587A,,Scorpius,1055.017892,1.098,,
6713,Grumium,HIP 87585,268.3822064,56.87264193,3.75,3.384271,K2III,6688,163588,ξ Draconis,Draco,111.4147802,1.177,,
6714,,,268.425,-34.75,4.89,,~,,,[SC96] GC 236,Scorpius,,,,
6715,,,268.4395864,-34.78602973,6.38,,B9/A0II/III,,162678,,Scorpius,,,,
6716,,HIP 87616,268.4782213,-34.75271816,5.96,6.061502,B9V+B9V,6662,162724,V906 Sco,Scorpius,1009.289856,-0.06,5.96,6.23
6717,,HIP 87624,268.4922327,-34.83105557,6.42,6.384046,kB6hA0VHeA0pSiCr,6663,162725,V951 Sco,Scorpius,973.1331826,0,6.39,6.44
6718,,HIP 87670,268.6113188,75.17130694,6.374,6.144987,K0,6735,164780,,Draco,478.7083521,0.972,,
6719,,HIP 87671,268.6130137,-34.46672354,6.11,6.077182,B9.5/A0III,6668,162817,,Scorpius,842.3777952,0.055,,
6720,,HIP 87706,268.72518,-24.88709559,6.2,6.115156,O8II((f)),6672,162978,63 Oph,Sagittarius,3143.374103,0.001,,
6721,,HIP 87722,268.7834654,-36.47564447,6.053,6.015783,B9.5III,6671,162926,,Scorpius,747.7073608,0.074,,
6722,,HIP 87728,268.7964672,72.00512608,5.43,5.337283,F2III,6725,164613,ψ 2 Draconis,Draco,722.8368011,0.34,,
6723,,HIP 87744,268.8485594,55.97139214,6.081,6.018775,F0IV,6699,163929,,Draco,183.6619485,0.316,,
6724,,HIP 87747,268.8549514,26.04999124,5.36,5.351038,F2Ibp,6685,163506,89 Her,Hercules,3196.079085,0.341,5.34,5.54
6725,,HIP 87777,268.9617101,22.46422058,5.619,5.244923,K3III,6687,163547,,Hercules,488.7556842,1.249,,
6726,,HIP 87782,268.9790444,-18.80215604,6.469,6.465802,A1V,6679,163245,9 G. Sgr,Sagittarius,362.6262415,0.056,,
6727,,,269.025,-35.05,6.38,,~,,,[SC96] Mis 792,Scorpius,,,,
6728,,,269.025,-35.05,6.38,,~,,,[SC96] GC 258,Scorpius,,,,
6729,,HIP 87808,269.0632541,37.25053667,3.88,3.47414,K1IIaCN2,6695,163770,θ Herculis,Hercules,669.4053876,1.35,,
6730,,HIP 87812,269.0766672,0.6703536992,5.82,5.774477,B3III,6684,163472,V2052 Oph,Ophiuchus,829.5170898,0.058,5.81,5.84
6731,,HIP 87813,269.0793144,-15.81252818,5.929,5.929236,A0V,6681,163336,16 G. Ser Cau,Serpens,248.6654021,0.024,,
6732,,HIP 87822,269.1012239,-65.72173767,6.36,6.255625,F5V,,162521,,Pavo,112.7246543,0.451,,
6733,Eltanin,HIP 87833,269.1515412,51.48889562,2.23,,K5III,6705,164058,γ Draconis,Draco,147.5114701,1.521,,
6734,,HIP 87836,269.1743332,-28.06539478,5.763,5.73036,A7III/IV,6680,163318,10 G. Sgr,Sagittarius,164.0664155,0.207,,
6735,,,269.175,-28.05,5.75,,~,,,[SC96] Mis 803,Sagittarius,,,,
6736,,,269.175,-28.05,5.75,,~,,,[SC96] GC 265,Sagittarius,,,,
6737,,HIP 87846,269.1975706,-44.34221849,4.849,4.472706,K2III,6675,163145,,Scorpius,347.1770952,1.176,,
6738,,HIP 87847,269.1989338,-4.081821609,5.439,5.090751,K2IIICNIb/II,6686,163532,183 G. Oph,Ophiuchus,425.5866437,1.162,,
6739,,HIP 87850,269.2021957,45.35085018,6.32,4.598965,M6S,6702,163990,OP Her,Hercules,999.9988461,1.453,5.85,6.73
6740,,HIP 87865,269.2329323,-40.30564137,6.447,5.975425,K3III,6678,163234,,Scorpius,575.9704983,1.411,,
6741,,HIP 87866,269.2332346,6.487730334,6.277,6.256207,B9Vp,6690,163641,185 G. Oph,Ophiuchus,680.5839354,-0.015,,
6742,,HIP 87895,269.3097466,23.99573555,6.33,6.166323,G2V+K2V,6697,163840,,Hercules,93.08966658,0.642,,
6743,,HIP 87910,269.3624346,11.04454223,6.327,6.309125,A1V,6696,163772,,Ophiuchus,348.2920145,0.13,,
6744,,HIP 87926,269.4236906,-76.17795051,6.066,5.744021,K2III,6635,161988,,Apus,594.8915416,1.205,,
6745,,,269.425,-39.1333,5.72,,~,,,[SC96] Mis 814,Scorpius,,,,
6746,,,269.425,-39.1333,5.72,,~,,,[SC96] GC 277,Scorpius,,,,
6747,,HIP 87928,269.4280702,-56.89625118,6.259,6.230103,B4III,,163071,,Ara,1298.804039,-0.066,,
6748,,HIP 87933,269.4411903,29.24787945,3.7,3.464802,G8.5III,6703,163993,ξ Herculis,Hercules,135.1576991,0.935,,
6749,,HIP 87936,269.4491771,-41.71629327,4.863,4.083907,M0III,6682,163376,,Scorpius,546.9793077,1.617,,
6750,,,269.4907922,-39.13652232,6.46,6.498664,~,6683,163433A,,Scorpius,513.3849958,0.007,,
6751,,HIP 87998,269.6256234,30.18927435,4.41,4.277984,kA9hF2mF2(IV),6707,164136,ν Herculis,Hercules,795.1208141,0.38,4.38,4.48
6752,,HIP 88012,269.6627077,-28.75908624,6.01,5.977057,B3II/III,6692,163685,13 G. Sgr,Sagittarius,1330.611872,-0.077,,
6753,,HIP 88020,269.6763419,36.28779318,6.03,5.795083,G5III:,6711,164280,,Hercules,346.0719505,0.949,,
6754,,HIP 88030,269.717941,45.47621989,6.481,6.469572,B9pSiSr,6718,164429,V771 Her,Hercules,466.3822926,-0.064,6.44,6.52
6755,,HIP 88038,269.7320314,-36.85837458,5.737,5.490258,G8III,6691,163652,12 G. Sgr,Sagittarius,365.061462,0.915,,
6756,,HIP 88048,269.7566342,-9.773633605,3.34,3.076987,G9IIIa,6698,163917,ν Ophiuchi,Ophiuchus,150.7194193,0.99,,
6757,,,269.772003,-30.25302474,5.17,,M1Ib,6693,163755,,Sagittarius,934.0979284,1.654,,
6758,,HIP 88101,269.9031762,-4.821126346,5.832,5.209858,K5III,6706,164064,187 G. Oph,Ophiuchus,552.5441296,1.561,,
6759,,HIP 88116,269.9481519,-23.81611471,4.724,4.712597,A0,6700,163955,4 Sgr,Sagittarius,436.4131081,-0.03,,
6760,,HIP 88122,269.98419,45.50137751,5.67,5.011446,M0III,6728,164646,,Hercules,610.4873848,1.562,,
6761,,HIP 88125,270.0003387,-20.3395486,6.219,5.721061,K0III,6704,164028,16 G. Sgr,Sagittarius,857.8954008,1.405,,
6762,,HIP 88128,270.0142355,16.75091794,4.67,4.313834,K0.5IIb,6713,164349,93 Her,Hercules,655.9350652,1.254,,
6763,,HIP 88127,270.0147018,80.00084672,5.939,5.928247,F7,6809,166865,40 Dra,Draco,165.9878478,0.521,,
6764,,HIP 88136,270.0382571,80.00411315,5.642,5.542706,K2Vv,6810,166866,41 Dra,Draco,173.0362964,0.516,,
6765,,HIP 88148,270.0653079,0.6294757164,6.37,6.334478,A6VpSrCr,6709,164258,V2126 Oph,Ophiuchus,394.6720521,0.16,6.36,6.368
6766,,HIP 88149,270.0658154,4.368645091,4.6,4.758471,B2Ve,6712,164284,66 Oph,Ophiuchus,676.3491938,-0.1,4.55,4.85
6767,,HIP 88172,270.1152426,19.50578957,6.43,6.483287,B8IVe,6720,164447,V974 Her,Hercules,1621.889715,-0.054,,
6768,,HIP 88175,270.1208752,-3.690271547,4.616,4.505628,F2V,6710,164259,ζ Serpentis,Serpens,75.62062671,0.39,,
6769,,HIP 88190,270.1515602,33.21368024,6,5.375438,K6III,6726,164614,,Hercules,745.9958558,1.516,,
6770,,HIP 88192,270.1613158,2.931564834,3.93,3.932415,B4Ib-II,6714,164353,67 Oph,Ophiuchus,1417.393102,0.029,,
6771,,HIP 88213,270.2202456,6.268293863,6.35,6.314383,B2IV,6719,164432,192 G. Oph,Ophiuchus,1502.303093,-0.104,,
6772,,HIP 88217,270.2386263,15.09355244,6.28,6.106617,G5IV,6722,164507,,Hercules,146.8467609,0.747,,
6773,,HIP 88258,270.346344,-17.15686773,6.261,5.493668,K2III,6715,164358,6 Sgr,Sagittarius,1852.274001,1.763,,
6774,,,270.3748499,21.5953901,5.1,,G5III,6729,164668,* 95 Her B,Hercules,,0.89,,
6775,,,270.3767028,21.59578115,4.83,,A2IV,6730,164669,* 95 Her A,Hercules,,0.15,,
6776,,HIP 88274,270.3924499,-85.21482816,6.445,6.338583,F5IV,6552,159517,,Octans,218.6453499,0.437,,
6777,,HIP 88277,270.3995966,33.31126454,6.167,5.580097,K5III,6737,164824,,Hercules,967.3597159,1.549,,
6778,,HIP 88290,270.4383229,1.305085077,4.429,4.433036,A0.5Van,6723,164577,68 Oph,Ophiuchus,264.8255529,0.046,,
6779,,HIP 88294,270.4512581,-36.37785439,6.296,6.278918,B8V,6708,164245,17 G. Sgr,Sagittarius,721.2394109,-0.016,,
6780,,,270.475,-36.3667,5.9,,~,,,[SC96] Mis 890,Sagittarius,,,,
6781,,,270.475,-36.3667,5.9,,~,,,[SC96] GC 335,Sagittarius,,,,
6782,,HIP 88298,270.4765875,-22.78029423,5.77,5.69473,B0Ib,6716,164402,21 G. Sgr,Sagittarius,2441.839464,-0.03,,
6783,,HIP 88331,270.5960297,20.83363522,5.249,5.19279,B3IV,6738,164852,96 Her,Hercules,1028.3902,-0.1,5.17,5.19
6784,,HIP 88346,270.6256366,22.9232249,6.211,6.180115,B3Vn,6741,164900,97 Her,Hercules,674.9473913,-0.092,,
6785,,HIP 88380,270.7129109,-24.28246729,5.34,5.228346,F2II-III,6724,164584,7 Sgr,Sagittarius,1105.08499,0.495,,
6786,,HIP 88404,270.7700067,-8.180253701,5.86,,F5V,6733,164764,* tau Oph B,Ophiuchus,169.6149369,0.38,,
6787,,HIP 88404,270.7704938,-8.18035238,5.27,,F2IV,6734,164765,* tau Oph A,Ophiuchus,169.6149369,0.38,,
6788,,HIP 88404,270.7704997,-8.18034961,4.79,,F3IV,6734,164765,τ 1 Ophiuchi,Ophiuchus,169.6149369,0.38,,
6789,,HIP 88415,270.7870534,48.46427545,6.243,6.24516,A2V,6753,165358,,Hercules,525.8055935,0.037,,
6790,,HIP 88429,270.8106769,19.61315487,6.42,6.397029,A0V,6744,165029,,Hercules,406.9915946,0.017,,
6791,,HIP 88469,270.9685209,-24.36073118,5.97,5.885749,O4V((f))z,6736,164794,9 Sgr,Sagittarius,4939.3908,0.031,,
6792,,HIP 88522,271.1556565,1.918993236,6.147,6.090705,O9.7IIn,6747,165174,V986 Oph,Ophiuchus,3283.234314,-0.056,6.1,6.15
6793,,HIP 88528,271.1675455,23.94201839,6.335,6.272339,F0IV-V,6754,165373,V831 Her,Hercules,202.2332018,0.306,6.28,6.34
6794,,HIP 88550,271.2099106,-35.90144101,5.972,5.664988,K2III,6739,164870,25 G. Sgr,Sagittarius,355.1184582,1.16,,
6795,,HIP 88565,271.2533616,41.94629413,6.374,6.318389,F1Vnn,6767,165645,,Hercules,186.9265157,0.287,,
6796,,HIP 88567,271.2551101,-29.58008951,4.69,4.585245,G0Ib/II,6742,164975,γ 1 Sagittarii,Sagittarius,2076.434942,0.774,4.29,5.14
6797,,HIP 88599,271.3618969,-81.48656577,6.35,5.782251,K3/4III,6646,162337,,Apus,923.5126998,1.528,,
6798,,HIP 88601,271.3636883,2.50009883,4.03,,K0-V,6752,165341,70 Oph,Ophiuchus,16.58021164,0.86,,
,,,271.3635351,2.500146282,4.2,,K0V,,165341A,* 70 Oph A,Ophiuchus,16.58021164,0.86,,
6799,,HIP 88601,271.3644289,2.498946997,6.07,,K4V,6752,165341B,* 70 Oph B,Ophiuchus,16.58021164,0.86,,
6800,,HIP 88604,271.3755693,21.64661998,6.179,5.794431,K3III:,6763,165524,,Hercules,412.6574762,1.241,,
6801,Alnasl,HIP 88635,271.4520337,-30.42408985,2.99,2.724311,K0+III,6746,165135,γ 2 Sagittarii,Sagittarius,96.05203237,0.981,,
6802,,HIP 88636,271.4567117,32.23067425,5.709,5.387938,K0III,6768,165683,,Hercules,695.0974572,1.179,,
6803,,HIP 88657,271.507919,22.21887572,5.06,3.955155,M3-SIII,6765,165625,98 Her,Hercules,615.0937695,1.656,,
6804,,HIP 88670,271.5308247,-8.323960281,5.859,5.770218,B2II/III,6755,165402,19 G. Ser Cau,Serpens,569.9297157,0.184,,
6805,,HIP 88671,271.5309498,-0.4461275997,6.34,5.992953,G9IIICH-3,6757,165462,21 G. Ser Cau,Serpens,506.9986525,1.014,,
6806,,HIP 88675,271.5383946,-51.74390422,6.46,6.405577,A2III,,164896,,Ara,1523.365961,0.172,,
6807,,HIP 88684,271.5633213,-4.751252437,5.741,5.480384,K1IV,6756,165438,20 G. Ser Cau,Serpens,113.9461784,0.968,,
6808,,HIP 88694,271.5988313,-36.01978628,5.95,5.805398,G1V,6748,165185,29 G. Sgr,Sagittarius,56.61677594,0.615,,
6809,,HIP 88714,271.6577841,-50.09147988,3.66,3.643981,B0.5Iab,6743,165024,θ Arae,Ara,1012.422715,-0.101,,
6810,,,271.7078872,-43.42522247,5.62,,A6V,6749,165189,CD-43 12272A,CoronaAustralis,,0.22,,
6811,,HIP 88726,271.707888,-43.42522122,4.95,,A6V+A7V,6749,165189,,CoronaAustralis,143.0452749,0.255,,
6812,,,271.7079789,-43.42474933,5.68,,A7V,6750,165190,CD-43 12272B,CoronaAustralis,,0.26,,
6813,,HIP 88732,271.7228092,50.82282758,6.295,6.032837,K0III,6790,166207,,Draco,385.7983222,1.051,,
6814,,HIP 88745,271.7566278,30.56210691,5.13,4.947728,F6V,6775,165908,99 Her,Hercules,51.033368,0.528,,
6815,,HIP 88754,271.7762404,49.71044725,6.5,,A2V,6792,166228,,Hercules,721.239404,-0.02,,
6816,,HIP 88760,271.7973063,-21.44393551,6.33,6.190134,B1/2Ib,6762,165516,,Sagittarius,4233.763544,0.102,,
6817,,HIP 88765,271.8264975,8.733867239,4.64,4.383688,G8III,6770,165760,71 Oph,Ophiuchus,237.7828642,0.951,,
6818,,HIP 88770,271.8374321,2.481671294,6.49,5.965781,K3III,,165742,,Ophiuchus,800.9822988,1.481,,
6819,,HIP 88771,271.8374369,9.563846727,3.73,3.712161,A5V,6771,165777,72 Oph,Ophiuchus,82.7411199,0.159,,
6820,,HIP 88788,271.8697677,43.46188958,4.997,4.74327,G8IIICN-1CH-3,6791,166208,,Hercules,363.0304751,0.913,,
6821,,HIP 88794,271.8856296,28.76249107,3.827,3.832115,B9.5III,6779,166014,ο Herculis,Hercules,347.1770915,-0.018,3.8,3.87
6822,,HIP 88816,271.9514178,-17.15415838,5.508,5.198947,K1III,6769,165687,32 G. Sgr,Sagittarius,249.2355758,1.132,,
6823,,HIP 88815,271.9515207,-64.55017004,6.392,6.019109,K2/3III,6740,164871,,Pavo,535.3052413,1.266,,
6824,,HIP 88817,271.956261,26.09733281,5.79,5.841972,A3V,6782,166046,100 Her,Hercules,165.9034222,0.127,,
6825,,HIP 88818,271.9565283,26.10126164,5.819,5.85669,A3V,6781,166045,100 Her,Hercules,228.4514348,0.158,,
6826,,HIP 88839,272.0207451,-28.45709265,4.56,4.265147,G7:IIIbCN-1CH-3.5HK+1,6766,165634,,Sagittarius,347.5487355,0.938,,
6827,,HIP 88859,272.1254649,-45.76700953,6.163,6.147855,B7/8II,6759,165493,,Ara,815.0003042,-0.082,,
6828,,HIP 88862,272.1405656,14.28471686,6.323,6.311303,A5m,6784,166095,,Ophiuchus,531.8105201,0.181,,
6829,,HIP 88866,272.1450666,-63.66856198,4.328,4.289329,kA4hF0mF2III,6745,165040,π Pavonis,Pavo,138.4287855,0.228,,
6830,,HIP 88886,272.1895497,20.81455683,4.347,4.334155,B2IV,6787,166182,102 Her,Hercules,1523.365959,-0.164,,
6831,,HIP 88899,272.2202661,20.04523298,5.099,5.059922,A8III,6794,166230,101 Her,Hercules,320.866275,0.176,,
6832,,HIP 88964,272.3911802,3.993297194,5.92,5.895368,~,6795,166233A,* 73 Oph A,Ophiuchus,166.1570528,0.363,6.11,6.13
6833,,HIP 88972,272.4059009,38.45777723,6.4,6.129808,K2V,6806,166620,,Hercules,36.17786737,0.876,,
6834,,HIP 88981,272.4307491,-13.93443537,6.379,5.86343,K1II,6785,166103,24 G. Ser Cau,Serpens,669.4053918,1.428,,
6835,,,272.4625,-23.8283,6.4,,Open Cluster,,,C 1806-240,Sagittarius,,,,
6836,,HIP 89006,272.4898427,-59.04017953,6.372,5.77173,K4III,6760,165497,,Pavo,641.7312403,1.553,,
6837,,HIP 89008,272.495841,36.466262,5.568,5.332035,G8III,6807,166640,,Hercules,433.5117016,0.915,,
6838,,HIP 89010,272.4998491,-32.71963563,6.405,6.111277,K0III,6777,165978,36 G. Sgr,Sagittarius,364.6539615,1.025,,
6839,,HIP 89020,272.5242238,-30.72866676,5.65,5.336319,K1III,6780,166023,37 G. Sgr,Sagittarius,360.2203599,0.979,,
6840,,HIP 89023,272.5363664,16.47658499,6.1,,G8III+B9.5/A0:,6803,166479,,Hercules,1502.303091,0.574,,
6841,,HIP 89042,272.6089738,-62.00222005,5.49,5.311746,G0V,6761,165499,ι Pavonis,Pavo,57.88361045,0.592,,
6842,,HIP 89065,272.6679129,3.324257858,5.489,5.122143,K1II,6800,166460,202 G. Oph,Ophiuchus,412.1358776,1.204,,
6843,,HIP 89086,272.7306195,-33.80006981,6.16,6.100771,B2II/III,6788,166197,38 G. Sgr,Sagittarius,3241.14575,-0.137,,
6844,,HIP 89096,272.7683531,-47.5131214,6.069,5.744811,K1IIICNII,6778,166006,,Telescopium,490.2259463,1.193,,
6845,,HIP 89099,272.7731784,-41.35911505,5.845,5.792221,F2V,6786,166114,,CoronaAustralis,268.7551583,0.295,,
6846,,HIP 89104,272.779811,60.40953269,6.5,6.48494,A1Vnn,6827,167387,,Draco,458.5093869,-0.002,,
6847,,HIP 89112,272.8073385,-45.95441177,4.508,4.242866,K0III,6783,166063,ϵ Telescopii,Telescopium,408.5205368,1.009,,
6848,,HIP 89114,272.8115944,-19.84195274,6.5,,A2V,6798,166393,39 G. Sgr,Sagittarius,364.6539615,0.158,,
6849,,HIP 89115,272.8158639,-75.89152323,5.86,5.483882,K2III,6731,164712,,Apus,253.1058456,1.253,,
6850,,HIP 89153,272.9305532,-23.7012316,4.98,4.67057,K0III,6801,166464,1 Sgr,Sagittarius,244.1949618,1.055,,
6851,,HIP 89156,272.9380133,33.44705876,5.97,6.036729,A3V,6814,166988,,Hercules,763.4662015,0.045,,
6852,,HIP 89172,272.9756526,31.40534898,4.97,4.023982,M3III,6815,167006,104 Her,Hercules,601.4767431,1.643,6.62,6.76
6853,,HIP 89234,273.1420149,-73.67243587,5.91,5.801417,F5V,6751,165259,,Apus,133.1700764,0.464,,
6854,,HIP 89246,273.1775607,41.14683622,6.352,6.084642,K0III,6824,167304,,Hercules,475.9112762,1.038,,
6855,,HIP 89279,273.2700793,38.77349057,6.033,6.02846,B9IIIn,6826,167370,,Hercules,644.2675175,-0.057,,
6856,,HIP 89290,273.3029101,-41.33611034,5.462,5.419032,B2III,6804,166596,V692 CrA,CoronaAustralis,1654.822249,-0.155,5.46,5.51
6857,,HIP 89298,273.3190152,21.88035994,6.132,5.603998,K4III,6820,167193,,Hercules,5174.599881,1.472,,
6858,Polis,HIP 89341,273.4408702,-21.05883169,3.85,3.760229,B8Iab(e),6812,166937,μ Sagittarii,Sagittarius,29636.37735,0.195,3.8,3.88
6859,,HIP 89347,273.4675915,2.393462298,6.4,5.852498,K2III,,167162,205 G. Oph,Ophiuchus,1172.661553,1.545,,
6860,,HIP 89348,273.4743034,64.39728493,4.987,4.861512,F5V,6850,168151,36 Dra,Draco,76.5976398,0.44,,
6861,,HIP 89369,273.5662499,-21.71316264,5.473,4.895443,K2III,6816,167036,14 Sgr,Sagittarius,505.4273323,1.528,,
6862,,HIP 89370,273.5680085,-63.68968205,6.469,5.968167,K4III,6796,166251,,Pavo,613.9364697,1.414,,
6863,,HIP 89439,273.8037764,-20.72826878,5.37,5.279456,O9.7Iab,6822,167264,15 Sgr,Sagittarius,3719.426351,0.007,,
6864,,HIP 89440,273.8040376,-20.38796974,6.02,5.897889,O9.5III,6823,167263,16 Sgr,Sagittarius,50882.44867,-0.023,,
6865,,HIP 89448,273.8211896,68.75581725,5.953,5.667682,K1III:,6865,168653,37 Dra,Draco,283.9721822,1.055,,
6866,,HIP 89470,273.8781861,-18.66157099,6.15,5.96435,ApSi,6825,167356,V4387 Sgr,Sagittarius,3927.714632,0.165,,
6867,,HIP 89474,273.8852641,45.20931686,6.298,6.149785,G1V,6847,168009,,Lyra,73.95638981,0.641,,
6868,,HIP 89482,273.9115721,42.1593458,5.556,5.545616,B7IV,6845,167965,,Lyra,539.735579,-0.111,,
6869,,HIP 89487,273.9192274,-63.05536391,5.582,5.332698,K0III/IV,6805,166599,,Pavo,295.8258804,0.944,,
6870,,HIP 89507,273.9727171,-44.20645338,5.451,5.171989,G8/K0III,6818,167096,,CoronaAustralis,268.0920738,0.962,,
6871,,HIP 89512,273.9913814,-3.617966353,6.349,6.311142,A3IV/V,6830,167564,27 G. Ser Cau,Serpens,471.7808594,0.201,,
6872,,HIP 89527,274.023218,2.377517217,6.01,4.836709,M4III,6834,167654,V2392 Oph,Ophiuchus,705.6272637,1.55,,
6873,,HIP 89587,274.2212542,-3.007402014,6,5.758917,G8III,6840,167768,28 G. Ser Cau,Serpens,328.9602076,0.89,,
6874,,,274.2482,-15.0111,6,,Cluster,,,NGC 6605,Serpens,,,,
6875,,HIP 89597,274.2538312,-51.0682666,6.048,6.048441,B9V,6821,167257,,Telescopium,359.4281784,-0.046,,
6876,,HIP 89605,274.2813851,-56.02334933,5.36,5.261704,B3IIIe,6819,167128,QV Tel,Telescopium,1120.000414,-0.05,,
6877,,HIP 89609,274.298446,-17.37389203,5.75,5.228539,K2III,6838,167720,50 G. Sgr,Sagittarius,1044.872768,1.569,,
6878,,HIP 89620,274.3489946,-28.28894962,6.36,6.23846,F9VFe-0.8CH-0.4+T4,6836,167665,48 G. Sgr,Sagittarius,96.67860405,0.536,,
6879,,HIP 89622,274.3503597,-28.65206543,6.168,6.13586,A5V,6835,167666,49 G. Sgr,Sagittarius,397.0779329,0.184,,
6880,,HIP 89623,274.3507047,-9.758610419,6.3,6.233771,A8V,6843,167833,29 G. Ser Cau,Serpens,430.0789245,0.382,,
6881,,HIP 89637,274.4010241,-34.10726597,6.03,6.034384,B3/4IV/V,6833,167647,RS Sgr,Sagittarius,881.0805282,-0.096,6.01,6.97
6882,,HIP 89642,274.4068217,-36.76169016,3.11,2.116495,M2III,6832,167618,η Sagittarii,Sagittarius,149.0625849,1.582,3.05,3.12
6883,,HIP 89674,274.5040054,-68.22926333,6.328,6.314648,B8/9V,6808,166841,,Pavo,696.5807591,-0.026,,
6884,,HIP 89677,274.5122588,13.77703042,6.291,6.261619,B5V,6851,168199,,Ophiuchus,1112.62863,-0.04,,
6885,,HIP 89678,274.5132985,-27.04264352,4.627,3.998162,K3II,6842,167818,,Sagittarius,699.5701825,1.629,,
6886,,HIP 89684,274.5321408,18.13168877,6.23,6.224423,B9V,6852,168270,,Hercules,745.9958568,-0.004,,
6887,,HIP 89683,274.5322046,23.2969071,6.47,5.635908,K5,6854,168323,,Hercules,1671.797072,1.698,,
6888,,HIP 89726,274.6673259,-42.28839529,6.29,6.255798,B0.2Ib,6839,167756,,CoronaAustralis,5615.642156,-0.144,,
6889,,,274.675,-18.6333,6.48,,~,,,[SC96] Mis 1264,Sagittarius,,,,
6890,,HIP 89772,274.7897378,7.25976724,5.412,5.092636,K2III,6857,168387,208 G. Oph,Ophiuchus,146.5827006,1.084,,
6891,,HIP 89773,274.7944977,24.4460564,5.279,4.753304,K3III:Ba0.5,6860,168532,105 Her,Hercules,1278.432289,1.508,,
6892,,HIP 89805,274.9172109,-63.88656168,6.25,6.041773,F9.5V,6828,167425,,Pavo,74.70228213,0.584,,
6893,,HIP 89826,274.9654546,36.06454748,4.34,3.997497,K2-IIIabCN0.5,6872,168775,κ Lyrae,Lyra,237.7828603,1.162,,
6894,,HIP 89827,274.9669576,29.66639095,5.993,5.588668,K4III,6867,168694,,Hercules,654.6180222,1.319,,
6895,,HIP 89835,274.9835913,51.34782289,6.299,6.000765,K1III:,6880,169028,,Draco,410.0625105,1.112,,
6896,,HIP 89851,275.0366305,-15.83169685,5.371,4.843679,K3III,6858,168415,32 G. Ser Cau,Serpens,470.4181792,1.473,,
6897,,HIP 89861,275.0746456,21.96129641,4.96,4.187761,M1III,6868,168720,106 Her,Hercules,425.5866401,1.594,,
6898,,HIP 89908,275.189301,71.33781941,4.22,4.404626,B8V,6920,170000,ϕ Draconis,Draco,289.0072535,-0.093,4.22,4.26
6899,,HIP 89918,275.216932,3.377164082,4.856,4.604254,G8III,6866,168656,74 Oph,Ophiuchus,269.1991692,0.911,,
6900,,HIP 89920,275.2299482,-37.48764641,6.434,6.065131,K2II,6856,168357,,CoronaAustralis,2279.722095,1.315,,
6901,,HIP 89925,275.237376,29.85892317,5.6,5.561358,kA3mA7+A9V,6876,168913,108 Her,Hercules,187.788135,0.231,,
6902,Kaus Media,HIP 89931,275.2485121,-29.82810226,2.668,2.296982,K2.5IIIaCN0.5,6859,168454,δ Sagittarii,Sagittarius,305.5296015,1.38,,
6903,,HIP 89935,275.2542507,28.86995135,5.115,5.064077,A8Vn,6877,168914,107 Her,Hercules,276.5054812,0.212,,
6904,,HIP 89937,275.264094,72.73284772,3.58,3.387717,F7V,6927,170153,χ Draconis,Draco,26.27965391,0.49,,
6905,,HIP 89943,275.2797861,49.72546609,6.387,6.099893,K1III,6886,169221,,Draco,668.0329242,1.086,,
6906,,HIP 89962,275.3275021,-2.89882797,3.25,2.99045,K0III-IV,6869,168723,η Serpentis,Serpens,61.73073846,0.941,,
6907,,HIP 89968,275.345776,-18.86000179,5.75,5.475163,F8II,6863,168608,Y Sgr,Sagittarius,1293.649978,0.67,5.25,6.24
6908,,HIP 89977,275.3683378,5.435711242,6.13,6.105162,B2Vne,6873,168797,NW Ser,Serpens,3360.833025,-0.048,,
6909,,HIP 89980,275.3806921,-24.91527538,6.25,4.53661,M5-IIIa:,6861,168574,70 Sgr,Sagittarius,1164.286611,1.823,6.1,6.38
6910,,HIP 89981,275.3860981,49.12159267,5.05,4.165178,M2III,6891,169305,,Draco,754.6283356,1.619,,
6911,,HIP 90012,275.5005858,-28.42996533,6.154,6.07854,A3III,6864,168646,58 G. Sgr,Sagittarius,474.5257807,0.264,,
6912,,HIP 90023,275.5362522,23.28517468,5.41,4.665093,K5III,6882,169110,,Hercules,676.3491908,1.633,,
6913,,HIP 90037,275.5773892,-38.65689614,5.073,4.532012,K4/5III,6862,168592,,CoronaAustralis,503.0866509,1.498,,
6914,,HIP 90052,275.6471609,12.02968093,5.98,5.972328,A2V,6883,169111,,Ophiuchus,478.7083603,0.056,,
6915,,HIP 90067,275.7043319,17.82661658,5.249,4.85587,K3III,6885,169191,,Hercules,435.8295642,1.25,,
6916,,HIP 90074,275.7211476,-36.66955557,5.34,5.294181,B7Ib/II,6870,168733,V4050 Sgr,Sagittarius,618.5950128,-0.121,5.31,5.322
6917,,HIP 90083,275.7587893,-10.21895525,6.313,6.273352,B9III,6878,169009,,Scutum,342.7956526,0.13,,
6918,,HIP 90086,275.7622081,16.68799635,6.22,5.855123,K0,6887,169223,,Hercules,495.4419459,1.216,,
6919,,HIP 90096,275.8006757,-12.01475474,5.699,5.692255,B8IVe,6881,169033,,Scutum,611.6316501,0.006,,
6920,,HIP 90098,275.8068222,-61.49391192,4.367,3.799543,K4III,6855,168339,ξ Pavonis,Pavo,420.1033194,1.462,,
6921,,HIP 90124,275.8701111,-36.23798837,5.518,5.259289,K0III,6874,168838,60 G. Sgr,Sagittarius,319.2949563,1.015,,
6922,,HIP 90133,275.9018697,-75.04427707,5.456,5.458048,A0V,6829,167468,ϕ Octantis,Octans,196.504075,0.043,,
6923,,HIP 90135,275.9149111,-8.934486565,4.664,4.403005,G9-IIIbFe-0.5,6884,169156,ζ Scuti,Scutum,190.8665574,0.932,,
6924,,HIP 90139,275.9245404,21.76975267,3.84,3.487343,K2IIIab,6895,169414,109 Her,Hercules,128.3465783,1.168,,
6925,,HIP 90146,275.9499085,53.3008357,6.352,6.347956,A3m,6911,169885,,Draco,339.9366247,0.168,,
6926,,HIP 90156,275.9775287,58.80073767,5.05,,A1V,6923,170073A,* b Dra A,Draco,188.330595,0.082,,
6927,,HIP 90163,275.9886753,38.7392248,6.37,5.925939,K2,6901,169646,,Lyra,857.8953944,1.429,,
6928,,HIP 90174,276.0149482,-3.583157613,6.38,6.281897,F0V,6890,169268,36 G. Ser Cau,Serpens,215.8942382,0.351,,
6929,,HIP 90182,276.038605,83.17539724,6.16,6.154508,A2V,7025,172864,,Draco,547.8986155,0.051,,
6930,Kaus Australis,HIP 90185,276.0429934,-34.38461649,1.81,,B9IVp_lB?,6879,169022,ϵ Sagittarii,Sagittarius,144.567695,-0.031,,
6931,,HIP 90191,276.0574401,39.50723811,5.12,5.085514,A0IV,6903,169702,μ Lyrae,Lyra,441.1368433,0.047,,
6932,,HIP 90200,276.0759979,-44.11025516,5.227,5.199458,B3V,6875,168905,,CoronaAustralis,524.1169182,-0.163,,
6933,,HIP 90223,276.1380739,-49.65287745,6.454,6.310617,G0-V,,168871,,Telescopium,91.93464934,0.593,,
6934,,HIP 90238,276.1755318,-7.075932949,6.296,5.925534,K0/1III,6892,169370,,Scutum,280.5508198,1.161,,
6935,,HIP 90253,276.2383682,-1.57941119,6.19,,F2V,6898,169493,37 G. Ser Cau,Serpens,432.3609245,0.381,,
6936,,HIP 90256,276.2435893,27.39478137,6.26,,A2Vn,6904,169718,,Hercules,387.6337055,0.053,,
6937,,HIP 90260,276.255947,-30.75656021,5.574,5.164681,K0III,6888,169233,18 Sgr,Sagittarius,653.3075053,1.138,,
6938,,HIP 90289,276.3376643,-20.54167284,4.86,4.336602,K1/2III,6896,169420,21 Sgr,Sagittarius,597.0692249,1.31,,
6939,,HIP 90290,276.3403015,-35.99202378,6.142,5.874128,K0III,6889,169236,62 G. Sgr,Sagittarius,461.1043556,1.006,,
6940,,HIP 90304,276.3817916,-63.02153596,6.122,6.081208,A8VkA2mA2_lB,6871,168740,,Pavo,232.3591992,0.202,6.14,6.18
6941,,HIP 90313,276.4116628,8.032007151,5.665,5.339126,G9II+B9V,6902,169689,,Ophiuchus,806.9317994,0.884,,
6942,,HIP 90336,276.477528,-33.94571824,6.296,6.277103,B7III,6893,169398,64 G. Sgr,Sagittarius,961.651457,-0.075,,
6943,,HIP 90337,276.4801255,14.9662363,6.364,6.356907,B9V,6906,169820,V1343 Her,Hercules,373.8536818,-0.037,,
6944,,HIP 90342,276.4949458,29.82893028,5.83,5.801887,A2IV,6917,169981,,Hercules,427.2622795,0.068,,
6945,Fafnir,HIP 90344,276.496404,65.56348093,4.823,4.449502,K1.5IIIFe-1,6945,170693,,Draco,317.2850388,1.19,,
6946,,HIP 90398,276.6705315,26.44924071,6.498,6.464615,B3V,6924,170111,,Hercules,781.7743683,-0.107,,
6947,,HIP 90414,276.7250574,-48.11723995,5.446,5.21768,K0/1III+F/G,6894,169405,,Telescopium,529.2220798,0.855,,
6948,,HIP 90422,276.7434018,-45.96845775,3.463,3.488739,B3IV,6897,169467,α Telescopii,Telescopium,249.2355744,-0.179,,
6949,,,276.7675962,-53.11020892,5.96,,K2III,,169326,,Telescopium,,,,
6950,,HIP 90441A,276.8021169,0.1961135043,5.32,5.13498,A0IV,6918,169985,,Serpens,478.7083614,0.487,5.17,5.29
6951,,HIP 90476,276.9256037,59.54911296,6.42,6.169439,K0IV,6949,170811,,Draco,365.0614527,0.979,,
6952,,,276.95,-26.75,6.22,,~,,,[SC96] GC 607,Sagittarius,,,,
6953,,,276.95,-26.7,6.22,,~,,,[SC96] Mis 1381,Sagittarius,,,,
6954,,HIP 90485,276.9561875,-29.81686134,5.902,5.772378,F7V,6907,169830,,Sagittarius,118.4600478,0.505,,
6955,,HIP 90487,276.9596699,3.748567013,6.06,5.416624,K3III,6925,170137,,Ophiuchus,1369.748184,1.61,,
6956,,HIP 90494,276.9853332,-17.80035394,6.182,6.16139,B8III/IV,6919,169990,71 G. Sgr,Sagittarius,566.9565938,0.003,,
6957,Kaus Borealis,HIP 90496,276.9926697,-25.4216985,2.81,2.543506,K1IIIb,6913,169916,λ Sagittarii,Sagittarius,77.2512785,1.025,,
6958,,HIP 90497,276.9948901,6.194103469,5.699,5.670773,B8III,6928,170200,44 G. Ser Cau,Serpens,739.2280949,-0.034,,
6959,,HIP 90510,277.0257283,-26.75730628,6.276,6.273177,A3/4V,6914,169938,69 G. Sgr,Sagittarius,269.4215021,0.157,,
6960,,HIP 90509,277.0267856,-84.38726011,6.48,6.460154,B8IVe,,165338,,Octans,595.9771206,-0.035,,
6961,,HIP 90541,277.1129752,-38.99566951,5.624,5.620285,A2mA2-F0,6910,169853,,CoronaAustralis,498.4704889,0.14,,
6962,,HIP 90568,277.2077474,-49.07058832,4.11,3.814259,K1III-IV,6905,169767,ζ Telescopii,Telescopium,127.343804,0.995,,
6963,,HIP 90576,277.238975,-26.58207857,6.5,,A3III,6926,170141,,Sagittarius,396.5954522,0.095,,
6964,,HIP 90595,277.2993774,-14.56580291,4.675,4.64175,A1IV/V,6930,170296,γ Scuti,Scutum,291.3316438,0.076,,
6965,,,277.3,-26.6833,6.45,,~,,,[SC96] Mis 1401,Sagittarius,,,,
6966,,HIP 90597,277.3036326,-43.84593707,6.35,6.129343,G8III,6915,169943,,CoronaAustralis,511.7745535,0.904,,
6967,,HIP 90606,277.3330998,-80.232707,5.946,5.615535,K2III,6837,167714,,Octans,348.2920114,1.173,,
6968,,,277.35,-25.5333,6.45,,~,,,[SC96] GC 625,Sagittarius,,,,
6969,,HIP 90637,277.3987929,23.86619842,5.863,5.838985,B6IV,6943,170650,,Hercules,1475.11468,-0.096,,
6970,,HIP 90642,277.4207478,-1.985307797,5.369,5.125818,K0III,6935,170474,c Ser,Serpens,236.0609311,0.961,,
6971,,HIP 90647,277.4373606,77.54706954,5.644,5.306916,K4III,7006,172340,,Draco,474.5257697,1.192,,
6972,,HIP 90651,277.4448324,-14.58198745,6.027,6.00805,ApEuCrEu,6932,170397,V432 Sct,Scutum,284.4677112,0.006,5.96,5.972
6973,,HIP 90662,277.4830891,-47.22054166,5.679,5.294867,K2III,6922,170069,,Telescopium,593.8059631,1.258,,
6974,,HIP 90664,277.4864072,-57.5231416,5.74,5.48613,K0III,6908,169836,,Pavo,357.4558768,0.987,,
6975,,HIP 90687,277.5494353,-18.72879596,5.624,5.338339,K0III,6933,170433,74 G. Sgr,Sagittarius,292.9023124,1.057,,
6976,,HIP 90692,277.5595567,-5.724178146,6.263,6.007147,G8III,6940,170547,,Scutum,579.0414176,0.953,,
6977,,HIP 90729,277.673545,20.81504684,6.48,6.293163,G8V,6950,170829,,Hercules,116.7621638,0.795,,
6978,,HIP 90759,277.7622865,-41.91383405,6.018,6.009426,A3V,6931,170384,,CoronaAustralis,255.4859747,0.138,,
6979,,HIP 90762,277.768536,16.92855622,5.75,5.739313,A2V,6955,170878,,Hercules,413.7071958,0.053,,
6980,,HIP 90763,277.7701728,-32.98909825,5.386,5.358406,A5V,6936,170479,75 G. Sgr,Sagittarius,349.7850951,0.182,,
6981,,HIP 90797,277.8434397,-62.27830271,4.64,4.577619,B7III,6916,169978,ν Pavonis,Pavo,478.7083604,-0.116,,
6982,,HIP 90804,277.857058,-10.79583566,5.72,5.672494,B2V+,6946,170740,,Scutum,693.6174193,0.379,,
6983,,HIP 90806,277.8595744,-18.40269833,5.117,5.105151,B9/9.5V,6944,170680,76 G. Sgr,Sagittarius,213.0720554,0.016,,
6984,,HIP 90830,277.939305,-45.9148125,4.92,4.889999,B5/7,6934,170465,δ 1 Telescopii,Telescopium,795.120816,-0.101,,
6985,,HIP 90842,277.9842659,-43.50738094,5.686,5.277691,K2III,6937,170521,,CoronaAustralis,1244.273999,1.322,,
6986,,HIP 90844,277.987473,-1.002975211,5.936,5.90034,A5IV/V,6957,170920,61 Ser,Serpens,569.9297139,0.17,,
6987,,HIP 90853,278.0081017,-45.75737918,5.07,5.03472,B3IV/V,6938,170523,δ 2 Telescopii,Telescopium,1116.439572,-0.127,,
6988,,HIP 90858,278.0286938,3.659611598,6.407,6.393887,B9IIIpSi,6958,170973,MV Ser,Serpens,1194.13844,-0.025,,
6989,,HIP 90884,278.0860832,-14.64424909,6.351,6.313417,A4/5IV/V,6956,170902,,Scutum,241.3026875,0.217,,
6990,,HIP 90887,278.0888795,-39.70400077,5.155,5.14223,A3V,6942,170642,,CoronaAustralis,219.8248218,0.079,,
6991,,HIP 90905,278.1438441,57.04559605,4.761,4.60434,F8Ib-II,6978,171635,45 Dra,Draco,2884.957606,0.611,,
6992,,HIP 90913,278.1805087,-14.86566172,5.51,4.647184,K3-Ib-IICN1,6959,170975,V450 Sct,Scutum,1268.482768,1.998,,
6993,,HIP 90915,278.1923116,23.61679714,5.84,5.341857,K5III,6966,171245,,Hercules,793.1876325,1.49,,
6994,,HIP 90923,278.2081572,30.5542088,5.468,5.455955,B8V,6968,171301,,Lyra,365.4722167,-0.077,,
6995,,HIP 90930,278.2305901,-73.96559834,5.888,5.655524,K0III,6899,169570,,Pavo,355.8943348,0.992,,
6996,,HIP 90936,278.2538197,-39.89202087,6.217,6.119172,F5V,6948,170773,,CoronaAustralis,117.6045507,0.429,,
6997,,HIP 90967,278.3446181,-5.911719228,6.354,6.345223,B9V,6963,171149,,Scutum,372.5725026,0.034,,
6998,,HIP 90969,278.3461705,-38.72004622,6.169,6.288671,B8/A1,6952,170867,κ 2 Coronae Australis,CoronaAustralis,488.7556852,0.02,,
6999,,HIP 90968,278.3463804,-38.72598312,5.59,5.606336,B9V,6952,170868,κ 1 Coronae Australis,CoronaAustralis,1715.79079,-0.06,,
7000,,HIP 90971,278.3470957,8.2682496,6.416,6.393263,B9III,6967,171247,V2393 Oph,Ophiuchus,1582.5252,-0.044,,
7001,,HIP 90981,278.3727934,-58.70877778,6.44,6.264917,G3/5V,6939,170525,,Pavo,164.3144987,0.688,,
7002,,HIP 90982,278.3757741,-42.31250824,4.614,4.342406,G8III,6951,170845,θ Coronae Australis,CoronaAustralis,867.0201421,0.994,,
7003,,HIP 90991,278.4125872,-14.85361439,5.735,5.736194,A0/1V,6962,171130,,Scutum,211.4136926,0.043,,
7004,,HIP 91004,278.4728597,-24.032282,5.461,4.74014,K3III,6961,171115,24 Sgr,Sagittarius,3431.575052,1.795,,
7005,,HIP 91013,278.4862272,52.35351575,5.38,5.506104,G9III,6983,171779,,Draco,795.1208094,1.091,,
7006,,HIP 91014,278.490693,-33.01656027,5.276,5.253687,B2III/IV,6960,171034,77 G. Sgr,Sagittarius,2232.879137,-0.115,,
7007,,HIP 91062,278.6296607,-52.89152101,6.202,5.823505,K2III,6954,170873,,Telescopium,549.7470467,1.254,,
7008,,HIP 91090,278.6978903,10.89200858,6.47,6.458309,A1V,6976,171505,,Ophiuchus,635.4785565,0.032,,
7009,,HIP 91105,278.7599693,-10.97720636,5.119,4.87976,G8II/III,6970,171391,,Scutum,289.7779267,0.926,,
7010,,HIP 91117,278.8017798,-8.244070511,3.83,3.424219,K3III,6973,171443,α Scuti,Scutum,174.1453587,1.317,,
7011,,HIP 91118,278.8024667,18.20341499,5.79,5.760543,A0Vn,6977,171623,,Hercules,676.3491906,0.006,,
7012,,HIP 91119,278.8062716,34.45801892,6.088,6.045351,B5Ve,6984,171780,,Lyra,1038.21584,-0.115,,
7013,,HIP 91132,278.8388827,-20.840449,6.481,6.420505,F0IV/V,6969,171369,V4190 Sgr,Sagittarius,304.3886003,0.28,6.44,6.48
7014,,,278.8766595,23.60554102,6.24,,G9III,6980,171745A,,Hercules,486.5682213,1.015,,
7015,,HIP 91142,278.9020539,4.935989631,6.46,6.451901,A0VpSrSi,,171586,FR Ser,Serpens,334.701068,0.075,6.34,6.52
7016,,HIP 91172,278.9985201,-29.6991066,6.366,5.967602,K1III,6972,171416,80 G. Sgr,Sagittarius,1058.440892,1.272,,
7017,,HIP 91196,279.0552802,65.48870466,6.06,6.004639,F0V,7013,172569,,Draco,233.8594441,0.279,,
7018,,HIP 91217,279.1159761,9.122491586,5.39,5.272436,F5III,6985,171802,,Ophiuchus,126.6021522,0.387,,
7019,,HIP 91235,279.155601,33.46903833,5.41,5.385694,B8IIpHgMn,6997,172044,,Lyra,521.6001927,-0.101,,
7020,,HIP 91237,279.1628111,6.67180517,5.425,5.330893,F3V,6987,171834,,Ophiuchus,103.3935519,0.386,,
7021,,HIP 91250,279.189788,43.22181638,6.211,6.164902,F0V,7003,172187,V533 Lyr,Lyra,410.5808512,0.251,,
7022,Vega,HIP 91262,279.2347348,38.78368896,0.03,,A0V,7001,172167,α Lyrae,Lyra,25.28506115,-0.001,-0.02,0.07
7023,,HIP 91279,279.2877493,16.19829478,6.307,6.076902,G8IV,6995,171994,,Hercules,292.6392277,0.896,,
7024,,HIP 91315,279.3896559,62.52657591,5.74,5.717634,A0V,7018,172728,,Draco,425.5866339,-0.045,,
7025,,HIP 91322,279.3998443,-0.30947504,5.768,5.750303,A0V,6993,171978,e Ser,Serpens,644.2675204,0.067,,
7026,,HIP 91347,279.4767799,-21.39772861,5.931,5.901777,A5IV,6988,171856,83 G. Sgr,Sagittarius,314.0655877,0.189,,
7027,,HIP 91369,279.5186644,-14.00478282,6.47,6.468808,B8II/III,6989,171957,,Scutum,693.617419,0.189,,
7028,,HIP 91373,279.5269844,39.6683266,6.05,4.229909,M4.5-M5+II,7009,172380,XY Lyr,Lyra,1198.529657,1.444,5.8,6.35
7029,,HIP 91389,279.5880514,8.834112833,6.4,5.936318,M0-8e+K2:III,7002,172171,X Oph,Ophiuchus,634.2372369,1.201,5.9,9.2
7030,,HIP 91394,279.5991575,-3.193648671,6.482,6.376004,F8V,6999,172088,60 G. Ser Cau,Serpens,162.9185662,0.553,,
7031,,HIP 91405,279.6279764,-23.5048952,5.772,5.751487,B8III,6990,171961,84 G. Sgr,Sagittarius,465.0489564,-0.018,,
7032,,HIP 91438,279.7225044,-21.05187527,5.86,5.679286,G6V,6998,172051,,Sagittarius,42.32655915,0.673,,
7033,,HIP 91461,279.8095537,-47.90976444,5.84,5.800243,A7IV/V,6986,171819,,Telescopium,328.9602067,0.233,,
7034,,HIP 91491,279.8876674,40.93505618,6.23,6.228037,B9V,7017,172671,,Lyra,806.931795,-0.052,,
7035,,HIP 91494,279.8964958,-43.18588031,5.425,4.499952,M2III,6991,171967,V718 CrA,CoronaAustralis,817.0443237,1.654,,
7036,,HIP 91499,279.9036556,5.264291214,6.4,6.15029,F8II,7008,172365,63 G. Ser Cau,Serpens,1086.66598,0.8,,
7037,,HIP 91523,279.9649926,7.358599019,6.265,6.014745,G9III,7010,172424,,Ophiuchus,488.0254431,0.962,,
7038,,HIP 91525,279.9700681,52.19608783,5.992,5.981883,B9III:,7028,172883,,Draco,563.0413251,-0.067,,
7039,,HIP 91532,280.0016169,-7.790796344,5.808,5.216189,K3III,7007,172348,,Scutum,526.6564581,1.536,,
7040,,HIP 91533,280.0080191,30.84947045,6.4,6.21801,K0,7016,172631,,Lyra,580.071574,0.9,,
7041,,HIP 91552,280.0508367,38.3671761,6.489,6.467609,A6m,7019,172741,,Lyra,500.7687843,0.22,,
7042,,HIP 91606,280.2350356,62.74946301,6.091,5.866051,K0III,7042,173398,,Draco,383.0794784,0.978,,
7043,,HIP 91662,280.3778328,-48.09468926,6.454,6.137025,K2III/IVCNII,7005,172223,,Telescopium,447.1874095,1.22,,
7044,,HIP 91675,280.4221315,31.61761192,6.416,6.409019,B8V,7030,172958,,Lyra,1105.084984,-0.047,,
7045,,HIP 91689,280.4651278,-23.83342236,6.205,6.180478,A3mA7-A9,7011,172546,26 Sgr,Sagittarius,207.5111449,0.231,,
7046,,HIP 91707,280.5337014,34.74631982,6.473,6.471121,B5V,7033,173087,,Lyra,1319.837561,-0.116,,
7047,,HIP 91723,280.5600839,-81.80811289,6.262,6.252013,B8V,6912,169904,,Octans,553.4797454,-0.104,,
7048,,HIP 91726,280.5684454,-9.052552478,4.71,4.612719,F2II-III,7020,172748,δ Scuti,Scutum,186.9265189,0.358,4.6,4.79
7049,,HIP 91733,280.5942655,-64.64304585,6.353,6.325936,A5V,6996,172021,,Pavo,767.0587244,0.153,,
7050,,HIP 91751,280.6505008,-7.073654086,6.125,5.85451,K1III,7024,172831,,Scutum,242.740347,1.006,,
7051,,HIP 91755,280.6581651,55.53944648,5.02,5.006558,A0IIIpHgMn,7049,173524,46 Dra,Draco,363.8389523,-0.07,,
7052,,HIP 91781,280.7295822,-19.28420999,6.35,4.444408,M4III,7023,172816,V3879 Sgr,Sagittarius,1220.97477,1.591,6.05,6.58
7053,,HIP 91792,280.7589014,-71.42811561,4.003,3.660477,K0III,6982,171759,ζ Pavonis,Pavo,209.6464438,1.134,,
7054,,HIP 91811,280.793134,70.79284785,6.27,5.902885,K2,7082,174205,,Draco,610.4873797,1.234,,
7055,,HIP 91820,280.8190539,39.30005944,6.44,5.857894,K5,7041,173383,,Lyra,1358.334915,1.59,,
7056,,HIP 91843,280.8708886,53.87176709,6.19,6.171985,A2IV,7060,173664,,Draco,1198.529655,0.094,,
7057,,HIP 91845,280.8802121,-8.275212675,4.889,4.526314,G8IIb,7032,173009,ϵ Scuti,Scutum,522.4347564,1.112,,
7058,Xihe,HIP 91852,280.9004553,36.55660634,6.037,5.761178,G8,7043,173416,,Lyra,440.1481942,1.057,,
7059,,HIP 91854,280.9055733,-64.55142515,5.757,5.518778,K0III,7004,172211,,Pavo,409.5474348,0.967,,
7060,,HIP 91875,280.9455916,-38.3234419,5.111,5.090086,A0/1V,7021,172777,λ Coronae Australis,CoronaAustralis,201.8576507,0.075,,
7061,,HIP 91880,280.9634737,-6.818121554,6.299,6.181289,F7V,7034,173093,,Scutum,227.0196432,0.479,,
7062,,HIP 91883,280.9649662,31.92661334,5.682,5.592862,F1III-IV,7044,173417,,Lyra,169.1748308,0.36,,
7063,,HIP 91901,281.0331222,-36.71833684,6.308,6.056011,K0III,7026,172875,90 G. Sgr,Sagittarius,357.4558772,0.98,,
7064,,,281.0761061,61.04814244,6.13,5.870327,~,7075,173949A,,Draco,364.2464517,0.967,,
7065,,HIP 91918,281.0806687,-35.6419884,4.87,4.814851,B2V,7029,172910,,Sagittarius,450.900551,-0.168,,
7066,,HIP 91919,281.0846327,39.67080234,6.062,,F0V,7052,173583,* eps01 Lyr B,Lyra,162.1889735,0.17,,
7067,,HIP 91919,281.0847656,39.67012917,4.991,,A3V,7051,,* eps01 Lyr A,Lyra,162.1889735,0.17,,
7068,,HIP 91926,281.0949125,39.6127146,5.23,,A6Vn,7053,173607,* eps02 Lyr A,Lyra,156.0000593,0.18,,
7069,,HIP 91926,281.0957644,39.61279477,5.35,,A7Vn,7054,173608,* eps02 Lyr B,Lyra,156.0000593,0.18,,
7070,,HIP 91958,281.1678987,23.58988469,6.302,6.20505,F6V,7047,173494,,Hercules,144.7603568,0.437,,
7071,,HIP 91971,281.1931545,37.60512165,4.36,4.316457,kA5hF0VmF3,7056,173648,ζ 1 Lyrae,Lyra,153.5564904,0.192,,
7072,,HIP 91973,281.2008299,37.5945996,5.585,5.649828,F1Vnn,7057,173649,ζ 2 Lyrae,Lyra,150.0920871,0.285,,
7073,,HIP 91974,281.2066848,-25.01090933,5.811,5.774013,B8III,7035,173117,94 G. Sgr,Sagittarius,793.187635,0.033,,
7074,,HIP 91975,281.2080769,2.060039013,5.005,4.975778,B9IIIe,7040,173370,4 Aql,Aquila,471.7808573,-0.055,,
7075,,HIP 91985,281.23083,54.89718469,6.259,6.069051,G5III,7071,173920,,Draco,967.359711,0.839,,
7076,,HIP 91989,281.2381345,-39.68618837,5.439,5.100423,B9/A1V,7031,172991,,CoronaAustralis,1319.837566,0.85,,
7077,,HIP 92008,281.2980294,-61.09519315,6.019,5.508409,K3III,7015,172630,,Pavo,1034.919982,1.484,,
7078,,HIP 92016,281.3277387,-21.00161611,6.331,6.240668,F5/6V,7038,173282,96 G. Sgr,Sagittarius,185.0171365,0.458,,
7079,,HIP 92021,281.3495115,-56.88196906,6.21,5.72924,K3III,7022,172781,,Pavo,684.874095,1.385,,
7080,,HIP 92024,281.3620874,-64.87125967,4.767,4.724598,A7V,7012,172555,,Pavo,95.29375285,0.199,,
7081,,HIP 92027,281.368175,5.500117,6.34,,A2V,7048,173495B,66 G. Ser Cau,Serpens,708.694923,0.041,,
7082,,HIP 92027,281.3681842,5.50012335,5.83,,A1V+A2V,7048,173495,66 G. Ser Cau,Serpens,708.6949229,0.041,,
7083,,HIP 92040,281.4090452,79.94267767,6.4,6.348314,A8V,7160,175938,,Draco,287.7319395,0.296,,
7084,,HIP 92041,281.4141231,-26.99078265,3.14,3.0317,B8III,7039,173300,ϕ Sagittarii,Sagittarius,230.5518551,-0.107,,
7085,,HIP 92043,281.4155237,20.54630919,4.19,4.078641,F5.5IV-V,7061,173667,110 Her,Hercules,62.24940123,0.483,,
7086,,HIP 92056,281.4448642,74.08555121,5.244,4.995534,K0II-III,7117,174980,,Draco,334.7010593,0.953,,
7087,,HIP 92072,281.4833131,-50.87270395,6.24,6.244696,B8/9II,,173047,,Telescopium,1225.564851,-0.08,,
7088,,HIP 92079,281.5047849,-19.60635783,6.42,4.890853,M2/3III,7045,173425,V4405 Sgr,Sagittarius,737.5557147,1.578,,
7089,,HIP 92088,281.5186646,26.66212891,4.84,4.460252,K2III,7064,173780,,Lyra,251.5433251,1.199,,
7090,,HIP 92098,281.5542102,41.44181112,6.051,6.044167,B7III,7073,173936,,Lyra,1220.974765,-0.12,,
7091,,HIP 92111,281.5858791,-22.39217318,5.366,4.714129,K5III,7046,173460,28 Sgr,Sagittarius,1278.432291,1.591,,
7092,,HIP 92112,281.5926745,75.43395556,5.358,5.356526,A1Vn,7124,175286,50 Dra,Draco,303.8210239,0.049,,
7093,,HIP 92117,281.6191409,-0.9616924716,5.9,5.882363,kA3hA5VmA6,7059,173654,5 Aql,Aquila,258.3202181,0.131,,
7094,,HIP 92131,281.6723405,18.70590855,6.179,5.487989,K5,7067,173833,,Hercules,535.3052388,1.594,,
7095,,HIP 92133,281.6795382,52.98795964,5.9,5.861204,B3+F5III,7084,174237,CX Dra,Draco,2173.335208,-0.096,5.68,5.99
7096,,HIP 92136,281.6805175,-10.12504481,5.717,5.498168,F0IV,7055,173638,,Scutum,3808.459791,0.584,,
7097,,HIP 92161,281.755143,18.18151606,4.36,4.311657,AVa+,7069,173880,111 Her,Hercules,92.69259641,0.148,,
7098,,HIP 92175,281.7936426,-4.747873045,4.22,3.890501,G4IIa,7063,173764,β Scuti,Scutum,689.2164164,1.087,,
7099,,HIP 92202,281.8706246,-5.705150726,5.2,5.057737,K4/5pec,7066,173819,,Scutum,1405.171356,1.28,4.2,8.6
7100,,HIP 92226,281.9359072,-40.40616595,5.217,4.987054,G5/6III,7050,173540,μ Coronae Australis,CoronaAustralis,392.7714717,0.781,,
7101,,HIP 92233,281.9547162,-77.86825089,6.392,6.253926,F8V,6994,171990,,Octans,140.5777761,0.593,,
7102,,HIP 92243,281.9890576,31.75683623,6.054,6.030135,B3IVp,7081,174179,,Lyra,1061.889968,-0.139,,
7103,,HIP 92254,282.0111052,4.241421309,6.187,5.643929,K4III,7076,173954,67 G. Ser Cau,Serpens,885.869467,1.509,,
7104,,HIP 92269,282.0669802,48.76755474,6.12,6.089439,A7III,7096,174481,,Draco,183.0431995,0.225,,
7105,,HIP 92270,282.0683444,23.51474828,6.181,6.067812,F7V,7079,174160,,Hercules,93.5437821,0.492,,
7106,,HIP 92294,282.1579368,-65.07768004,5.701,5.659955,A8V,7036,173168,θ Pavonis,Pavo,225.60578,0.268,,
7107,,HIP 92296,282.164555,-6.004312486,6.494,6.436284,A7VkA2mA2_lB,,174005,,Scutum,526.6564575,0.242,,
7108,,HIP 92308,282.2103739,-43.68004332,5.456,5.422138,A3V,7062,173715,η 1 Coronae Australis,CoronaAustralis,346.8087129,0.133,,
7109,,HIP 92312,282.2224427,19.32871643,5.88,5.887765,A1V,7086,174262,,Hercules,280.3095762,0.022,,
7110,,HIP 92367,282.3639304,-45.81010003,5.798,5.555444,G8III,7065,173791,,Telescopium,429.5116828,0.891,,
7111,,HIP 92382,282.3958187,-43.43409782,5.587,5.573776,B9IV,7068,173861,η 2 Coronae Australis,CoronaAustralis,607.0774272,-0.077,,
7112,,HIP 92386,282.4049703,0.8361962034,6.226,6.223891,A1IV,7085,174240,4 G. Aql,Aquila,574.9566345,0.041,,
7113,,HIP 92390,282.4171167,-20.32465464,5.21,4.703201,K2III,7078,174116,29 Sgr,Sagittarius,749.4253788,1.404,,
7114,,HIP 92391,282.4206513,-5.912863014,6,5.375897,K2III,7083,174208,,Scutum,1488.585006,1.568,,
7115,,,282.4319528,-72.99571814,6.2,6.196873,~,7027,172881A,,Pavo,735.8931123,0.033,,
7116,,HIP 92398,282.4413259,32.81281846,5.91,5.88963,B3IV,7100,174585,ν 1 Lyrae,Lyra,1009.289849,-0.154,,
7117,,HIP 92405,282.4704888,32.55106029,5.226,5.198685,A3V,7102,174602,ν 2 Lyrae,Lyra,237.9562913,0.1,,
7118,Sheliak,HIP 92420,282.5199798,33.36266677,3.42,3.604878,B8.5Ib-II,7106,174638,β Lyrae,Lyra,1080.000394,0.003,3.25,4.36
7119,,HIP 92456,282.6298756,-13.57225945,6.43,5.797113,K1II/III,,174328,,Scutum,1638.192981,1.662,,
7120,,HIP 92475,282.6897985,10.97638807,6.36,,K5III,7099,174569,,Aquila,1862.85922,1.443,,
7121,,HIP 92488,282.7438019,-9.774096568,5.836,5.621487,F2II-III,7094,174464,,Scutum,1509.259934,0.594,,
7122,,HIP 92487,282.7443817,-41.06269559,6.49,6.481939,B5/7III,,174152,,CoronaAustralis,1771.738929,-0.075,,
7123,,,282.766,-6.272,5.8,,Open Cluster,,,NGC 6705,Scutum,,,,
7124,,HIP 92512,282.8003931,59.38835015,4.636,4.268622,G9IIIFe-0.5,7125,175306,ο Draconis,Draco,322.1344084,1.185,4.63,4.73
7125,,HIP 92524,282.8423259,-3.317856965,6.056,6.011506,F0IV,7101,174589,8 Aql,Aquila,276.2714144,0.299,,
7126,,HIP 92549,282.8955006,52.97506841,5.52,5.306511,G9IVa,7123,175225,,Draco,85.07299134,0.843,,
7127,,HIP 92550,282.89955,28.7836719,6.209,5.88303,K1II-III,7112,174881,,Lyra,1598.039543,1.183,,
7128,,HIP 92551,282.902156,36.53908234,6.082,6.076917,B6IV,7115,174959,,Lyra,1120.276588,-0.1,,
7129,,HIP 92593,283.008012,13.96564515,6.2,6.171419,B8Vnn,7109,174853,V822 Her,Hercules,799.0197745,-0.008,6.12,6.3
7130,,HIP 92599,283.0302081,41.3832447,6.269,6.252293,B9IIIpSi,7118,175132,,Lyra,1220.974764,-0.083,,
7131,,HIP 92608,283.0497434,-41.70919479,6.45,5.96608,K3III,,174407,,CoronaAustralis,682.0085543,1.426,,
7132,,HIP 92609,283.0543076,-62.18759092,4.207,4.165446,B2Ve,7074,173948,λ Pavonis,Pavo,1811.113223,-0.15,4,4.26
7133,,HIP 92614,283.0684499,21.42514228,5.393,5.377762,B9pHg,7113,174933,112 Her,Hercules,459.1548706,-0.068,,
7134,,,283.092,-20.229,6.3,,Open Cluster,,,Cl Collinder 394,Sagittarius,,,,
7135,,HIP 92630,283.1134574,-46.59512018,5.49,4.790763,M0III,7092,174387,,Telescopium,956.0116534,1.641,,
7136,,HIP 92635,283.1179786,-26.65077145,6.29,6.038337,G8/K0III,7103,174630,109 G. Sgr,Sagittarius,386.2547271,0.941,,
7137,,HIP 92643,283.154355,-29.37967654,6.098,5.681085,K1III,7104,174631,108 G. Sgr,Sagittarius,493.1925459,1.344,,
7138,,HIP 92646,283.1651874,-52.10736978,5.173,4.910602,G8/K0III,7087,174295,κ Telescopii,Telescopium,292.902311,0.962,,
7139,,HIP 92669,283.2495837,-46.58633132,6.16,6.152861,A1IV/V,7097,174500,,Telescopium,802.9545979,0.051,,
7140,,HIP 92674,283.2575396,-9.575521303,6.321,6.28583,A4V,7110,174866,,Scutum,331.6366667,0.2,,
7141,,HIP 92676,283.2597783,-48.36091569,6.168,6.157964,A2V,7095,174474,,Telescopium,289.5203858,0.124,,
7142,,HIP 92687,283.3000123,-51.93143745,6.286,6.28241,B3/5III,7093,174430,,Telescopium,1831.46215,-0.092,,
7143,,HIP 92689,283.3064625,50.70822057,4.92,4.669194,G7IIIaFe-1,7137,175535,,Draco,337.1265029,0.903,,
7144,,HIP 92728,283.4314964,36.97171879,5.573,5.551799,B2V,7131,175426,δ 1 Lyrae,Lyra,1079.471154,-0.138,,
7145,,HIP 92731,283.4429559,57.48655724,6.232,5.864479,K5III:,7153,175823,,Draco,630.5624684,1.243,,
7146,,HIP 92747,283.5003669,-21.3598479,5.678,5.294924,G8/K0II,7114,174947,33 Sgr,Sagittarius,1734.043535,1.206,,
7147,Ainalrami,HIP 92761,283.5424087,-22.74483962,4.845,4.383552,K1II,7116,174974,ν 1 Sagittarii,Sagittarius,1773.844583,1.406,,
7148,,HIP 92768,283.5551969,27.90952726,5.62,5.182554,K4III,7132,175443,,Lyra,405.4724303,1.361,,
7149,,,283.568,36.899,3.8,,Open Cluster,,,NAME del Lyr Cluster,Lyra,,,,
7150,,HIP 92782,283.5993828,71.29719627,4.814,4.489741,K0IIICN0.5,7180,176524,υ Draconis,Draco,344.2463429,1.151,,
7151,,HIP 92791,283.6261779,36.89861991,4.3,2.922179,M4II,7139,175588,δ 2 Lyrae,Lyra,898.0716478,1.575,4.22,4.33
7152,,HIP 92814,283.6796402,-15.60303686,5.086,5.007891,B3II,7119,175156,,Scutum,1663.265649,0.141,,
7153,,HIP 92818,283.6870208,22.64507541,4.6,4.341644,G8III+:+A0.5,7133,175492,113 Her,Hercules,485.84124,0.782,,
7154,,HIP 92822,283.6963623,48.85940358,5.836,5.729191,F3III,7154,175824,,Draco,172.5782694,0.452,,
7155,,HIP 92824,283.6964193,-87.60584331,5.278,4.884716,K3III,6721,164461,χ Octantis,Octans,249.6173166,1.304,,
7156,,HIP 92831,283.7174042,41.60272233,5.44,5.205865,G8III,7146,175740,,Lyra,267.4325687,1.034,,
7157,,HIP 92833,283.7187922,33.96857133,6.03,5.773949,G5III+A8,7140,175635,,Lyra,1330.611865,0.922,,
7158,,HIP 92845,283.7797394,-22.67128379,4.98,4.591194,K3-II-III:CN1Ba1,7120,175190,ν 2 Sagittarii,Sagittarius,270.0911048,1.348,,
7159,Nunki,HIP 92855,283.8163604,-26.29672411,2.067,,B2.5V,7121,175191,σ Sagittarii,Sagittarius,224.2091962,-0.134,,
7160,,,283.8292,-30.5453,3.6,,Galaxy,,,NAME SDG,Sagittarius,,,,
7161,,HIP 92862,283.8337597,43.94608958,4,2.361683,M4.5III,7157,175865,R Lyr,Lyra,349.4101881,1.397,3.88,5
7162,,HIP 92866,283.848123,-37.38658853,6.47,6.179317,K1III,,175093,,CoronaAustralis,423.9273007,1.122,,
7163,,HIP 92872,283.8644215,6.615301025,5.566,5.265545,G9III,7135,175515,62 Ser,Aquila,292.6392274,1.041,,
7164,,HIP 92882,283.8791891,-16.37663561,5.546,5.442302,F5V,7126,175317,114 G. Sgr,Sagittarius,104.3532965,0.445,,
7165,,HIP 92931,284.002808,-23.17375324,5.93,5.879957,B5/7III,7128,175360,116 G. Sgr,Sagittarius,890.7105697,-0.021,,
7166,Alya,HIP 92946,284.0549467,4.203606136,4.57,4.568889,A5V,7141,175638,θ 1 Serpentis,Serpens,155.0000617,0.161,,
7167,,HIP 92951,284.0610043,4.20212762,4.98,4.925873,A5Vn,7142,175639,θ 2 Serpentis,Serpens,155.0000617,0.204,,
7168,,HIP 92953,284.0706302,-42.71067309,5.346,5.064681,K0III,7122,175219,,CoronaAustralis,309.8859392,0.998,,
7169,,HIP 92963,284.0944162,-1.799862205,6.196,6.187619,B9IIIpHgMnEu,7143,175640,6 G. Aql,Aquila,524.9612562,-0.046,,
7170,,HIP 92968,284.1066827,2.47119042,6.132,5.888405,G8III,7144,175679,73 G. Ser Cau,Serpens,523.2758352,0.961,,
7171,,HIP 92969,284.1071598,65.25808453,5.621,5.392639,G8III,7187,176598,,Draco,313.7633765,0.938,,
7172,,HIP 92972,284.113491,-31.68902838,6.45,6.095213,K2III,,175390,115 G. Sgr,Sagittarius,730.9411719,1.223,,
7173,,HIP 92989,284.1686914,-37.34325035,5.38,5.320734,B3V,7129,175362,V686 CrA,CoronaAustralis,425.032441,-0.147,5.25,5.41
7174,,HIP 92997,284.1876489,57.81481655,5.663,5.342968,K1III,7175,176408,48 Dra,Draco,285.9650214,1.155,,
7175,,HIP 93012,284.2279351,-62.80190393,6.453,5.888503,K3III,7111,174877,,Pavo,1135.888738,1.535,,
7176,,HIP 93015,284.2376208,-67.23349478,4.4,4.262779,G5Iab/b,7107,174694,κ Pavonis,Pavo,543.3346227,0.53,3.91,4.78
7177,,,284.2568194,32.90131905,5.277,5.174065,F9V,7162,176051A,,Lyra,48.83156048,0.594,,
7178,,HIP 93026,284.2652925,-5.846315093,4.818,4.520452,K1-III,7149,175751,η Scuti,Scutum,206.721571,1.057,,
7179,,HIP 93049,284.3096309,-43.91700963,6.27,6.258852,B9V,,175395,,CoronaAustralis,711.7919248,-0.073,,
7180,,HIP 93051,284.3191252,2.53534605,5.551,5.523813,B8/9II,7158,175869,64 Ser,Serpens,1101.352285,0.004,,
7181,,HIP 93053,284.3222486,62.39677341,6.49,6.2527,G6III,7191,176668,,Draco,304.6728636,0.927,,
7182,,HIP 93057,284.3353204,-20.65634787,5.054,4.98283,B9/A0Ib,7145,175687,ξ 1 Sagittarii,Sagittarius,5015.381424,0.137,,
7183,,HIP 93068,284.3686662,58.22502454,6.45,,A2V,7184,176560,,Draco,379.5097772,0.072,,
7184,,HIP 93074,284.3933158,-39.82319495,6.284,6.258585,A5IV/V,7136,175529,,CoronaAustralis,201.1104578,0.21,,
7185,,HIP 93085,284.4325008,-21.10665759,3.51,3.188719,G8/K0II/III,7150,175775,ξ 2 Sagittarii,Sagittarius,372.1454416,1.151,,
7186,,HIP 93104,284.5079091,38.26618876,5.883,5.865943,B7IV,7174,176318,V542 Lyr,Lyra,515.8234689,-0.09,,
7187,,HIP 93124,284.5614513,17.36091599,5.38,5.170657,F6Ib,7165,176155,FF Aql,Aquila,2469.698659,0.731,5.18,5.68
7188,,HIP 93134,284.5886679,-31.03597483,6.08,5.644254,K3III,7151,175794,121 G. Sgr,Sagittarius,436.4131051,1.347,,
7189,,HIP 93138,284.59877,6.239929158,6.207,6.100584,F5IV,7163,176095,7 G. Aql,Aquila,184.8071902,0.478,,
7190,,HIP 93140,284.6034671,-22.52949435,6.141,6.132522,A1V,7159,175892,123 G. Sgr,Sagittarius,254.8867851,0.087,,
7191,,HIP 93148,284.6157036,-52.9386275,4.838,4.819884,B9.5IV/V,7134,175510,λ Telescopii,Telescopium,530.943359,-0.051,,
7192,,HIP 93163,284.6518649,-60.2005479,5.14,4.657272,K2IIICNIV,7127,175329,ω Pavonis,Pavo,515.8234731,1.355,,
7193,,HIP 93174,284.6807613,-37.10732798,4.85,4.764698,F4VFe-0.8+,7152,175813,ϵ Coronae Australis,CoronaAustralis,97.51740022,0.396,4.74,5
7194,,HIP 93175,284.687731,19.79439378,6.494,6.493199,B7III-IV,7171,176301,,Sagitta,1928.994863,-0.048,,
7195,,HIP 93177,284.6941161,40.67919119,6.192,6.182846,B3V,7179,176502,V543 Lyr,Lyra,947.6758251,-0.146,,
7196,,HIP 93179,284.6955169,13.90665048,5.89,5.866344,A7VpSrEu_Ksn,7167,176232,10 Aql,Aquila,242.3791364,0.251,5.83,5.93
7197,Sulafat,HIP 93194,284.7359273,32.68955574,3.25,3.248974,B9.5II-III,7178,176437,γ Lyrae,Lyra,634.2430124,-0.049,,
7198,,HIP 93197,284.7474874,50.80914299,6.338,6.064316,G8III,7196,176707,,Draco,432.3609172,0.979,,
7199,,HIP 93203,284.7739116,13.62224287,5.258,5.117089,F8V,7172,176303,11 Aql,Aquila,155.3120028,0.573,,
7200,,HIP 93209,284.7956846,-39.53471215,6.497,6.489639,B9.5V,7156,175855,,CoronaAustralis,485.8412429,-0.04,,
7201,,HIP 93210,284.8012159,39.21732247,6.403,6.39424,B5V,7185,176582,,Lyra,821.1584394,-0.168,,
7202,,HIP 93225,284.8491751,-12.84051775,5.51,6.172255,B3/5V,7166,176162,126 G. Sgr,Sagittarius,514.1967327,-0.038,,
7203,,HIP 93234,284.8615756,-18.56643507,6.378,6.086649,G3II,7164,176123,125 G. Sgr,Sagittarius,829.5170872,0.962,,
7204,,HIP 93238,284.8719516,-70.468652,6.48,6.429407,A8V,,175007,,Pavo,350.5381526,0.305,,
7205,,HIP 93244,284.9056516,15.06828104,4.02,3.726734,K1-IIICN0.5,7176,176411,ϵ Aquilae,Aquila,153.628864,1.082,,
7206,,HIP 93256,284.9395176,26.23040537,5.261,4.865078,K2III,7181,176527,,Lyra,348.2920095,1.228,,
7207,,HIP 93270,284.9921213,22.81451362,6.29,5.036411,M3III,7183,176541,V387 Vul,Vulpecula,756.3822177,1.672,,
7208,,HIP 93279,285.0034403,32.14551321,4.93,4.470633,K2.5III:Ba0.5,7192,176670,λ Lyrae,Lyra,1537.73604,1.465,,
7209,,HIP 93287,285.0148574,-66.65361638,5.971,5.741994,K0III,7130,175401,,Pavo,438.7635648,0.977,,
7210,,HIP 93299,285.0569908,50.53346629,5.377,5.350681,B2.5IV,7210,177003,LV Dra,Draco,623.3285264,-0.182,,
7211,,HIP 93315,285.1033886,-24.94216993,6.356,5.947873,K0III,7168,176246,127 G. Sgr,Sagittarius,808.9334398,1.253,,
7212,,HIP 93340,285.1810685,55.65830085,5.513,5.290746,G6IIbFe-0.5,7218,177249,49 Dra,Draco,494.6888791,0.862,,
7213,,HIP 93354,285.2300063,33.80215623,6.038,5.792946,K0III:,7204,176896,,Lyra,395.6304857,0.983,,
7214,,HIP 93371,285.2679285,-37.06157399,6.4,6.414788,B9V,7170,176270,,CoronaAustralis,252.3221422,0.02,,
7215,,HIP 93374,285.2726669,19.30956365,6.46,6.170497,K1III,7198,176776,,Sagitta,456.5827293,1.114,,
7216,,HIP 93393,285.3223201,26.29141041,5.687,5.659682,B5V,7202,176871,,Lyra,696.5807556,-0.086,,
7217,,HIP 93408,285.3599276,46.93476319,5.006,4.96545,A6IV,7215,177196,16 Lyr,Lyra,127.6430651,0.186,,
7218,,HIP 93418,285.3896528,-15.28261763,6.32,6.055034,K0III,7186,176593,129 G. Sgr,Sagittarius,559.1782289,0.963,,
7219,,HIP 93423,285.4072506,-22.69536514,6.215,5.608412,K3III,7182,176537,128 G. Sgr,Sagittarius,1523.365959,1.647,,
7220,,HIP 93429,285.4201203,-5.739089505,4.02,3.700353,K1III,7193,176678,12 Aql,Aquila,148.5194656,1.079,,
7221,,HIP 93437,285.4515439,33.62126612,6.381,6.363594,B5IV,7212,177109,,Lyra,1108.843764,-0.117,,
7222,,HIP 93443,285.4559627,22.26441173,6.45,6.432763,A4V,7207,176971,,Vulpecula,413.7071935,0.13,,
7223,,HIP 93466,285.529304,52.26105675,6.389,6.13458,G8III,7229,177483,,Draco,641.7312327,0.983,,
7224,,HIP 93470,285.5355042,-41.91050723,6.209,6.215577,A0V,7177,176425,,CoronaAustralis,352.4322144,0.001,,
7225,,HIP 93488,285.5898604,8.373537646,6.271,5.652167,K3III,7208,176981,12 G. Aql,Aquila,848.9597324,1.648,,
7226,,HIP 93498,285.6153127,-24.84682542,5.628,5.282498,K2III,7195,176704,131 G. Sgr,Sagittarius,276.0373466,1.232,,
7227,Ascella,HIP 93506,285.6530427,-29.8800633,2.59,3.249335,A2.5Va,7194,176687,ζ Sagittarii,Sagittarius,89.04661292,0.062,,
7228,,HIP 93523,285.719254,19.66101188,6.094,5.69064,K1III,7216,177199,,Sagitta,1537.736041,1.317,,
7229,,HIP 93526,285.7270877,-3.698968911,5.4,5.379588,B9IV,7209,176984,14 Aql,Aquila,499.2333265,-0.005,,
7230,,HIP 93537,285.7658552,-19.2456835,6,5.609283,K0II/III,7203,176884,132 G. Sgr,Sagittarius,1481.817243,1.158,,
7231,,HIP 93542,285.7786535,-42.09510567,4.725,4.70964,B9.5Vann,7188,176638,ζ Coronae Australis,CoronaAustralis,183.6619532,-0.027,,
7232,,HIP 93543,285.7791564,-19.10302291,6.357,6.2538,F5V,7205,176903,133 G. Sgr,Sagittarius,265.0407104,0.48,,
7233,,HIP 93552,285.8237341,-38.25314818,5.716,5.646344,F2III/IV,7197,176723,V701 CrA,CoronaAustralis,210.730395,0.328,5.69,5.73
7234,,HIP 93574,285.8734714,-68.75558106,5.861,5.74824,G0IV,7161,175986,,Pavo,184.7025445,0.553,,
7235,,HIP 93580,285.8843593,1.818734383,5.815,5.788736,A4IV/V,7214,177178,13 G. Aql,Aquila,179.9116464,0.182,,
7236,,HIP 93624,285.9898294,-51.01860319,5.928,5.574719,K0/1III,7190,176664,,Telescopium,291.8532422,1.236,,
7237,,HIP 93629,286.0042373,-57.95996037,6.3,6.096031,G6II/III,,176522,,Pavo,564.9908109,0.857,,
7238,,HIP 93667,286.1044068,-31.04708057,5.482,5.466169,A0V,7211,177074,134 G. Sgr,Sagittarius,546.0632444,0.026,,
7239,,HIP 93683,286.1707585,-21.74149596,3.77,3.480196,G9IIIb,7217,177241,ο Sagittarii,Sagittarius,138.7824946,1.012,,
7240,,HIP 93713,286.229856,53.3966558,5.38,5.394147,A0Vn,7251,178207,51 Dra,Draco,349.0352864,-0.014,,
7241,,HIP 93717,286.2403023,-4.031422544,5.394,5.047995,K0/1III,7225,177463,15 Aql,Aquila,324.7013392,1.12,,
7242,,HIP 93718,286.2411446,31.74407088,5.56,4.983694,M0III,7237,177808,,Lyra,605.949462,1.548,,
7243,,HIP 93720,286.2428626,30.7334046,6.06,5.273294,M2III,7238,177809,,Lyra,742.5956716,1.575,,
7244,,HIP 93733,286.2910025,49.92316413,6.43,6.025477,K3III,7252,178208,,Draco,583.1848717,1.348,,
7245,Okab,HIP 93747,286.3525334,13.86347728,2.99,3.001118,A0IV-Vnn,7235,177724,ζ Aquilae,Aquila,83.20566629,0.014,,
7246,,HIP 93763,286.4215842,-15.6604196,5.97,5.917167,B8III(pSi),7230,177517,138 G. Sgr,Sagittarius,869.3347411,-0.015,,
7247,,HIP 93770,286.4463651,29.92167572,6.31,5.563386,M0III,7244,178003,,Lyra,1309.236037,1.668,,
7248,,HIP 93805,286.5622444,-4.882562746,3.43,3.433643,B8.5V,7236,177756,λ Aquilae,Aquila,125.1439528,-0.096,,
7249,,HIP 93808,286.5709831,41.41378211,6.496,6.471903,B3V,7258,178329,V550 Lyr,Lyra,2037.50074,-0.147,,
7250,,HIP 93815,286.5831506,-52.34091135,5.174,5.007184,F6V,7213,177171,ρ Telescopii,Telescopium,170.9492522,0.532,,
7251,,HIP 93820,286.5927129,8.230003517,6.09,5.58387,M6.5-9e,7243,177940,R Aql,Aquila,689.2164143,1.136,5.5,12
7252,,HIP 93825,286.6045926,-37.06370358,6.42,,F8/G1,7227,177475,* gam CrA B,CoronaAustralis,58.32892565,0.523,,
7253,,HIP 93825,286.6046256,-37.0634417,4.21,,F8V+F8V,7226,177474,γ 1 Coronae Australis,CoronaAustralis,58.32892565,0.523,,
7254,,HIP 93825,286.6050612,-37.06327565,4.53,,F8V,7226,177474,* gam CrA A,CoronaAustralis,58.32892565,0.523,,
7255,,HIP 93843,286.6572264,28.62859511,5.55,5.456143,F0III,7253,178233,,Lyra,133.0611889,0.296,,
7256,,HIP 93845,286.6599839,24.25078289,5.79,5.767746,A4III,7250,178187,,Vulpecula,331.9757034,0.104,,
7257,,HIP 93855,286.7171647,-16.2292505,6.11,6.079692,B7IV,7239,177817,141 G. Sgr,Sagittarius,893.1523097,-0.025,,
7258,,HIP 93858,286.7186016,-37.81065928,6.16,5.980798,G6V,7232,177565,,CoronaAustralis,55.97520477,0.705,,
7259,,HIP 93860,286.7284099,-50.32314267,6.274,6.278732,B9V,,177365,,Telescopium,519.9375947,-0.057,,
7260,,HIP 93862,286.7316957,-48.29914431,5.951,5.952716,A0V,7223,177406,,Telescopium,349.410193,-0.017,,
7261,,HIP 93864,286.735013,-27.67041564,3.31,2.966831,K1.5IIIb,7234,177716,τ Sagittarii,Sagittarius,120.33969,1.169,,
7262,,HIP 93867,286.7441787,11.07122704,5.086,5.472277,B8III,7248,178125,18 Aql,Aquila,506.998648,-0.055,5.02,5.06
7263,,HIP 93887,286.7846942,-18.73816863,6.293,6.322461,B8V,7241,177863,V4198 Sgr,Sagittarius,724.4439886,-0.044,6.23,6.29
7264,,HIP 93903,286.8255514,36.10015902,5.253,5.168311,B6IV,7262,178475,ι Lyrae,Lyra,831.6328231,-0.109,,
7265,,HIP 93917,286.8565914,32.5017602,5.22,5.130968,F0V,7261,178449,17 Lyr,Lyra,132.3051941,0.367,,
7266,,HIP 93925,286.8785092,-28.63680068,6.027,5.454546,K3III,7240,177846,140 G. Sgr,Sagittarius,915.7310782,1.579,,
7267,,HIP 93966,286.9888345,16.85338189,6.07,5.910282,G4.5V,7260,178428,,Sagitta,68.31528447,0.705,,
7268,,HIP 93975,287.0146774,21.69892857,6.211,6.135247,F3V,7263,178476,,Vulpecula,142.794575,0.434,,
7269,,HIP 93990,287.0572905,1.298652217,6.5,,G0/2Ib,,178359,,Aquila,7951.208086,1.27,6.46,7.7
7270,,HIP 93993,287.0606826,-24.65737031,6.3,6.282887,A0IIIe,7246,178075,143 G. Sgr,Sagittarius,672.1666098,0.011,,
7271,,HIP 93996,287.0695911,-19.29028832,5.49,5.438002,B2Ve,7249,178175,V4024 Sgr,Sagittarius,1530.518401,-0.087,5.34,5.6
7272,,HIP 94005,287.0873737,-40.49669798,4.571,4.249207,K1III,7242,177873,δ Coronae Australis,CoronaAustralis,174.6118637,1.07,,
7273,,HIP 94013,287.1074524,52.42573104,5.893,5.701045,K1IIIe,7275,179094,V1762 Cyg,Cygnus,228.9326049,1.086,5.81,6.03
7274,,HIP 94054,287.2180197,-55.72042492,6.45,6.138404,K1III,7233,177693,,Telescopium,405.472433,1.101,,
7275,,HIP 94068,287.249645,6.073217788,5.23,5.111804,F0III-IV,7266,178596,19 Aql,Aquila,141.986096,0.346,,
7276,,HIP 94083,287.2911728,76.56050384,5.107,5.032032,A7V,7312,180777,59 Dra,Draco,88.97390556,0.308,,
7277,Meridiana,HIP 94114,287.3680896,-37.9044744,4.087,4.097298,A2Va,7254,178253,α Coronae Australis,CoronaAustralis,129.6222173,0.042,,
7278,,HIP 94130,287.415653,-39.82723609,6.435,6.160624,K0III,7255,178254,,CoronaAustralis,349.7850931,1.064,,
7279,,HIP 94140,287.4408579,65.97851433,6.26,6.259309,A0V,7290,179933,55 Dra,Draco,321.1824868,0.008,,
7280,Albaldah,HIP 94141,287.4409705,-21.02361398,2.88,2.6363,F2II-III,7264,178524,π Sagittarii,Sagittarius,439.9469455,0.377,,
7281,,HIP 94144,287.4506094,-19.80365836,6.11,5.783096,K1III,7265,178555,148 G. Sgr,Sagittarius,391.826068,1.156,,
7282,,HIP 94149,287.464983,-0.4281126295,6.321,6.309377,B7IV,7269,178744,25 G. Aql,Aquila,873.9965417,-0.042,,
7283,,HIP 94150,287.4702838,-68.42444946,5.305,5.063954,K0IV,7221,177389,,Pavo,120.162345,0.901,,
7284,,HIP 94157,287.4902167,-41.89224545,5.855,5.834196,B5V+B6V,7257,178322,,CoronaAustralis,817.0443224,-0.08,,
7285,,HIP 94160,287.5073197,-39.34079269,4.095,3.762567,K0II/IIICNIb,7259,178345,β Coronae Australis,CoronaAustralis,507.7875703,1.163,,
7286,,HIP 94243,287.7579352,-39.00470521,6.344,6.312093,B7II/III,7268,178628,,CoronaAustralis,2629.034479,0.006,,
7287,,HIP 94272,287.828402,-29.50229333,6.272,6.259233,B8V,7270,178840,150 G. Sgr,Sagittarius,501.5381479,-0.031,,
7288,,HIP 94280,287.8465108,40.42909621,6.188,6.187998,A3V,7284,179583,,Lyra,471.0995118,0.093,,
7289,,HIP 94290,287.879097,26.73587128,6.336,6.247089,F5V,7280,179422,,Lyra,140.5171375,0.444,,
7290,,HIP 94302,287.9190871,56.85920553,5.125,4.860448,G8III,7295,180006,53 Dra,Draco,340.6473028,1.008,,
7291,,HIP 94311,287.9417019,31.2834566,5.932,5.907463,B8IIIpSiSr,7283,179527,19 Lyr,Lyra,978.9783568,-0.062,5.91,5.98
7292,,,288.0209393,49.85574875,6.47,,G2V,7293,179958,,Cygnus,81.17533351,0.666,,
7293,,HIP 94372,288.1168331,-21.65838216,6.39,6.079777,K0III,7276,179201,151 G. Sgr,Sagittarius,457.2216916,1.129,,
7294,Altais,HIP 94376,288.1387557,67.66153866,3.07,2.807917,G9III,7310,180711,δ Draconis,Draco,100.1843985,0.99,,
7295,,HIP 94382,288.153055,21.5545733,6.04,5.998978,A2Vn,7286,179648,,Vulpecula,1006.173288,0.069,,
7296,,HIP 94385,288.1696324,-7.939517718,5.34,5.281339,B2/3II,7279,179406,20 Aql,Aquila,1216.417286,0.094,,
7297,,HIP 94398,288.1922436,-50.48641932,6.13,5.871232,G8III,7271,178845,,Telescopium,457.2216918,0.954,,
7298,,HIP 94434,288.3069497,-25.9067869,5.765,5.346976,K2III,7277,179323,152 G. Sgr,Sagittarius,2116.885033,1.387,,
7299,,HIP 94437,288.3146767,-12.28258065,5.51,4.954533,K3III,7282,179497,153 G. Sgr,Sagittarius,564.9908102,1.442,,
7300,,HIP 94477,288.4279216,2.293697305,5.15,5.10894,B8III,7287,179761,21 Aql,Aquila,640.4728766,-0.071,5.06,5.16
7301,,HIP 94478,288.4334666,5.515610708,6.49,6.449407,A3V,7288,179791,,Aquila,598.164581,0.1,,
7302,Aladfar,HIP 94481,288.4395351,39.14596601,4.398,4.358041,B6,7298,180163,η Lyrae,Lyra,1041.534519,-0.15,,
7303,,HIP 94490,288.4796451,57.70507956,5.003,4.655161,K2III,7309,180610,54 Dra,Draco,161.8668818,1.156,,
7304,,HIP 94556,288.6648373,-45.19352749,5.909,5.677923,G8III,7281,179433,,CoronaAustralis,295.5575811,0.902,,
7305,,HIP 94598,288.7612104,20.20311683,6.028,5.823499,G8III,7299,180242,,Sagitta,724.4439855,0.895,,
7306,,HIP 94620,288.8223372,21.23211741,5.642,5.628496,A4V,7301,180317,1 Sge,Sagitta,317.738952,0.121,,
7307,,HIP 94623,288.8299029,50.07112153,6.31,6.137835,G8III,7311,180756,,Cygnus,342.437044,0.93,,
7308,,HIP 94624,288.8337093,15.08365272,5.571,5.288018,G8II-III,7300,180262,,Aquila,612.7824254,1.067,,
7309,,HIP 94630,288.8535809,30.52638275,5.85,5.061636,M0III,7302,180450,,Lyra,1375.52816,1.665,,
7310,,HIP 94643,288.8851405,-25.25668668,4.86,4.651327,K0/1III+A/F,7292,179950,ψ Sagittarii,Sagittarius,329.6252453,0.569,,
7311,,HIP 94648,288.8874388,73.35552175,4.45,4.07293,K2+IIIbCN1,7352,181984,τ Draconis,Draco,150.0229699,1.257,,
7312,Gumala,HIP 94645,288.8884586,-24.17935318,6.237,6.119344,F8V,7291,179949,,Sagittarius,88.22533797,0.54,,
7313,,HIP 94646,288.8890094,18.51634774,6.457,5.533033,M2III,,180377,,Sagitta,1072.367612,1.743,,
7314,,HIP 94685,288.9978725,27.92630174,6.153,6.021648,F8Ib-II,7308,180583,V473 Lyr,Lyra,1680.413251,0.634,5.99,6.35
7315,,HIP 94703,289.05433,21.39042903,4.77,4.734439,B4IV,7306,180554,1 Vul,Vulpecula,910.6161328,-0.058,,
7316,,HIP 94712,289.0905924,-45.46602891,5.371,4.914882,K3III,7289,179886,,Telescopium,533.5513593,1.349,,
7317,,HIP 94713,289.0920557,38.13374205,4.38,3.965498,K0II,7314,180809,θ Lyrae,Lyra,768.8680197,1.258,,
7318,,HIP 94720,289.111642,14.54461186,5.63,5.661993,B9.5V,7307,180555,,Aquila,371.7216381,-0.02,,
7319,,HIP 94724,289.1192169,-69.19082709,6.255,6.22708,A6IV/V,7274,179009,τ Pavonis,Pavo,618.5950094,0.193,,
7320,,HIP 94727,289.1292976,4.834793457,5.569,5.543823,A1V,7303,180482,22 Aql,Aquila,546.063242,0.101,,
7321,,HIP 94730,289.1365286,-33.52231673,6.25,6.277019,Cpec,7296,180093,,Sagittarius,9055.566087,0.692,5.8,14
7322,,HIP 94770,289.2521717,-65.22770291,6.39,6.382866,B8IVe,,179419,,Pavo,699.570179,-0.046,,
7323,,HIP 94779,289.2757013,53.36845828,3.76,3.544013,G9III,7328,181276,κ Cygni,Cygnus,123.1119881,0.95,,
7324,,HIP 94789 ,289.3008145,-66.66095331,6.39,5.4728,~,7278,179366B,,Pavo,296.3637789,0.17,,
7325,,,289.3010278,-66.66105143,6.1,,~,7278,179366A,,Pavo,296.3637789,0.17,,
7326,,HIP 94820,289.4086631,-18.95290625,4.878,4.610157,G8II-III,7304,180540,43 Sgr,Sagittarius,535.3052394,1.013,,
7327,,HIP 94827,289.4318141,23.02553939,5.43,5.44591,B1IIIn,7318,180968,2 Vul,Vulpecula,1917.646797,0.02,5.42,5.48
7328,,HIP 94833,289.4508077,2.031724556,6.174,6.182381,A0V,7313,180782,34 G. Aql,Aquila,275.3380741,0.019,,
7329,,HIP 94834,289.4541633,11.59542442,5.283,5.241356,F0IV,7315,180868,ω 1 Aquilae,Aquila,422.2809966,0.196,,
7330,,HIP 94858,289.5407554,-53.38708665,6.362,6.241278,F7V,7297,180134,,Telescopium,148.5872736,0.505,,
7331,,HIP 94885,289.6353982,1.085128208,5.28,4.806655,K1II/III,7319,180972,23 Aql,Aquila,380.8398623,1.143,,
7332,,HIP 94890,289.6577995,49.56945498,6.317,5.99989,K1III,7341,181597,,Cygnus,413.1823296,1.123,,
7333,,HIP 94913,289.7122825,0.3390409959,6.404,6.121596,K0-IIIa:CH1Ba0.5,7321,181053,24 Aql,Aquila,488.0254412,1.05,,
7334,,HIP 94916,289.7198005,9.618068363,6.311,6.02606,K1III,7325,181122,37 G. Aql,Aquila,516.6417309,1.065,,
7335,,HIP 94929,289.7503998,-15.5365687,6.06,5.526974,K4III,7317,180928,163 G. Sgr,Sagittarius,516.6417325,1.42,,
7336,,HIP 94932,289.7547876,37.44534493,6.26,6.242741,A0III,7338,181470,,Lyra,662.6017611,0.012,,
7337,,HIP 94974,289.9018114,54.37599519,6.231,6.228215,A1V,7351,181960,,Cygnus,449.6552222,0.03,,
7338,,HIP 94982,289.9139501,12.37467936,5.518,5.464954,F0III,7331,181333,28 Aql,Aquila,347.1770892,0.265,5.51,5.56
7339,,HIP 94986,289.9166432,-35.4214593,5.579,5.557889,B6IIIe,7316,180885,162 G. Sgr,Sagittarius,1841.809393,-0.122,,
7340,,HIP 95002,289.9711117,11.53496409,6.012,6.012653,A2V,7332,181383,ω 2 Aquilae,Aquila,278.3946503,0.087,,
7341,,HIP 95038,290.0668273,57.64512154,5.91,5.14857,M1III,7356,182190,,Draco,881.0805182,1.626,,
7342,,HIP 95066,290.1371092,-5.415768031,4.99,4.707403,G8/K0IV,7333,181391,26 Aql,Aquila,153.9917024,0.937,,
7343,,HIP 95067,290.1377332,35.18596003,6.29,6.280948,B9V,7346,181828,,Lyra,726.0576843,-0.092,,
7344,,HIP 95073,290.1486932,-0.892159589,5.451,5.438675,B9.5III,7336,181440,27 Aql,Aquila,509.3751889,-0.041,,
7345,,HIP 95077,290.1589506,-22.40254626,5.579,5.529273,A8III,7327,181240,165 G. Sgr,Sagittarius,186.0730489,0.276,,
7346,,HIP 95081,290.1670478,65.71453187,4.59,4.584147,A0III,7371,182564,π Draconis,Draco,224.5179095,0.033,,
7347,,HIP 95149,290.3738657,-34.98343231,6.48,6.325942,G2V,7330,181321,166 G. Sgr,Sagittarius,67.98765636,0.628,,
7348,,HIP 95154,290.3979926,76.55959921,5.94,4.873097,C-N5,,183556,UX Dra,Draco,1862.859212,2.673,5.94,7.1
7349,,HIP 95159,290.4046398,-19.23445707,6.26,6.22703,B5III,7339,181558,V4199 Sgr,Sagittarius,679.1658313,-0.091,6.18,6.26
7350,,HIP 95167,290.4180415,79.60283612,6.06,6.046613,A3V,7423,184102,,Draco,308.7123287,0.072,,
7351,,HIP 95168,290.4181661,-17.84719859,3.93,3.888252,A9IV,7340,181577,ρ 1 Sagittarii,Sagittarius,121.6873733,0.228,3.9,3.94
7352,,HIP 95176,290.4317608,-15.95501742,4.61,4.414471,B2Vp_sh,7342,181615,υ Sagittarii,Sagittarius,1671.797071,0.079,4.53,4.61
7353,,HIP 95188,290.4620644,-18.30838925,5.845,5.550388,K0III,7344,181645,ρ 2 Sagittarii,Sagittarius,358.6359951,1.062,,
7354,,HIP 95211,290.5396995,-42.01602787,6.338,6.023251,K1III,7334,181401,167 G. Sgr,Sagittarius,321.4990402,1.129,,
7355,,HIP 95222,290.5897837,-0.2523634426,5.811,5.505726,K1III,7349,181907,42 G. Aql,Aquila,363.0304757,1.093,,
7356,,HIP 95235,290.638973,33.51816225,6.084,5.810914,K0III,7359,182272,,Lyra,338.5250439,1.052,,
7357,,HIP 95239,290.6572894,-51.23128052,6.42,6.339482,F0V,,181295,,Telescopium,231.8636777,0.328,,
7358,Arkab Prior,HIP 95241,290.65958,-44.45895838,4.01,3.945255,B9V,7337,181454,β 1 Sagittarii,Sagittarius,378.1894827,-0.085,,
7359,,HIP 95253,290.7014623,9.913150222,6.346,6.236245,F6V,7354,182101,44 G. Aql,Aquila,116.4700656,0.458,,
7360,,HIP 95260,290.7120231,26.26240759,5.192,5.165268,B7V,7358,182255,3 Vul,Vulpecula,402.4699678,-0.119,5.18,5.21
7361,,HIP 95261,290.7133587,-54.42392934,5.02,5.012289,A0V,7329,181296,η Telescopii,Telescopium,155.3860059,0.02,,
7362,,HIP 95281,290.7685353,-7.400617094,6.308,5.793139,K3III,7353,182038,43 G. Aql,Aquila,493.1925433,1.455,,
7363,Arkab Posterior,HIP 95294,290.8047399,-44.7997788,4.27,4.178862,F2/3V,7343,181623,β 2 Sagittarii,Sagittarius,138.6054759,0.35,,
7364,,HIP 95340,290.9455407,20.26435965,6.393,6.37556,B9.5V,7364,182422,,Vulpecula,1131.944133,0.013,,
7365,Rukbat,HIP 95347,290.9715642,-40.6159372,3.943,3.95046,B8V,7348,181869,α Sagittarii,Sagittarius,169.7916251,-0.105,,
7366,,HIP 95352,290.9854187,43.38816872,5.853,5.613952,G7IIIa,7382,182694,,Lyra,404.4650868,0.924,,
7367,,HIP 95369,291.0228224,-68.37108682,6.336,5.95478,K2III,7320,181019,,Pavo,676.3491902,1.238,,
7368,,HIP 95370,291.0252264,36.45209375,6.43,6.140418,K1III,7376,182635,,Lyra,360.2203514,1.074,,
7369,,HIP 95372,291.0315765,29.62133557,4.977,4.931821,B3/4+B6/9,7372,182568,2 Cyg,Cygnus,774.3480821,-0.12,,
7370,,HIP 95396,291.0894725,-43.72206526,6.132,5.328735,M1/2III,7350,181925,178 G. Sgr,Sagittarius,579.0414154,1.603,,
7371,,HIP 95398,291.0919672,16.93772139,6.247,6.265577,A2III-IV,7369,182490,2 Sge,Sagitta,355.1184514,0.075,,
7372,,HIP 95408,291.1257504,-27.86594152,6.011,5.999445,B2Vnn,7355,182180,179 G. Sgr,Sagittarius,1314.517242,-0.117,,
7373,,HIP 95453,291.2563725,-4.884561099,6.499,6.428126,F0V,7366,182475,,Aquila,328.6276834,0.34,6.82,6.86
7374,,HIP 95456,291.2668436,-29.30935775,5.93,5.545555,K3III,7360,182286,180 G. Sgr,Sagittarius,270.0911033,1.278,,
7375,,HIP 95477,291.3187111,-24.50856711,5.009,4.884791,A3/5IV/V,7362,182369,χ 1 Sagittarii,Sagittarius,220.5684252,0.235,,
7376,,HIP 95485,291.3399788,-13.89711758,5.71,5.232301,K2III,7367,182477,184 G. Sgr,Sagittarius,722.8368067,1.372,,
7377,,HIP 95487,291.3432982,20.27172687,6.287,6.303237,A0V,7384,182761,,Vulpecula,399.5098871,-0.014,,
7378,,,291.35,20.1833,3.6,,Cluster,,,Cl Collinder 399,Vulpecula,,,,
7379,,HIP 95498,291.3691778,19.79835283,5.16,4.868474,G9III,7385,182762,4 Vul,Vulpecula,236.5747021,0.999,,
7380,,HIP 95503,291.3735816,-23.96245367,5.43,4.93676,K3III,7363,182416,χ 3 Sagittarii,Sagittarius,505.4273283,1.442,,
7381,,HIP 95501,291.3745891,3.11477947,3.36,3.280367,F1IV-V(n),7377,182640,δ Aquilae,Aquila,50.11534989,0.319,,
7382,,HIP 95556,291.5380289,36.31789782,5.15,5.133009,B8pSi(FeII),7395,183056,4 Cyg,Cygnus,653.3074975,-0.12,,
7383,,HIP 95557,291.5460109,-15.05325146,5.706,5.669968,B7IV,7378,182645,187 G. Sgr,Sagittarius,862.4333173,0.007,,
7384,,HIP 95560,291.5551925,20.09773463,5.591,5.594915,A0V,7390,182919,5 Vul,Vulpecula,218.2062254,-0.006,,
7385,,HIP 95564,291.5798218,-21.77669243,5.569,5.190838,K1/2III,7375,182629,50 Sgr,Sagittarius,556.3126867,1.228,,
7386,,HIP 95572,291.6005613,13.02380308,5.754,5.651722,F6III,7389,182900,,Aquila,181.5145866,0.456,,
7387,,HIP 95576,291.6104047,62.55716464,6.38,5.911307,K5III,7413,183611,,Draco,682.0085454,1.413,,
7388,,HIP 95582,291.6195271,19.89149495,5.87,5.188395,M0III,7391,182955,,Vulpecula,454.6723671,1.558,,
7389,,HIP 95585,291.6295386,0.338570805,4.72,4.460513,F2Ib,7387,182835,ν Aquilae,Aquila,11642.86602,0.576,,
7390,,HIP 95619,291.7353458,-29.74322714,5.644,5.647406,B8.5V,7380,182681,186 G. Sgr,Sagittarius,225.2937969,-0.014,,
7391,,HIP 95656,291.8581638,52.32043827,5.75,5.727995,A1V,7408,183534,ι 1 Cygni,Cygnus,361.4200302,-0.002,,
7392,,HIP 95664,291.8912815,14.2824801,6.303,6.297794,B4III,7396,183144,,Aquila,833.7583448,-0.068,,
7393,,HIP 95673,291.9016527,37.94119642,6.34,6.225149,B3Ve,7403,183362,,Lyra,2063.290608,-0.12,,
7394,,HIP 95690,291.9504891,-54.32527183,5.688,5.228655,K4III,7370,182509,,Telescopium,579.0414152,1.406,,
7395,,HIP 95732,292.0866594,2.930032942,5.839,5.810497,B7III,7397,183227,49 G. Aql,Aquila,1025.156275,-0.003,,
7396,Anser,HIP 95771,292.1763747,24.66490585,4.45,3.741117,M0.5IIIb,7405,183439,α Vulpeculae,Vulpecula,296.3637751,1.502,,
7397,,HIP 95785,292.2378472,24.76868361,5.812,5.561242,K0III,7406,183491,8 Vul,Vulpecula,483.679857,1.023,,
7398,,HIP 95793,292.2541123,1.950449118,5.783,5.773683,A0IVp,7400,183324,35 Aql,Aquila,192.3306193,0.088,,
7399,,HIP 95812,292.3250942,0.2460744016,6.245,5.818599,K2III,7404,183387,52 G. Aql,Aquila,602.588402,1.317,,
7400,,HIP 95818,292.3370738,20.27974044,6.326,6.311925,B5Vn,7409,183537,7 Vul,Vulpecula,759.9062774,-0.097,,
7401,,HIP 95822,292.3423085,14.5960192,5.564,5.28827,K0III,7407,183492,,Aquila,286.4677164,1.05,,
7402,,HIP 95823,292.3493479,-43.44519515,5.701,5.652285,A7VkA2mA5,7392,183007,189 G. Sgr,Sagittarius,187.1413512,0.214,,
7403,,HIP 95853,292.4264926,51.72977792,3.755,3.741895,A5V,7420,184006,ι 2 Cygni,Cygnus,122.4182595,0.148,,
7404,,HIP 95865,292.4674414,-26.98560541,5.49,5.205053,K1/2III,7398,183275,193 G. Sgr,Sagittarius,253.696557,1.12,,
7405,,HIP 95866,292.4692095,-55.44175143,6.127,5.891924,K0/1III,7388,182893,,Telescopium,359.4281756,0.974,,
7406,,HIP 95898,292.5438963,2.904073243,6.042,5.153483,K5III,7412,183589,,Aquila,1663.265646,1.82,,
7407,,HIP 95929,292.638008,3.44440563,6.082,6.027431,B7III,7415,183656,V923 Aql,Aquila,961.6514518,-0.019,6.04,6.16
7408,,HIP 95932,292.644216,-55.11005281,6.285,6.188463,F5V,7393,183028,μ Telescopii,Telescopium,119.6329207,0.45,,
7409,,HIP 95937,292.665987,-2.788887455,5.03,4.122641,K5III,7414,183630,36 Aql,Aquila,502.3107658,1.77,,
7410,Albireo,HIP 95947,292.680315,27.95967363,3.08,2.651682,K3II+B9.5V,7417,183912,β 1 Cygni,Cygnus,430.0001572,1.088,,
7411,Albireo A,HIP 95947,292.6803507,27.9596928,3.2,2.651682,K3II,7417,183912,* bet01 Cyg A,Cygnus,,1.43,,
7412,Albireo B,HIP 95947,292.6803949,27.959617,5.15,2.651682,B9.5V,,183913,* bet01 Cyg B,Cygnus,,0.07,,
7413,,HIP 95951,292.6891508,27.96527476,5.11,5.103025,B8Ve,7418,183914,β 2 Cygni,Cygnus,400.0001463,-0.095,,
7414,,HIP 95953,292.6951186,36.22852499,6.258,6.253648,B9.5III,7419,183986,,Cygnus,758.1393553,-0.015,,
7415,,HIP 95965,292.725194,-21.31223702,6.13,6.093499,A2V,7410,183545,197 G. Sgr,Sagittarius,1234.849332,0.121,,
7416,,HIP 95978,292.7511263,70.98934191,6.062,5.530587,K2,7450,184958,,Draco,623.3285233,1.416,,
7417,,HIP 95999,292.7957114,-68.43392024,5.961,5.256362,K4/5III,7383,182709,,Pavo,1041.534522,1.638,,
7418,,HIP 96003,292.8064755,55.73183515,6.369,6.027395,K2II-III+A0V,7428,184398,V1817 Cyg,Cygnus,1051.61444,1.123,6.37,6.42
7419,,HIP 96014,292.8305449,50.30670511,5.54,5.153431,K1III,7427,184293,,Cygnus,465.0489477,1.274,,
7420,,HIP 96016,292.8400893,26.61717141,5.893,5.647756,K0III-IV,7421,184010,,Vulpecula,193.2424394,0.915,,
7421,,HIP 96052,292.9430077,34.45296873,4.72,4.6683,B3IV,7426,184171,8 Cyg,Cygnus,626.9243078,-0.15,,
7422,,HIP 96095,293.0583493,-44.54638402,6.48,6.362615,F6V,,183577,196 G. Sgr,Sagittarius,136.6876168,0.526,,
7423,Alsafi,HIP 96100,293.0899592,69.66117661,4.68,4.449041,K0V,7462,185144,σ Draconis,Draco,18.79932142,0.78,,
7424,,HIP 96141,293.2242663,-53.18561522,5.744,5.701169,Fm_dD,7411,183552,,Telescopium,404.970392,0.3,,
7425,,HIP 96164,293.2919529,60.15869107,6.29,5.689947,K4III,7448,184936,,Draco,1202.953474,1.58,,
7426,,HIP 96178,293.3400933,-45.27177627,5.583,5.575333,ApCrEuSr,7416,183806,PW Tel,Telescopium,436.4131033,-0.02,5.61,5.621
7427,,HIP 96198,293.4233585,49.26231875,5.96,4.75964,M4.5III,7442,184786,V1743 Cyg,Cygnus,1461.882329,1.545,5.96,6.14
7428,,HIP 96204,293.4418001,5.465702709,6.48,4.566677,M5-M5.5III,,184313,V450 Aql,Aquila,660.0002421,1.471,6.3,6.65
7429,,HIP 96229,293.5223041,7.378940092,4.45,4.087266,K3-IIIbFe0.5,7429,184406,μ Aquilae,Aquila,110.5085009,1.176,,
7430,,HIP 96234,293.5353567,-40.03463959,5.91,5.879572,A2V,7422,184035,V4089 Sgr,Sagittarius,435.2460228,0.105,5.87,6.07
7431,,HIP 96274,293.6414226,-23.85883123,6.475,5.841437,K4/5III,,184268,,Sagittarius,1917.6468,1.677,,
7432,,HIP 96275,293.6454044,19.77340063,5,4.953341,B8IIIn,7437,184606,9 Vul,Vulpecula,608.2086422,-0.093,,
7433,,HIP 96288,293.6719226,42.41251455,5.336,5.299655,A2V,7444,184875,,Cygnus,511.7745452,0.06,,
7434,,HIP 96297,293.6931256,63.43417189,6.46,6.053621,K2,,185394,,Draco,538.8423332,1.326,,
7435,,HIP 96302,293.7122016,29.46296779,5.407,5.214047,G8III+A2III:,7441,184759,9 Cyg,Cygnus,537.9556159,0.581,,
7436,,HIP 96316,293.7551418,52.50201661,6.38,6.091661,K0,,185114,,Cygnus,365.4722113,1.122,,
7437,,HIP 96327,293.7802411,-10.56044267,5.12,4.772184,G8.5IIIa,7430,184492,37 Aql,Aquila,444.1425649,1.122,,
7438,,HIP 96341,293.8041098,-48.09919905,4.879,4.578217,K0III,7424,184127,ι Telescopii,Telescopium,398.0461494,1.096,,
7439,,HIP 96351,293.8547162,2.913606491,6.368,6.27301,F5V,7438,184663,61 G. Aql,Aquila,137.0325227,0.414,,
7440,,HIP 96356,293.87419,-7.460282809,6.325,5.977686,K0III,7432,184573,60 G. Aql,Aquila,355.1184524,1.124,,
7441,,HIP 96365,293.8894155,-12.25311416,6.271,5.966538,K0III,7433,184574,206 G. Sgr,Sagittarius,346.4403296,1.089,,
7442,,HIP 96387,293.9512681,36.94454074,6.034,6.010892,B8Vne,7457,185037,11 Cyg,Cygnus,737.5557075,-0.08,,
7443,,HIP 96396,293.9831077,50.2386174,6.46,6.185353,G9III,7465,185264,,Cygnus,609.3463798,1.034,,
7444,,HIP 96406,294.0068896,-24.71908064,5.64,5.620559,A1mA2-F0,7431,184552,51 Sgr,Sagittarius,290.2939818,0.185,5.82,5.86
7445,,HIP 96417,294.0347965,22.58576228,6.319,6.314589,B9IVpSi,7452,184961,,Vulpecula,570.9272684,-0.059,,
7446,,HIP 96428,294.0653437,14.39106614,6.364,6.132806,K0II-III,7449,184944,,Aquila,353.5797303,1.045,,
7447,,HIP 96440,294.1086484,-18.85292175,6.12,6.081466,F0V,7439,184705,V4333 Sgr,Sagittarius,239.7059352,0.273,5.48,5.6
7448,,HIP 96441,294.1105545,50.22110139,4.48,4.371612,F3+V,7469,185395,θ Cygni,Cygnus,60.617439,0.395,,
7449,,,294.146,25.163,5.3,,Open Cluster,,,Cl Stock 1,Vulpecula,,,,
7450,,HIP 96459,294.1582369,44.69493377,5.169,4.92144,G8.5IIIbFe-0.5,7468,185351,,Cygnus,132.3051914,0.928,,
7451,,HIP 96465,294.1768057,-24.88362087,4.598,4.579329,B8/9V,7440,184707,52 Sgr,Sagittarius,189.0950691,-0.075,,
7452,,HIP 96468,294.1803238,-1.286599615,4.36,4.306137,B5III,7447,184930,ι Aquilae,Aquila,307.2573966,-0.079,,
7453,,,294.2056583,50.19992432,6.1,,S4-8/6e,,185456,V* R Cyg,Cygnus,,,,
7454,,HIP 96481,294.2185606,11.27320065,5.975,5.749049,G0Ib-II,7456,185018,,Aquila,1139.859415,0.881,,
7455,,HIP 96483,294.2227037,-7.027479116,4.96,4.895795,B0.5IIIn,7446,184915,κ Aquilae,Aquila,1455.359071,-0.046,,
7456,,HIP 96491,294.2360391,38.3838247,6.5,6.481839,B5II-III,7467,185330,,Cygnus,1258.686456,-0.127,,
7457,,HIP 96496,294.2639225,-18.23105477,5.642,5.266877,K0III,7443,184835,209 G. Sgr,Sagittarius,442.3332646,1.237,,
7458,,HIP 96503,294.2900763,29.33370087,6.43,6.423055,B5V,7466,185268,,Cygnus,873.9965375,-0.087,,
7459,,HIP 96516,294.3224711,16.46280368,5.659,5.411448,G8IIIv,7463,185194,ϵ Sagittae,Sagitta,473.1500534,1.007,,
7460,,HIP 96536,294.3933899,-14.30179949,5.451,5.335609,F7V,7454,184985,212 G. Sgr,Sagittarius,100.7415385,0.501,,
7461,,HIP 96546,294.4200674,35.0225365,6.42,5.837091,K5,,185435,,Cygnus,1671.797066,1.559,,
7462,,HIP 96556,294.4471578,-4.647640283,5.68,5.341659,F5Vm,7460,185124,42 Aql,Aquila,104.6884214,0.429,,
7463,,HIP 96572,294.486288,49.28439633,6.46,6.202779,G6V,7477,185657,,Cygnus,503.0866413,0.99,,
7464,,HIP 96601,294.5741245,20.78339206,6.488,6.234134,K0III,7472,185436,,Vulpecula,571.9313487,1.037,,
7465,,HIP 96607,294.6081396,-57.98333711,6.187,5.964032,K0III,7434,184585,,Pavo,481.5347795,0.973,,
7466,,HIP 96630,294.7041246,3.381526375,6.358,6.309679,B5Ib/II,7471,185423,67 G. Aql,Aquila,2437.824174,0.001,,
7467,,HIP 96665,294.79851,5.397772218,5.17,5.153899,B3V,7474,185507,σ Aquilae,Aquila,682.0085498,-0.001,5.14,5.34
7468,,HIP 96683,294.8441913,30.15332147,4.673,4.40007,G8III-IV,7478,185734,ϕ Cygni,Cygnus,250.7693975,0.971,,
7469,,HIP 96688,294.8555646,16.57112148,6.344,5.406276,K4Ib,7475,185622,V340 Sge,Sagitta,2295.774334,1.918,,
7470,,HIP 96693,294.8603859,42.81826141,5.4,5.383299,B9III,7483,185872,14 Cyg,Cygnus,684.8740877,-0.063,,
7471,,HIP 96706,294.8939029,45.95743845,6.245,6.022548,G9II-III,7487,185955,,Cygnus,402.4699651,0.931,,
7472,,HIP 96721,294.9240808,-45.27855196,6.26,6.187502,F2IV,7461,185139,QQ Tel,Telescopium,324.3782725,0.293,6.53,6.58
7473,,HIP 96724,294.9371893,33.97895124,6.09,6.127547,A3IV,7481,185837,,Cygnus,473.837912,0.094,,
7474,,HIP 96729,294.9560716,-23.42768201,6.321,6.327952,A0V,7470,185404,53 Sgr,Sagittarius,405.9777315,0.034,,
7475,,HIP 96734,294.9674247,-66.68550653,6.37,6.36684,A1V,7435,184586,,Pavo,335.3921863,0.037,,
7476,,,294.99879,-30.96475,6.49,,Globular Cluster,,,M 55,Sagittarius,,,,
7477,Sham,HIP 96757,295.0241305,18.01389073,4.38,4.171156,G1II,7479,185758,α Sagittae,Sagitta,473.1500531,0.777,,
7478,,HIP 96760,295.0298533,-23.42908431,5.957,5.701117,K0III,7473,185467,218 G. Sgr,Sagittarius,414.7569146,1.038,,
7479,,HIP 96771,295.0549851,60.50711018,6.5,6.442722,A5V,7500,186340,,Draco,391.3566198,0.212,,
7480,,HIP 96781,295.0779977,-54.41778935,6.26,5.966417,K0III,7459,185075,,Telescopium,369.6156789,1.001,,
7481,,HIP 96805,295.1714586,43.07782532,6.16,5.229379,M3III,7492,186121,,Cygnus,1399.143606,1.561,,
7482,,HIP 96807,295.1804876,-0.6212228822,5.637,5.613424,A2V,7480,185762,45 Aql,Aquila,284.9651822,0.123,,
7483,,HIP 96808,295.1807626,-16.29327066,5.296,4.978928,K1III,7476,185644,54 Sgr,Sagittarius,244.9287827,1.109,,
7484,,HIP 96825,295.2090977,45.52494115,5.06,4.973558,F5II-III,7495,186155,,Cygnus,158.9468988,0.426,,
7485,,HIP 96837,295.2622456,17.47604241,4.38,4.113627,G8IIIaCN0.5,7488,185958,β Sagittae,Sagitta,466.3822906,1.041,,
7486,,HIP 96840,295.2730346,13.81568061,5.99,6.194879,B5V,7486,185936,QS Aql,Aquila,1646.466858,-0.078,5.93,6.06
7487,,HIP 96856,295.311037,22.45277316,6.391,5.898339,~,7490,186021,,Vulpecula,1442.478804,1.481,,
7488,,HIP 96882,295.4052714,-65.85441414,6.074,5.429614,M0III,7455,184996,,Pavo,752.8874976,1.556,,
7489,,HIP 96895,295.4539729,50.52506098,5.95,5.818073,G1.5Vb,7503,186408,16 Cyg A,Cygnus,70.48644032,0.643,,
7490,,HIP 96901,295.4665528,50.51752473,6.2,6.073419,G3V,7504,186427,16 Cyg,Cygnus,69.83010454,0.661,,
7491,,HIP 96907,295.4900577,40.25416837,6.22,6.390755,A6V,7499,186307,,Cygnus,271.6666561,0.182,,
7492,,HIP 96917,295.5121756,-9.193655841,6.29,5.889478,K3III,,185966,71 G. Aql,Aquila,334.3587646,1.341,,
7493,,HIP 96919,295.5172792,55.46322155,6.48,4.892404,M5III,7509,186532,V1351 Cyg,Cygnus,767.0587163,1.453,6.33,6.55
7494,,HIP 96931,295.5533847,12.19326129,6.321,6.309685,B9III,7493,186122,46 Aql,Aquila,719.6485227,-0.077,,
7495,,HIP 96950,295.6297208,-16.12399803,5.045,4.965533,F3IV/V,7489,186005,55 Sgr,Sagittarius,174.6118611,0.319,,
7496,,HIP 96957,295.6417012,11.82658397,5.31,5.042,G2Ib+B5.5,7497,186203,χ Aquilae,Aquila,751.1531741,0.575,,
7497,,HIP 96957,295.6417025,11.82658168,5.66,5.042,G2Ib,7497,186203,* chi Aql A,Aquila,751.1531741,0.575,,
7498,,HIP 96977,295.6858583,32.42674231,5.925,5.900172,A5III,7502,186377,,Cygnus,2248.276115,0.118,,
7499,,HIP 97028,295.789991,30.67789071,6.075,6.076305,A1V,7505,186440,,Cygnus,336.7776824,0.003,,
7500,,HIP 97029,295.7948607,38.67171431,6.36,6.035947,K0IIIa,,186506,,Cygnus,1442.478802,1.22,,
7501,,HIP 97033,295.8100776,58.01661719,6.295,6.157268,G0V,7522,186760,,Cygnus,146.6488693,0.59,,
7502,,HIP 97063,295.8897822,-15.47002115,5.49,5.372503,F6IV-V,7496,186185,226 G. Sgr,Sagittarius,119.589235,0.46,,
7503,,HIP 97067,295.906743,-37.53876518,6.131,6.117589,B8IV/V,7491,186042,224 G. Sgr,Sagittarius,853.4031138,0.019,,
7504,,HIP 97070,295.9145678,57.04271593,6.282,6.048093,K2III,7526,186815,,Cygnus,253.1058379,0.887,,
7505,,HIP 97077,295.9288197,25.77192019,5.497,5.253212,G8III,7506,186486,10 Vul,Vulpecula,356.2855299,0.939,,
7506,,HIP 97081,295.9379023,41.77311102,5.84,5.175067,M0III,7514,186619,,Cygnus,630.5624679,1.598,,
7507,,HIP 97087,295.9643813,34.16272473,6.053,6.04428,B8III,7512,186568,,Cygnus,900.5525064,-0.071,,
7508,,HIP 97091,295.9832173,27.13540548,6.364,5.863253,K3II++B6,7508,186518,PS Vul,Vulpecula,4346.657376,1.015,6.28,6.356
7509,,HIP 97118,296.0691883,37.35435615,4.887,4.633603,G8III,7517,186675,15 Cyg,Cygnus,278.6326267,0.948,,
7510,,HIP 97122,296.0767408,69.33706261,5.899,5.897845,A2III,7545,187340,,Draco,442.3332575,0.072,,
7511,,HIP 97139,296.1424609,13.30277756,6.243,6.235453,B9III-IV,7511,186547,ψ Aquilae,Aquila,808.9334348,-0.041,,
7512,,HIP 97142,296.1590542,34.41416252,6.35,5.072373,M1III,7520,186702,V2090 Cyg,Cygnus,829.5170806,1.521,6.32,6.73
7513,,HIP 97144,296.1720716,8.726535868,6.428,6.186174,K0,,186535,75 G. Aql,Aquila,397.5604061,0.94,,
7514,,HIP 97150,296.2030589,29.2646932,6.44,,F2Iab:+B8.0V,7518,186688,,Cygnus,6392.145117,0.65,6.44,7.22
7515,,HIP 97151,296.204332,40.7168042,6.37,5.304549,M3.5III,7523,186776,V973 Cyg,Cygnus,905.5566076,1.561,7.75,8.6
7516,,-,296.2432649,45.13041173,6.23,,F1V,-,-,* del Cyg B,Cygnus,,,,
7517,Fawaris,HIP 97165,296.2436606,45.13081002,2.87,2.916317,B9.5IV,7528,186882,δ Cygni,Cygnus,170.949245,-0.002,,
7518,,HIP 97228,296.4152295,36.09102929,6.379,6.39971,B9.5V,7529,186901,,Cygnus,1884.394783,-0.049,,
7519,,HIP 97229,296.4164467,7.613157315,5.91,5.859817,A3IV,7519,186689,υ Aquilae,Aquila,176.407142,0.18,,
7520,,HIP 97242,296.4639828,35.0127518,6.098,5.83965,K1IIICN1,7530,186927,,Cygnus,424.4782337,1.07,,
7521,,HIP 97244,296.4676395,-2.883455854,6.48,6.430317,B2III/IV,7516,186660,77 G. Aql,Aquila,1086.665977,0.016,,
7522,,HIP 97260,296.5051047,-31.90856839,5.512,5.466915,B8III,7507,186500,228 G. Sgr,Sagittarius,545.1504418,0.024,,
7523,Tarazed,HIP 97278,296.5649123,10.61325872,2.72,2.223692,K3II,7525,186791,γ Aquilae,Aquila,460.4523486,1.507,,
7524,,HIP 97290,296.5905813,-19.76111462,4.873,4.573531,K0+III,7515,186648,56 Sgr,Sagittarius,204.774044,1.061,,
7525,,HIP 97307,296.6458743,32.88859152,6.179,5.839501,K2,7535,187038,,Cygnus,366.7044929,1.172,,
7526,,HIP 97326,296.6860754,68.43798543,6.331,6.268595,F0III,7563,187764,CN Dra,Draco,524.9612475,0.309,6.29,6.38
7527,,HIP 97365,296.84694,18.53431357,3.81,2.836823,M2II+B0V,7536,187076,δ Sagittae,Sagitta,447.8035434,1.313,3.75,3.83
7528,,HIP 97372,296.8617785,47.90757047,6.12,5.349056,M1III,7547,187372,,Cygnus,1230.187524,1.64,,
7529,,HIP 97376,296.8657495,38.40761465,5.824,5.813859,B8Vn,7543,187235,,Cygnus,488.7556766,-0.087,,
7530,,HIP 97402,296.9522546,25.38405872,6.001,5.732276,K0II-III,7540,187193,,Vulpecula,399.5098853,0.993,,
7531,,HIP 97421,297.0049902,-56.36261101,5.33,5.297975,A7III/IV,7510,186543,ν Telescopii,Telescopium,169.8802962,0.196,,
7532,,HIP 97423,297.0126023,-13.70361424,6.083,6.084009,kA6m,7532,186984,232 G. Sgr,Sagittarius,203.7500772,0.193,,
7533,,HIP 97433,297.0431269,70.2679303,3.91,3.64309,G7IIIbFe-1,7582,188119,ϵ Draconis,Draco,145.5359038,0.888,,
7534,,HIP 97454,297.1271424,10.69409717,6.457,6.173369,F8Ib-II,7542,187203,,Aquila,1762.1643,0.932,,
7535,,HIP 97473,297.1752402,11.8158938,5.74,,G8III+A3V,7544,187259,π Aquilae,Aquila,569.9297081,0.546,,
7536,,HIP 97473,297.175244,11.81589576,6.23,,G8III,7544,187259,* pi. Aql A,Aquila,569.9297081,0.546,,
7537,,HIP 97484,297.2090538,-12.31941966,6.46,5.737133,K5III,,187150,234 G. Sgr,Sagittarius,1638.192977,1.676,,
7538,,HIP 97485,297.2108248,33.43728404,6.463,6.389747,B0.5II,7551,187459,V1765 Cyg,Cygnus,2217.687523,0.129,6.44,6.6
7539,,HIP 97491,297.2295339,-52.8881098,6.25,5.961924,K1III,7521,186756,,Telescopium,785.5429292,1.131,,
7540,,HIP 97496,297.2444157,19.1420421,5.034,5.452353,A3V,7546,187362,ζ Sagittae,Sagitta,326.3261192,0.095,,
7541,,HIP 97499,297.2591839,-10.8707721,6.04,5.64023,K2III,7541,187195,80 G. Aql,Aquila,285.4642885,1.233,,
7542,,HIP 97515,297.2983794,-28.78897037,6.031,5.936201,F3V,7538,187098,233 G. Sgr,Sagittarius,148.5194638,0.403,,
7543,,HIP 97534,297.3554288,-72.50337812,5.392,5.346105,A4IV,7498,186219,,Pavo,135.3819855,0.234,,
7544,,HIP 97538,297.364599,38.71014775,6.117,5.884182,G6III,7555,187638,,Cygnus,696.5807518,0.906,,
7545,,HIP 97569,297.472577,-66.81306778,6.422,5.917697,K4III,7513,186584,,Pavo,1075.907974,1.482,,
7546,,HIP 97572,297.4780025,28.43967445,6.444,6.425475,B5V,7556,187640,,Vulpecula,1697.916195,-0.104,6.22,6.29
7547,,HIP 97573,297.482635,27.08518239,6.466,6.241363,G8III,,187614,,Vulpecula,475.2201525,0.937,,
7548,,HIP 97598,297.5585816,-47.55738927,5.895,5.108287,M1III,7537,187086,,Telescopium,1116.439569,1.678,,
7549,,HIP 97607,297.5728284,7.902414879,6.478,6.155626,B2IVe,7554,187567,V1339 Aql,Aquila,1552.379964,-0.086,6.33,6.52
7550,,HIP 97611,297.5906537,-61.06111821,6.206,6.187925,B5V,7527,186837,,Pavo,898.07165,-0.135,,
7551,,HIP 97629,297.6413389,32.91404876,4.24,6.197328,S6-9/1-2e,7564,187796,χ Cygni,Cygnus,345.706825,2.1,3.3,14.2
7552,,HIP 97630,297.6416477,38.72241809,5.12,4.299452,M2III,7566,187849,19 Cyg,Cygnus,641.7312318,1.665,5.08,5.4
7553,,HIP 97634,297.6555282,40.59975976,5.68,5.635986,B1.1III+B2.5/3V:,7567,187879,V380 Cyg,Cygnus,2566.931449,-0.058,5.61,5.78
7554,,HIP 97635,297.6571814,52.98799732,5.03,4.632448,K3IIICN2,7576,188056,20 Cyg,Cygnus,192.2171659,1.286,,
7555,,,297.6866707,-59.19366709,5.61,,~,7531,186957A,,Pavo,259.7611368,0.082,,
7556,,HIP 97650,297.6949326,-10.76350929,5.39,5.282485,F5VFe-1CH-0.7,7553,187532,51 Aql,Aquila,86.10674015,0.402,,
7557,,HIP 97651,297.6953024,37.82632514,6.06,4.909102,M3III,7568,187880,V2093 Cyg,Cygnus,3395.84543,1.626,,
7558,Altair,HIP 97649,297.6958273,8.8683212,0.76,,A7Vn,7557,187642,α Aquilae,Aquila,16.7660899,0.221,0.77,0.774
7559,,HIP 97674,297.7551521,-65.60508829,6.022,5.976472,F0II/III,7524,186786,NZ Pav,Pavo,195.5609554,0.317,6.04,6.057
7560,,HIP 97679,297.767118,22.61004805,4.96,4.887583,B2.5Ve,7565,187811,12 Vul,Vulpecula,618.5950047,-0.153,4.78,4.97
7561,,HIP 97687,297.7962413,-2.460987995,6.13,5.501711,K3/4III,7559,187660,85 G. Aql,Aquila,569.9297089,1.573,,
7562,,HIP 97697,297.8238669,9.629892867,6.233,6.260736,A1m,7562,187753,88 G. Aql,Aquila,379.9531392,0.102,,
7563,,HIP 97700,297.8307457,47.37723628,6.215,6.138024,F2V,7577,188074,,Cygnus,215.3237286,0.398,,
7564,,HIP 97749,297.9608778,-39.87437175,5.33,5.304584,ApCr(Si),7552,187474,V3961 Sgr,Sagittarius,338.877127,-0.045,5.28,5.34
7565,,HIP 97757,297.9961198,47.02733863,5.63,5.585774,O9.5Iab,7589,188209,,Cygnus,14818.17237,-0.078,,
7566,,HIP 97765,298.006643,24.99216318,5.57,5.307211,A2Ia,7573,187982,,Vulpecula,1781.421126,0.68,,
7567,,HIP 97774,298.0298593,47.93179495,5.897,5.872402,B2III,7591,188252,,Cygnus,2469.698653,-0.174,,
7568,,HIP 97783,298.0500172,-19.04500231,5.896,5.600221,K0III,7561,187739,57 Sgr,Sagittarius,311.6636143,0.979,,
7569,,HIP 97789,298.0683914,36.43229357,6.1,5.627025,K4III,7583,188149,,Cygnus,739.2280873,1.434,,
7570,,HIP 97796,298.0906872,18.67187537,6.23,6.182326,O7.5Iabf,7574,188001,9 Sge,Sagitta,14173.93094,-0.031,6.16,6.23
7571,,HIP 97804,298.1182038,1.005658883,3.8,3.747671,F6Iab+B9.8V,7570,187929,η Aquilae,Aquila,1172.661547,0.63,3.48,4.39
7572,,HIP 97816,298.1571715,-54.97102777,5.705,5.497398,G8/K0III,7548,187420,,Telescopium,353.9644127,0.915,,
7573,,HIP 97819,298.16305,-54.97644435,6.366,6.462948,A1/3V,7549,187421,,Telescopium,275.5708383,0.1,,
7574,,HIP 97845,298.2551931,47.80772046,6.279,6.254221,B0.5IIIn,7600,188439,V819 Cyg,Cygnus,3018.519852,-0.126,6.26,6.3
7575,,HIP 97849,298.2766084,-14.60319111,6.48,,A2IV-V,7571,187949,V505 Sgr,Sagittarius,379.9531407,0.149,6.46,7.51
7576,,HIP 97870,298.322409,57.52347414,5.132,5.111099,B5V,7608,188665,23 Cyg,Cygnus,637.965929,-0.125,,
7577,,HIP 97871,298.3280655,-3.114462099,5.619,5.634409,F0VpSrCrEu,7575,188041,V1291 Aql,Aquila,276.5054785,0.231,5.61,5.67
7578,,HIP 97886,298.3653988,24.07961337,4.64,4.629588,B9.5III,7592,188260,13 Vul,Vulpecula,359.0304504,-0.047,,
7579,,HIP 97892,298.397619,59.70865814,6.058,6.060324,A3V,7611,188793,,Cygnus,339.2292006,0.033,,
7580,,HIP 97928,298.5344857,-8.574210875,5.79,5.060514,K5III,7584,188154,56 Aql,Aquila,394.1960855,1.664,,
7581,Libertas,HIP 97938,298.5620063,8.461454288,4.707,4.41191,G9.5IIIb,7595,188310,ξ Aquilae,Aquila,204.2605914,1.023,,
7582,,HIP 97944,298.5739373,-23.94107205,6.213,5.908112,K3VaCN1,7578,188088,V4200 Sgr,Sagittarius,46.34646227,1.017,6.18,6.25
7583,,HIP 97961,298.6294713,24.31935886,5.52,5.527268,A0III,7601,188485,,Vulpecula,472.4654514,-0.018,,
7584,,HIP 97966,298.6568853,-8.227289317,5.71,5.682008,B7Vn,7593,188293,57 Aql A,Aquila,334.7010638,-0.079,,
7585,,HIP 97967,298.6585965,-8.237053356,6.44,6.468554,B8V,7594,188294,57 Aql B,Aquila,361.4200335,-0.04,,
7586,,HIP 97970,298.6675,7.140353083,6.127,6.132769,A2V,7598,188385,,Aquila,263.3279009,0.043,,
7587,,HIP 97971,298.6685026,-61.17079144,6.205,6.183584,A4V,7558,187653,,Pavo,304.1046506,0.163,,
7588,,HIP 97980,298.6866452,0.2736251009,5.631,5.592933,B9IV,7596,188350,58 Aql,Aquila,344.973327,0.098,,
7589,,HIP 97985,298.7010463,36.99567628,5.781,5.592572,G1Ib-IICH2Fe-1,7606,188650,,Cygnus,1537.736036,0.773,,
7590,,HIP 98012,298.7712699,-33.04625119,6.47,5.922443,K2/3III,7585,188158,244 G. Sgr,Sagittarius,1258.68646,1.487,,
7591,,HIP 98032,298.8153948,-41.86830446,4.13,3.793246,K0II/III,7581,188114,ι Sagittarii,Sagittarius,189.0950686,1.063,,
7592,Alshain,HIP 98036,298.8283035,6.406764234,3.71,3.481975,G8IV,7602,188512,β Aquilae,Aquila,44.68809773,0.855,,
7593,,HIP 98044,298.8419411,58.25019202,6.1,5.836067,G9III,7626,189127,,Cygnus,461.756345,1.021,,
7594,,HIP 98055,298.9074524,52.43893902,5.02,4.93292,A4Vn,7619,189037,ψ Cygni,Cygnus,288.4957586,0.124,,
7595,Terebellum,HIP 98066,298.959844,-26.29935925,4.7,4.479559,G5IV,7597,188376,ω Sagittarii,Sagittarius,77.56358162,0.748,,
7596,,HIP 98068,298.9656705,38.48671912,4.946,4.910045,B5IV,7613,188892,22 Cyg,Cygnus,1202.953475,-0.086,,
7597,,HIP 98073,298.9807445,58.84596863,4.96,4.360721,K4.5IIIa,7633,189276,,Cygnus,918.3097304,1.584,,
7598,,HIP 98077,298.9851403,-29.19003573,6.15,,M6-7e,,188378,,Sagittarius,7951.208085,1.086,5.4,14
7599,,HIP 98085,299.0052621,16.63479502,5.36,5.461868,F7Ib,7609,188727,S Sge,Sagitta,4289.476955,0.903,5.24,6.04
7600,,HIP 98086,299.0070789,-81.34984084,6.383,5.909711,K3/4III,7494,186154,,Octans,693.6174155,1.402,,
7601,,HIP 98103,299.059383,11.42372252,5.278,5.272296,A1IV,7610,188728,ϕ Aquilae,Aquila,205.8081137,0.014,,
7602,,HIP 98110,299.0765493,35.08342289,3.88,3.623402,K0III,7615,188947,η Cygni,Cygnus,139.3161498,1.019,,
7603,,HIP 98111,299.0793756,56.68700913,6.16,6.149504,A4Vn,7634,189296,,Cygnus,279.348847,0.09,,
7604,,HIP 98143,299.1839259,36.25059582,6.009,5.996918,B5IV,7620,189066,,Cygnus,1112.628622,-0.14,,
7605,,HIP 98146,299.1882195,50.90252185,6.455,6.458467,A1V,7632,189253,,Cygnus,350.159985,0.003,,
7606,,HIP 98162,299.2368029,-27.16989701,4.528,4.053887,K2.5IIb,7604,188603,59 Sgr,Sagittarius,1207.406641,1.462,,
7607,,HIP 98174,299.2762883,-58.90135171,5.241,5.233873,B9.5IV,7587,188162,,Pavo,301.5726076,0.014,,
7608,,HIP 98194,299.3077817,40.36782588,5.455,5.42672,B5V,7628,189178,,Cygnus,1530.518393,-0.09,,
7609,,HIP 98234,299.4393561,16.78916058,5.534,5.526459,B9III,7622,189090,11 Sge,Sagitta,404.4650872,-0.048,,
7610,,HIP 98253,299.4838063,42.2607715,6.45,,A3V,7638,189377,,Cygnus,1268.482758,0.095,,
7611,,HIP 98258,299.4876227,-15.49146815,4.998,4.982025,A2V,7614,188899,61 Sgr,Sagittarius,291.5921124,0.055,,
7612,,HIP 98308,299.6197084,63.5341142,6.15,6.138551,A3V,7654,189900,,Draco,430.0789131,0.035,,
7613,,HIP 98325,299.6582583,30.98366079,5.502,5.482231,B9Vn,7640,189395,,Cygnus,544.2408967,-0.06,,
7614,,HIP 98332,299.6720445,-69.16395565,5.724,5.702403,A1mA5-F2,7579,188097,,Pavo,231.5340902,0.224,,
7615,,HIP 98333,299.6743737,70.36695173,6.323,6.091959,G8III,7666,190252,,Draco,421.1888895,0.868,,
7616,,HIP 98337,299.6892843,19.49214613,3.47,2.859363,M0-III,7635,189319,γ Sagittae,Sagitta,273.9496356,1.571,,
7617,,HIP 98346,299.720771,-68.76258273,6.374,6.348949,A6VkA2mA3,7588,188164,,Pavo,341.0059079,0.164,,
7618,,HIP 98351,299.7351157,-30.53838958,6.28,5.996264,K1III,7617,188981,254 G. Sgr,Sagittarius,214.1918611,1.051,,
7619,,HIP 98353,299.7383424,-26.19576248,4.846,4.596417,G6III,7618,189005,60 Sgr,Sagittarius,340.2919666,0.882,,
7620,,HIP 98375,299.7939029,23.10127893,5.66,5.602182,F0,7641,189410,14 Vul,Vulpecula,157.7928592,0.345,,
7621,,HIP 98377,299.8002288,11.30556844,6.5,6.231485,G7Ib-II,,189337,,Aquila,2089.745518,1.078,,
7622,,HIP 98379,299.813945,52.05569134,6.125,6.10915,B5III,7651,189775,V2100 Cyg,Cygnus,768.8680165,-0.183,,
7623,,HIP 98383,299.8351002,45.77254158,5.933,5.951049,A5III,7646,189684,,Cygnus,471.7808493,0.185,,
7624,,HIP 98385,299.8443437,1.377700901,6.18,5.830489,G8III,7636,189322,101 G. Aql,Aquila,768.8680202,1.129,,
7625,,HIP 98401,299.9026125,76.48139341,6.2,5.378005,M3III,7686,190960,69 Dra,Draco,524.9612468,1.61,,
7626,,HIP 98412,299.9340791,-35.27630832,4.37,4.342102,B3IV,7623,189103,θ 1 Sagittarii,Sagittarius,617.4246674,-0.15,,
7627,,HIP 98416,299.9470012,-9.958231788,5.87,5.783474,F9V,7637,189340,100 G. Aql,Aquila,80.00010532,0.598,,
7628,,HIP 98421,299.9639877,-34.69779949,5.299,5.269094,A4/5IV,7624,189118,θ 2 Sagittarii,Sagittarius,156.6554484,0.17,,
7629,,HIP 98425,299.9799808,37.04288546,5.19,5.164696,B3IVe,7647,189687,25 Cyg,Cygnus,1574.88049,-0.133,5.19,5.26
7630,,HIP 98438,300.013783,17.51650792,5.35,4.095845,M3/5III,7645,189577,13 Sge,Sagitta,745.9958507,1.576,5.27,5.57
7631,,HIP 98458,300.063997,26.18788575,6.494,6.203546,G8II,,189671,,Vulpecula,1475.114674,1.132,,
7632,,HIP 98461,300.0663871,-37.7017226,5.948,5.69203,G8/K0III,7629,189195,260 G. Sgr,Sagittarius,315.5857221,0.989,,
7633,,HIP 98470,300.0843724,-33.70345127,5.66,5.525869,F7V,7631,189245,262 G. Sgr,Sagittarius,68.05839624,0.498,,
7634,,HIP 98478,300.0962228,-66.9494212,5.76,5.436925,K0III,7603,188584,μ 1 Pavonis,Pavo,216.0373486,1.033,,
7635,,HIP 98482,300.105533,-49.35094497,6.176,5.893249,K0III,7621,189080,,Telescopium,301.8519895,1.056,,
7636,,HIP 98485,300.1103583,-43.04330427,6.097,5.364115,M0II/III,7627,189140,258 G. Sgr,Sagittarius,1101.352283,1.634,,
7637,,HIP 98495,300.1481314,-72.9105036,3.94,3.963491,A0Va,7590,188228,ϵ Pavonis,Pavo,106.0853327,-0.032,,
7638,,HIP 98512,300.201349,-45.11292331,5.781,5.730772,F0/2IV,7630,189198,259 G. Sgr,Sagittarius,359.4281742,0.295,,
7639,,,300.2168506,20.00527105,6.5,,K0III,,189754,,Sagitta,1340.552799,,,
7640,,HIP 98526,300.2457343,8.557736371,5.91,5.29286,K5III,7648,189695,103 G. Aql,Aquila,898.0716464,1.529,,
7641,,HIP 98543,300.2752024,27.75357302,4.651,4.627144,A4III,7653,189849,15 Vul,Vulpecula,222.2222181,0.184,4.62,4.67
7642,,HIP 98563,300.3137827,37.09899791,6.214,5.803286,K0III,7655,189942,,Cygnus,1003.076282,1.314,,
7643,,HIP 98571,300.3398474,50.10469328,5.048,4.746411,G8III,7660,190147,26 Cyg,Cygnus,428.9476934,1.122,,
7644,,HIP 98575,300.3493613,-22.7373089,5.999,5.752046,K0III,7643,189561,264 G. Sgr,Sagittarius,312.8600344,0.981,,
7645,,HIP 98579,300.361578,-40.81433442,6.306,6.301467,A2/3V,7639,189388,263 G. Sgr,Sagittarius,279.8283991,0.113,,
7646,,HIP 98583,300.3689348,64.82097633,5.27,4.464788,M1III,7676,190544,64 Dra,Draco,564.0128015,1.598,,
7647,,HIP 98609,300.436293,24.80041597,5.87,5.86026,B4V,7656,189944,,Vulpecula,672.1666033,-0.134,,
7648,,HIP 98608,300.4364357,-59.3758963,5.13,3.137527,M6III,7625,189124,NU Pav,Pavo,433.5117013,1.356,4.91,5.26
7649,,HIP 98624,300.4685907,-66.94396435,5.331,4.957144,K2IVCNII,7612,188887,μ 2 Pavonis,Pavo,234.3637712,1.218,,
7650,,HIP 98633,300.494164,-13.63721529,5.69,5.681231,A1IV,7649,189741,63 Sgr,Sagittarius,309.2981565,0.079,,
7651,,HIP 98636,300.5059724,24.93803724,5.79,,~,7657,190004A,* 16 Vul A,Vulpecula,211.2767646,0.374,,
7652,,HIP 98636,300.5061972,24.93791293,6.15,,~,7657,190004,* 16 Vul B,Vulpecula,211.2767646,0.374,,
7653,,HIP 98658,300.5842378,64.63442008,6.25,6.038282,G7III:,7682,190713,65 Dra,Draco,335.3921786,0.927,,
7654,,HIP 98688,300.6645021,-27.70984435,4.58,3.220193,M4.5III,7650,189763,62 Sgr,Sagittarius,447.8035454,1.64,4.45,4.64
7655,,HIP 98701,300.7033893,31.95883134,6.378,6.061542,K1III,,190227,,Cygnus,1128.028868,1.205,,
7656,,HIP 98702,300.7044619,67.87356411,4.5,4.099271,K2+IIICN1Ca1,7685,190940,ρ Draconis,Draco,406.4830242,1.313,,
7657,,HIP 98738,300.8183317,18.50099334,5.968,5.520017,K3II-III,7662,190211,,Sagitta,848.9597277,1.42,,
7658,,HIP 98754,300.8750615,16.03125231,5.658,5.640601,B9pHgMn,7664,190229,14 Sge,Aquila,636.720611,-0.095,,
7659,,HIP 98761,300.8894443,-37.94068496,4.764,4.268914,K4III,7652,189831,,Sagittarius,404.9703903,1.417,,
7660,,HIP 98772,300.9116624,22.94105416,6.42,6.197759,K2,,190322,,Vulpecula,513.3849858,1.028,,
7661,,HIP 98785,300.9346251,-22.5955973,6.428,6.321409,F7V,7658,190009,269 G. Sgr,Sagittarius,187.5719948,0.503,,
7662,,HIP 98819,301.0259199,17.07018793,5.788,5.645246,G0V,7672,190406,15 Sge,Sagitta,57.59704903,0.6,,
7663,Tianfu,HIP 98823,301.0346453,7.277964388,5.508,5.223519,K0III,7669,190327,τ Aquilae,Aquila,526.6564517,1.063,,
7664,,HIP 98842,301.0816375,-32.05629631,4.99,4.572127,K1III/IV,7659,190056,,Sagittarius,324.3782708,1.208,,
7665,,HIP 98844,301.0964616,-0.7093084957,5.68,5.215051,K3III,7667,190299,62 Aql,Aquila,582.1416724,1.301,,
7666,,HIP 98858,301.1199836,48.2296672,6.14,6.166232,A2IV,7684,190781,,Cygnus,579.0414078,0.037,,
7667,,HIP 98863,301.1507262,32.21859815,5.65,5.44377,B1.5Ia+,7678,190603,V1768 Cyg,Cygnus,13583.34912,0.76,5.56,5.7
7668,,HIP 98872,301.1854933,63.89020481,6.284,6.288328,A3V,7695,191174,,Draco,255.8869438,0.1,,
7669,,HIP 98890,301.2224688,68.02716005,6.28,5.42343,M3-IIIa,7704,191372,,Draco,1116.439561,1.649,,
7670,,HIP 98910,301.2725567,-11.59941516,6.39,6.205272,F2II,7671,190390,V1401 Aql,Aquila,1273.437964,0.543,6.18,6.55
7671,,HIP 98915,301.278156,51.83939777,6.14,5.400471,M0III,7687,190964,,Cygnus,740.9102462,1.601,,
7672,,HIP 98920,301.2895539,19.99107302,5.093,4.788077,K2III,7679,190608,η Sagittae,Sagitta,161.6262944,1.058,,
7673,,HIP 98946,301.339553,56.34141907,6.18,6.089569,F4V,7692,191096,,Cygnus,170.3239752,0.437,,
7674,,HIP 98954,301.3606091,15.50042875,6.34,5.544092,M2.5III,7680,190658,V1472 Aql,Aquila,749.4253717,1.615,,
7675,,HIP 98959,301.3865229,-67.32089615,6.07,5.915461,G2V,7644,189567,,Pavo,57.75027305,0.648,,
7676,,HIP 98962,301.3869915,61.9954203,5.408,5.051078,K3III,7701,191277,66 Dra,Draco,173.588866,1.191,,
7677,,,301.548,35.765,5.2,,Open Cluster,,,NGC 6871,Cygnus,,,,
7678,,HIP 99024,301.5508967,-4.078196625,6.469,6.12881,K0III,7681,190664,110 G. Aql,Aquila,340.647305,1.156,,
7679,,HIP 99080,301.722532,23.61442478,5.056,5.057024,B3V,7688,190993,17 Vul,Vulpecula,488.0254363,-0.162,,
7680,,HIP 99120,301.8464894,-52.88079278,4.94,4.19161,K5III,7673,190421,ξ Telescopii,Telescopium,1253.845358,1.591,,
7681,,HIP 99137,301.8962109,-55.01601367,6.25,6.125575,F9VCH-0.4,7674,190422,,Telescopium,75.67310731,0.53,,
7682,,HIP 99145,301.9226702,34.42290676,6.141,6.086299,B5II,7699,191243,,Cygnus,2012.346568,0.117,,
7683,,HIP 99171,302.0075931,-0.6781846237,5.968,5.689416,K1IV,7690,191067,64 Aql,Aquila,156.0556057,1.023,,
7684,,HIP 99176,302.0270924,16.6643874,6.4,5.370863,M3III,7696,191178,V344 Sge,Sagitta,4233.763534,1.72,,
7685,,HIP 99188,302.0397897,-52.57779576,6.46,6.306532,G3V,,190580,,Telescopium,188.4394821,0.682,,
7686,,HIP 99200,302.0853061,-66.35469286,6.46,5.822166,K5III,7663,190222,,Pavo,1143.859439,1.587,,
7687,,HIP 99221,302.1302974,-10.06259531,6.174,6.14755,B9IV,7694,191110,,Capricornus,524.1169117,0.031,6.24,6.26
7688,,HIP 99234,302.1594947,10.72586742,6.339,6.314895,B3V,7700,191263,,Aquila,1841.809388,-0.136,,
7689,,HIP 99240,302.1817036,-66.18206744,3.56,3.364138,G8IV,7665,190248,δ Pavonis,Pavo,19.91085246,0.751,,
7690,,HIP 99255,302.2222864,77.71142099,4.4,4.382442,B9III,7750,192907,κ Cephei,Cepheus,326.9813749,-0.046,,
7691,,HIP 99270,302.2660424,-47.06792845,6.457,5.933683,K5III,,190879,,Telescopium,532.6809366,1.463,,
7692,,HIP 99294,302.3431603,56.02682734,6.49,6.246931,K0,,191892,,Cygnus,1239.543726,0.938,,
7693,,HIP 99303,302.3567461,36.83962054,4.93,4.911437,B2.5Ve,7708,191610,28 Cyg,Cygnus,860.1578302,-0.139,4.91,4.97
7694,,HIP 99404,302.6397383,26.90416796,5.507,5.500163,A3III,7711,191747,18 Vul,Vulpecula,419.5621511,0.087,,
7695,,HIP 99445,302.7647575,21.13457898,6.24,6.000731,K0III,7713,191814,,Sagitta,514.1967258,0.894,,
7696,,HIP 99457,302.7919905,-8.842344712,6.49,6.427824,B1IVe,7709,191639,BE Cap,Capricornus,108666.5974,-0.135,6.16,6.43
7697,,HIP 99461,302.7997449,-36.10120881,5.32,5.033037,K2.5V,7703,191408,,Sagittarius,19.72887819,0.868,,
7698,Antinous,HIP 99473,302.8261945,-0.8214635937,3.22,3.249787,B9.5III,7710,191692,θ Aquilae,Aquila,286.9720369,-0.066,,
7699,,HIP 99479,302.8375701,21.87493637,6.269,6.218011,B1Ib,7716,191877,,Vulpecula,29636.37734,-0.048,,
7700,,HIP 99500,302.8952992,62.07854771,5.7,5.578086,F5V,7727,192455,68 Dra,Draco,158.7147844,0.53,,
7701,,HIP 99518,302.9498915,26.80899109,5.487,5.051252,K2IIIaCa0.5,7718,192004,19 Vul,Vulpecula,1613.863584,1.397,,
7702,,HIP 99529,302.9912419,-12.39240204,6.34,5.979092,K0III,7712,191753,ξ 1 Capricorni,Capricornus,482.9626567,1.209,,
7703,,HIP 99531,303.002923,26.4788066,5.92,5.882952,B7Ve,7719,192044,20 Vul,Vulpecula,1139.859412,-0.107,,
7704,,HIP 99570,303.0993338,-42.7800599,6.191,5.859788,K1III,7706,191584,280 G. Sgr,Sagittarius,343.8812279,1.228,,
7705,,HIP 99572,303.107794,-12.61749753,5.85,5.721998,F7VFe-0.5,7715,191862,ξ 2 Capricorni,Capricornus,91.44466481,0.476,,
7706,,HIP 99579,303.1321566,51.46356499,6.043,5.739221,K2.5III,7726,192439,,Cygnus,412.1358668,1.139,,
7707,,HIP 99631,303.3078535,-1.009363387,5.47,4.859192,K4III,7720,192107,66 Aql,Aquila,888.2851227,1.43,,
7708,,HIP 99639,303.3252244,46.81567526,4.819,4.779923,A5IIIn,7730,192514,30 Cyg,Cygnus,716.4830573,0.1,,
7709,,HIP 99653,303.3485904,38.72901945,6.5,6.337873,C-N5.5,,192443,,Cygnus,1801.105011,2.86,6.5,9.5
7710,,HIP 99655,303.3494419,56.56772314,4.271,4.235856,A3IV-Vn,7740,192696,33 Cyg,Cygnus,152.2651983,0.114,,
7711,,HIP 99663,303.3650679,60.64056952,5.78,5.262661,K5III,7742,192781,,Cepheus,593.8059521,1.476,,
7712,,HIP 99666,303.3848699,-47.71322105,6.47,6.07279,K2III,,191732,,Telescopium,449.0358262,1.249,,
7713,,HIP 99675,303.407951,46.74132267,3.8,3.282255,K3Ib+B2IV-V,7735,192577,ο1 Cyg,Cygnus,1352.698368,1.27,3.73,3.89
7714,,HIP 99685,303.4283891,43.37901139,6.14,5.587504,K4III,7733,192535,,Cygnus,737.5557051,1.489,,
7715,,HIP 99719,303.520339,36.60488278,6.464,6.456969,A0V,7734,192538,,Cygnus,1009.289844,-0.014,,
7716,,HIP 99738,303.5605397,28.69481717,5.189,5.13824,A7IVn,7731,192518,21 Vul,Vulpecula,326.9813772,0.191,5.36,5.41
7717,,HIP 99742,303.5692445,15.19760734,4.946,4.923669,A1Va,7724,192425,ρ Aquilae,Delphinus,153.4841153,0.072,,
7718,,HIP 99747,303.5792719,-52.44576537,5.632,5.071909,K4III,7714,191829,,Telescopium,915.7310754,1.497,,
7719,,HIP 99762,303.6121096,-63.4157891,6.086,6.021994,F0IV,7707,191603,,Pavo,234.870375,0.308,,
7720,,HIP 99770,303.6334681,36.80630581,4.99,4.889878,A2V,7736,192640,29 Cyg,Cygnus,133.7712126,0.151,4.94,4.97
7721,,HIP 99824,303.8162336,25.59196191,4.75,4.766654,B3V,7739,192685,,Vulpecula,1198.529653,-0.181,4.6,4.8
7722,,HIP 99825,303.8224641,-27.03297545,5.723,5.48135,K2+V,7722,192310,,Capricornus,28.76700527,0.878,,
7723,,HIP 99841,303.8490363,33.72908588,5.698,5.462596,G8III,7743,192787,,Cygnus,300.1841671,0.926,,
7724,,HIP 99848,303.8680176,47.71422609,3.98,3.317127,K7Ib-II+B1V,7751,192909,ο2 Cyg,Cygnus,1108.843759,1.451,3.9,4.14
7725,,HIP 99853,303.8759943,23.50890307,5.176,4.891197,G3Ib-II,7741,192713,22 Vul,Vulpecula,4346.657374,1.016,5.15,5.27
7726,,HIP 99870,303.9302227,50.23291052,6.36,6.380481,A2Vn,7755,192983,,Cygnus,354.7337659,0.096,,
7727,,HIP 99874,303.9422633,27.81419889,4.52,4.037718,K3-IIIFe-1,7744,192806,23 Vul,Vulpecula,327.9691575,1.258,,
7728,,HIP 99878,303.9608842,-30.00527459,6.275,5.743185,K4III,7725,192433,282 G. Sgr,Sagittarius,1147.888798,1.513,,
7729,,HIP 99889,304.0025647,45.57952502,5.864,5.765058,F5V:,7756,192985,,Cygnus,112.5303484,0.447,,
7730,,HIP 99893,304.0142762,38.89800654,6.275,6.280617,A1V,7752,192934,,Cygnus,409.5474264,0.006,,
7731,Chechia,HIP 99894,304.0250157,4.580794438,6.446,6.221424,G8IV,,192699,,Aquila,219.7968629,0.867,,
7732,,HIP 99913,304.0824507,21.59870233,6.11,5.841613,K1III,7746,192836,18 Sge,Sagitta,297.716999,1.039,,
7733,,HIP 99918,304.0950241,-12.3371194,6.299,6.283824,B9IV,7738,192666,3 Cap,Capricornus,526.6564522,0.005,,
7734,,HIP 99920,304.0983788,-36.45357419,6.4,4.881227,M4III,7728,192472,V4434 Sgr,Sagittarius,851.1765312,1.467,,
7735,,HIP 99929,304.1173106,37.05639635,6.448,6.425395,B6III,7757,192987,,Cygnus,1139.859411,-0.097,,
7736,,HIP 99951,304.1961928,24.67110133,5.302,5.059031,G8III,7753,192944,24 Vul,Vulpecula,471.7808498,0.951,,
7737,,HIP 99968,304.2303571,40.3650759,5.236,4.6323,K3IIIaFe-1,7759,193092,,Cygnus,999.9988402,1.65,,
7738,,HIP 99985,304.2518466,8.963224398,6.49,6.451085,F2,,192895,,Delphinus,218.206223,0.31,,
7739,,HIP 100016,304.3710689,42.72206194,6.273,5.689376,K4+II-III,7762,193217,,Cygnus,1884.39478,1.632,,
7740,,HIP 100018,304.3813743,29.14756227,6.22,5.988276,G9III,7760,193094,,Vulpecula,367.1185115,1.01,,
7741,,HIP 100027,304.4119547,-12.50821219,4.27,3.96283,G3Ib,7747,192876,α 1 Capricorni,Capricornus,686.31501,0.928,,
7742,,HIP 100044,304.4466749,38.03293031,4.82,4.566381,B1-2Ia-0ep,7763,193237,P Cyg,Cygnus,6269.24307,0.377,3,6
7743,,HIP 100062,304.5058204,-21.80995838,5.851,5.586791,G8III,7748,192879,4 Cap,Capricornus,341.3612456,1.002,,
7744,Algedi,HIP 100064,304.513565,-12.54485212,3.58,3.327416,G9III,7754,192947,α 2 Capricorni,Capricornus,108.6304127,0.883,,
7745,,,304.5291159,40.73208384,5.958,5.896626,O9IV(n),7767,193322A,,Cygnus,1552.37996,0.073,,
7746,,HIP 100069,304.5291175,40.73208337,5.84,,O9IV(n)+B1.5V,7767,193322,,Cygnus,1552.37996,0.073,,
7747,,HIP 100097,304.6031278,55.39709615,6,6.001819,A2IV,7781,193592,,Cygnus,290.8119884,0.118,,
7748,,HIP 100108,304.6193967,36.99980421,5.58,5.57188,A2V,7769,193369,36 Cyg,Cygnus,194.5109024,0.056,,
7749,,HIP 100122,304.6628,34.98277055,5.162,4.959805,F6Ib,7770,193370,35 Cyg,Cygnus,2000.000943,0.66,,
7750,,HIP 100142,304.7069498,46.32219298,6.443,6.426928,B2V,7777,193536,V1773 Cyg,Cygnus,2650.407038,-0.123,6.44,6.49
7751,,HIP 100151,304.7332465,-47.71077893,6.28,5.459622,M1III,7745,192827,,Telescopium,674.9473878,1.657,,
7752,,HIP 100155,304.7397383,39.00418466,6.36,5.529575,K4.5Ib,,193469,,Cygnus,2397.059306,1.871,,
7753,,HIP 100165,304.7624974,-63.23074217,6.279,6.014804,K0III,7732,192531,,Pavo,445.3552851,1.045,,
7754,,HIP 100184,304.824382,-47.58029035,6.13,6.015382,F5V,7749,192886,,Telescopium,96.13678599,0.469,,
7755,,HIP 100195,304.8483512,-19.11852538,5.265,4.824424,K2III,7761,193150,σ Capricorni,Capricornus,696.580754,1.394,,
7756,,HIP 100208,304.8720665,13.21676585,6.21,5.43967,M1III,7771,193373,,Delphinus,791.2609661,1.648,,
7757,,HIP 100219,304.9024776,47.89419352,5.9,,"C9,2e",,193680,,Cygnus,2936.938322,3.31,5.9,12.1
7758,,HIP 100221,304.90303,62.25744377,5.709,5.70002,B9V,7792,193964,DE Dra,Draco,378.1894737,-0.043,5.72,5.88
7759,,HIP 100232,304.9302698,-1.078512783,6.042,5.754313,K0III,7768,193329,131 G. Aql,Aquila,405.4724273,1.093,,
7760,,HIP 100250,304.9835103,46.83731794,6.478,6.447167,B8IIInpSi,7786,193722,V1584 Cyg,Cygnus,1220.97476,-0.084,6.48,6.52
7761,,HIP 100256,305.0007861,13.54808849,5.938,5.899871,A5m,7774,193472,,Delphinus,293.9585439,0.299,,
7762,,HIP 100261,305.0250487,68.88031783,5.55,4.187609,M4.5-M5III,7804,194258,AC Dra,Draco,680.583923,1.472,7.14,7.39
7763,,HIP 100268,305.0634076,39.40321385,6.33,,A0V,,193702AB,NAME HD 193702AB,Cygnus,,0.05,,
7764,,HIP 100274,305.0855142,14.56925573,6.17,5.93238,G8III,7778,193556,,Delphinus,549.7470385,0.926,,
7765,,HIP 100276,305.0891947,17.79292617,5.808,5.224592,K5III,7780,193579,,Sagitta,477.306552,1.5,,
7766,,HIP 100295,305.1276718,53.59568767,6.197,5.653773,K5,7791,193944,,Cygnus,1630.000588,1.547,,
7767,,HIP 100300,305.1346417,-55.05088436,6.259,5.538975,M0/1III,7758,193002,,Telescopium,810.9448572,1.617,,
7768,Alshat,HIP 100310,305.1658991,-12.75908063,4.76,4.75221,B9IV,7773,193432,ν Capricorni,Capricornus,272.1204497,-0.047,,
7769,,HIP 100325,305.1939496,-14.78488992,6.1,6.118342,B9/A0III/IV,7775,193452,β2 Cap,Capricornus,451.0281506,-0.016,,
7770,,HIP 100332,305.2162368,-35.67367528,6.463,6.047623,K3III,7765,193302,290 G. Sgr,Sagittarius,443.5362032,1.311,,
7771,Dabih,HIP 100345,305.2527775,-14.7814076,3.08,2.836874,G9II:+B8p:Si:,7776,193495,β Capricorni,Capricornus,555.3585054,0.79,,
7772,,HIP 100357,305.2980177,63.98011739,5.69,5.075905,K5III,7805,194298,,Draco,732.584202,1.561,,
7773,,HIP 100379,305.367732,-66.74968927,6.5,6.381235,F6V,,192887,,Pavo,143.4860217,0.505,,
7774,,HIP 100412,305.4209855,-49.99941669,6.28,6.129248,F9V,7766,193307,,Telescopium,105.7068454,0.549,,
7775,,HIP 100434,305.5127301,41.13213666,6.383,6.084352,G9Ib-II,7795,194069,,Cygnus,1552.37996,1.016,,
7776,,HIP 100435,305.5142934,24.44610139,5.56,5.503935,B6IVe,7789,193911,25 Vul,Vulpecula,1801.105011,-0.09,,
7777,,HIP 100437,305.5223652,45.79499935,5.572,5.290573,K1III,7798,194152,,Cygnus,414.7569076,1.077,,
7778,Sadr,HIP 100453,305.557091,40.25667916,2.23,2.113725,F8Ib,7796,194093,γ Cygni,Cygnus,1523.36595,0.673,,
7779,,HIP 100469,305.6145927,-42.049562,5.59,5.572196,A0V,7779,193571,κ 1 Sagittarii,Sagittarius,244.1949552,0.002,,
7780,,HIP 100486,305.6554458,31.26496492,6.072,5.640295,K2,7797,194097,,Cygnus,607.077418,1.363,,
7781,,HIP 100501,305.6887317,41.02601254,5.93,5.253952,K7III,7800,194193,,Cygnus,855.6427276,1.632,,
7782,,HIP 100511,305.7182051,14.55109758,6.152,6.03745,F7V,7793,194012,,Delphinus,85.18415599,0.498,,
7783,,HIP 100515,305.7313837,42.98354367,6.3,6.048274,G8III,7802,194220,,Cygnus,330.6293172,0.957,,
7784,,HIP 100524,305.7532909,-9.654710523,6.283,6.047626,G5IIIa,7788,193896,,Capricornus,435.2460185,0.913,,
7785,,HIP 100541,305.7945558,5.342981663,5.301,5.042223,G8III-IV,7794,194013,132 G. Aql,Aquila,246.409797,0.983,,
7786,,HIP 100574,305.934871,37.47644707,5.9,5.892078,B2IIIe,7807,194335,V2119 Cyg,Cygnus,893.1523013,-0.173,,
7787,,HIP 100587,305.9650575,32.19013379,4.44,3.97256,K2.5IIIFe-0.5,7806,194317,39 Cyg,Cygnus,255.2858004,1.331,,
7788,,HIP 100591,305.9715694,-42.42287155,5.64,5.589,A5V,7787,193807,κ 2 Sagittarii,Sagittarius,370.4534969,0.201,,
7789,,HIP 100591,305.9715879,-42.42284322,5.93,5.589,~,7787,193807A,* kap02 Sgr A,Sagittarius,370.4534969,0.201,,
7790,,HIP 100651,306.134858,53.55192783,6.479,6.474134,B9V,7815,194668,,Cygnus,1461.882327,-0.025,,
7791,,HIP 100664,306.1562424,1.068404843,6.136,6.137607,A0IIIe,7803,194244,,Aquila,840.2066244,-0.036,,
7792,,HIP 100672,306.1739882,1.368564559,6.42,5.701079,K4/5III,,194263,136 G. Aql,Aquila,864.7218332,1.605,,
7793,,HIP 100697,306.2288238,-83.31061948,6.142,6.116798,A2/3mA8-F0,7698,191220,,Octans,251.7376211,0.203,,
7794,,HIP 100714,306.2708691,59.60009889,6.441,6.429012,A2IVs,7818,194882,,Cygnus,947.67582,0.094,,
7795,,HIP 100738,306.3617811,-28.66326383,5.858,5.561073,G8II/III,7801,194215,296 G. Sgr,Sagittarius,540.6288177,1.101,,
7796,Peacock,HIP 100751,306.4119044,-56.73508973,1.918,,B2IV,7790,193924,α Pavonis,Pavo,183.1462176,-0.118,,
7797,,HIP 100754,306.4188708,21.40964412,5.672,5.438854,G6III,7811,194577,,Vulpecula,543.3346154,0.921,,
7798,,HIP 100758,306.4271857,-2.800374563,6.1,5.747388,M0III,7809,194454,137 G. Aql,Aquila,713.3469386,1.193,,
7799,,HIP 100762,306.43381,10.05600067,6.307,5.69488,K5:III+,7810,194526,,Delphinus,876.3437368,1.571,,
7800,,HIP 100764,306.4496952,-40.79618484,6.08,5.623908,K3III,7799,194184,295 G. Sgr,Sagittarius,352.4322102,1.364,,
7801,,HIP 100779,306.5048675,19.86549313,6.444,6.197215,K0III,7813,194616,,Delphinus,674.9473831,1.037,,
7802,,HIP 100781,306.5066574,13.91161255,6.35,5.784687,K5,,194578,,Delphinus,815.0002943,1.453,,
7803,,HIP 100807,306.5964783,17.31555944,6.222,5.971206,K0,7816,194688,,Delphinus,812.9693133,1.005,,
7804,,HIP 100808,306.5978075,56.63869462,6.369,6.373596,B9V,7827,195066,,Cygnus,546.9792948,0.018,,
7805,,,306.7206187,-37.40289913,6.46,6.202342,K2IV,7808,194433A,,Sagittarius,129.3138173,0.961,,
7806,,HIP 100859,306.7594479,49.38336233,5.715,5.645087,F0V:,7828,195068,43 Cyg,Cygnus,122.7409974,0.339,,
7807,,HIP 100866,306.7823918,34.32906966,6.398,6.250196,F1II,7823,194951,,Cygnus,2469.698653,0.48,,
7808,,HIP 100876,306.8091256,20.4764867,6.43,6.187741,K0,,194841,,Delphinus,1654.822238,1.03,,
7809,,HIP 100881,306.8300078,-18.21169401,5.14,5.126711,B3/5V,7814,194636,π Capricorni,Capricornus,665.3075621,-0.049,,
7810,,HIP 100907,306.892746,38.44035066,5.62,5.626205,A3V,7826,195050,40 Cyg,Cygnus,270.0910953,0.072,,
7811,,HIP 100953,307.031415,8.4374481,6.229,5.942562,G9III,7820,194937,,Delphinus,326.3261174,1.074,,
7812,,HIP 100965,307.0607659,81.42270827,5.368,5.120014,G9III,7901,196787,75 Dra,Draco,455.9437613,1.01,,
7813,,HIP 100969,307.0699266,2.937230696,6.195,5.961942,G8III/IV,7824,194953,,Delphinus,455.9437648,0.899,,
7814,,HIP 100977,307.1037687,-3.357791265,6.117,6.11085,B9V:,7821,194939,68 Aql,Aquila,557.2646019,-0.049,,
7815,,HIP 101011,307.1816244,-15.74149703,6.41,6.144268,G8III,7819,194918,,Capricornus,617.4246645,0.999,,
7816,,HIP 101017,307.194765,-35.595863,6.077,6.069913,B8II/III,7817,194783,,Microscopium,626.9243092,-0.094,,
7817,,HIP 101027,307.2150616,-17.81368308,4.93,,~,7822,194943,* rho Cap A,Capricornus,98.66817517,0.386,,
7818,,HIP 101044,307.2622479,83.62541793,6.19,6.177054,A4m,7930,197508,,Draco,276.9755644,0.163,,
7819,,HIP 101067,307.3349589,36.45472715,5.899,5.739101,A2Iab-Ib,7835,195324,42 Cyg,Cygnus,1689.120709,0.407,,
7820,,HIP 101076,307.3488981,30.36855529,4.01,3.909945,F5Ib-II,7834,195295,41 Cyg,Cygnus,758.1393525,0.404,,
7821,,HIP 101084,307.3629619,56.06819172,5.912,5.959072,B8.5V,7843,195554,,Cygnus,895.6038211,-0.052,,
7822,,HIP 101090,307.3805911,-22.3915653,6.126,5.480979,K5III,7825,195006,,Capricornus,530.9433536,1.543,,
7823,,HIP 101093,307.3954386,62.99411033,4.22,4.164901,A7III,7850,195725,θ Cephei,Cepheus,135.6072435,0.199,,
7824,,HIP 101101,307.4125002,-2.885528157,4.9,4.580437,K1/2III,7831,195135,69 Aql,Aquila,190.866549,1.16,,
7825,,HIP 101123,307.4746229,-18.58318352,5.897,5.918725,A1V,7830,195094,ο 1 Capricorni,Capricornus,238.8280135,0.062,,
7826,,HIP 101134,307.5029919,72.53170115,6.221,5.802819,K4III:,7868,196142,,Draco,682.0085433,1.353,,
7827,,HIP 101138,307.5147539,48.95156682,4.936,4.894649,B2.5IV,7844,195556,ω 1 Cygni,Cygnus,869.3347318,-0.087,4.86,4.89
7828,,HIP 101160,307.574836,10.89592314,6.08,,A1:III,7836,195325,1 Del,Delphinus,565.972064,-0.019,,
7829,,HIP 101160,307.5748413,10.89592698,6.2,,~,7836,195325A,* 1 Del A,Delphinus,565.972064,-0.019,,
7830,,HIP 101211,307.7366653,-29.11266149,6.343,6.308732,A5V,7832,195206,,Microscopium,593.8059567,0.227,,
7831,,HIP 101213,307.7423121,20.6061488,6.2,6.194557,kA1hA9mF2,7839,195479,,Delphinus,345.7068235,0.138,,
7832,,HIP 101214,307.7467878,36.93583988,6.216,5.879742,F5Ib,7847,195593,44 Cyg,Cygnus,1582.525191,0.969,,
7833,,HIP 101221,307.7679439,-15.05616538,6.11,5.903295,K1/2III+F,7837,195330,,Capricornus,318.0489759,0.797,,
7834,,HIP 101243,307.8284023,49.2202955,5.44,4.657627,M2III,7851,195774,ω 2 Cygni,Cygnus,403.9663031,1.566,,
7835,,HIP 101245,307.8381307,52.30952336,6.207,5.93526,K0III,7854,195820,,Cygnus,347.9203627,1.018,,
7836,,HIP 101260,307.8766946,74.95462607,5.185,5.164855,A9:VpCrSrEu,7879,196502,AF Dra,Draco,416.8791671,0.1,5.15,5.22
7837,,HIP 101268,307.9010989,34.33037237,6.467,6.375238,F2,,195690,,Cygnus,146.9794326,0.422,,
7838,,HIP 101285,307.9437891,56.77986268,6.141,5.590997,K5III,7860,195964,,Cygnus,821.158434,1.431,,
7839,,HIP 101300,307.9926218,25.80496962,6.362,,kA2hF1mF0,7849,195692,,Vulpecula,264.3958737,0.281,,
7840,,HIP 101339,308.085058,2.132804373,6.46,5.878668,K4III,,195617,142 G. Aql,Aquila,1131.94413,1.514,,
7841,,HIP 101345,308.0987279,-9.853384506,5.65,5.492333,G2.5IV,7845,195564,,Capricornus,79.01101878,0.689,,
7842,,HIP 101384,308.2181658,-24.94382608,6.339,6.346929,A0V,7842,195549,,Capricornus,350.1599881,0.001,,
7843,Aldulfin,HIP 101421,308.3032203,11.30326639,4.03,4.015604,B6IV,7852,195810,ϵ Delphini,Delphinus,358.6359886,-0.123,,
7844,,HIP 101427,308.3234859,-80.96488735,5.767,5.416933,G6/8II,7785,193721,,Octans,526.6564547,1.122,,
7845,,HIP 101474,308.4757837,35.25084418,4.636,3.877334,K6:Ib+B2.5:,7866,196093,47 Cyg A,Cygnus,928.7743338,1.593,,
7846,,HIP 101475,308.4785148,46.69385208,5.769,5.739681,B8pSi,7870,196178,V2015 Cyg,Cygnus,480.8273509,-0.14,5.62,5.64
7847,,HIP 101477,308.4794691,-44.51604562,5.118,4.849891,K0III,7846,195569,ν Microscopii,Microscopium,215.8942326,0.999,,
7848,,HIP 101483,308.4876748,13.02720387,5.38,5.379509,A3IVs,7858,195943,η Delphini,Delphinus,172.9443652,0.093,,
7849,,HIP 101489,308.499683,4.898662483,6.418,6.177644,G8III,,195909,,Delphinus,622.1386245,1.016,,
7850,,HIP 101505,308.5415971,20.98518641,6.47,6.456695,B3IV,7862,196035,,Vulpecula,1475.114673,-0.138,,
7851,,HIP 101507,308.5487353,-13.72109127,6.116,5.994453,F9VFe-0.6CH-0.3,7855,195838,,Capricornus,107.0607211,0.543,,
7852,,HIP 101552,308.6974663,-30.47347074,6.402,6.402053,B8V,7856,195843,,Microscopium,592.7268962,-0.075,,
7853,,HIP 101556,308.7100149,51.85422268,6.18,6.092767,A9II,7876,196379,,Cygnus,7244.439822,0.318,,
7854,,HIP 101558,308.7311499,-38.08989127,6.432,6.39128,A5mA7-A9,7853,195814,,Microscopium,218.206225,0.264,,
7855,,HIP 101570,308.7761305,-71.18877941,6.4,6.004083,K2III,,195190,,Pavo,804.9399352,1.305,,
7856,,HIP 101589,308.8272342,14.67421499,4.647,4.614309,A3Va,7871,196180,ζ Delphini,Delphinus,227.0196346,0.12,,
7857,,HIP 101608,308.8844019,-16.52587563,6.177,6.159684,A5II/III,7865,196078,,Capricornus,234.5323094,0.218,,
7858,,HIP 101612,308.8952086,-60.58174912,4.745,4.668942,F0V,7848,195627,ϕ 1 Pavonis,Pavo,89.88149563,0.291,,
7859,,HIP 101623,308.9492019,-44.3376105,6.37,6.132371,K1III,,195902,,Microscopium,410.580851,0.958,,
7860,,HIP 101626,308.9654995,-69.61058352,6.084,5.693074,K2III,7838,195402,,Pavo,829.517084,1.293,,
7861,,HIP 101641,309.0347449,25.88265707,6.406,6.385137,A5III,7874,196362,26 Vul,Vulpecula,701.0762916,0.158,,
7862,,HIP 101684,309.1598255,-63.12096791,6.34,6.244892,F2V,,195772,,Pavo,191.2023324,0.413,,
7863,,HIP 101692,309.181805,-2.549954643,4.88,4.255721,K4+IIIBa1,7873,196321,70 Aql,Aquila,2202.704558,1.606,,
7864,,HIP 101716,309.2694684,26.46194622,5.583,5.580162,B8V,7880,196504,27 Vul,Vulpecula,305.2436881,-0.05,,
7865,,HIP 101746,309.3265893,0.09695938289,6.211,6.195012,B8IIIpec,7878,196426,145 G. Aql,Aquila,642.9993721,-0.076,,
7866,,HIP 101756,309.3482671,38.32866656,6.202,5.945679,K0III,7888,196642,,Cygnus,328.2984158,1.011,,
7867,,HIP 101765,309.382407,31.57253969,6.304,6.30386,B8IIIn,7885,196606,48 Cyg,Cygnus,783.6553812,-0.089,,
7868,,HIP 101768,309.3862906,31.52191088,6.496,6.428611,F0V,7887,196629,,Cygnus,160.5912414,0.371,,
7869,Rotanev,HIP 101769,309.3872554,14.59508875,3.63,3.999137,F5IV,7882,196524,β Delphini,Delphinus,97.34265544,0.425,,
7870,,HIP 101772,309.3918007,-47.29150145,3.11,2.85215,K0III-IV,7869,196171,α Indi,Indus,101.210977,0.998,,
7871,,HIP 101773,309.3971353,-61.52992114,4.849,4.776536,Fm_dD,7859,195961,ρ Pavonis,Pavo,194.8597277,0.447,4.85,4.905
7872,,HIP 101800,309.4546657,11.37767523,5.418,5.4185,A1IV,7883,196544,ι Delphini,Delphinus,177.1738906,0.05,,
7873,,HIP 101808,309.4676211,-25.10921599,6.377,6.304085,A9V,7877,196385,,Capricornus,164.1492103,0.328,,
7874,,HIP 101810,309.4780321,18.26858187,5.89,3.792551,M6III,7886,196610,EU Del,Delphinus,355.8943269,1.162,5.79,6.9
7875,,HIP 101843,309.5775265,-81.28906281,5.889,5.104788,K5III,7812,194612,,Octans,635.478554,1.692,,
7876,,HIP 101847,309.5845187,-1.10511725,4.33,4.074997,G7.5IIIa,7884,196574,71 Aql,Aquila,383.5293581,0.949,,
7877,,HIP 101867,309.6305785,21.20116256,4.82,4.802192,A0Va(_sh),7891,196724,29 Vul,Vulpecula,213.4906291,-0.03,,
7878,,HIP 101868,309.632977,24.11595912,5.049,5.020863,B5IV,7894,196740,28 Vul,Vulpecula,493.1925362,-0.133,,
7879,,HIP 101870,309.6457963,23.6804964,5.929,5.602673,K1II+B7,7895,196753,,Vulpecula,1975.759573,0.953,,
7880,,HIP 101882,309.6832772,13.31512652,5.71,5.190834,K3Ib,7892,196725,θ Delphini,Delphinus,1304.000471,1.509,,
7881,,HIP 101899,309.7479857,30.33426695,5.673,5.380294,K2III,7904,196852,,Cygnus,386.2547171,1.088,,
7882,,HIP 101900,309.7507555,56.00484843,6.45,6.371233,F2Vn,7916,197101,,Cygnus,424.47823,0.403,,
7883,,HIP 101909,309.7707002,15.83819755,5.98,5.956425,B3V,7899,196775,,Delphinus,1298.804029,-0.145,,
7884,,HIP 101911,309.7744174,-4.929514885,6.45,6.187056,K2III,,196676,1 G. Aqr,Aquarius,234.0273342,1.016,,
7885,,HIP 101919,309.7943701,21.81744234,6.075,6.074164,A0III,7903,196821,,Vulpecula,926.1369932,-0.043,,
7886,,HIP 101921,309.8052116,-2.412974801,6.22,6.207704,B7Ve,7890,196712,2 G. Aqr,Aquarius,1230.187525,-0.09,,
7887,,HIP 101923,309.8180114,-14.95477306,5.38,5.2188,B4V,7889,196662,* 14 Cap A,Capricornus,1752.687476,-0.129,,
7888,,HIP 101936,309.8537196,0.4864319446,5.153,4.865902,K0III,7897,196758,1 Aqr,Aquarius,244.5613756,1.06,,
7889,Sualocin,HIP 101958,309.9094985,15.91216001,3.8,3.735891,B9IV,7906,196867,α Delphini,Delphinus,240.5903671,-0.057,,
7890,,HIP 101965,309.9656602,-62.90781653,6.225,5.890188,K1III,7872,196317,,Pavo,425.5866373,1.099,,
7891,,HIP 101966,309.9661452,11.24963895,6.385,6.276973,F8V,7907,196885,,Delphinus,107.5990262,0.559,,
7892,,HIP 101983,310.0109895,-60.54889405,5.121,4.97734,G0VFe-0.8CH-0.5,7875,196378,ϕ 2 Pavonis,Pavo,78.87736152,0.544,,
7893,,HIP 101984,310.0122681,-18.13865741,5.1,4.298475,M1III,7900,196777,υ Capricorni,Capricornus,754.6283337,1.647,,
7894,,HIP 101986,310.0131634,43.4588776,5.965,5.616895,K2III,7919,197139,,Cygnus,470.418167,1.186,,
7895,,HIP 101997,310.0489796,-23.77386628,6.37,6.179915,G7.5IV-V,7898,196761,,Capricornus,47.74467392,0.719,,
7896,,HIP 102014,310.0826163,-33.43184615,5.466,5.163952,K1III,7893,196737,,Microscopium,239.0030759,1.118,,
7897,,HIP 102026,310.1354939,-16.12417635,5.799,5.519579,K0III,7905,196857,,Capricornus,329.2927194,0.997,,
7898,,HIP 102032,310.1495937,-26.64515895,6.5,6.379138,G0/1V,7902,196815,,Capricornus,377.3157975,0.594,,
7899,,HIP 102033,310.1511574,29.80555327,6.03,6.056167,A2V,7917,197120,,Cygnus,267.2131659,0.163,,
7900,,HIP 102040,310.1880863,19.93553614,6.44,6.285079,G5V,7914,197076,,Delphinus,68.41568644,0.611,,
7901,,HIP 102057,310.2317736,-42.39668859,6.26,6.035064,G6III,,196748,,Microscopium,467.0473311,0.934,,
7902,,HIP 102062,310.2515054,39.08232852,6.497,,B6III,7922,197226,,Cygnus,1015.575125,-0.105,,
7903,,HIP 102066,310.2605926,32.30728852,5.638,5.37537,G8IIb,7921,197177,49 Cyg,49 Cyg,Cygnus,804.9399286,0.871,
7904,,HIP 102080,310.3175331,14.58287795,5.998,5.639522,K4III:,7918,197121,10 Del,Delphinus,488.0254348,1.235,,
7905,,HIP 102092,310.3485736,-31.59828707,5.74,5.017952,M1III,7909,196917,,Microscopium,419.024253,1.551,,
7906,,HIP 102094,310.3510904,-25.99991055,6.29,5.934816,K2III,7910,196947,,Capricornus,644.2675142,1.224,,
7907,,HIP 102096,310.3527687,-42.13378018,6.35,5.103036,M4III,,196829,AV Mic,Microscopium,934.0979203,1.584,6.25,6.35
7908,Deneb,HIP 102098,310.3579798,45.28033881,1.25,,A2Ia,7924,197345,α Cygni,Cygnus,2615.775094,0.092,1.21,1.29
7909,,HIP 102125,310.4337568,-75.35080084,6.44,6.342613,G0V,7864,196067,μ 2 Octantis,Octans,142.1063888,0.62,,
7910,,HIP 102155,310.4854228,41.71687448,5.664,5.648362,B8II-III,7926,197392,,Cygnus,1041.534514,-0.107,,
7911,,HIP 102157,310.4878189,-66.76068072,5.134,5.112833,B9III,7881,196519,υ Pavonis,Pavo,840.2066276,-0.061,,
7912,,HIP 102158,310.4923522,17.52149012,6.238,5.983856,G8III,7923,197249,LU Del,Delphinus,432.3609144,0.942,6.22,6.47
7913,,HIP 102162,310.5124469,-76.18059206,5.977,5.872927,F6II/III,7863,196051,μ 1 Octantis,Octans,336.7776856,0.45,,
7914,,HIP 102177,310.5526272,50.3400186,5.401,5.377267,B2V,7929,197511,51 Cyg,Cygnus,923.5126909,-0.107,,
7915,,HIP 102208,310.6468172,82.53115697,5.75,5.739139,A0V,8002,199095,76 Dra,Draco,357.8470656,0,,
7916,,HIP 102216,310.6653585,60.60131767,6.16,6.160706,A2IV,7938,197734,,Cepheus,724.4439785,0.034,,
7917,,HIP 102230,310.7206729,-39.55883056,6.289,6.026669,K1III,7915,197093,,Microscopium,1314.517238,1.073,,
7918,,HIP 102253,310.7959214,66.65744732,5.6,5.552067,A8V,7945,197950,4 Cep,Cepheus,138.7824842,0.218,,
7919,,HIP 102258,310.8070154,57.11399188,6.334,6.241481,B2III,7940,197770,V379 Cep,Cepheus,6269.243068,0.282,6.65,6.71
7920,,HIP 102276,310.8507988,35.58779921,6.47,6.199011,F7Ib,7932,197572,X Cyg,Cygnus,2217.68752,1.251,5.85,6.91
7921,,HIP 102281,310.8647231,15.07457868,4.417,4.329188,kA7hF1VmF1pSrEuCr:,7928,197461,δ Delphini,Delphinus,203.3686515,0.302,4.38,4.49
7922,,HIP 102333,311.0097249,-51.92097035,4.495,4.435362,A9IV,7920,197157,η Indi,Indus,78.78216885,0.278,,
7923,,HIP 102358,311.0918821,56.4884052,5.95,4.848727,M3III,7944,197939,V414 Cep,Cepheus,964.4974255,1.643,,
7924,,HIP 102370,311.1376272,69.75181247,6.48,6.248231,G8III,7967,198236,,Cepheus,431.2166521,0.973,,
7925,,HIP 102388,311.2188031,25.27062987,4.91,4.569888,K1III,7939,197752,30 Vul,Vulpecula,364.6539492,1.183,,
7926,,HIP 102395,311.2395566,-66.20321158,3.408,3.405488,A7III,7913,197051,β Pavonis,Pavo,137.4947909,0.163,,
7927,,HIP 102414,311.304668,-27.24728015,6.492,6.262604,G8III,7931,197540,,Capricornus,470.4181711,0.946,,
7928,,HIP 102422,311.3223965,61.83878173,3.41,3.177913,K0IV,7957,198149,η Cephei,Cepheus,46.75167281,0.912,,
7929,,HIP 102431,311.3380386,57.57971652,4.51,4.32131,F8IV-V+F9IV-V,7955,198084,,Cepheus,88.41872596,0.535,,
7930,,HIP 102440,311.3676489,18.09003843,6.38,4.558765,M4-6II-III,7941,197812,,Delphinus,1239.543727,1.419,,
7931,,HIP 102453,311.415638,30.71971454,4.23,3.920245,K0IIIa,7942,197912,52 Cyg,Cygnus,205.8081093,1.051,,
7932,,HIP 102485,311.5238875,-25.27089819,4.122,4.030625,F5V,7936,197692,ψ Capricorni,Capricornus,47.82878173,0.426,,
7933,,HIP 102487,311.5416167,-21.51403602,5.902,5.909777,A1V,7937,197725,17 Cap,Capricornus,269.6444778,0.066,,
7934,Aljanah,HIP 102488,311.5528012,33.97032834,2.48,2.210965,K0III,7949,197989,ϵ Cygni,Cygnus,72.0284187,1.021,,
7935,,HIP 102496,311.5775275,-36.12015283,6.481,6.394914,F3/5V,7935,197649,,Microscopium,226.0748891,0.433,,
7936,,HIP 102497,311.5836158,-39.19926638,5.47,5.471083,B8/9V,7933,197630,,Microscopium,319.9215213,-0.078,,
7937,,HIP 102499,311.5883532,52.9952986,6.341,6.012649,K0,7962,198181,,Cygnus,433.5116931,1.131,,
7938,,HIP 102530,311.6608044,46.53169012,6.303,6.28451,A3V,7958,198151,,Cygnus,413.1823258,0.064,,
7939,,HIP 102531,311.661921,16.12412827,4.96,5.017348,F8V,7947,197963,γ 1 Delphini,Delphinus,102.8716167,0.495,,
7940,,HIP 102532,311.6645826,16.12429395,4.25,3.989937,K1IV,7948,197964,γ 2 Delphini,Delphinus,101.4313482,1.042,,
7941,,HIP 102561,311.7648396,-2.486908635,6.26,5.648657,K4III,7946,197954,7 G. Aqr,Aquarius,787.440244,1.558,,
7942,,HIP 102571,311.7948014,34.3741225,4.93,4.514234,K3III,7956,198134,T Cyg,Cygnus,398.5318809,1.294,4.91,4.96
7943,,HIP 102585,311.8365339,45.57993436,6.411,5.689029,K3III,7966,198237,,Cygnus,1309.236031,1.606,,
7944,,HIP 102589,311.852215,36.49069443,4.76,,~,7963,198183A,* lam Cyg A,Cygnus,878.7072348,-0.083,,
7945,,HIP 102589,311.8522403,36.49071491,4.54,,B5V,7963,198183,λ Cygni,Cygnus,878.7072348,-0.083,,
7946,,HIP 102589,311.8522574,36.49096451,6.25,,~,7963,198183B,* lam Cyg B,Cygnus,878.7072348,-0.083,,
7947,,HIP 102599,311.8893955,80.55225997,5.371,5.026581,K1III,8016,199437,,Draco,401.4789213,1.144,,
7948,Albali,HIP 102618,311.9189566,-9.495776927,3.77,3.774703,B9.5V,7950,198001,ϵ Aquarii,Aquarius,229.4160623,0,,
7949,,HIP 102624,311.934327,-5.027701148,4.44,3.449377,M3III,7951,198026,3 Aqr,Aquarius,444.74892,1.639,4.41,4.47
7950,,HIP 102631,311.9494947,3.30646661,6.4,6.372416,B9V,7954,198070,,Delphinus,467.0473274,-0.013,,
7951,,HIP 102633,311.9513875,6.008208667,5.64,5.64929,A0V,7953,198069,13 Del,Delphinus,513.3849841,-0.01,,
7952,,HIP 102635,311.9553603,47.83186804,5.586,5.067395,K5III,7969,198345,,Cygnus,537.955611,1.466,,
7953,,HIP 102670,312.0768155,-44.19683298,6.477,6.1327,K2III,,197900,,Microscopium,584.2280733,1.161,,
7954,,HIP 102693,312.1214697,-43.98848406,5.1,5.010255,F2V,7943,197937,ι Microscopii,Microscopium,133.8810781,0.361,,
7955,,,312.1780916,51.91033514,6.4,6.382968,B8Vn,7978,198513A,,Cygnus,791.2609627,-0.071,,
7956,,HIP 102724,312.2345483,46.11413435,4.86,4.673104,B2.5Ia,7977,198478,55 Cyg,Cygnus,2248.276111,0.571,4.81,4.87
7957,,HIP 102770,312.3218241,-0.5633371812,6.36,4.669272,M5III,,198272,,Aquarius,942.1957598,1.401,,
7958,,HIP 102771,312.3224621,64.04225861,6.451,6.399484,B0.5V,7993,198781,,Cepheus,2566.931446,0.025,,
7959,,HIP 102772,312.3233879,-25.78124433,5.849,5.834081,B8II,7961,198174,,Capricornus,910.6161302,-0.069,,
7960,,HIP 102773,312.3257146,-68.77652113,5.407,5.103087,K0III,7934,197635,σ Pavonis,Pavo,304.6728675,1.122,,
7961,,HIP 102780,312.3355955,-18.03585624,6.193,5.713526,K3III,7964,198208,,Capricornus,1124.139687,1.402,,
7962,,HIP 102790,312.3706774,-46.22682698,4.882,4.303025,K5III,7952,198048,ζ Indi,Indus,404.4650882,1.494,,
7963,,HIP 102805,312.4073638,12.54512747,5.991,5.888552,F5V,7973,198390,15 Del,Delphinus,96.42105243,0.42,,
7964,,HIP 102819,312.4510847,7.864186844,6.318,6.315809,A1Vs,7974,198391,14 Del,Delphinus,517.4599853,0.019,,
7965,,HIP 102827,312.4776754,46.6613367,6.333,6.326469,B4Ve,7983,198625,V2136 Cyg,Cygnus,918.3097287,-0.066,,
7966,,HIP 102831,312.4920044,-33.77970399,4.89,4.634109,G8III,7965,198232,α Microscopii,Microscopium,380.3964986,1.004,,
7967,,HIP 102833,312.496219,5.544585579,6.188,5.952982,K0,7975,198404,,Delphinus,495.4419374,0.986,,
7968,,HIP 102891,312.6740697,-12.5449022,5.872,5.563627,K1III,7976,198431,11 G. Aqr,Aquarius,249.6173116,1.075,,
7969,,HIP 102901,312.6964515,-32.05460473,6.405,5.834729,K5III,7970,198356,,Microscopium,695.0974525,1.513,,
7970,,HIP 102916,312.753159,-37.91333116,5.5,5.056479,K3III,7971,198357,,Microscopium,626.9243082,1.38,,
7971,,HIP 102945,312.8572844,-5.62663108,6.07,,F7IV+F6:V:,7982,198571,4 Aqr,Aquarius,192.1037182,0.464,,
7972,,HIP 102945,312.8572878,-5.626633419,6.4,,F7IV,7982,198571A,* 4 Aqr A,Aquarius,192.1037182,0.464,,
7973,,HIP 102949,312.8676599,28.25050545,5.77,5.499797,F5Ib+A0.8V,7988,198726,T Vul,Vulpecula,1671.797062,0.616,5.41,6.09
7974,,HIP 102950,312.8752124,-51.60817858,5.044,4.733231,K1II/III,7968,198308,ι Indi,Indus,566.9565874,1.125,,
7975,,,312.9104481,-62.42932922,6.21,,A3IV(n),7959,198160,CD-62 1338A,Pavo,238.4785431,0.14,,
7976,,HIP 102962,312.9104534,-62.42932812,5.65,,A2III+A3III,7959,198160,,Pavo,238.4785431,0.203,,
7977,,HIP 102978,312.9553772,-26.91913485,4.12,3.39904,M0IIIBa0.5,7980,198542,ω Capricorni,Capricornus,628.1305078,1.633,,
7978,,HIP 102989,312.994841,-33.17797364,6.055,6.049467,A1IV,7979,198529,β Microscopii,Microscopium,661.2586402,0.029,,
7979,,HIP 102993,313.0016222,32.84889709,6.44,6.395309,B3III,7996,198820,,Cygnus,1952.095224,-0.138,,
7980,,HIP 103004,313.0320425,27.0969442,4.568,4.348585,G7IIIFe-1,7995,198809,31 Vul,Vulpecula,216.467661,0.835,,
7981,,HIP 103005,313.0362243,-5.507058186,5.554,5.527545,B9III,7985,198667,5 Aqr,Aquarius,752.8874913,-0.076,,
7982,,HIP 103045,313.1634619,-8.983327395,4.72,4.623134,A3II,7990,198743,μ Aquarii,Aquarius,155.164319,0.325,,
7983,,,313.2548126,-23.78321134,6.47,6.225727,~,7989,198732A,,Capricornus,244.5613766,0.876,,
7984,,HIP 103077,313.2733254,-11.57365407,6.389,6.226234,G5V,7994,198802,15 G. Aqr,Aquarius,147.0456122,0.661,,
7985,,HIP 103079,313.280698,29.64909852,6.355,6.075916,K2,7999,198976,,Cygnus,426.701551,1.085,,
7986,,HIP 103089,313.311495,44.3872633,4.77,4.72838,B5V,8001,199081,57 Cyg,Cygnus,500.7687773,-0.134,,
7987,,HIP 103094,313.3273715,45.18168078,5.462,5.189621,K0II,8003,199098,,Cygnus,744.2941255,1.088,,
7988,,HIP 103103,313.3540028,-30.71895299,6.342,6.053325,K1III,7991,198751,,Microscopium,530.9433527,1.1,,
7989,,HIP 103127,313.4174391,-39.80986368,5.334,4.936025,K2III,7987,198716,,Microscopium,411.6175302,1.318,,
7990,,HIP 103145,313.4745487,33.43789256,5.47,4.869454,K5III,8005,199101,,Cygnus,609.346377,1.522,,
7991,,HIP 103154,313.4932793,-6.889459356,6.434,6.350102,F2III/IV,7998,198949,18 G. Aqr,Aquarius,229.9014759,0.361,,
7992,,HIP 103168,313.5273708,-27.9252373,6.409,5.622816,M1III,7997,198853,BY Mic,Microscopium,956.0116465,1.634,,
7993,,HIP 103200,313.6401632,28.05762369,5.01,4.486922,K4III,8008,199169,32 Vul,Vulpecula,739.2280842,1.481,,
7994,,HIP 103206,313.646282,-50.72734256,6.219,6.215224,B5IV,7992,198766,,Indus,1552.379964,-0.098,,
7995,,HIP 103219,313.6847969,75.92557254,5.988,5.744365,G5III,8043,200039,,Cepheus,434.088713,0.946,,
7996,,HIP 103226,313.6992352,-17.92289458,5.782,5.419931,K0III,8000,199012,19 Cap,Capricornus,395.1512625,1.122,,
7997,,HIP 103227,313.7024921,-58.45414476,3.65,3.322985,K1II,7986,198700,β Indi,Indus,602.5884007,1.25,,
7998,,HIP 103294,313.9028708,13.72153627,5.182,4.867437,K0III,8011,199253,17 Del,Delphinus,473.8379087,1.119,,
7999,,HIP 103298,313.9107077,12.56857706,5.54,5.520574,A5V,8012,199254,16 Del,Delphinus,199.3885154,0.131,,
8000,,,313.9194907,4.532722069,6.34,6.094588,~,8010,199223A,,Delphinus,361.4200287,0.824,,
8001,,HIP 103301,313.9194923,4.53272137,6.05,,K0III+F/G,8010,199223,,Delphinus,361.4200286,0.824,,
8002,,HIP 103312,313.9575166,47.41765669,5.64,5.531616,B7Ia,8020,199478,V2140 Cyg,Cygnus,9314.279771,0.408,5.65,5.84
8003,,HIP 103346,314.0708815,56.88751765,6.218,6.195318,B2.5IV,8029,199661,,Cepheus,795.1208037,-0.172,,
8004,,HIP 103359,314.1061562,50.72859675,5.82,5.753169,F0III,8025,199611,,Cygnus,173.8666166,0.337,,
8005,,HIP 103360,314.107898,49.19583119,5.913,5.635965,G8II-III,8026,199612,,Cygnus,1273.437957,1.054,,
8006,,HIP 103371,314.1449079,44.92472247,5.96,5.894985,O6.5V((f))z,8023,199579,,Cygnus,3927.714619,0.02,,
8007,,HIP 103389,314.1972153,-26.29637787,5.7,5.574096,F6V,8013,199260,,Capricornus,68.47306463,0.507,,
8008,,HIP 103401,314.2251107,-9.697541799,5.48,4.948179,K4III,8015,199345,7 Aqr,Aquarius,601.4767365,1.474,,
8009,,HIP 103413,314.2934114,41.16713095,3.94,3.88561,A0IIIn,8028,199629,ν Cygni,Cygnus,355.5063846,0.027,,
8010,,HIP 103414,314.2940728,0.4637798902,6.047,5.71759,K2III,8017,199442,,Aquarius,318.3596511,1.217,,
8011,,HIP 103460,314.4193535,-16.03153898,5.869,5.858628,A2/3III,8018,199443,,Capricornus,185.4379942,0.18,,
8012,,HIP 103511,314.5681277,22.32590735,5.288,4.799526,K3.5III,8032,199697,33 Vul,Vulpecula,397.0779203,1.419,,
8013,,HIP 103519,314.5811099,44.47170581,5.547,5.304339,K0III:Fe-0.5,8035,199870,,Cygnus,264.6103795,0.973,,
8014,Musica,HIP 103527,314.6080564,10.83928635,5.506,5.269335,G6III,8030,199665,,Delphinus,238.4203956,0.924,,
8015,,,314.6251399,50.46179186,5.96,5.950958,B7IVn,8040,199955A,,Cygnus,1263.566673,-0.144,,
8016,,HIP 103530,314.6251411,50.46178914,5.9,,B7IVn+B7IV,8040,199955,,Cygnus,1263.566673,-0.144,,
8017,,HIP 103532,314.6289748,41.93992549,6.156,6.147881,B9III:,8036,199892,,Cygnus,465.0489442,-0.079,,
8018,,HIP 103545,314.6743328,-14.48312505,5.963,5.928009,A9V,8024,199603,DV Aqr,Aquarius,275.5708326,0.244,5.89,6.25
8019,,HIP 103569,314.7684236,4.293559756,6.31,5.507356,F6(V),8034,199766,* eps Equ B,Equuleus,196.504067,0.464,,
8020,,HIP 103569,314.7686751,4.293505178,5.96,5.507356,F5(V),8034,199766A,* eps Equ A,Equuleus,196.504067,0.464,,
8021,,HIP 103596,314.8525807,42.3244637,6.465,6.452356,B9,,200030,,Cygnus,767.0587136,-0.077,,
8022,,HIP 103598,314.8557696,59.43860015,5.526,5.049916,K4III,8049,200205,,Cepheus,586.3307679,1.411,,
8023,,HIP 103616,314.9005817,-19.03527855,6.25,6.247842,ApSi,8033,199728,20 Cap,Capricornus,430.0789149,-0.11,6.2,6.25
8024,,HIP 103632,314.9564755,47.52093437,4.75,4.549879,B1.5Vnne,8047,200120,59 Cyg,Cygnus,1124.139683,-0.084,4.49,4.88
8025,,HIP 103646,314.9987192,-36.12963847,6.096,6.006979,F2V,8031,199684,,Microscopium,135.2137654,0.4,,
8026,,HIP 103652,315.0166244,7.516188253,5.995,5.934989,F1Vp,8038,199942,,Equuleus,235.3792544,0.283,,
8027,,HIP 103673,315.0895123,-51.26531341,5.761,5.643579,F5.5V,8027,199623,,Indus,92.95697925,0.48,,
8028,,HIP 103675,315.115368,19.32958138,5.702,4.795924,M3III,8044,200044,,Delphinus,595.9771124,1.588,,
8029,,HIP 103682,315.1410035,-4.73025963,6.192,6.063654,G1V,8041,199960,11 Aqr,Aquarius,86.24332921,0.635,,
8030,,HIP 103693,315.1809271,-53.73906902,6.26,5.594054,K5/M0III,,199642,,Indus,804.9399335,1.563,,
8031,,HIP 103703,315.2156907,-17.53089521,6.05,5.687944,K3III,,199947,21 Cap,Capricornus,545.1504364,1.267,,
8032,,HIP 103732,315.2955323,46.15577644,5.432,5.348647,B1Ve,8053,200310,60 Cyg,Cygnus,1364.01709,-0.206,5.33,5.48
8033,,HIP 103734,315.3036032,36.02601183,5.997,5.76347,G5III,8051,200253,,Cygnus,657.2586139,0.994,,
8034,,HIP 103738,315.3227848,-32.2577301,4.654,4.431923,G8III,8039,199951,γ Microscopii,Microscopium,223.440807,0.89,,
8035,,HIP 103752,315.3667421,-68.20960768,6.36,6.352049,A2V,8019,199475,,Pavo,271.6666592,0.101,,
8036,,HIP 103777,315.438664,-26.88099818,6.037,6.041818,A3V,8045,200052,,Capricornus,297.9892096,0.073,,
8037,,,315.5375224,56.66961454,6.23,6.287569,B8IVs,8065,200614A,,Cepheus,729.3078996,-0.058,,
8038,,HIP 103822,315.5873254,39.50903291,6.44,5.934489,K3III,,200465,,Cygnus,1411.254507,1.51,,
8039,,HIP 103828,315.6008323,44.79097928,6.23,4.950846,M4.5III,8062,200527,V1981 Cyg,Cygnus,1234.849323,1.687,7.5,8.1
8040,,HIP 103836,315.6131894,-38.53096957,5.94,5.609565,K2III,8046,200073,,Microscopium,214.3326901,1.106,,
8041,,HIP 103871,315.7025812,45.84889105,6.486,6.479188,B3Vn,8064,200595,,Cygnus,1352.698366,-0.124,,
8042,,HIP 103882,315.7414708,-38.63144437,5.305,5.206048,F5V,8048,200163,ζ Microscopii,Microscopium,115.1129241,0.424,,
8043,,HIP 103889,315.7484452,-0.9247449347,6.488,6.475927,B8III,8054,200340,,Aquarius,1455.359065,-0.094,,
8044,,HIP 103891,315.7574783,14.73002685,6.329,5.523605,M1III,8057,200430,,Delphinus,633.0107259,1.68,,
8045,,HIP 103894,315.7701647,38.65741384,6.097,5.850463,G8III,8063,200577,,Cygnus,654.6180127,1.011,,
8046,,HIP 103902,315.792456,-27.73159231,6.26,6.155763,K0III,8050,200245,,Microscopium,1263.566677,0.945,,
8047,,HIP 103929,315.8587092,50.35191528,6.364,6.136009,K0,8072,200740,,Cygnus,388.0966159,0.986,,
8048,,HIP 103949,315.9311111,46.86313706,6.31,6.263592,F0IVn,8074,200753,,Cygnus,262.9034426,0.259,,
8049,,HIP 103956,315.9484267,53.28591168,5.918,5.685782,K0III,8078,200817,,Cygnus,404.970382,1.001,,
8050,,HIP 103963,315.967232,41.62817456,6.324,6.252148,F3IV,8071,200723,,Cygnus,330.2935351,0.39,,
8051,,HIP 103981,316.019685,-5.823059619,5.8,,K0/1III,8059,200497,* 12 Aqr A,Aquarius,540.6288141,0.683,,
8052,,HIP 104019,316.1012369,-19.85509188,4.84,4.829411,A5V,8060,200499,η Capricorni,Capricornus,157.9457521,0.169,,
8053,,HIP 104031,316.1443817,5.502864354,5.585,4.984289,K5III,8066,200644,ζ Equ,Equuleus,687.7624462,1.65,,
8054,,HIP 104041,316.1735022,2.942274269,6.413,6.12727,K0III,8067,200661,,Equuleus,399.5098819,1.051,,
8055,,HIP 104043,316.1794278,-77.02376836,5.15,4.964048,F6(m)pec,8021,199532,α Octantis,Octans,147.7119608,0.49,,
8056,,HIP 104048,316.189065,2.269779335,6.349,6.079485,G8III/IV,8068,200663,38 G. Aqr,Aquarius,387.6336976,0.965,,
8057,,HIP 104060,316.2327497,43.92785335,3.73,3.063898,K4.5Ib-II,8079,200905,ξ Cygni,Cygnus,1176.896282,1.609,,
8058,,HIP 104085,316.3093697,-54.72704156,5.163,4.81676,K2III,8055,200365,μ Indi,Indus,348.663648,1.201,,
8059,,HIP 104105,316.3719404,78.12639144,5.907,5.902229,B8Vn,8112,201908,77 Dra,Cepheus,412.1358649,-0.065,,
8060,,HIP 104139,316.4867853,-17.23286284,4.07,4.078666,A1V,8075,200761,θ Capricorni,Capricornus,158.1755818,-0.01,,
8061,,HIP 104148,316.5047418,-30.12514534,5.687,5.421928,K0/1III,8070,200718,δ Microscopii,Microscopium,331.6366598,1.047,,
8062,,HIP 104171,316.5970914,71.4317978,5.877,5.789274,F3IV,8099,201636,,Cepheus,160.1178874,0.386,,
8063,,HIP 104172,316.5978325,26.92436084,6.13,5.859046,K0II-III,8082,201051,,Vulpecula,347.9203618,1.026,,
8064,,HIP 104174,316.6028221,-32.34161896,5.196,4.888074,K2III,8076,200763,2 PsA,Microscopium,353.5797279,1.104,,
8065,,HIP 104177,316.6063326,-41.38596449,5.505,5.123853,K3III,8069,200702,η Microscopii,Microscopium,931.427978,1.35,,
8066,,HIP 104185,316.6260175,31.18465636,5.82,5.651271,F7II-,8084,201078,DT Cyg,Cygnus,1895.348382,0.554,5.57,5.96
8067,,HIP 104194,316.6503893,47.64840339,4.514,3.965598,K4Ib-IIa,8089,201251,63 Cyg,Cygnus,981.928651,1.569,,
8068,,HIP 104202,316.6660095,3.80311853,6.487,6.248556,G8IV,,200964,,Equuleus,222.9279619,0.891,,
8069,,HIP 104214,316.7247483,38.74941732,5.21,4.766713,K5V,8085,201091,61 Cyg A,Cygnus,11.40400291,1.069,5.19,5.27
8070,,HIP 104217,316.730266,38.74204403,6.03,5.450645,K7V,8086,201092,61 Cyg B,Cygnus,11.40399945,1.309,,
8071,,HIP 104234,316.7819507,-25.00585264,4.5,3.781941,M1-III,8080,200914,24 Cap,Capricornus,522.4347484,1.604,,
8072,,HIP 104281,316.890182,15.65865759,6.26,5.988451,K2IV,8088,201196,,Delphinus,369.1951299,1.008,,
8073,,HIP 104296,316.9355526,-45.37945646,6.44,6.412165,A9V,,200887,,Indus,308.4202366,0.245,,
8074,,HIP 104297,316.9362263,-17.45590132,6.17,6.175399,B9.5V,8083,201057,,Capricornus,432.3609151,-0.035,,
8075,,HIP 104357,317.1172452,6.989359656,6.18,5.348522,K5III,8090,201298,,Equuleus,831.632818,1.669,,
8076,,HIP 104364,317.1362307,-63.92825957,5.75,5.398359,K0III,8073,200751,,Pavo,488.7556794,1.18,,
8077,,HIP 104365,317.1401043,-21.19367071,5.316,5.307563,A0Van,8087,201184,χ Capricorni,Capricornus,191.090184,0,,
8078,,HIP 104371A,317.1620406,30.20563553,5.71,5.718819,B9VspSi,,,,Cygnus,443.5361965,-0.048,5.55,5.71
8079,Polaris Australis,HIP 104382,317.1952649,-88.95649954,5.42,5.374763,F0IV,7228,177482,σ Octantis,Octans,270.0911018,0.283,5.45,5.5
8080,,HIP 104441,317.343013,-36.7058638,6.46,6.348159,F7V,,201242,,Microscopium,240.9460353,0.52,,
8081,,HIP 104440,317.3436067,-73.17281682,5.67,5.512941,F9.5V,8061,200525,,Pavo,61.07156103,0.59,,
8082,,HIP 104452,317.3874969,-20.55666083,6.242,6.162825,F2IV/V,8091,201352,27 Cap,Capricornus,175.5520402,0.385,,
8083,,HIP 104459,317.3985347,-11.3716904,4.52,4.25108,K0III,8093,201381,ν Aquarii,Aquarius,163.5725131,0.926,,
8084,,HIP 104481,317.4927688,2.943697109,6.43,6.354469,F2V,8095,201507,,Equuleus,299.3574292,0.375,,
8085,,HIP 104516,317.5648888,53.56310078,5.747,5.724093,B9III,8106,201834,,Cygnus,430.6461511,-0.111,,
8086,,HIP 104521,317.585417,10.1315811,4.68,4.653583,A9VpSrCrEu,8097,201601,γ Equulei,Equuleus,114.8697239,0.262,4.58,4.77
8087,,HIP 104538,317.6304835,10.04891338,6.057,6.059157,A2Va,8098,201616,6 Equ,Equuleus,478.7083497,0.022,,
8088,,HIP 104557,317.6955819,-9.354073767,6.267,5.954304,K1/2III,8096,201567,49 G. Aqr,Aquarius,346.4403231,1.161,,
8089,,HIP 104597,317.8372338,-72.54435622,6.186,5.887013,K1III,8081,200924,,Pavo,390.4177443,1.087,,
8090,,HIP 104634,317.9222427,-14.47237689,6.445,6.40501,Fm_dD,8102,201707,EW Aqr,Aquarius,438.763557,0.316,6.41,6.48
8091,,HIP 104642,317.9510613,59.98656486,6.09,,~,8119,202214A,,Cepheus,9055.566076,0.11,,
8092,,HIP 104680,318.0571367,-40.26936139,5.83,5.720649,F5V,8100,201647,,Microscopium,105.5017884,0.45,,
8093,,HIP 104732,318.2341083,30.22689868,3.21,2.982149,G8+III-IIIaBa0.5,8115,202109,ζ Cygni,Cygnus,150.7864599,0.99,,
8094,,HIP 104738,318.2627845,-39.42491937,5.26,5.131562,F6VFe-0.9CH-0.5,8104,201772,,Microscopium,108.8116674,0.46,,
8095,,HIP 104750,318.3221971,-27.61936407,5.388,4.900105,K3III,8110,201901,3 PsA,Microscopium,391.3566208,1.425,,
8096,,HIP 104752,318.3290064,-36.42352823,5.954,5.718839,K0III,8108,201852,,Microscopium,337.1265019,0.967,,
8097,,HIP 104755,318.3354342,-70.12625471,5.071,4.203653,M1/2III,8092,201371,ο Pavonis,Pavo,888.2851245,1.578,,
8098,,HIP 104756,318.339936,81.23096966,6.12,6.101141,A3IV,8174,203501,,Cepheus,511.7745411,0.092,,
8099,,HIP 104765,318.3601062,36.63326084,6.071,6.017036,A8II,8120,202240,,Cygnus,1781.421121,0.223,,
8100,,HIP 104771,318.3699533,15.98242209,6.252,6.240214,A7Vn,8116,202128,,Pegasus,291.8532316,0.238,,
8101,,HIP 104788,318.427011,64.40395283,6.39,,G0V,8133,202582,,Cepheus,134.9337259,0.625,,
8102,,HIP 104822,318.5428503,29.90096082,6.166,5.875216,G6Ib-IIaCa1Ba0.5,8126,202314,,Cygnus,2432.837817,1.105,,
8103,,HIP 104858,318.6200638,10.00697941,4.49,4.356255,F7(V)+G0(V),8123,202275,δ Equulei,Equuleus,60.24775189,0.529,,
8104,,HIP 104872,318.6543706,0.09225560301,6.39,5.660383,M1-III,8121,202259,,Aquarius,684.8740848,1.574,,
8105,,HIP 104887,318.6978855,38.04531782,3.73,3.70454,F2IV,8130,202444,τ Cygni,Cygnus,68.20084965,0.393,3.65,3.75
8106,,HIP 104914,318.777574,-17.34517878,6.037,5.794827,K0III,8122,202261,,Capricornus,368.3605714,0.978,,
8107,,HIP 104925,318.8099503,-40.50606361,6.212,5.893192,K2III,8117,202135,,Microscopium,583.1848713,1.138,,
8108,,HIP 104962,318.9049088,47.97399554,6.441,6.422023,B4IV,8136,202654,,Cygnus,1552.379957,-0.129,,
8109,,HIP 104963,318.9079148,-20.65169521,5.152,4.839262,K0II/III,8127,202320,ϕ Capricorni,Capricornus,690.6768885,1.161,,
8110,,HIP 104968,318.9268682,77.01229692,5.898,5.31729,K5III,8168,203399,,Cepheus,835.8968983,1.531,,
8111,,HIP 104974,318.9368431,-15.17150134,5.317,4.277319,M2III,8128,202369,29 Cap,Capricornus,628.1305054,1.639,,
8112,,HIP 104978,318.9410961,-53.26308879,5.719,5.681857,A3V(m),8114,202103,,Indus,396.5954448,0.191,,
8113,,HIP 104980,318.9449369,-36.21070914,6.14,5.664931,K3III,8124,202287,,Microscopium,862.4333121,1.38,,
8114,Kitalpha,HIP 104987,318.9559882,5.247891952,3.933,3.782287,G6IV+B9.5V,8131,202447,α Equulei,Equuleus,186.1793157,0.549,,
8115,,HIP 105017,319.0713711,44.23823095,6.37,6.097374,K0III+A7V,,202710,,Cygnus,1530.518389,0.979,,
8116,,HIP 105019,319.0740558,-9.21466516,6.46,5.443016,M2/3III,,202466,14 Aqr,Aquarius,1831.462141,1.612,,
8117,,HIP 105034,319.1234107,42.25179014,6.21,5.856757,K2,8138,202720,,Cygnus,864.7218281,1.251,,
8118,,HIP 105046,319.1644638,-1.607767506,6.479,6.244152,K0III,8132,202554,55 G. Aqr,Aquarius,844.5587227,0.981,,
8119,,HIP 105064,319.2585528,53.99769288,6.13,6.112029,A1V,8147,202923,,Cygnus,401.4789202,0.049,,
8120,,HIP 105079,319.3063958,-13.27897168,6.402,6.401248,A1V,8134,202606,57 G. Aqr,Aquarius,609.3463783,0.035,,
8121,,HIP 105080,319.3093639,55.79800166,5.975,5.504082,K3III,8150,202987,,Cepheus,1475.114669,1.447,,
8122,,HIP 105091,319.328287,58.61148353,6.425,6.364094,B2IIIe,8153,203025,V421 Cep,Cepheus,2527.133351,0.194,,
8123,,HIP 105101,319.3465942,42.68357199,6.159,6.150029,B7V,8144,202862,,Cygnus,1151.944232,-0.094,,
8124,,HIP 105102,319.3539678,39.39467973,4.24,4.179437,B9Iab,8143,202850,σ Cygni,Cygnus,4527.783035,0.098,,
8125,,HIP 105138,319.4795244,34.89689596,4.42,4.126832,B2Vne,8146,202904,υ Cygni,Cygnus,900.5525012,-0.103,4.28,4.5
8126,,HIP 105140,319.4845255,-32.17254768,4.708,4.688322,A0V,8135,202627,ϵ Microscopii,Microscopium,164.9798569,0.07,,
8127,,HIP 105143,319.4886936,-17.98513863,5.383,5.366864,B5II/III,8137,202671,30 Cap,Capricornus,579.0414077,-0.118,,
8128,,HIP 105148,319.50204,-64.68158036,6.313,6.313839,B8V,8125,202299,,Pavo,551.6085019,-0.064,,
8129,,HIP 105164,319.5461362,-4.519479895,5.812,5.80415,B7III,8141,202753,15 Aqr,Aquarius,978.9783515,-0.13,,
8130,,HIP 105186,319.6132759,43.94594421,5,4.992317,O7.5IIIn((f)),8154,203064,68 Cyg,Cygnus,2249.665438,-0.061,4.98,5.09
8131,,HIP 105193,319.6351039,61.18439634,6.49,5.185165,M3,,203265,V422 Cep,Cepheus,1605.912437,1.543,,
8132,Alderamin,HIP 105199,319.6448847,62.58557446,2.46,2.428267,A8Vn,8162,203280,α Cephei,Cepheus,49.05001261,0.257,,
8133,,HIP 105224,319.7167789,11.20338078,5.951,5.235017,K5III,8149,202951,,Equuleus,1253.84535,1.612,,
8134,,HIP 105228,319.7257475,-28.76581889,6.4,6.126424,K0IV,8142,202773,,Microscopium,403.4642649,0.966,,
8135,,HIP 105229,319.730539,41.04051916,6.15,6.074892,A5IV,8155,203096,,Cygnus,1697.91619,0.257,,
8136,,HIP 105259,319.8153551,58.62350674,5.75,4.657596,M1Ibep,8164,203338,V381 Cep,Cepheus,3662.937322,1.114,5.51,5.71
8137,,HIP 105269,319.8424131,38.23746356,5.882,5.724996,F1II+B7.0V,8157,203156,V1334 Cyg,Cygnus,3505.381465,0.505,5.77,5.96
8138,,HIP 105268,319.8425866,64.87185701,5.18,4.87215,B3IVe,8171,203467,6 Cep,Cepheus,1079.471146,-0.045,5.08,5.23
8139,,HIP 105282,319.8697935,49.51029453,5.74,5.729797,B6V,8161,203245,,Cygnus,536.1854289,-0.119,,
8140,,HIP 105319,319.9666227,-53.44942608,4.483,4.449587,A5IV-V,8140,202730,θ Indi,Indus,97.08153214,0.191,,
8141,,HIP 105334,320.0395146,-45.02189129,6,5.002563,"C7,2",8145,202874,T Ind,Indus,1862.859215,2.387,,
8142,,HIP 105344,320.0586609,22.02617841,6.282,6.273212,B6IV,8158,203206,,Vulpecula,538.8423303,-0.106,,
8143,,HIP 105370,320.1393635,60.75640762,6.104,5.846148,G5III,8179,203574,,Cepheus,428.9476902,1.005,,
8144,,HIP 105382,320.190081,-40.80961671,4.82,4.715503,ApCrEuSr,8151,203006,θ 1 Microscopii,Microscopium,186.3921973,0.029,4.77,4.87
8145,,HIP 105390,320.2085555,32.45221695,5.68,,G8IV-+G5IV,8166,203358,,Cygnus,238.8280073,0.802,,
8146,,HIP 105412,320.2679972,-4.56012486,5.848,5.635857,G8III,8160,203222,16 Aqr,Aquarius,336.4288585,0.912,,
8147,,HIP 105413,320.2701082,7.354504324,5.798,5.005131,M2III,8163,203291,9 Equ,Equuleus,1058.440879,1.663,,
8148,,HIP 105425,320.3191693,-49.93824762,6.38,6.00053,K3III,8152,203010,,Indus,364.2464526,1.327,,
8149,,HIP 105432,320.3414065,32.61273565,6.037,6.029543,A1V,8169,203439,,Cygnus,604.8247539,0.062,,
8150,,HIP 105497,320.5017423,49.38884725,5.671,5.384253,K0III,8185,203644,,Cygnus,328.2984135,1.1,,
8151,,HIP 105502,320.5216646,19.80451042,4.09,3.772009,K1III,8173,203504,1 Peg,Pegasus,153.8462968,1.108,,
8152,,HIP 105515,320.5616499,-16.83454389,4.27,4.049088,G7IIIFe-1.5,8167,203387,ι Capricorni,Capricornus,215.4661896,0.888,4.27,4.33
8153,,HIP 105558,320.6752421,30.30988332,6.06,5.799632,K1III,8182,203630,,Cygnus,374.2839903,1.079,,
8154,,HIP 105570,320.7233893,6.811139838,5.148,5.129973,A3V,8178,203562,β Equulei,Equuleus,359.8226261,0.064,,
8155,,HIP 105574,320.7344103,-9.319328025,5.965,5.383413,K4/5III,8175,203525,17 Aqr,Aquarius,719.6485176,1.516,,
8156,,HIP 105576,320.7520612,-22.66904678,5.6,4.88555,M0III,8172,203475,,Capricornus,666.6669795,1.641,,
8157,,HIP 105637,320.9516184,37.35147822,6.43,5.94167,K5,8193,203857,,Cygnus,920.9046882,1.472,,
8158,,HIP 105646,320.9828957,-25.20248422,6.47,6.163532,K1III,,203607,,Capricornus,888.28512,1.123,,
8159,,HIP 105652,320.9951097,24.27413623,5.688,5.627089,F1IV,8190,203803,,Vulpecula,180.6096022,0.314,,
8160,,HIP 105660,321.0310388,25.31242915,6.19,6.196903,A2V,8194,203858,,Vulpecula,611.6316364,0.026,,
8161,,HIP 105662,321.0330397,-22.74708315,6.373,6.121924,K0III,8184,203639,,Capricornus,475.9112703,1.026,,
8162,,HIP 105665,321.0399717,-20.8518699,5.366,5.05647,K0III,8183,203638,33 Cap,Capricornus,227.8127922,1.176,,
8163,,HIP 105668,321.0478825,-12.87810896,5.476,5.416478,F0V,8187,203705,18 Aqr,Aquarius,156.7307478,0.297,,
8164,,HIP 105678,321.0697914,-69.73387785,6.41,5.060186,"C7,3",8156,203133,Y Pav,Pavo,1181.16037,2.607,,
8165,,HIP 105685,321.0868492,-46.61470558,6.293,6.283009,A5mA6-F0,8177,203548,,Indus,313.7633778,0.235,,
8166,,HIP 105689,321.0963917,24.52839226,6.339,6.07692,K0III,8197,203886,,Vulpecula,507.7875587,1.057,,
8167,,HIP 105695,321.1023488,10.17422155,6.317,6.217176,F5III,8191,203842,,Equuleus,344.2463401,0.474,,
8168,,HIP 105696,321.1034082,-41.00669537,5.775,6.278685,ApSi,8180,203585,θ 2 Microscopii,Microscopium,463.0668674,-0.036,,
8169,,HIP 105703,321.1416895,26.17455867,5.658,5.585765,A8III,8198,203925,,Vulpecula,219.6764783,0.323,,
8170,,HIP 105727,321.2064663,80.52482454,5.965,5.720465,G6III:,8239,205072,,Cepheus,355.1184441,0.95,,
8171,,HIP 105729,321.2153134,-3.3983562,6.375,6.315903,F0V,8192,203843,20 Aqr,Aquarius,232.3591884,0.334,,
8172,,HIP 105761,321.3042624,-9.748557179,5.713,5.677966,A8V,8195,203875,19 Aqr,Aquarius,275.8039206,0.208,,
8173,,HIP 105767,321.320657,-3.556746335,5.469,4.953299,K4III,8199,203926,21 Aqr,Aquarius,408.0087041,1.451,,
8174,,HIP 105768,321.3251944,-71.79905873,6.09,5.6985,K2III,8159,203212,,Pavo,530.9433549,1.265,,
8175,,HIP 105769,321.3314536,46.71434132,5.58,5.502326,F0V,8208,204153,,Cygnus,111.8737809,0.335,,
8176,,HIP 105811,321.4459379,36.6673845,5.94,5.874047,B0.2Iab,8209,204172,69 Cyg,Cygnus,2762.714075,0.033,,
8177,,HIP 105819,321.4649367,0.53434289,6.45,6.426073,A1Vb,8203,204041,72 G. Aqr,Aquarius,284.467699,0.162,,
8178,,HIP 105841,321.56433,-54.66045878,6.082,6.016737,F2/3II,8188,203760,γ Indi,Indus,207.9082062,0.366,,
8179,,HIP 105854,321.5953104,-37.82943051,5.62,5.298093,K2III,8200,203949,,Microscopium,275.9283947,1.19,,
8180,,HIP 105858,321.6108541,-65.36619807,4.22,4.089133,F9VFe-1.4CH-0.7,8181,203608,γ Pavonis,Pavo,30.04609618,0.494,,
8181,,HIP 105860,321.6110879,19.37564172,6.064,6.032939,kA6hA9mF0+DA,8210,204188,IK Peg,Pegasus,150.0920792,0.235,6.07,6.1
8182,,HIP 105881,321.6667944,-22.41132035,3.74,3.530039,G4Ib:Ba2,8204,204075,ζ Capricorni,Capricornus,398.0461419,1.002,,
8183,,HIP 105891,321.687374,52.89853623,5.987,5.985976,B7III,8218,204428,,Cygnus,441.7334144,-0.109,,
8184,,HIP 105898,321.7150914,48.83516661,5.31,5.275362,A4VpSiCrHg,8216,204411,,Cygnus,389.4853754,0.108,,
8185,,,321.7567626,-42.54793223,5.58,5.529638,~,8202,204018A,,Microscopium,175.5520414,0.392,,
8186,,HIP 105928,321.8117571,-21.19621435,5.76,5.279582,K3III,8207,204139,35 Cap,Capricornus,462.4116051,1.44,,
8187,,HIP 105942,321.8390245,37.11679614,5.293,5.266481,B3V,8215,204403,70 Cyg,Cygnus,1771.738916,-0.14,,
8188,,HIP 105949,321.8553203,59.75007706,6.129,4.977233,M3+IIIa,8224,204599,V426 Cep,Cepheus,981.9286503,1.72,,
8189,,HIP 105966,321.9169071,27.60859443,5.379,5.379911,A1VmA3,8217,204414,35 Vul,Vulpecula,181.5145782,0.049,,
8190,,HIP 105972,321.9422576,66.80909698,5.41,5.396388,B7V,8227,204770,7 Cep,Cepheus,770.687094,-0.099,,
8191,,HIP 106021,322.1034924,8.195647706,6.41,5.501913,M1,8219,204445,2 G. Peg,Pegasus,905.5566034,1.64,,
8192,Alfirk,HIP 106032,322.1649869,70.56071519,3.23,3.19459,B0.5IIIs,8238,205021,β Cephei,Cepheus,594.8915304,-0.201,3.16,3.27
8193,,HIP 106039,322.1808363,-21.80717976,4.5,4.268465,G7IIIbFe-1,8213,204381,36 Cap,Capricornus,179.3179925,0.889,,
8194,,HIP 106044,322.1871894,-69.50538406,5.62,3.761446,M5III,8196,203881,SX Pav,Pavo,396.1129657,1.553,5.34,5.97
8195,,HIP 106052,322.219746,55.41870773,6.127,6.074341,B8III,8226,204754,,Cepheus,928.7743309,0.1,,
8196,,HIP 106062,322.2490529,22.17943915,5.95,4.308809,M4.5IIIa,8223,204585,NV Peg,Pegasus,602.5883929,1.37,,
8197,,HIP 106064,322.2496577,17.90591197,6.401,5.954373,K5,8221,204560,,Pegasus,544.240892,1.393,,
8198,,HIP 106065,322.2506112,-53.70591202,6.38,6.098199,K2IIICNIb,8211,204228,,Indus,361.0190515,1.14,,
8199,,HIP 106067,322.265589,-31.23855992,6.5,,A1V,8214,204394,,PiscisAustrinus,376.8789549,0.036,,
8200,,HIP 106093,322.3622907,46.54058555,5.217,4.963202,K0-III,8228,204771,71 Cyg,Cygnus,223.5940212,0.965,,
8201,,HIP 106103,322.3937315,6.581378328,6.41,6.082168,K0,,204603,3 G. Peg,Pegasus,823.2317936,1.179,,
8202,,HIP 106140,322.4870602,23.63884029,4.509,3.769129,M1+III,8225,204724,2 Peg,Pegasus,442.3332547,1.618,,
8203,,HIP 106171,322.5847113,52.95799564,6.007,6.007326,A3V,8237,204965,,Cygnus,479.4125079,0.08,,
8204,,HIP 106227,322.7470485,60.45943182,5.522,5.458203,B1Ib,8243,205139,,Cepheus,2397.059303,0.102,,
8205,,HIP 106243,322.7901224,12.13747571,6.093,6.09525,B9.5V,8231,204862,,Pegasus,416.8791659,-0.047,,
8206,,HIP 106267,322.8644566,52.61986509,6.18,5.881238,G2II+B9V,8242,205114,,Cygnus,1147.88879,0.9,,
8207,Sadalsuud,HIP 106278,322.889717,-5.571174828,2.89,2.712085,G0Ib,8232,204867,β Aquarii,Aquarius,611.6316376,0.828,,
8208,,HIP 106306,322.9589358,23.84516277,6.42,6.179141,G9+IIIaBa1+,,205011,,Pegasus,516.6417215,1.064,,
8209,,HIP 106320,323.0127688,-84.81006871,6.404,5.954109,K3III,8129,202418,,Octans,666.6669851,1.405,,
8210,,HIP 106327,323.024483,-41.17931007,5.286,4.975827,K0III,8229,204783,ξ Gruis,Grus,383.0794781,1.109,,
8211,,HIP 106340,323.0607073,-33.94462598,5.958,5.957204,A2V,8230,204854,6 PsA,PiscisAustrinus,411.6175276,0.051,,
8212,,HIP 106363,323.1385911,-24.59041758,6.428,6.409984,A7V,8235,204943,,Capricornus,226.0748855,0.2,,
8213,,HIP 106393,323.2358001,49.97763291,5.755,5.745666,A0V,8246,205314,,Cygnus,475.2201463,-0.042,,
8214,,HIP 106419,323.3233855,-52.73777293,6.404,5.887487,K4III,8233,204873,,Indus,871.6591163,1.481,,
8215,,HIP 106420,323.3245195,45.85401514,6.209,5.563503,K4Ib,8248,205349,,Cygnus,1502.303078,1.805,,
8216,,HIP 106424,323.3381099,-80.03935968,6.466,6.466719,A0V,8201,203955,,Octans,360.2203536,0.044,,
8217,,HIP 106429,323.3479782,-44.84870535,5.563,5.289077,K1III,8236,204960,,Grus,622.138625,1.044,,
8218,,,323.36258,-0.82325,6.25,,Globular Cluster,,,M 2,Aquarius,,,,
8219,,HIP 106474,323.4773935,-82.68308524,6.38,6.291283,B3.5V,8176,203532,,Octans,812.9693179,0.089,,
8220,,HIP 106481,323.495221,45.5918389,4.02,3.754974,G8IIIFe-0.5,8252,205435,ρ Cygni,Cygnus,124.4273931,0.885,,
8221,,HIP 106500,323.5714893,-42.92467973,6.324,6.039784,K1IIICNII,8241,205096,,Grus,322.7723903,1.093,,
8222,,HIP 106518,323.6144306,51.69846687,6.163,6.14485,B7IIIe,8259,205551,,Cygnus,1630.000585,-0.015,,
8223,,HIP 106527,323.6415611,22.75452158,6.451,6.335825,F7V,8250,205420,,Pegasus,225.6057679,0.513,,
8224,,HIP 106550,323.6912977,18.32893178,6.47,6.076545,K2,,205422,,Pegasus,735.893101,1.254,,
8225,,HIP 106551,323.6941119,38.53406679,4.91,4.570239,K0.5IIIFe0.5,8255,205512,72 Cyg,Cygnus,255.4859605,1.085,,
8226,,HIP 106559,323.7127176,-20.08426081,5.696,5.593092,F5VFe-0.8CH-0.4,8245,205289,37 Cap,Capricornus,88.44285103,0.423,,
8227,,HIP 106564,323.7208415,-29.69611836,6.42,6.404454,B8III,8244,205265,,PiscisAustrinus,695.0974498,-0.097,,
8228,,HIP 106590,323.8164856,-23.45431441,6.382,6.088985,K1III,8247,205342,,Capricornus,384.8887768,1.098,,
8229,,HIP 106592,323.8234187,-3.983304736,5.778,5.489021,K1/2III,8251,205423,80 G. Aqr,Aquarius,441.1368355,1.11,,
8230,,HIP 106595,323.8296521,28.19760687,6.31,6.165584,F0IV,8257,205539,,Pegasus,234.532303,0.357,,
8231,,HIP 106604,323.8580647,68.21929164,6.45,6.448885,B8IIIpSi,,205938,V431 Cep,Cepheus,617.4246583,-0.083,,
8232,,HIP 106605,323.8626555,24.45216011,6.22,6.1846,A4V,8258,205541,,Pegasus,689.2164038,0.141,,
8233,,HIP 106642,324.0104059,45.3745898,5.38,3.531106,M4e-M6eIII,8262,205730,W Cyg,Cygnus,617.4246576,1.341,6.8,8.9
8234,,HIP 106654,324.0457239,-26.17151577,5.725,5.690436,A7/8IV,8253,205471,8 PsA,PiscisAustrinus,175.5520391,0.234,,
8235,,HIP 106661,324.0582575,30.05542121,6.26,5.981731,G8III-IV,8261,205688,,Cygnus,356.6734632,1.24,,
8236,,HIP 106703,324.2033366,-33.04789619,6.099,6.060399,A5V,8256,205529,7 PsA,PiscisAustrinus,236.918628,0.226,,
8237,,HIP 106711,324.2373967,40.41352563,5.035,4.979593,A3Vn,8266,205835,74 Cyg,Cygnus,206.4597806,0.198,,
8238,,HIP 106723,324.2701297,-19.46601122,4.55,4.490807,B3V,8260,205637,ϵ Capricorni,Capricornus,662.6017569,-0.18,4.48,4.72
8239,,HIP 106752,324.3661418,44.6965486,6.2,6.159244,A7III,8272,205939,CP Cyg,Cygnus,661.2586334,0.218,,
8240,,HIP 106758,324.3906775,-0.3905618084,6.214,6.214671,A0V,8263,205765,,Aquarius,398.5318796,0.056,,
8241,,HIP 106771,324.4117297,54.04219679,6.159,5.933073,K1III,8275,206040,,Cygnus,646.8266084,0.991,,
8242,,HIP 106783,324.4318583,6.618391456,6.177,6.187958,A2V,8265,205811,3 Peg,Pegasus,257.0980319,0.046,,
8243,Bunda,HIP 106786,324.4379574,-7.854201597,4.69,4.641373,K0III,8264,205767,ξ Aquarii,Aquarius,178.5323305,0.175,,
8244,,HIP 106787,324.4392924,19.31860917,5.448,5.376538,F1IV,8267,205852,5 Peg,Pegasus,321.1824825,0.321,,
8245,,HIP 106801,324.4801006,62.08194177,4.73,4.653579,B2Ib,8279,206165,9 Cep,Cepheus,4527.783035,0.246,4.69,4.78
8246,,HIP 106818,324.5118678,-64.82416741,6.206,6.21031,A0/1IV,8249,205417,,Indus,590.5785555,0.021,,
8247,,HIP 106856,324.6330854,5.771745127,5.656,5.602093,A9IV-Vn,8270,205924,4 Peg,Pegasus,173.9595258,0.265,,
8248,,HIP 106872,324.6881895,25.49877653,6.197,5.916763,G9III,8274,206027,,Pegasus,416.3477848,1.026,,
8249,,HIP 106881,324.7349171,-79.44258305,6.17,6.055703,F6IV,8234,204904,,Octans,195.913686,0.46,,
8250,,HIP 106886,324.7400816,57.48904278,5.62,5.612378,O6.0V((f))+O9:V,8281,206267,,Cepheus,1172.661539,0.2,,
8251,,HIP 106897,324.754953,20.26545092,5.762,5.699369,F1Vnn,8276,206043,NZ Peg,Pegasus,127.4930982,0.314,,
8252,,HIP 106907,324.7754821,-33.67885305,6.277,6.037087,G8IV,8268,205872,,PiscisAustrinus,147.1121154,0.949,,
8253,,HIP 106938,324.8671057,-10.57687242,6.07,5.787679,K0III,8273,206005,,Capricornus,318.9826354,1.034,,
8254,,HIP 106944,324.8886133,2.243560929,5.1,4.816909,K0III,8277,206067,25 Aqr,Aquarius,240.5903641,1.034,,
8255,,HIP 106978,324.9988239,-52.35900033,6.202,6.059042,G8/K0III+A/F,8269,205877,,Indus,630.5624686,0.584,,
8256,Nashira,HIP 106985,325.0226893,-16.6623712,3.67,3.641911,kF0hF1VmF2,8278,206088,γ Capricorni,Capricornus,138.8414907,0.32,,
8257,,HIP 106999,325.0462918,43.27383775,5.086,4.358688,M1IIIab,8284,206330,75 Cyg,Cygnus,404.4650802,1.601,,
8258,,HIP 107030,325.1404629,-55.73797851,6.328,6.049471,K0II/III,8271,205935,,Indus,693.6174118,1.06,,
8259,,HIP 107041,325.1804467,54.87215525,6.15,5.835118,K0III,8290,206509,,Cygnus,702.5856685,1.116,,
8260,,HIP 107089,325.3689251,-77.39000876,3.728,3.473232,K1III,8254,205478,ν Octantis,Octans,69.03867775,1.008,,
8261,,HIP 107095,325.3869117,-14.04761244,5.18,4.974368,G2IV,8283,206301,42 Cap,Capricornus,106.0853245,0.672,5.13,5.18
8262,,HIP 107097,325.3927309,40.80521969,6.075,6.069563,A2V,8291,206538,76 Cyg,Cygnus,455.3080586,0.068,,
8263,,HIP 107112,325.4425617,-25.10151549,6.498,6.167616,K1III,8282,206291,,PiscisAustrinus,931.4279746,1.185,,
8264,,HIP 107128,325.5029045,-23.26285718,5.24,4.984811,K0III,8285,206356,41 Cap,Capricornus,247.3444365,0.991,,
8265,,HIP 107129,325.5045129,35.51019998,5.84,4.749351,C-N5,8297,206570,V460 Cyg,Cygnus,2000.000938,2.5,5.57,7
8266,Azelfafage,HIP 107136,325.5235861,51.18962768,4.66,4.642398,B3III,8301,206672,π 1 Cygni,Cygnus,1680.413243,-0.119,,
8267,,HIP 107140,325.5348071,45.76569764,6.23,4.570554,M4III:,8298,206632,V1339 Cyg,Cygnus,676.3491787,1.415,5.9,7.1
8268,,HIP 107144,325.5421356,1.285254153,5.641,5.170779,K2(III),8287,206445,26 Aqr,Aquarius,1582.525188,1.446,,
8269,,HIP 107151,325.5643804,5.680138787,5.301,4.481931,M2III,8289,206487,7 Peg,Pegasus,521.6001835,1.653,,
8270,,HIP 107162,325.595662,41.07702046,5.726,5.984918,A0V+A0V,8300,206644,77 Cyg,Cygnus,372.1454284,0.055,,
8271,,HIP 107173,325.6373351,10.8243156,6.051,6.046288,B5IV,8292,206540,,Pegasus,696.5807466,-0.115,,
8272,,HIP 107186,325.6617083,49.60024711,6.089,5.853321,G8II-III,8304,206731,,Cygnus,869.3347287,0.993,,
8273,,HIP 107188,325.664617,-18.86632088,4.726,4.476236,G8III,8288,206453,κ Capricorni,Capricornus,290.5528177,0.868,,
8274,,HIP 107197,325.6890226,59.27084343,6.088,5.673976,K1III,8312,206842,,Cepheus,2432.837816,1.349,,
8275,,HIP 107230,325.766847,72.32008554,5.173,4.891074,K0-IIICN1,8324,207130,78 Dra,Cepheus,247.1569842,1.063,,
8276,,HIP 107232,325.7683211,-14.39971028,5.879,5.825697,A9/F0V,8295,206561,44 Cap,Capricornus,409.0356042,0.255,,
8277,,HIP 107235,325.776964,41.15497297,5.505,4.719647,M2IIIbCa1,8306,206749,,Cygnus,587.3870063,1.615,,
8278,,HIP 107238,325.8063888,-19.62096181,6.209,6.189344,A0mA5-F0,8293,206546,,Capricornus,359.8226268,0.269,,
8279,,HIP 107253,325.8568847,38.28359108,5.695,5.704111,A0V,8307,206774,79 Cyg,Cygnus,272.3476641,-0.01,,
8280,Garnet Star,HIP 107259,325.8769148,58.78004609,4.08,2.450726,M2-Ia,8316,206936,μ Cephei,Cepheus,3065.871055,2.242,3.43,5.1
8281,,HIP 107271,325.915704,7.528657063,6.47,6.163921,K0,,206689,10 G. Peg,Pegasus,426.1440887,1.114,,
8282,,HIP 107297,325.9921113,22.81531736,6.42,6.047501,K2,,206793,,Pegasus,585.2777857,1.295,,
8283,,HIP 107299,325.9959615,-57.32524761,6.482,6.374229,F6/8IV/V,,206429,,Indus,141.4315657,0.484,,
8284,,HIP 107302,326.0040172,-14.74937218,5.949,5.913185,A7IV/V,8302,206677,45 Cap,Capricornus,170.8595919,0.219,,
8285,,HIP 107310,326.0352573,28.74290392,6.12,4.5762,F3V,8310,206827,* mu.02 Cyg,Cygnus,73.02858428,0.512,,
8286,,HIP 107310,326.035743,28.74262986,4.7,4.5762,F7V,8309,206826,* mu.01 Cyg,Cygnus,73.02858428,0.512,,
8287,Enif,HIP 107315,326.0464839,9.875008653,2.39,1.7076,K2Ib-II,8308,206778,ϵ Pegasi,Pegasus,672.1665977,1.52,0.7,3.5
8288,,HIP 107344,326.1228015,-38.55252812,6.283,5.924549,K1IIICNIV/V,8299,206642,,Grus,781.7743616,1.129,,
8289,,HIP 107348,326.1278992,17.35001747,4.35,4.023013,G5Ib,8313,206859,9 Peg,Pegasus,900.5525001,1.161,,
8290,,HIP 107354,326.1613968,25.64503776,4.135,4.228839,F5V,8315,206901,κ Pegasi,Pegasus,115.0317432,0.425,,
8291,,HIP 107374,326.2219964,62.46056907,5.94,5.833052,O8.5II,8327,207198,,Cepheus,2012.346563,0.312,,
8292,,HIP 107380,326.236707,-33.02578182,4.34,4.315844,A0IV,8305,206742,ι Piscis Austrini,PiscisAustrinus,204.6452679,-0.053,,
8293,,HIP 107382,326.2510611,-9.082427672,5.079,4.800738,G7.5II-IIICN0.5,8311,206834,46 Cap,Capricornus,799.0197649,1.108,,
8294,,HIP 107398,326.3016621,52.26757582,6.369,5.582744,K3IIBa0.5,,207119,,Cygnus,2716.666558,1.901,,
8295,,HIP 107409,326.3280664,-49.49875974,6.462,6.13061,K1III,8303,206690,,Indus,416.8791706,1.148,,
8296,,HIP 107418,326.3621881,61.12080561,4.29,4.121482,A2Iae,8334,207260,ν Cephei,Cepheus,5093.75184,0.474,4.25,4.35
8297,,HIP 107423,326.3701199,-71.00884972,6.011,6.006914,B8IV,8286,206399,,Indus,740.9102505,-0.099,,
8298,,HIP 107445,326.4354694,35.85730878,6.43,6.171928,K0III,8320,207088,,Cygnus,499.2333143,0.997,,
8299,,HIP 107472,326.5181814,22.9488791,5.266,4.848323,K0IbHdel0.5,8321,207089,12 Peg,Pegasus,1128.028862,1.381,,
8300,,HIP 107487,326.5677888,-9.275935228,6,5.004647,M2III,8318,207005,47 Cap,Capricornus,1234.849323,1.629,5.9,6.14
8301,,HIP 107517,326.633738,-11.36595523,5.567,5.566116,A0V,8319,207052,λ Capricorni,Capricornus,293.6938279,-0.002,,
8302,,HIP 107533,326.6983741,49.30957063,4.18,4.184846,B2.5III,8335,207330,π 2 Cygni,Cygnus,1156.029012,-0.12,,
8303,,HIP 107555,326.7535404,70.15088249,6.45,6.43924,A0V,8342,207636,,Cepheus,492.4459929,-0.007,,
8304,Deneb Algedi,HIP 107556,326.7601843,-16.12728709,2.83,2.836813,kA5hF0mF2III,8322,207098,δ Capricorni,Capricornus,38.54331583,0.18,2.81,3.05
8305,,HIP 107558,326.7698344,17.19404059,6.174,6.104901,F3V,8330,207223,V372 Peg,Pegasus,163.819291,0.35,6.53,6.6
8306,,HIP 107575,326.8081755,2.686122505,5.624,5.617034,A0V,8328,207203,11 Peg,Pegasus,467.0473236,0.012,,
8307,,HIP 107586,326.8553972,60.69268874,5.514,4.843841,M1III,8339,207528,12 Cep,Cepheus,467.0473231,1.575,,
8308,,HIP 107596,326.9093282,-5.916807985,6.168,6.131054,A5V,8332,207235,89 G. Aqr,Aquarius,255.8869417,0.23,,
8309,,HIP 107608,326.933958,-30.89830629,5.017,5.199513,A1V,8326,207155,θ Piscis Austrini,PiscisAustrinus,338.52504,0.042,,
8310,,HIP 107637,327.0349759,36.58038841,6.26,5.601182,K5,8336,207446,,Cygnus,701.0762873,1.545,,
8311,,HIP 107649,327.0656298,-47.30361608,5.58,5.419392,G2V,8323,207129,,Grus,50.97728963,0.601,,
8312,,HIP 107664,327.1223102,38.64858611,6.091,6.085362,B8V,8338,207516,,Cygnus,493.1925319,-0.072,,
8313,,HIP 107710,327.2836476,66.79203704,6.48,6.397009,F3IV,,207826,,Cepheus,314.3684281,0.391,,
8314,,HIP 107723,327.3292115,61.27276143,6.17,5.375392,M1IIIa,8347,207780,,Cepheus,871.6591097,1.685,,
8315,,HIP 107734,327.3619439,20.46244467,6.267,6.245141,B2V,8341,207563,,Pegasus,1841.809381,-0.097,,
8316,,HIP 107749,327.4170586,41.14878703,6.48,6.344054,A2Ib,8345,207673,,Cygnus,8578.953902,0.381,,
8317,,HIP 107750,327.4208965,-12.7228807,6.298,6.279203,A1/2III,8337,207503,,Capricornus,506.2129788,0.223,,
8318,,HIP 107763,327.4612265,30.17421243,5.069,5.060544,A1Vs,8343,207650,14 Peg,Pegasus,302.4120468,0.01,,
8319,,HIP 107773,327.5005164,-64.71253772,5.62,5.359837,K0III,8331,207229,,Indus,333.6741621,1.02,,
8320,,HIP 107788,327.5360704,17.2856948,5.336,5.205139,F2III-IV,8344,207652,13 Peg,Pegasus,108.993569,0.394,5.17,5.53
8321,,HIP 107797,327.5540898,-16.84491076,6.38,5.894281,K3III,8340,207552,,Capricornus,739.2280836,1.42,,
8322,,HIP 107835,327.696563,-69.62937403,5.505,5.049917,K2/3III,8333,207241,ο Indi,Indus,558.219784,1.378,,
8323,,HIP 107843,327.7272963,-82.71890474,5.46,,~,8280,206240A,* lam Oct A,Octans,435.2460209,0.756,,
8324,,HIP 107843,327.7273481,-82.7189014,5.29,,G8/K0III,8280,206240,λ Octantis,Octans,435.2460209,0.756,,
8325,,HIP 107856,327.770753,39.53665794,6.193,6.191121,B9pHgMn,8349,207857,V1619 Cyg,Cygnus,1072.367602,-0.068,6.17,6.18
8326,,HIP 107887,327.8927026,19.82668199,5.768,5.761835,B8III,8348,207840,,Pegasus,584.228065,-0.1,,
8327,,HIP 107893,327.9051899,65.75271317,6.38,,A1m,8361,208132,,Cepheus,259.7611262,0.281,,
8328,,HIP 107901,327.9239461,-18.62293867,6.16,6.102461,F0V,8346,207760,,Capricornus,209.7813978,0.374,,
8329,,HIP 107929,328.0018942,55.79197931,6.419,,A0IIpSi,,208063,,Cepheus,1952.095221,0.007,,
8330,,HIP 107930,328.0043307,55.79674959,5.657,5.684506,B6IV-V,8357,208095,,Cepheus,642.9993665,-0.081,,
8331,,HIP 107952,328.054187,79.55177422,6.48,5.786612,K5,,208742,,Cepheus,1216.417276,1.581,,
8332,,HIP 107956,328.0757652,21.27316215,6.33,4.891479,M4III,8350,207932,HO Peg,Pegasus,1273.437955,1.601,,
8333,,HIP 107975,328.1246533,28.79354186,5.53,5.393223,F2V,8354,207978,15 Peg,Pegasus,90.17977573,0.426,,
8334,,HIP 108022,328.2657026,25.92513584,5.081,5.049913,B6IIIe,8356,208057,16 Peg,Pegasus,511.7745385,-0.155,,
8335,,HIP 108036,328.3240435,-13.55176853,5.08,4.979228,F2V,8351,207958,μ Capricorni,Capricornus,90.17977792,0.378,,
8336,,HIP 108060,328.405786,19.66846665,5.676,5.682306,A0Vs,8358,208108,,Pegasus,229.9014705,0.011,,
8337,,,328.448,62.589,6.1,,Open Cluster,,,NGC 7160,Cepheus,,,,
8338,Aldhanab,HIP 108085,328.4821513,-37.36487222,3.01,3.013835,B8IV-Vs,8353,207971,γ Gruis,Grus,202.8626993,-0.084,,
8339,,HIP 108090,328.4906906,6.864804926,6.143,5.908489,G0IIIs,8359,208110,13 G. Peg,Pegasus,413.1823234,0.786,,
8340,,HIP 108102,328.5432198,-4.276175894,5.704,5.385982,A2IV,8360,208111,94 G. Aqr,Aquarius,290.5528157,1.185,,
8341,,HIP 108119,328.5725738,19.71812329,6.341,6.125265,G8III,8364,208202,,Pegasus,364.2464451,0.938,,
8342,,HIP 108144,328.6496443,-3.301273496,6.23,6.139984,F6/7V,8363,208177,,Aquarius,227.1777407,0.466,,
8343,,HIP 108165,328.7214745,56.6112264,5.8,5.498587,B7Iab,8371,208501,13 Cep,Cepheus,2527.133349,0.655,,
8344,,HIP 108195,328.7974757,-61.88660963,5.96,5.8052,F0(V)+F5(V),8352,207964,,Indus,151.6986137,0.393,,
8345,,HIP 108209,328.8358124,61.54181163,6.125,5.609531,G8Ib,8374,208606,,Cepheus,9055.566075,1.599,,
8346,,,328.8791605,65.32081116,6.01,6.019566,~,8375,208682A,,Cepheus,1202.95347,-0.037,,
8347,,HIP 108226,328.8791657,65.3208095,5.86,,B2Ve,8375,208682,,Cepheus,1202.95347,-0.037,,
8348,,HIP 108259,328.9818282,-30.60592054,6.414,6.161399,G8III,8365,208285,,PiscisAustrinus,411.617526,0.927,,
8349,,HIP 108268,329.0143569,-52.46375759,6.49,6.272245,G6III,,208184,,Indus,623.3285253,0.925,,
8350,,HIP 108281,329.0585684,-57.89958766,6.168,6.137131,A3mA6-A9,8362,208149,π Indi,Indus,543.334617,0.215,,
8351,,HIP 108294,329.0948778,-37.25365462,5.443,5.434555,A3V,8366,208321,,Grus,314.9760958,0.084,,
8352,,HIP 108296,329.0999348,21.23985879,6.37,5.620723,K5V,8372,208527,,Pegasus,1148.429631,1.698,,
8353,,HIP 108317,329.1630896,63.62555045,4.9,3.94011,M2Ibep+B2?ep_sh,8383,208816,VV Cep,Cepheus,4900.001769,1.547,4.8,5.36
8354,,HIP 108339,329.2348845,12.07649373,5.533,5.516967,A2Vnn,8373,208565,17 Peg,Pegasus,439.9469327,0.054,,
8355,,HIP 108347,329.258958,-37.74684534,6.168,6.113091,F2/3V,8367,208435,BZ Gru,Grus,439.946937,0.321,6.13,6.21
8356,,HIP 108364,329.2962541,66.15615426,6.394,6.381961,B2V,8384,208947,,Cepheus,1613.863579,-0.056,,
8357,,HIP 108420,329.4627189,74.99671522,6.34,5.641084,K5,8395,209258,,Cepheus,1112.628618,1.56,,
8358,,HIP 108431,329.4794731,-54.99257612,4.4,4.2507,F0IV,8368,208450,δ Indi,Indus,184.7025387,0.297,,
8359,,HIP 108453,329.5554512,-5.424921271,6.331,6.242339,F2V,8376,208703,96 G. Aqr,Aquarius,181.312784,0.378,,
8360,,HIP 108478,329.6253301,-59.01214541,6.141,6.024606,F5V,8369,208496,κ 1 Indi,Indus,216.7555228,0.469,6.11,6.36
8361,,HIP 108494,329.682475,-21.18293197,6.11,5.071775,M2III,8378,208735,BW Cap,Capricornus,2834.782923,1.621,,
8362,,HIP 108505,329.7230135,62.69798815,5.979,4.885216,M3III,8388,209112,,Cepheus,1283.465719,1.64,,
8363,,HIP 108506,329.7291059,-4.373108728,6.22,5.954527,G8/K0III,8382,208801,98 G. Aqr,Aquarius,117.3929627,0.971,,
8364,,HIP 108543,329.8246332,-38.39509524,5.495,5.247718,K1II/III,8379,208737,,Grus,393.2441601,0.996,,
8365,,HIP 108612,330.033021,6.717447272,6,5.966677,B3III,8385,209008,18 Peg,Pegasus,1068.853321,-0.112,,
8366,,HIP 108626,330.1010337,-55.88348687,6.004,6.00657,B9IV/V,8381,208796,,Indus,626.9243069,-0.061,,
8367,,HIP 108632,330.1112498,33.00592699,6.47,6.360028,F5III,8391,209149,,Pegasus,216.6114231,0.463,,
8368,,HIP 108661,330.2092689,-28.45373852,5.72,,~,8386,209014A,* eta PsA A,PiscisAustrinus,1012.422704,-0.095,,
8369,,HIP 108691,330.2708969,0.6047180014,5.597,5.208893,K2III,8390,209128,28 Aqr,Aquarius,661.2586333,1.279,,
8370,,HIP 108693,330.2722959,13.11983809,5.599,5.517865,F4III,8392,209166,20 Peg,Pegasus,227.9722016,0.336,,
8371,,HIP 108699,330.2884764,8.257165637,5.633,5.134697,K5III,8393,209167,19 Peg,Pegasus,609.346374,1.44,,
8372,,HIP 108758,330.4607778,52.88225004,5.776,5.760108,B5III,8403,209419,,Cygnus,1058.440877,-0.106,,
8373,,HIP 108759,330.4692255,-77.66254236,6.389,6.348078,A5IV/V,8370,208500,,Octans,311.0686632,0.231,,
8374,,HIP 108766,330.5057305,10.97380869,6.367,6.37214,B5IIIn,8397,209288,,Pegasus,1341.565459,-0.104,,
8375,,HIP 108772,330.5190526,58.00036382,5.542,5.48144,O9IV(n)var+B1:V:,8406,209481,14 Cep,Cepheus,4657.139881,0.017,5.56,5.66
8376,,HIP 108784,330.5493992,-17.903473,6.283,6.020943,K0III,8394,209240,100 G. Aqr,Aquarius,276.5054714,1.002,,
8377,,HIP 108845,330.7360862,44.64986136,5.596,,B9.5VpCrSiSr,8407,209515,V1942 Cyg,Cygnus,529.2220644,-0.029,,
8378,,,330.7360866,44.64986127,5.715,5.712503,~,8407,209515A,,Cygnus,529.2220645,-0.029,,
8379,,HIP 108849,330.7659279,-76.11845906,5.926,5.848296,F3/5III,8380,208741,,Octans,201.2346592,0.399,,
8380,,HIP 108868,330.8185756,-6.522407352,5.543,5.297135,K1IV,8401,209396,30 Aqr,Aquarius,271.2148143,0.959,,
8381,,HIP 108874,330.8285169,-2.155364954,4.69,4.656648,B5V,8402,209409,ο Aquarii,Aquarius,380.8398517,-0.1,4.68,4.89
8382,,HIP 108875,330.8293025,11.38654844,5.822,5.817547,B9.5V,8404,209459,21 Peg,Pegasus,540.6288088,-0.05,,
8383,,HIP 108870,330.8402234,-56.78597855,4.69,4.322904,K5V,8387,209100,ϵ Indi,Indus,11.87000407,1.056,,
8384,,HIP 108917,330.9425715,64.62818481,6.342,,F8V,8417,209791,* ksi Cep B,Cepheus,101.6526985,0.379,,
8385,Kurhah,HIP 108917,330.9476656,64.62797113,4.45,,kA2.5hF2mF2(IV),8417,209790,* ksi Cep A,Cepheus,101.6526985,0.379,,
8386,Kurhah,HIP 108917,330.9477291,64.62797577,4.29,,Am+F7/8V,8417,209790,ξ Cephei,Cepheus,101.6526985,0.379,,
8387,,HIP 108924,330.9707377,63.11992085,5.3,4.03187,M5III,8416,209772,18 Cep,Cepheus,448.419676,1.557,5.13,5.33
8388,,HIP 108952,331.0993167,-29.91653152,6.46,5.739634,K5III,8405,209476,13 PsA,PiscisAustrinus,1298.804027,1.603,,
8389,,HIP 108969,331.1438226,32.94174596,6.37,6.050952,G5Ib-II,8412,209693,,Pegasus,961.6514409,1.121,,
8390,,HIP 108975,331.1531931,-26.82235984,5.953,5.935959,B4IVe,8408,209522,UU PsA,PiscisAustrinus,1128.028865,-0.167,,
8391,,HIP 108991,331.1975934,-0.9063443785,5.271,5.248556,A5IV,8410,209625,32 Aqr,Aquarius,231.2057973,0.231,,
8392,,HIP 109005,331.2520785,62.7856712,5.265,4.748856,K4III,8426,209960,20 Cep,Cepheus,318.0489687,1.413,,
8393,,HIP 109009,331.2644218,14.81593377,6.42,5.284563,M0,,209709,,Pegasus,509.3751772,1.523,,
8394,,HIP 109017,331.286624,62.2798146,5.11,5.032805,O9Ib,8428,209975,19 Cep,Cepheus,5433.346162,0.24,,
8395,,HIP 109023,331.2972267,26.67369038,5.744,5.353491,K3III,8415,209761,,Pegasus,396.5954361,1.249,,
8396,,HIP 109033,331.3187463,46.74483539,6.13,4.979425,M4III,8421,209857,,Lacerta,961.6514411,1.611,6.08,6.36
8397,,HIP 109056,331.3944769,28.96397975,5.7,5.679202,B9Vn,8419,209833,23 Peg,Pegasus,304.3885846,-0.048,,
8398,,HIP 109068,331.4197957,5.058530164,4.84,4.335281,K4III,8413,209747,ν Pegasi,Pegasus,263.3278925,1.443,,
8399,Sadalmelik,HIP 109074,331.4459814,-0.3198509554,2.94,2.727835,G2Ib,8414,209750,α Aquarii,Aquarius,758.1393482,0.969,,
8400,,HIP 109079,331.4602062,45.11250086,6.494,6.494222,A0V,8422,209932,,Lacerta,698.0738255,-0.025,,
8401,,HIP 109081,331.4625667,-59.63607214,5.607,5.102677,K4III,8409,209529,κ 2 Indi,Indus,514.1967264,1.468,,
8402,,HIP 109082,331.4634108,48.23149381,6.254,6.23644,B2V,8427,209961,,Lacerta,1963.857304,-0.088,6.27,6.35
8403,,HIP 109102,331.5081362,45.0143473,5.07,4.442176,K5III,8424,209945,,Lacerta,618.5949967,1.568,,
8404,,HIP 109111,331.5286867,-39.54335301,4.458,4.023706,K3III,8411,209688,λ Gruis,Grus,246.9698629,1.349,,
8405,,HIP 109121,331.5511085,45.24868707,6.181,6.172909,A3V,8429,209993,,Lacerta,323.0921896,0.078,,
8406,,HIP 109124,331.556527,56.34339443,6.382,6.364268,A0VpSiSr,8434,210071,V444 Cep,Cepheus,575.9704818,-0.091,,
8407,,HIP 109139,331.6092806,-13.86968056,4.27,4.250913,B8V,8418,209819,ι Aquarii,Aquarius,172.486983,-0.075,,
8408,,HIP 109176,331.752773,25.345099,3.77,3.663871,F5V,8430,210027,ι Pegasi,Pegasus,38.32587019,0.435,,
8409,,HIP 109190,331.7901363,58.84071984,6.341,6.116818,G6III,8442,210220,,Cepheus,560.1366561,0.877,,
8410,,HIP 109205,331.8566048,53.30743713,6.171,6.040682,A3Ib,8443,210221,V399 Lac,Lacerta,7643.695702,0.389,,
8411,,HIP 109209,331.8691364,19.47552862,5.74,5.660837,F2V:,8435,210074,,Pegasus,198.9017924,0.331,,
8412,,HIP 109212,331.8748605,18.00071331,6.35,5.360582,M1,8436,210090,OY Peg,Pegasus,944.9276348,1.605,,
8413,,HIP 109240,331.9595995,21.70292675,5.78,5.77121,B7Vne,8438,210129,25 Peg,Pegasus,698.0738253,-0.077,,
8414,Alnair,HIP 109268,332.0582697,-46.96097438,1.71,1.77328,B6V,8425,209952,α Gruis,Grus,101.368105,-0.07,,
8415,,HIP 109272,332.0678484,49.79699012,6.4,5.804595,K5III,8445,210289,,Lacerta,1112.628616,1.579,,
8416,,HIP 109276,332.071825,25.54352068,6.072,6.018037,F1IV,8441,210210,,Pegasus,281.0345881,0.311,,
8417,,HIP 109285,332.0958806,-32.98846991,4.5,4.465882,A1.5IVn,8431,210049,μ Piscis Austrini,PiscisAustrinus,130.3478837,0.054,,
8418,,HIP 109289,332.108048,-34.04384058,4.99,4.440129,K4III,8433,210066,υ Piscis Austrini,PiscisAustrinus,527.5073078,1.499,,
8419,,HIP 109303,332.1700759,45.74225218,6.11,5.910741,K0IVe+G5IV,8448,210334,AR Lac,Lacerta,137.0325121,0.763,6.08,6.77
8420,,HIP 109306,332.1776837,-33.125693,6.386,6.326205,A9VkA2mA2_lB,8437,210111,,PiscisAustrinus,256.6931415,0.205,,
8421,,HIP 109332,332.245793,-18.5195934,5.793,5.774464,B2III,8439,210191,35 Aqr,Aquarius,6791.658256,-0.154,,
8422,,,332.2458,-18.5197,5.84,,~,,,[SGR85] 37-51 1,Aquarius,,,,
8423,,HIP 109352,332.3067712,33.17235479,5.582,5.309195,G6III:,8449,210354,π 1 Pegasi,Pegasus,283.2321548,0.985,,
8424,,HIP 109375,332.3706626,-23.65911095,6.36,6.130275,G8III,,210244,113 G. Aqr,Aquarius,514.1967217,0.921,,
8425,,HIP 109400,332.4517944,72.34120548,4.786,4.54599,G7II-III,8468,210807,24 Cep,Cepheus,377.3157909,0.919,,
8426,,HIP 109404,332.482088,-34.014966,5.371,5.317731,A5IV,8444,210271,,PiscisAustrinus,212.3779895,0.241,,
8427,,HIP 109408,332.4911681,-48.10766097,6.424,5.978612,K3III,8440,210204,,Grus,686.3150071,1.38,,
8428,,HIP 109410,332.4968459,33.17822233,4.29,4.157007,F5II-III_sh,8454,210459,π 2 Pegasi,Pegasus,251.5433133,0.471,,
8429,,HIP 109412,332.5006357,-28.2924339,6.436,6.424482,A5V,8446,210300,,PiscisAustrinus,352.8136237,0.147,,
8430,,HIP 109422,332.5365841,-32.54840842,4.92,4.804227,F6V,8447,210302,τ Piscis Austrini,PiscisAustrinus,61.09437448,0.489,,
8431,Biham,HIP 109427,332.5499526,6.197921588,3.55,3.516526,A1Va,8450,210418,θ Pegasi,Pegasus,96.53547373,0.086,,
8432,,HIP 109434,332.5637498,72.1112645,6.346,6.351368,A0VpHgSrSi,8473,210873,80 Dra,Cepheus,510.9725793,-0.053,,
8433,,HIP 109439,332.5792554,19.61633936,6.179,5.995103,G1V,8455,210460,,Pegasus,181.0105798,0.688,,
8434,,HIP 109442,332.58795,-3.89408825,6.282,6.274034,A0V,8451,210419,115 G. Aqr,Aquarius,362.2219847,-0.006,,
8435,,HIP 109445,332.5918136,14.62985983,6.359,6.083381,K0III,8456,210461,,Pegasus,423.927286,1.08,,
8436,,HIP 109458,332.6257639,20.9779841,6.438,6.433182,A3III,8459,210516,28 Peg,Pegasus,662.6017523,0.099,,
8437,,HIP 109466,332.6406128,-4.266855221,5.98,5.749662,G8/K0III,8453,210434,,Aquarius,281.7631995,0.981,,
8438,,HIP 109471,332.6559681,11.62453902,5.774,5.043728,M1III,8458,210502,,Pegasus,624.5216788,1.617,,
8439,,HIP 109472,332.6561774,-11.56493865,5.422,5.417349,B5III,8452,210424,38 Aqr,Aquarius,561.1016174,-0.117,,
8440,,HIP 109474,332.6616227,70.13257468,5.52,5.418816,F2V,8474,210884,,Cepheus,106.5012985,0.391,,
8441,,HIP 109492,332.7136571,58.20126183,3.35,2.870138,K1.5Ib,8465,210745,ζ Cephei,Cepheus,726.0576761,1.558,,
8442,,HIP 109493,332.7154542,30.55300001,6.32,6.2716,A8IV,8460,210594,,Pegasus,417.9484435,0.227,,
8443,,HIP 109509,332.759907,-21.23279695,6.09,5.97644,F6/7V,8457,210464,119 G. Aqr,Aquarius,184.80718,0.503,,
8444,,HIP 109521,332.7912233,50.82341511,5.377,5.352735,A5V,8463,210715,,Lacerta,178.7282533,0.152,,
8445,,HIP 109556,332.8774021,59.4144873,5.05,4.957484,O6.5I(n)fp,8469,210839,λ Cephei,Cepheus,1646.46685,0.192,,
8446,,HIP 109577,332.9638789,16.04055499,5.93,5.682814,K0III,8461,210702,,Pegasus,182.4193204,0.95,,
8447,,HIP 109584,332.9791007,-76.11602189,6.127,5.86518,K0III,8432,210056,,Octans,301.8519875,1.001,,
8448,,HIP 109592,333.0083985,60.75909786,5.359,5.022645,K1III,8479,210939,,Cepheus,372.9962883,1.184,,
8449,,HIP 109602,333.0337238,24.95064256,5.923,5.440002,K0,8466,210762,,Pegasus,3046.728636,1.5,,
8450,,HIP 109620,333.0935378,63.29103495,5.778,4.776641,M3III,8483,211029,,Cepheus,864.7218267,1.645,,
8451,,HIP 109624,333.1073268,-14.19396563,6.043,5.951384,F0V,8462,210705,39 Aqr,Aquarius,141.7393036,0.386,,
8452,,HIP 109647,333.1827852,-4.720678143,6.4,6.274614,F5V,8467,210763,121 G. Aqr,Aquarius,305.2436839,0.498,,
8453,,HIP 109654,333.1992679,34.60459099,5.343,5.015946,K2-IIIb,8475,210889,,Pegasus,255.8869387,1.134,,
8454,,HIP 109659,333.2198516,73.30719447,6.082,5.831362,G8III,8493,211300,,Cepheus,881.0805135,1.006,,
8455,,HIP 109667,333.2395153,-26.32779188,6.182,6.170936,A2Vp,8464,210739,,PiscisAustrinus,189.3147841,0.169,,
8456,,HIP 109691,333.2917342,18.27981125,6.488,6.046219,K2,,210890,,Pegasus,751.1531643,1.374,,
8457,,HIP 109693,333.2938035,86.10800323,5.258,5.250244,B9.5Vn,8546,212710,,Cepheus,255.6864522,-0.03,,
8458,,HIP 109730,333.4112439,28.60801648,5.867,5.537516,K2III,8482,211006,,Pegasus,249.2355582,1.169,,
8459,,HIP 109737,333.4351396,-25.18090378,5.584,5.457787,F7II,8470,210848,,PiscisAustrinus,220.5684152,0.497,,
8460,,HIP 109745,333.4551677,45.44061161,5.53,5.527112,A0III,8487,211096,,Lacerta,250.7693891,0.021,,
8461,,HIP 109746,333.4570975,63.16233805,6.121,6.114824,B8Vn,8490,211242,,Cepheus,967.3597038,-0.089,,
8462,,HIP 109754,333.469698,39.71492468,4.49,3.990364,K2.5III,8485,211073,,Lacerta,563.0413161,1.385,,
8463,,HIP 109786,333.5751369,-21.07456717,5.526,,K0III,8480,210960A,* 41 Aqr A,Aquarius,281.2771352,0.812,,
8464,,HIP 109788,333.5766725,17.18934084,6.49,6.081441,K4IV,,211076,,Pegasus,398.0461363,1.288,,
8465,,HIP 109789,333.5781303,-27.76690635,5.43,5.418383,B7V,8478,210934,λ Piscis Austrini,PiscisAustrinus,507.7875596,-0.121,,
8466,,HIP 109821,333.6610537,-41.38166514,6.23,6.06328,G2V,8477,210918,,Grus,72.1399114,0.648,,
8467,,HIP 109831,333.6848389,42.95389967,5.72,5.71013,A2Vnn,8489,211211,,Lacerta,279.3488413,0.014,,
8468,,,333.788,49.83,6.4,,Open Cluster,,,NGC 7243,Lacerta,,,,
8469,,HIP 109902,333.8959883,-44.45149797,6.089,5.845039,G8/K0III,8484,211053,,Grus,583.184869,0.988,,
8470,,HIP 109908,333.9038284,-41.34676263,4.798,4.551823,G8III+G,8486,211088,μ 1 Gruis,Grus,262.0581262,0.79,,
8471,,HIP 109937,333.9924037,37.74873523,4.15,3.665172,K3-II-III,8498,211388,1 Lac,Lacerta,626.9242991,1.447,,
8472,,HIP 109939,333.9992862,8.549573864,6.192,6.192805,A1Vn,8491,211287,29 G. Peg,Pegasus,395.1512555,0.019,,
8473,,HIP 109973,334.1106323,-41.6271817,5.117,4.861365,G8III,8488,211202,μ 2 Gruis,Grus,239.529888,0.93,,
8474,,HIP 109972,334.1106797,57.22023814,5.882,5.656164,G8III,8506,211554,,Cepheus,727.6778964,0.95,,
8475,,HIP 109977,334.1235281,27.80402963,6.37,6.127865,G9III,8503,211432,,Pegasus,399.0208763,0.982,,
8476,,HIP 109984,334.1402269,-1.596390088,6.143,6.12633,A3II/III,8495,211356,128 G. Aqr,Aquarius,262.0581218,0.194,,
8477,,HIP 109990,334.1560991,-25.89816203,6.14,5.812992,K1II/III,8492,211291,,PiscisAustrinus,567.944361,1.11,,
8478,,HIP 110000,334.2001909,-12.83143288,5.333,5.023233,K1III,8496,211361,42 Aqr,Aquarius,483.6798491,1.132,,
8479,Ancha,HIP 110003,334.2084862,-7.783288743,4.16,3.926515,G9II,8499,211391,θ Aquarii,Aquarius,191.3144667,0.979,,
8480,,HIP 110009,334.2190306,-9.040054751,5.791,5.466164,K2III,8500,211392,,Aquarius,351.2944607,1.158,,
8481,,HIP 110018,334.2493245,-23.14024139,6.177,5.8928,K0III,8497,211364,126 G. Aqr,Aquarius,519.109543,1.051,,
8482,,HIP 110023,334.2770816,-5.387165456,5.751,5.520962,G8/K0III,8504,211434,44 Aqr,Aquarius,341.0058967,0.878,,
8483,,HIP 110055,334.3680119,49.12695652,6.45,6.192437,K0,,211660,,Lacerta,898.0716377,1.046,,
8484,,HIP 110078,334.4608143,-77.5115552,5.472,5.417467,F0IIp,8471,210853,ψ Octantis,Octans,125.3845377,0.312,,
8485,,HIP 110091,334.5178005,-0.2376549984,6.379,6.289112,F3V,8507,211575,,Aquarius,135.2137577,0.441,,
8486,,HIP 110103,334.5526994,62.80439004,5.741,5.391719,K2III,8511,211833,25 Cep,Cepheus,689.2164029,1.256,,
8487,,HIP 110109,334.5650558,-53.62707411,5.39,5.230532,G0V,8501,211415,,Grus,44.37187492,0.614,,
8488,Lang-Exster,HIP 110130,334.6254685,-60.25962954,2.82,2.396663,K3III,8502,211416,α Tucanae,Tucana,198.5383097,1.39,,
8489,,HIP 110171,334.7341937,37.76928676,6.179,6.132438,A9IIIp,8510,211797,,Lacerta,214.6149975,0.27,,
8490,,HIP 110179,334.7530866,-13.30499272,5.959,5.669825,K0III,8508,211676,45 Aqr,Aquarius,353.964402,1.075,,
8491,,HIP 110256,335.0070026,-80.43974713,5.177,3.318115,M5III,8481,210967,ϵ Octantis,Octans,268.3127699,1.276,4.58,5.3
8492,,HIP 110273,335.0496524,-7.821101943,5.339,5.318625,B8III,8512,211838,ρ Aquarii,Aquarius,742.5956623,-0.048,,
8493,,HIP 110298,335.1148858,5.789502629,5.37,5.343999,B5III,8513,211924,30 Peg,Pegasus,918.3097249,-0.037,,
8494,,HIP 110311,335.1511407,-57.50978193,6.396,5.938006,K3/4III,8509,211726,,Tucana,779.9031219,1.404,,
8495,,HIP 110314,335.1615407,58.40990474,6.448,6.210584,G8III,,212136,,Cepheus,597.0692091,0.99,,
8496,,HIP 110316,335.1646663,50.98081448,6.37,6.057491,K2,8519,212071,,Lacerta,1646.466849,1.195,,
8497,,HIP 110341,335.2324884,8.186742089,6.163,6.065988,F5V,8514,211976,31 G. Peg,Pegasus,103.6566196,0.451,,
8498,,HIP 110346,335.2502405,26.93516065,6.48,5.2938,M3III,8517,212047,PT Peg,Pegasus,793.1876189,1.526,,
8499,,HIP 110351,335.2564471,46.53656978,4.54,4.537015,B6V,8523,212120,2 Lac,Lacerta,509.3751765,-0.1,,
8500,,HIP 110371,335.330579,28.33052968,4.81,4.769057,B9III,8522,212097,32 Peg,Pegasus,607.0774115,-0.01,,
8501,,HIP 110386,335.3794796,12.20518412,4.99,4.648947,B3III,8520,212076,31 Peg,Pegasus,970.2382834,-0.132,4.85,5.05
8502,,HIP 110391,335.3982006,-21.59823011,5.124,4.810523,K0III,8516,212010,47 Aqr,Aquarius,183.0431928,1.057,,
8503,Sadachbia,HIP 110395,335.4140482,-1.387349194,3.834,3.849263,A0V,8518,212061,γ Aquarii,Aquarius,157.7165677,-0.057,,
8504,,HIP 110408,335.4619763,42.07816178,6.369,6.363261,B5V,8528,212222,V405 Lac,Lacerta,714.9117308,-0.086,,
8505,,HIP 110487,335.7095045,36.65904489,6.457,6.166253,K0,,212334,,Lacerta,436.4130897,1.052,,
8506,,HIP 110497,335.7507803,57.28461284,6.168,6.152823,B8III,8535,212454,,Cepheus,851.176521,-0.112,,
8507,,HIP 110498,335.752169,62.41935868,6.032,6.028221,A1V,8537,212495,,Cepheus,711.7919109,0.035,,
8508,,HIP 110506,335.7832793,-45.92848835,5.62,5.539716,F0V,8524,212132,π 2 Gruis,Grus,132.4127695,0.372,,
8509,,HIP 110529,335.878537,-24.76266282,5.527,5.291299,K0IIICNII,8529,212271,49 Aqr,Aquarius,271.6666511,0.979,,
8510,,HIP 110532,335.8839583,-7.194412278,5.907,5.681845,G8Ib/II(w),8530,212320,138 G. Aqr,Aquarius,459.1548593,0.998,,
8511,,HIP 110538,335.8900971,52.22904672,4.44,4.130943,G9IIIbCa1,8538,212496,β Lacertae,Lacerta,169.7032657,1.015,,
8512,,HIP 110578,336.0286847,-4.837019239,5.779,6.417654,B9.5V,8533,212404,51 Aqr,Aquarius,423.9272863,-0.033,,
8513,,HIP 110602,336.1127496,-13.52936978,5.752,5.510744,G7.5III,8534,212430,50 Aqr,Aquarius,542.42833,0.97,,
8514,,HIP 110609,336.1291312,49.47639183,4.58,4.509516,B9Iab-Ib,8541,212593,4 Lac,Lacerta,2116.885019,0.092,,
8515,,HIP 110618,336.1536891,-72.2554134,5.29,5.058334,G9VFe-3.1CH-1.5,8515,211998,ν Indi,Indus,94.21957755,0.66,,
8516,,HIP 110649,336.2348695,-57.79745589,5.31,5.152849,G2IV-V,8531,212330,,Tucana,66.78959941,0.665,,
8517,,HIP 110668,336.2941839,-70.43162138,5.768,5.681002,F5III,8527,212211,,Indus,165.0633149,0.396,,
8518,,HIP 110672,336.3192625,1.377398458,4.64,4.525096,B1III-IVe,8539,212571,π Aquarii,Aquarius,1101.352271,-0.171,4.42,4.87
8519,,HIP 110696,336.419581,18.4443122,6.264,5.892655,K0,8543,212670,,Pegasus,567.9443572,1.201,,
8520,,HIP 110712,336.463146,-75.01568786,6.119,5.977105,G0V,8526,212168,,Octans,75.13259702,0.599,,
8521,,HIP 110725,336.5034311,70.77090341,5.469,5.109865,K2III,8557,213022,,Cepheus,519.9375821,1.216,,
8522,,HIP 110736,336.5228108,-48.43854109,6,,M8(III)e,,212539,S Gru,Grus,1823.121831,,6,15
8523,,HIP 110746,336.5446002,-23.68244645,6.276,6.279773,A0V,8542,212643,144 G. Aqr,Aquarius,494.6888737,-0.021,,
8524,,HIP 110778B,336.6427934,-16.74158936,6.32,6.21267,G3V,,,,Aquarius,65.4617958,0.618,,
8525,,HIP 110778A,336.6429176,-16.74219468,6.22,6.097511,G2V,8545,212698,,Aquarius,65.4617958,0.618,,
8526,,HIP 110785,336.6557108,4.39377933,5.81,5.627916,F7V,8548,212754,34 Peg,Pegasus,128.6503965,0.519,,
8527,,HIP 110787,336.6768097,78.78587326,5.84,5.819845,A2Vm,8578,213403,ρ 1 Cephei,Cepheus,204.0050005,0.171,,
8528,,,336.689821,37.443694,6.487,,B2V,8549,212883A,,Lacerta,1928.99485,-0.132,,
8529,,HIP 110817,336.772127,65.13226676,5.515,5.390585,B0.5Ib,8561,213087,26 Cep,Cepheus,2527.133349,0.302,,
8530,,HIP 110838,336.8331795,-64.96636021,4.49,4.463097,B9Vn,8540,212581,δ Tucanae,Tucana,266.994423,-0.029,,
8531,,HIP 110849,336.8604105,39.8100259,6.16,6.124065,B2V,8553,212978,,Lacerta,1364.017086,-0.136,,
8532,,HIP 110873,336.9427287,31.84004619,5.986,5.482438,K2,8555,212988,,Pegasus,936.7808907,1.442,,
8533,,HIP 110882,336.9646797,4.695667906,4.8,4.470701,K1-III-IV,8551,212943,35 Peg,Pegasus,159.8821858,1.039,,
8534,,HIP 110907,337.0463558,27.01880531,6.49,6.219154,G8III,,213025,,Pegasus,482.2487059,0.986,,
8535,,HIP 110919,337.0812055,64.08515502,6.285,5.997471,K0,8568,213242,,Cepheus,376.8789496,1.113,,
8536,,HIP 110935,337.1569601,-67.48906095,5.564,5.52326,A3/5V,8547,212728,,Indus,141.9860921,0.208,,
8537,,HIP 110936,337.163376,-39.13179064,5.473,5.2088,G8III,8552,212953,ν Gruis,Grus,262.4799695,0.959,,
8538,,HIP 110960 ,337.2078601,-0.02054497232,4.49,,F2.5IV-V,8558,213051,* zet01 Aqr,Aquarius,,,,
8539,,HIP 110960,337.20787,-0.01996464956,4.34,,F2V+,8559,213052,* zet02 Aqr,Aquarius,103.3935375,0.406,,
8540,,HIP 110960,337.2079452,-0.01994285,3.65,,F2V++F2.5IV-V,8558,213051,ζ 1 Aquarii,Aquarius,103.3935375,0.406,,
8541,,HIP 110986,337.283261,9.129035045,5.574,4.962428,K5III,8562,213119,36 Peg,Pegasus,579.0414013,1.578,,
8542,,HIP 110988,337.2885279,58.40409645,6.3,6.300499,B7IV,,213307,δ Cep C,Cepheus,950.4370369,-0.033,,
8543,,HIP 110992,337.2926136,26.76319797,5.778,5.431441,K2II,8564,213179,,Pegasus,1097.642389,1.252,,
8544,,HIP 110991,337.2927611,58.41519378,3.75,3.8506,F5Iab:+B7-8,8571,213306,δ Cephei,Cepheus,981.9286483,0.778,3.48,4.37
8545,,HIP 110997,337.3173915,-43.4955616,3.97,3.699737,G6/8III,8556,213009,δ 1 Gruis,Grus,295.557572,1.022,,
8546,,HIP 111022,337.3826173,47.7069059,4.37,3.53636,K9Ia+B2V,8572,213310,5 Lac,Lacerta,1164.286594,1.679,,
8547,,HIP 111043,337.4393048,-43.74921888,4.11,2.980583,M4.5IIIa,8560,213080,δ 2 Gruis,Grus,324.7013306,1.57,3.99,4.2
8548,,HIP 111045,337.4418931,-27.10726174,5.95,5.864499,F0V,8563,213135,,PiscisAustrinus,137.2052944,0.362,,
8549,,HIP 111056,337.4707415,78.82428668,5.46,5.442163,A3V,8591,213798,ρ 2 Cephei,Cepheus,237.0910785,0.093,,
8550,,HIP 111062,337.4913825,4.431693678,5.7,5.371577,F8(V),8566,213235A,* 37 Peg A,Pegasus,172.2134665,0.385,,
8551,,HIP 111066,337.5061804,-12.91511821,6.4,6.34123,F2/3IV/V,8565,213198,152 G. Aqr,Aquarius,264.3958689,0.356,,
8552,,HIP 111068,337.5075602,32.57263848,5.65,5.623025,B9.5V,8574,213323,38 Peg,Pegasus,406.9915786,-0.031,,
8553,,HIP 111072,337.5270985,49.35641243,6.42,6.006561,K2III,8575,213389,V350 Lac,Lacerta,398.5318762,1.166,6.27,6.47
8554,,HIP 111086,337.5722959,-14.58573259,6.347,6.341543,B8II,8567,213236,56 Aqr,Aquarius,633.0107226,-0.047,,
8555,,HIP 111104,337.6219196,43.12337646,4.511,4.477451,B2IV,8579,213420,6 Lac,Lacerta,1369.748168,-0.086,,
8556,,HIP 111123,337.6617558,-10.67791806,4.81,4.808764,A0IVs,8573,213320,σ Aquarii,Aquarius,265.2565089,-0.053,,
8557,,HIP 111138,337.7240546,-26.07375114,6.43,6.153747,K1III,8570,213296,ζ Piscis Austrini,PiscisAustrinus,399.0208791,1.083,,
8558,Stellio,HIP 111169,337.8229226,50.28249164,3.77,3.783707,A1V,8585,213558,α Lacertae,Lacerta,102.3226269,0.031,,
8559,,HIP 111170,337.8263678,-6.555296914,6.16,6.006863,F8V,8581,213429,,Aquarius,83.20565458,0.565,,
8560,,HIP 111171,337.8267423,-2.911265073,6.139,5.869077,K0III,8580,213428,155 G. Aqr,Aquarius,473.1500436,1.083,,
8561,,HIP 111188,337.8763772,-32.3460753,4.29,4.263408,A1Va,8576,213398,β Piscis Austrini,PiscisAustrinus,148.249201,0.011,,
8562,,HIP 111191,337.8931308,29.54275986,6.33,6.30144,kA6hA8mA8,8584,213534,GX Peg,Pegasus,407.5001387,0.209,6.35,6.37
8563,,HIP 111196,337.9063132,-85.9672529,5.752,5.488357,K0III,8505,211539,υ Octantis,Octans,329.9610229,1.02,,
8564,,HIP 111200,337.922153,-10.90550411,6.381,6.32753,A9/F0V,8583,213464,58 Aqr,Aquarius,224.9827803,0.29,,
8565,,HIP 111242,338.0676027,76.22644103,5.7,5.674701,A2V,8599,214035,,Cepheus,735.8931009,0.02,,
8566,,HIP 111247,338.0780103,54.0370313,6.37,6.140073,G8III,8589,213720,,Lacerta,633.0107214,1.043,,
8567,,HIP 111259,338.1099037,39.77973175,5.88,5.844529,A6V,8588,213660,,Lacerta,628.1304988,0.166,,
8568,,HIP 111296,338.1954525,15.86326455,6.33,6.008362,K0,8587,213644,,Pegasus,698.073824,1.19,,
8569,,HIP 111310,338.2502571,-61.98212182,4.81,3.720557,M4III,8582,213442,ν Tucanae,Tucana,272.5752184,1.612,4.75,4.93
8570,,,338.2622158,69.91352299,6.24,,~,8595,213973A,,Cepheus,248.6653856,0.334,,
8571,,HIP 111325,338.3201227,70.37371487,6.32,6.321402,A0V,8598,214019,,Cepheus,399.9988785,0.018,,
8572,,HIP 111362,338.4193726,56.62473764,5.72,5.470336,K0III,8594,213930,,Lacerta,339.5845352,0.966,,
8573,,HIP 111394,338.5121404,-1.574267223,5.875,5.626047,K0III,8590,213789,60 Aqr,Aquarius,443.5361926,0.977,,
8574,,HIP 111449,338.6734824,-20.70821581,5.203,5.094743,F7V,8592,213845,υ Aquarii,Aquarius,74.14154851,0.446,,
8575,,HIP 111497,338.839089,-0.1174974066,4.03,4.025545,B8/9V,8597,213998,η Aquarii,Aquarius,183.4552542,-0.083,,
8576,,HIP 111504,338.8605136,-78.77158469,6.139,5.668889,K1III,8577,213402,,Octans,1090.300877,1.368,,
8577,,HIP 111515,338.9015657,-23.99109413,5.964,5.729299,K1III,8596,213986,162 G. Aqr,Aquarius,337.4753163,0.984,,
8578,,HIP 111539,338.9533394,-17.46042871,6.37,5.899677,K4III,,214028,61 Aqr,Aquarius,465.0489417,1.42,,
8579,,HIP 111543,338.9666421,56.07057473,6.373,6.358685,A3V,8607,214279,,Lacerta,351.2944594,0.107,,
8580,,HIP 111544,338.9670794,39.62814993,5.67,6.440872,B1.Vs,,214168,,Lacerta,252.3221265,-0.148,,
8581,,HIP 111546,338.9678448,39.63432966,5.69,5.679723,B1Vne,8603,214167,8 Lac A,Lacerta,639.2145027,-0.16,,
8582,,HIP 111548,338.9705462,-57.88375116,6.224,6.197436,A5V,8593,213884,,Tucana,220.4194368,0.212,,
8583,,HIP 111550,338.9724271,50.07078813,6.275,6.256701,B3V,8606,214240,,Lacerta,1654.822231,-0.071,,
8584,,HIP 111567,339.0329221,35.57750182,6.105,5.845842,K0,8604,214200,,Pegasus,417.4138021,0.997,,
8585,,HIP 111594,339.1220928,-40.58270467,6.276,6.269036,A3V,8600,214085,σ 1 Gruis,Grus,226.2320162,0.119,,
8586,,HIP 111600,339.1476672,-31.6637908,5.808,5.514707,K2III,8601,214122,,PiscisAustrinus,311.9618959,1.074,,
8587,,HIP 111601,339.1513742,11.69663609,6.419,6.413168,A1III,8605,214203,,Pegasus,375.5749471,0.027,,
8588,,HIP 111627,339.2028276,35.65241931,6.275,5.812391,K5,8609,214313,,Lacerta,699.5701644,1.392,,
8589,,HIP 111643,339.2452223,-40.59103503,5.874,5.880944,A1V,8602,214150,σ 2 Gruis,Grus,219.3811237,0.06,,
8590,,HIP 111649,339.2702034,12.57681698,6.28,5.802882,K5,8608,214298,,Pegasus,835.8968938,1.431,,
8591,,HIP 111660,339.3040226,75.37181128,5.777,5.070298,M1III,8625,214710,,Cepheus,623.3285199,1.594,,
8592,,HIP 111674,339.343408,51.54512102,4.63,4.56647,A9VkA7mA6,8613,214454,9 Lac,Lacerta,172.031558,0.254,,
8593,Situla,HIP 111710,339.4390856,-4.228054801,5.03,4.718346,K1.5IIIbCN0.5,8610,214376,κ Aquarii,Aquarius,234.1955427,1.14,,
8594,,HIP 111753,339.5724867,45.18293251,6.37,6.183164,G6III+kA5.5:hA8.5:mF0,8617,214558,,Lacerta,522.4347405,0.771,,
8595,,HIP 111761,339.5922745,-7.897558296,6.244,6.046444,K0III+F2,8612,214448,,Aquarius,459.1548585,0.783,,
8596,,HIP 111795,339.6580138,56.79563274,5.167,3.861995,M4+III,8621,214665,V416 Lac,Lacerta,429.5116677,1.537,,
8597,,HIP 111797,339.6627157,63.58447137,5.188,5.162956,A0IV,8627,214734,30 Cep,Cepheus,319.6079005,0.083,,
8598,,HIP 111801,339.6861316,-28.74821399,6.457,6.183322,K1III,8614,214462,,PiscisAustrinus,402.9654804,1.034,,
8599,,HIP 111809,339.7144444,-33.08134633,5.66,5.650513,A0V,8616,214484,VZ PsA,PiscisAustrinus,434.6657325,0.037,,
8600,,HIP 111810,339.7191408,19.52225107,5.82,5.599968,G8II,8618,214567,40 Peg,Pegasus,381.2864688,0.922,,
8601,,HIP 111841,339.8153277,39.05026976,4.88,4.825453,O9V,8622,214680,10 Lac,Lacerta,1766.920631,-0.207,,
8602,,HIP 111869,339.8930546,37.59281703,6.023,5.796873,G3Ib-II:CN-1CH2Fe-1,8626,214714,,Lacerta,903.046398,0.854,,
8603,,HIP 111879,339.9341028,-28.32565964,6.314,6.052485,K0/1III,8619,214599,,PiscisAustrinus,465.7139831,1.006,,
8604,,HIP 111884,339.9458797,19.68112613,6.324,6.324999,A2V,8624,214698,41 Peg,Pegasus,635.4785409,0.035,,
8605,,HIP 111925,340.0766958,53.84592669,5.92,5.686603,K0III,8633,214878,,Lacerta,343.5193562,0.946,,
8606,,HIP 111934,340.0929383,-30.65886978,5.89,5.445066,K2/3III,8623,214690,,PiscisAustrinus,641.7312271,1.297,,
8607,,HIP 111944,340.128577,44.27630746,4.46,4.065224,K2.5III,8632,214868,11 Lac,Lacerta,301.5725943,1.318,,
8608,,HIP 111954,340.1639511,-27.04361529,4.177,4.161008,B7III,8628,214748,ϵ Piscis Austrini,PiscisAustrinus,744.2941238,-0.105,,
8609,,,340.199857,-3.554270592,6.46,,~,8629,214810A,,Aquarius,109.1761273,0.52,,
8610,,HIP 111965,340.1998867,-3.554308379,6.31,,G9VFe-0.7,8629,214810,,Aquarius,109.1761272,0.52,,
8611,,HIP 111967,340.2038212,-57.42231912,5.967,5.465066,K3III,8620,214632,,Tucana,1225.564843,1.45,,
8612,,HIP 111974,340.219521,14.549192,6.05,5.865471,~,8631,214850A,,Pegasus,106.9202055,0.723,,
8613,Homam,HIP 112029,340.365503,10.83136331,3.41,3.4209,B8.5IV,8634,214923,ζ Pegasi,Pegasus,208.4399023,-0.086,,
8614,,HIP 112031,340.3693729,40.22544715,5.229,5.210194,B1.5III,8640,214993,12 Lac,Lacerta,1393.161496,-0.137,5.16,5.28
8615,,HIP 112032,340.3804501,30.96586271,6.36,5.700379,K5,8638,214979,,Pegasus,831.6328119,1.579,,
8616,,HIP 112051,340.439184,29.30767528,4.79,4.79961,A1IV,8641,214994,ο Pegasi,Pegasus,304.6728549,-0.013,,
8617,,HIP 112067,340.4893994,14.51639399,5.921,5.609691,K0III,8642,214995,,Pegasus,266.7759933,1.114,,
8618,,HIP 112098,340.5867041,53.90874786,6.106,5.511809,K2,8648,215159,,Lacerta,1189.783063,1.634,,
8619,,HIP 112102,340.5920293,-29.36104813,6.168,5.012991,M3III,8637,214966,19 PsA,PiscisAustrinus,607.0774143,1.522,,
8620,,HIP 112117,340.6536806,-47.21081271,6.06,5.868734,F9.5V,8635,214953,,Grus,76.75998477,0.584,,
8621,Tiaki,HIP 112122,340.6668761,-46.88457644,2.11,,M4.5III,8636,214952,β Gruis,Grus,170.0573065,1.61,2,2.3
8622,,HIP 112127,340.679507,-44.24802288,6.067,5.823703,K0III,8639,214987,,Grus,319.9215164,0.956,,
8623,,HIP 112144,340.7310279,37.80273339,6.421,6.391983,B1.5V,8651,215191,,Lacerta,1202.953467,-0.119,,
8624,,,340.73117,37.80281,6.435,,~,,,[AKS95] 151,Lacerta,,,,
8625,Matar,HIP 112158,340.7505369,30.22121471,2.95,2.725079,G8II+F0V,8650,215182,η Pegasi,Pegasus,214.7564803,0.852,,
8626,,HIP 112168,340.764223,-8.31144066,6.45,,A3IV,8645,215114,,Aquarius,617.4246556,0.166,,
8627,,HIP 112179,340.8094302,-6.96293733,6.405,6.397933,B7.5V,8647,215143,67 Aqr,Aquarius,367.532525,-0.039,,
8628,,HIP 112203,340.8749011,-41.41434553,4.835,4.550108,K0III,8644,215104,ρ Gruis,Grus,221.6181363,1.027,,
8629,,HIP 112211,340.8968052,-18.83037508,4.69,4.189073,K3III,8649,215167,66 Aqr,Aquarius,484.3970485,1.358,,
8630,,HIP 112241,341.0217365,39.46534794,5.99,5.410152,K5III,8654,215359,,Lacerta,646.8266051,1.49,,
8631,,HIP 112242,341.022828,41.81923481,5.08,4.854727,G8III,8656,215373,13 Lac,Lacerta,274.1801081,0.96,,
8632,,HIP 112259,341.0686633,-60.49961716,6.298,6.148788,G5/K0III+A7/9,8646,215121,,Tucana,441.7334192,0.568,,
8633,,HIP 112300,341.204658,52.51720988,6.41,5.82696,K2,8661,215518,,Lacerta,953.2178169,1.541,,
8634,,HIP 112305,341.2207496,39.20102551,6.441,5.913136,K5,,215473,,Lacerta,695.0974425,1.498,,
8635,,HIP 112358,341.3673995,19.36655693,6.269,5.995292,G6III:,8660,215510,45 Peg,Pegasus,350.9162974,1.057,,
8636,,HIP 112374,341.4078414,-53.50011987,4.846,4.463584,K2IIICNIV,8655,215369,η Gruis,Grus,394.1960807,1.18,,
8637,,HIP 112381,341.4199357,-46.54732419,5.51,5.103686,K2III,8657,215405,,Grus,663.9513973,1.302,,
8638,,HIP 112405,341.5146291,-81.38161444,4.128,4.048409,A9IV/V,8630,214846,β Octantis,Octans,140.3358814,0.208,,
8639,,HIP 112417,341.5425922,44.5460548,5.84,5.759232,F0III-IV,8666,215664,,Lacerta,173.4966017,0.358,,
8640,,HIP 112432,341.6178872,-49.68578952,6.48,6.154671,K1III,8659,215504,,Grus,759.9062726,1.162,,
8641,,HIP 112440,341.6328246,23.5656561,3.93,3.686687,G8IIIaCN0.5,8667,215665,λ Pegasi,Pegasus,394.6720332,1.07,,
8642,,HIP 112447,341.6732494,12.17288579,4.2,4.069358,F6V,8665,215648,ξ Pegasi,Pegasus,52.9737056,0.502,,
8643,,HIP 112501,341.8298406,-34.16172015,6.296,5.95659,K1III,8668,215669,,PiscisAustrinus,320.2357788,1.145,,
8644,,HIP 112508,341.8468239,58.48302947,6.36,6.310391,B9.5IV,8677,215907,,Cepheus,956.0116383,0.017,,
8645,,HIP 112519,341.8711215,83.15382875,4.78,4.365458,K3III,8702,216446,,Cepheus,324.0558484,1.257,,
8646,,HIP 112529,341.8880143,-19.61337475,5.26,4.97413,G8III,8670,215721,68 Aqr,Aquarius,265.9055752,0.941,,
8647,,HIP 112533,341.8985944,-65.56025204,6.49,6.140087,K1III,,215562,,Tucana,633.0107292,1.208,,
8648,,HIP 112542,341.9282061,-14.05642814,5.681,5.6658,B9V,8673,215766,τ 1 Aquarii,Aquarius,259.7611243,-0.016,,
8649,,HIP 112567,341.9841797,-25.9120348,6.309,6.064477,G8III,8674,215782,,PiscisAustrinus,516.6417208,0.913,,
8650,,HIP 112590,342.0459788,37.41669004,5.809,5.541899,G8III:,8678,215943,,Lacerta,363.8389423,1.024,,
8651,,HIP 112603,342.0891039,-61.68436444,6.365,6.086095,K0III,8669,215682,,Tucana,393.2441617,1.059,,
8652,,HIP 112615,342.1258761,-10.55547716,6.18,6.134507,F0V,8676,215874,70 Aqr,Aquarius,377.3157885,0.274,6.16,6.19
8653,,HIP 112623,342.1387419,-51.31686481,3.466,3.487227,A2IVn,8675,215789,ϵ Gruis,Grus,129.5707004,0.083,,
8654,,HIP 112635,342.1844,62.93841289,6.063,5.715745,K0,8683,216102,,Cepheus,639.214504,1.194,,
8655,,HIP 112641,342.1995689,54.41489234,6.124,6.112235,B7V,8682,216057,,Lacerta,601.4767295,-0.083,,
8656,,HIP 112655,342.230323,-63.71840378,6.5,6.496706,B9.5V,,215769,,Tucana,1048.230559,-0.047,,
8657,,HIP 112694,342.3227939,-70.34798446,6.333,6.337155,A2V,8672,215729,,Indus,326.652119,0.071,,
8658,,HIP 112716,342.3979208,-13.59262854,3.98,3.350818,M0III,8679,216032,τ 2 Aquarii,Aquarius,379.9531297,1.57,,
8659,,HIP 112724,342.4200729,66.20040505,3.54,3.222498,K0-III,8694,216228,ι Cephei,Cepheus,115.3166665,1.053,,
8660,,HIP 112731,342.4429782,55.9027767,5.439,5.064219,K1III,8688,216174,,Lacerta,371.2978262,1.167,,
8661,,HIP 112746,342.496762,-32.80546758,6.332,6.277395,F0V,8680,216042,,PiscisAustrinus,228.1316171,0.317,,
8662,Sadalbari,HIP 112748,342.5008045,24.60158128,3.48,3.274584,G8+III,8684,216131,μ Pegasi,Pegasus,116.6369643,0.933,,
8663,,HIP 112761,342.5420578,50.67691907,6.23,5.920482,G5Ib-II,8692,216206,,Lacerta,1638.192965,1.129,,
8664,,HIP 112778,342.590744,41.95339483,5.91,5.861477,B4III,8690,216200,14 Lac,Lacerta,1086.665964,0.062,5.91,5.98
8665,,HIP 112781,342.5950579,-80.12384496,5.311,5.295854,B6V,8663,215573,ξ Octantis,Octans,443.536203,-0.126,,
8666,,HIP 112803,342.6630306,19.14120556,6.49,6.234584,K0,8691,216201,,Pegasus,519.9375784,1.104,,
8667,,HIP 112832,342.7589957,-39.15683573,5.4,4.930226,K3III,8685,216149,,Grus,1105.084976,1.444,,
8668,,HIP 112833,342.7627613,85.37373481,5.891,5.432493,K5,8736,217157,,Cepheus,456.5827208,1.34,,
8669,,HIP 112862,342.8372436,-29.53630658,5.987,5.759514,G8/K0III,8693,216210,21 PsA,PiscisAustrinus,370.4534882,0.907,,
8670,,,342.8442884,61.69674148,5.931,5.757996,G8III-IV,8696,216380A,,Cepheus,227.3361746,0.775,,
8671,,HIP 112895,342.9373101,-59.88138153,6.454,6.165988,K1IIICNII,8686,216169,,Tucana,357.0646682,1.132,,
8672,,HIP 112917,343.0084744,43.31241718,4.938,4.272409,M1III,8699,216397,15 Lac,Lacerta,326.3261088,1.559,,
8673,,HIP 112924,343.0417237,-63.18866797,6.21,5.9108,K0III,8689,216187,,Tucana,400.9834046,1.025,,
8674,,HIP 112948,343.1300712,-32.8757588,5.023,4.480599,F5V,8695,216336,* gam PsA B,PiscisAustrinus,222.2222129,-0.037,,
8675,,HIP 112948,343.1313757,-32.87546049,4.51,4.480599,A0VpSrCrEu,8695,216336,γ Piscis Austrini,PiscisAustrinus,222.2222129,-0.037,,
8676,,HIP 112961,343.1536419,-7.579596924,3.79,2.85953,M2.5IIIFe-0.5,8698,216386,λ Aquarii,Aquarius,391.3566131,1.626,3.57,3.8
8677,,HIP 112986,343.217704,50.41228515,6.463,6.452454,B8V,8705,216523,,Lacerta,791.2609578,-0.047,,
8678,,HIP 112997,343.2594433,16.8411946,5.89,5.705932,K2III,8703,216489,IM Peg,Pegasus,315.5857083,1.132,5.6,5.85
8679,,HIP 112998,343.2657688,60.10103099,5.984,5.315257,K2V:,8707,216595,,Cepheus,1298.804023,1.748,,
8680,,HIP 113009,343.2974018,40.16736135,6.32,6.306915,B7III,8706,216538,V377 Lac,Lacerta,1268.48275,-0.074,6.25,6.27
8681,,HIP 113031,343.3696038,-11.61651476,5.78,5.759569,B8IV/V,8704,216494,74 Aqr,Aquarius,657.2586098,-0.082,5.8,5.81
8682,,HIP 113044,343.4080515,-48.59828442,6.04,5.887371,G0V,8700,216435,τ 1 Gruis,Grus,108.5774943,0.62,,
8683,,,343.4173176,44.74916024,5.94,,A3Vm,8708,216608A,,Lacerta,169.6149181,0.282,,
8684,,HIP 113080,343.5235305,-19.17514899,6.38,5.782262,K5III,,216553,189 G. Aqr,Aquarius,480.8273467,1.515,,
8685,,HIP 113084,343.5290949,40.37687034,5.805,5.503276,K0III,8712,216646,,Lacerta,338.525033,1.136,,
8686,,HIP 113116,343.6040448,84.34617534,4.684,4.192744,K4III,8748,217382,,Cepheus,390.4177366,1.418,,
8687,,HIP 113127,343.6421741,-7.204624732,6.181,5.821057,K2III,8710,216637,78 Aqr,Aquarius,609.346372,1.284,,
8688,,HIP 113131,343.6484467,16.94183501,6.36,5.027484,S4+/1+,8714,216672,,Pegasus,967.3597004,1.729,6.12,6.49
8689,Skat,HIP 113136,343.6625261,-15.82081957,3.28,3.272364,A3Vp,8709,216627,δ Aquarii,Aquarius,159.4913118,0.066,,
8690,,HIP 113137,343.6645081,-70.07370891,6.05,5.899948,G1VFe+0.3,8701,216437,ρ Indi,Indus,86.49670324,0.66,,
8691,,HIP 113148,343.6894579,-16.27195728,5.56,5.224309,K2.5III,8711,216640,77 Aqr,Aquarius,140.0946309,1.111,,
8692,,HIP 113167,343.7478558,1.064902669,6.11,6.076179,A3IV,8715,216701,1 Psc,Pisces,307.2573838,0.192,,
8693,,HIP 113174,343.7610304,37.07682836,5.901,5.808756,F4V,8718,216756,,Lacerta,134.4884048,0.397,,
8694,,,343.7956703,-4.987897972,5.92,,~,8716,216718A,,Aquarius,292.9022952,0.881,,
8695,,HIP 113184,343.7956735,-4.987902539,5.757,5.668895,K1III,8716,216718,,Aquarius,292.9022951,0.881,,
8696,,HIP 113186,343.8069537,8.81618146,4.9,4.88758,A1V,8717,216735,ρ Pegasi,Pegasus,282.2512184,-0.003,,
8697,,HIP 113189,343.8121052,-36.38857572,6.407,5.983621,K2III,8713,216666,,Grus,722.8367967,1.313,,
8698,,HIP 113204,343.8774877,-20.13942098,6.35,5.857249,K4/5III,,216727,196 G. Aqr,Aquarius,695.0974444,1.429,,
8699,,HIP 113222,343.9354497,36.35139584,5.725,5.718545,B7III,8723,216831,,Lacerta,835.8968929,-0.051,,
8700,,HIP 113234,343.9647137,-31.63323432,6.067,5.645162,K3III,8719,216761,,PiscisAustrinus,947.6758174,1.358,,
8701,,HIP 113246,343.9870841,-32.53962394,4.208,3.941577,G8III,8720,216763,δ Piscis Austrini,PiscisAustrinus,170.3239719,0.952,,
8702,,HIP 113281,344.098458,41.60387458,5.587,5.563773,B2IVs,8725,216916,16 Lac,Lacerta,1202.953466,-0.149,5.41,5.52
8703,,HIP 113283,344.100219,-31.56556405,6.48,6.091865,K4Ve,8721,216803,TW PsA,PiscisAustrinus,24.89691639,1.094,6.44,6.51
8704,Tengshe,HIP 113288,344.1083266,49.73354408,4.94,4.216367,K5Ib,8726,216946,V424 Lac,Lacerta,1873.56505,1.778,,
8705,,HIP 113307,344.1991679,-47.9692204,5.714,5.686356,A4mA5-F2,8722,216823,τ 3 Gruis,Grus,272.1204452,0.226,,
8706,,HIP 113327,344.2687586,48.68406823,5.43,5.06683,B4IIIpe,8731,217050,EW Lac,Lacerta,1097.642388,-0.102,5.22,5.48
8707,,HIP 113345,344.3216432,-4.810094613,6.313,6.060951,K0III,8727,216953,197 G. Aqr,Aquarius,412.6574604,0.948,,
8708,Helvetios,HIP 113357,344.3665854,20.76883251,5.46,5.283212,G2IV,8729,217014,,Pegasus,50.09762747,0.67,,
8709,,HIP 113360,344.3866847,3.81024214,6.282,5.981771,K1III,8730,217019,5 G. Psc,Pisces,460.4523371,1.122,,
8710,Fomalhaut,HIP 113368,344.4126927,-29.62223703,1.16,,A4V,8728,216956,α Piscis Austrini,PiscisAustrinus,25.08142819,0.09,,
8711,,HIP 113371,344.4197409,39.30877579,6.18,6.139247,B2IV-V,8733,217101,,Lacerta,1364.017084,-0.148,,
8712,,HIP 113421,344.5647537,-2.395384232,6.163,5.996743,G8IV-V,8734,217107,,Pisces,64.31805159,0.74,,
8713,,HIP 113433,344.5985867,-1.41020702,6.374,6.288059,F2V,8735,217131,7 G. Psc,Pisces,317.1208434,0.366,,
8714,,HIP 113447,344.6458617,-35.52322903,6.144,6.014067,F7V,8732,217096,,PiscisAustrinus,253.4993163,0.582,,
8715,,HIP 113445,344.6461688,9.356854712,6.44,6.296713,G5VFe-0.8,8737,217166,41 G. Peg,Pegasus,100.8663824,0.64,,
8716,,HIP 113465,344.6776037,7.340079426,6.34,6.333204,A1V,8738,217186,8 G. Psc,Pisces,313.1605935,0.052,,
8717,,HIP 113498,344.7875198,59.8146522,6.45,6.423488,B7III,8745,217348,,Cepheus,1156.029011,0.012,,
8718,,HIP 113501,344.7930869,52.65453067,6.293,5.804621,K2,8744,217314,,Andromeda,672.1665946,1.414,,
8719,,HIP 113503,344.799241,11.7288421,6.08,5.7364,A8V,8739,217232,* 52 Peg A,Pegasus,265.9055725,0.293,,
8720,,HIP 113521,344.8643906,0.9629245072,5.426,5.180388,K0III,8742,217264,2 Psc,Pisces,280.3095619,0.982,,
8721,,HIP 113531,344.8986346,-13.07089735,6.1,5.604688,K3/4III,8741,217251,198 G. Aqr,Aquarius,655.9350492,1.459,,
8722,,HIP 113532,344.8989908,-29.46231185,5.503,5.445175,F0V,8740,217236,WX PsA,PiscisAustrinus,366.2937263,0.271,,
8723,,HIP 113561,345.0212551,56.94537524,5.13,4.999452,G4_0,8752,217476,V509 Cas,Cassiopeia,13009.8323,1.011,4.75,5.5
8724,,HIP 113562,345.0241219,-25.16417995,5.656,5.263217,K0IICNIII,8743,217303,,PiscisAustrinus,705.6272486,1.253,,
8725,,HIP 113593,345.1026679,-25.62684765,6.296,5.997249,K1III,8746,217358,,PiscisAustrinus,428.3837082,1.124,,
8726,,HIP 113603,345.1433053,45.37480592,6.49,6.436076,A3V,8755,217491,,Andromeda,1582.525184,0.299,,
8727,,HIP 113610,345.1579458,0.185863813,6.224,5.996603,G8/K0III,8750,217428,3 Psc,Pisces,639.2145019,0.892,,
8728,,HIP 113622,345.1787515,3.011804134,5.848,5.416321,K2/3III,8751,217459,11 G. Psc,Pisces,546.9792883,1.343,,
8729,,HIP 113638,345.2200315,-52.75411086,4.115,3.841697,K1IIIFe-1.2CN-0.5,8747,217364,ζ Gruis,Grus,112.45276,0.96,,
8730,,HIP 113657,345.281577,-50.95002841,5.672,5.188601,K3III,8749,217403,,Grus,480.8273512,1.411,,
8731,,HIP 113669,345.3307727,-28.85396125,5.542,5.104867,K3III,8754,217484,,PiscisAustrinus,584.2280651,1.349,,
8732,,HIP 113673,345.3460192,-22.79089405,6.28,6.260073,A2V,8756,217498,200 G. Aqr,Aquarius,326.981371,0.126,,
8733,,HIP 113674,345.3485065,-7.0611535,6.215,5.734921,K4III,8757,217531,81 Aqr,Aquarius,418.4863425,1.418,,
8734,,HIP 113684,345.3779769,57.10546041,6.207,5.692899,K1.5II,8761,217673,,Cassiopeia,1181.160359,1.499,,
8735,,HIP 113686,345.3821214,-4.711459314,5.933,5.677958,G5II/III,8759,217563,202 G. Aqr,Aquarius,2650.407031,0.992,,
8736,,HIP 113705,345.431586,3.530909858,6.45,6.192444,G8III,,217590,13 G. Psc,Pisces,570.9272569,0.97,,
8737,Alfarasalkamil,HIP 113726,345.4802708,42.32601552,3.62,3.575974,B6IV/V_sh,8762,217675,ο Andromedae,Andromeda,692.1438809,-0.099,3.55,3.78
8738,Veritate,HIP 116076,345.521504,39.2361985,5.22,4.922183,G8 III,8930,221345,14 And,Andromeda,249.1509,1.02,,
8739,,HIP 113750,345.5471864,44.57285906,6.43,6.18669,K0,,217731,,Andromeda,359.0304404,0.959,,
8740,,HIP 113781,345.6356528,-6.57401156,6.2,5.385575,M1III,8763,217701,82 Aqr,Aquarius,1239.54372,1.59,,
8741,,HIP 113788,345.6515956,42.75779314,5.18,4.9517,~,8766,217782,* 2 And A,Andromeda,349.4101769,0.094,,
8742,Errai,HIP 116727,345.655808,77.6323642,3.21,2.942957,K1IV,8974,222404,γ Cephei,Cepheus,44.96552,1.031,,
8743,,HIP 113801,345.6843771,-20.87071175,5.976,5.718857,K0III,8764,217703,205 G. Aqr,Aquarius,250.576723,0.946,,
8744,,HIP 113802,345.6881161,44.05874957,6.42,6.389508,B2V,8768,217811,LN And,Andromeda,1176.896277,-0.02,,
8745,,HIP 113852,345.8391015,58.56386498,6.428,6.2064,G8IV,8778,217944,,Cassiopeia,286.2160332,0.898,,
8746,,HIP 113860,345.8742311,-34.74941542,5.124,5.041611,F1VFe-0.8,8767,217792,π Piscis Austrini,PiscisAustrinus,93.19625593,0.305,5.1,5.12
8747,,HIP 113864,345.8870104,67.20921066,5.23,4.870152,K3III,8779,218029,,Cepheus,384.4356318,1.248,,
8748,Scheat,HIP 113881,345.9435728,28.08278712,2.42,,M2.5II-III,8775,217906,β Pegasi,Pegasus,199.1449856,1.655,2.31,2.74
8749,Fumalsamakah,HIP 113889,345.9692217,3.82004564,4.52,4.470597,B6Ve,8773,217891,β Piscium,Pisces,492.4459883,-0.115,,
8750,,HIP 113902,345.9984953,-41.47889468,5.796,5.50337,K0III,8771,217842,,Grus,300.7380382,1.069,,
8751,,HIP 113904,346.0032479,6.616340803,6.417,6.323278,F2V,8776,217926,15 G. Psc,Pisces,271.4404021,0.417,,
8752,,HIP 113957,346.1651153,-53.96490215,5.363,4.774462,K5III,8774,217902,κ Gruis,Grus,389.9515587,1.453,,
8753,Markab,HIP 113963,346.1902227,15.20526715,2.48,2.503658,A0IV,8781,218045,α Pegasi,Pegasus,139.554772,-0.002,,
8754,,HIP 113969,346.2175839,-68.8202257,5.514,5.446605,F3III,8769,217831,,Indus,180.3096874,0.395,,
8755,,HIP 113996,346.2907785,-7.69380148,5.47,5.446037,F0V,8782,218060,83 Aqr,Aquarius,188.3305849,0.312,,
8756,,HIP 113998,346.3035566,-17.07924434,6.143,5.692615,K4III,8783,218061,,Aquarius,551.6084915,1.37,,
8757,,HIP 114005,346.3234711,1.307126817,6.388,6.150306,G8/K0III/IV,8785,218103,16 G. Psc,Pisces,408.520518,0.928,,
8758,,HIP 114104,346.6534074,59.41975982,4.84,4.791771,B0.5III,8797,218376,1 Cas,Cassiopeia,1105.084972,-0.06,,
8759,,HIP 114119,346.6701988,-23.74299002,4.47,4.16414,G6IIIb,8789,218240,86 Aqr,Aquarius,188.2217026,0.892,,
8760,,HIP 114131,346.7197061,-43.52035585,4.4,,~,8787,218227A,* tet Gru A,Grus,133.0070656,0.423,,
8761,,HIP 114131,346.7197103,-43.52035715,4.332,,kF3VhF5mF5(II-III),8787,218227,θ Gruis,Grus,133.0070656,0.423,,
8762,,HIP 114132,346.723437,-38.89229097,5.7,5.70427,~,8790,218242,* ups Gru A,Grus,293.9585396,0.006,,
8763,,HIP 114144,346.7510864,9.409492729,4.52,3.830867,M1IIIab,8795,218329,55 Peg,Pegasus,321.8165481,1.559,,
8764,,HIP 114152,346.7709694,35.63649227,6.379,6.051493,K0,,218365,,Andromeda,637.9659207,1.158,,
8765,,HIP 114155,346.7780912,25.46827052,4.74,4.318158,K0.5II:Ba1CN-2CH-0.5 ,8796,218356,56 Peg,Pegasus,537.0688838,1.285,,
8766,,HIP 114159,346.7893352,-49.60613322,6.31,5.825331,K4III,8791,218255,,Grus,1304.000469,1.452,,
8767,,HIP 114162,346.7918956,52.81660019,6.12,5.843436,K0III,8801,218416,,Andromeda,423.3763442,1.06,,
8768,,HIP 114163,346.7935508,59.72739377,6.419,6.37263,B2V,8803,218440,,Cassiopeia,1336.065836,-0.03,,
8769,,HIP 114167,346.8115598,-50.68668489,6.24,6.135169,F5.5IV-V,8793,218268,,Grus,129.6222077,0.486,,
8770,,HIP 114187,346.8655152,32.82534366,6.34,6.352766,A3Vn,8798,218395,V343 Peg,Pegasus,490.9626873,0.137,,
8771,,HIP 114189,346.8696488,21.13425299,5.953,5.910741,F0+VkA5mA5,8799,218396,,Pegasus,128.5056486,0.254,,
8772,,HIP 114200,346.9136133,46.38723061,5.294,4.810415,K4III,8804,218452,4 And,Andromeda,341.719834,1.409,,
8773,,HIP 114212,346.9489442,63.63346487,6.26,6.236534,B3V,8808,218537,,Cepheus,1220.974754,-0.025,,
8774,,HIP 114222,346.9743907,75.38749863,4.41,,G3III+F3V,8819,218658,π Cephei,Cepheus,219.8248073,0.802,,
8775,,HIP 114222,346.9744639,75.38751086,4.61,,G3III,8819,218658,* pi. Cep A,Cepheus,219.8248073,0.802,,
8776,,HIP 114227,346.9883551,64.22252286,6.212,5.901362,K0,8811,218560,,Cepheus,1065.358598,1.084,,
8777,,HIP 114254,347.0877446,-28.82370084,5.6,5.371777,G8III,8802,218434,,Sculptor,285.4642785,0.882,,
8778,,HIP 114258,347.0993352,-79.48068745,6.108,6.101416,A3/4V,8786,218108,,Octans,242.5597379,0.145,,
8779,,HIP 114268,347.1483159,-73.58611821,6.15,5.696015,K3III,8794,218288,,Indus,607.0774209,1.419,,
8780,,HIP 114273,347.1704564,2.12787662,5.43,5.173984,G6IIIb,8807,218527,5 Psc,Pisces,280.0689732,0.908,,
8781,Safina,HIP 114341,347.3616502,-21.17241521,3.64,3.327974,K1.5III,8812,218594,88 Aqr,Aquarius,233.5243085,1.202,,
8782,,HIP 114347,347.3810724,8.677156565,5.14,3.705249,M4S,8815,218634,57 Peg,Pegasus,761.6829654,1.484,4.95,5.23
8783,,HIP 114365,347.4339121,59.33269085,5.679,5.578588,A4II,8822,218753,2 Cas,Cassiopeia,1975.759567,0.315,,
8784,,HIP 114366,347.4359598,-28.08856941,5.868,5.45998,K2III,8813,218619,,Sculptor,684.874081,1.311,,
8785,,HIP 114367,347.4363799,-67.8762833,6.45,6.37022,F3IV,,218497,,Indus,172.2134742,0.394,,
8786,,HIP 114371,347.4564574,-14.51055519,6.43,6.425416,A0V,8816,218639,213 G. Aqr,Aquarius,344.9733161,0.01,,
8787,,HIP 114375,347.4787063,-22.45760691,4.8,4.491361,G2III+A2V,8817,218640,89 Aqr,Aquarius,520.7656208,0.674,,
8788,,HIP 114382,347.4889458,-42.86124189,5.83,5.777673,F5V,8814,218630,,Grus,112.9199161,0.475,,
8789,,HIP 114389,347.5060876,9.822082456,5.386,5.369665,B9III,8821,218700,58 Peg,Pegasus,618.5949934,-0.068,,
8790,,HIP 114407,347.5405642,-40.59154645,5.97,4.679865,M4III,8818,218655,DL Gru,Grus,799.0197644,1.565,,
8791,,HIP 114408,347.5513983,-66.85764429,6.47,6.206931,K0III,8809,218558,,Indus,202.9888632,0.956,,
8792,,HIP 114421,347.5897011,-45.24670947,3.877,3.625499,K1III,8820,218670,ι Gruis,Grus,184.9121526,0.998,,
8793,,HIP 114449,347.6776545,17.59437306,5.661,5.246232,K4III,8824,218792,,Pegasus,505.4273122,1.33,,
8794,,HIP 114520,347.9341259,8.720116251,5.154,5.116712,A5Vn,8826,218918,59 Peg,Pegasus,252.9092509,0.139,,
8795,,HIP 114550,348.0522213,-80.91269717,6.41,5.839444,K4III,8810,218559,,Octans,582.1416732,1.498,,
8796,,HIP 114570,348.1375146,49.4062072,4.52,4.438951,F1V,8830,219080,7 And,Andromeda,79.86284723,0.302,,
8797,,HIP 114607,348.2666082,29.44152622,6.331,6.104536,G8III,8831,219110,,Pegasus,421.7333019,0.924,,
8798,,HIP 114622,348.320729,57.16835662,5.57,5.231896,K3V,8832,219134,,Cassiopeia,21.36324155,0.99,,
8799,,HIP 114641,348.360435,11.0650043,5.852,5.583681,G5III:,8833,219139,,Pegasus,335.3921706,1.004,,
8800,,HIP 114686,348.4973346,19.63390236,6.47,6.150445,K2,,219196,,Pegasus,795.120797,1.151,,
8801,,HIP 114699,348.5274488,-62.70000224,6.12,5.922179,G8V+,8829,219077,,Tucana,95.23769555,0.78,,
8802,,HIP 114714,348.5599245,50.61789491,6.31,6.315123,A0V,8837,219290,,Andromeda,410.5808391,-0.005,,
8803,,HIP 114724,348.5806593,-6.049006425,4.22,3.453988,M1.5III,8834,219215,ϕ Aquarii,Aquarius,222.0709446,1.545,,
8804,,HIP 114725,348.5904865,29.77183092,6.395,6.2818,F6IVw,8838,219291,,Pegasus,367.5325222,0.448,,
8805,,HIP 114742,348.6520479,24.10289661,6.34,6.058528,K2III,8839,219310,,Pegasus,503.8657714,1.167,,
8806,,HIP 114745,348.6546045,74.23127155,5.89,5.882764,A0V,8844,219485,,Cepheus,455.3080584,-0.01,,
8807,,HIP 114750,348.6673861,-10.68871969,6.12,5.554133,K4III,8836,219279,,Aquarius,835.8968934,1.504,,
8808,,HIP 114775,348.7442495,-41.10539456,5.768,5.444757,K2III,8835,219263,,Grus,233.6918754,1.16,,
8809,,HIP 114822,348.8927393,-3.496378408,5.55,5.552912,A2V,8840,219402,217 G. Aqr,Aquarius,231.3697716,0.062,,
8810,,HIP 114831,348.9072471,70.88808179,5.55,5.488413,F0IV,8851,219586,V388 Cep,Cepheus,356.2855219,0.263,5.56,5.63
8811,,HIP 114844,348.9428786,28.2478976,6.5,6.293227,G2II-III,8842,219477,,Pegasus,956.0116353,0.833,,
8812,,HIP 114855,348.9728919,-9.087734712,4.25,3.924721,K1-IIIFe-0.5,8841,219449,ψ 1 Aquarii,Aquarius,148.4664272,1.11,,
8813,,HIP 114921,349.1657956,-44.48916359,5.918,5.638304,K1III,8846,219507,,Grus,287.9858916,1.053,,
8814,,HIP 114937,349.2076246,-41.19439369,6.48,6.210777,K0III,8847,219531,,Grus,488.7556718,1.07,,
8815,,HIP 114939,349.2122461,-7.726499334,5.06,3.715461,M3III,8850,219576,χ Aquarii,Aquarius,640.4728622,1.613,4.75,5.1
8816,,HIP 114948,349.2403645,-62.0011978,5.647,5.519003,F6V,8843,219482,,Tucana,67.07810885,0.521,,
8817,,HIP 114969,349.2864874,-28.43827543,6.25,5.429002,M1/2III,,219580,,Sculptor,910.6161226,1.556,,
8818,,HIP 114971,349.2914046,3.282290469,3.7,3.449239,G9III:Fe-2,8852,219615,γ Piscium,Pisces,130.8186207,0.916,,
8819,,HIP 114981,349.3194733,45.16416672,6.455,6.169212,K0IV,8857,219668,,Andromeda,240.9460251,1.077,,
8820,,HIP 114984,349.3287427,75.29902627,6.34,6.342657,A2Vs,8867,219841,,Cepheus,628.1305011,0.049,,
8821,,HIP 114996,349.3573185,-58.23570138,3.98,3.891795,F4V,8848,219571,γ Tucanae,Tucana,71.80608782,0.41,,
8822,,HIP 115015,349.4170178,-11.71294309,6.327,6.321755,A1/2IV/V,8856,219659,,Aquarius,389.4853716,0.058,,
8823,,HIP 115022,349.4360303,49.01530081,4.86,3.934003,M2.5IIIBa0.5,8860,219734,8 And,Andromeda,654.6180073,1.668,,
8824,,HIP 115033,349.4758905,-9.182518757,4.4,4.402793,B5V,8858,219688,ψ 2 Aquarii,Aquarius,321.8165488,-0.144,4.4,4.46
8825,,HIP 115036,349.4833814,45.48892204,6.479,6.461091,A0VpSiSr,8861,219749,ET And,Andromeda,545.1504273,-0.037,6.48,6.51
8826,,HIP 115054,349.5411835,-40.82436196,5.537,5.423996,F4V,8859,219693,ϕ Gruis,Grus,112.8420014,0.445,,
8827,,HIP 115062,349.5834303,-67.47117751,6.13,5.714058,K2/3III,8855,219644,,Indus,628.1305072,1.356,,
8828,,HIP 115065,349.597176,41.77366785,5.97,5.952224,A7m,8864,219815,AN And,Andromeda,472.4654407,0.215,5.96,6.11
8829,,HIP 115088,349.6562189,68.11144364,4.87,,~,8872,219916,* omi Cep A,Cepheus,210.5944387,0.836,,
8830,,HIP 115102,349.70599,-32.53202192,4.406,4.076891,K1III,8863,219784,γ Sculptoris,Sculptor,178.7282539,1.109,,
8831,,HIP 115115,349.7403194,-9.610748713,5.003,4.99263,B9V,8865,219832,ψ 3 Aquarii,Aquarius,248.8551144,-0.022,,
8832,,HIP 115121,349.7637143,-28.38784185,6.49,5.791219,K5III,,219823,,Sculptor,747.7073434,1.535,,
8833,,HIP 115126,349.7779967,-13.45884055,5.18,4.947812,G8.5IV,8866,219834,94 Aqr A,Aquarius,67.60687306,0.787,,
8834,,HIP 115129,349.7860393,-79.47238168,6.331,6.107442,K0III,8849,219572,,Octans,489.4891793,0.913,,
8835,,HIP 115144,349.850444,-18.07537383,5.94,5.373022,K2/3III,8869,219879,225 G. Aqr,Aquarius,1116.439556,1.534,,
8836,,HIP 115148,349.8642246,34.79318249,6.315,6.300017,B8III,8873,219927,,Pegasus,696.5807414,-0.053,,
8837,,HIP 115152,349.8741989,48.62532308,5.44,5.163304,K0III,8874,219945,11 And,Andromeda,327.6398887,1.014,,
8838,,HIP 115178,349.9297848,-33.70805237,6.349,5.926796,K2III,8871,219912,,Sculptor,571.9313406,1.308,,
8839,,HIP 115191,349.9684391,42.0780699,5.789,5.219237,M0III,8876,219981,10 And,Andromeda,542.428326,1.512,,
8840,,HIP 115218,350.0599148,61.97012798,6.4,5.639734,K5,8881,220074,,Cassiopeia,942.6574959,1.678,,
8841,,HIP 115227,350.0857627,5.381307885,5.069,4.647561,K1IV,8878,220009,7 Psc,Pisces,341.0058925,1.204,,
8842,,HIP 115245,350.1438991,62.21326427,6.36,5.83003,K5,8886,220130,,Cassiopeia,1752.687467,1.605,,
8843,Salm,HIP 115250,350.1593593,23.74035506,4.58,4.533373,A5Vp_lB,8880,220061,τ Pegasi,Pegasus,167.1796952,0.18,4.6,4.62
8844,,HIP 115257,350.1703621,-5.9079695,6.172,5.861562,G8IV/V,8879,220035,,Aquarius,400.4911349,1.089,,
8845,,HIP 115261,350.1837435,44.11616659,6.24,6.226166,A3Vn,8884,220105,,Andromeda,260.8000841,0.152,,
8846,,HIP 115271,350.2064933,30.41492463,5.557,4.963959,M0III,8882,220088,63 Peg,Pegasus,435.2460065,1.501,,
8847,,HIP 115272A,350.2090662,-50.3065537,6.101,6.061576,~,,220003A,,Grus,293.958541,0.423,,
8848,,HIP 115280,350.2219317,38.18232419,5.765,5.653559,F5V,8885,220117,12 And,Andromeda,138.1940472,0.468,,
8849,,HIP 115312,350.314579,-26.98676818,5.656,5.439647,G5IV,8883,220096,,Sculptor,328.6276713,0.817,,
8850,,HIP 115355,350.478898,31.81246549,5.348,5.423769,B6III,8887,220222,64 Peg,Pegasus,833.7583309,-0.101,,
8851,,HIP 115389,350.6190782,25.91848404,6.354,5.788241,K3III,,220288,,Pegasus,1079.47114,1.54,,
8852,,HIP 115395,350.6355531,60.13348671,5.513,4.90236,K3II,8894,220369,,Cassiopeia,1481.817228,1.679,,
8853,,HIP 115404,350.663213,-15.03934014,5.22,5.0481,A3V,8890,220278,97 Aqr,Aquarius,237.0910745,0.203,,
8854,,HIP 115407,350.6688002,20.82871443,6.267,6.275317,B9.5V,8891,220318,65 Peg,Pegasus,487.2951851,-0.033,,
8855,,HIP 115433,350.7365537,-60.05584027,6.114,5.10215,M3III,8889,220263,DR Tuc,Tucana,851.1765265,1.603,,
8856,,HIP 115438,350.7426076,-20.10058209,3.98,3.62696,K1III,8892,220321,98 Aqr,Aquarius,161.8668738,1.082,,
8857,,HIP 115444,350.7690325,12.3139101,5.081,4.668523,K3III,8893,220363,66 Peg,Pegasus,329.9610081,1.315,,
8858,,HIP 115476,350.8831051,0.2913277489,6.34,5.673884,K4III,8897,220406,24 G. Psc,Pisces,1436.12505,1.583,,
8859,,HIP 115496,350.9392635,-43.12442681,6.104,5.592816,K3III,8896,220401,,Grus,1116.439559,1.464,,
8860,,HIP 115510,350.9771722,-53.80873986,6.108,6.083258,A9/F2(III),8895,220392,,Grus,480.1166708,0.258,,
8861,,HIP 115522,351.0165807,-21.77441177,6.475,6.364264,F3IV/V,,220466,233 G. Aqr,Aquarius,203.8775313,0.433,,
8862,,HIP 115528,351.0327202,-18.6879972,6.186,5.913886,K0III,8900,220465,234 G. Aqr,Aquarius,366.7044838,1.02,,
8863,,HIP 115530,351.0369537,41.61287755,6.41,5.248243,M0,,220524,V385 And,Andromeda,1249.043362,1.702,,
8864,,HIP 115537,351.0552532,-51.89117334,5.731,5.075102,M0III,8898,220440,,Grus,551.6084963,1.611,,
8865,,HIP 115590,351.2094267,62.28281016,4.955,4.159008,M1/3,8904,220652,4 Cas,Cassiopeia,770.6870907,1.676,,
8866,,HIP 115591,351.2118021,32.38488066,5.548,5.545159,B9III,8903,220599,67 Peg,Pegasus,506.2129721,-0.075,,
8867,,HIP 115620,351.3311032,-56.84898376,5.597,5.315298,K0III,8901,220572,,Tucana,285.4642828,1.063,,
8868,Alkarab,HIP 115623,351.3449286,23.40410081,4.4,4.258092,F8III,8905,220657,υ Pegasi,Pegasus,173.1278931,0.617,,
8869,,HIP 115669,351.5116078,-20.64201799,4.39,3.815082,K4.5III,8906,220704,99 Aqr,Aquarius,308.4202269,1.46,,
8870,,HIP 115709,351.6478056,-21.74083674,6.44,6.179753,K0III,,220766,236 G. Aqr,Aquarius,395.6304746,1.036,,
8871,,HIP 115713,351.6523375,-52.72157764,5.522,5.4227,F4V,8907,220729,ο Gruis,Grus,104.2199522,0.409,,
8872,,HIP 115738,351.7331495,1.255604976,4.94,4.915504,A2VpSrCrSi,8911,220825,κ Piscium,Pisces,162.0279156,0.036,4.87,4.95
8873,,HIP 115746,351.7538776,87.30751146,5.56,5.512135,A7IV,8938,221525,,Cepheus,306.6793907,0.25,,
8874,,HIP 115755,351.7808338,42.91200991,5.736,5.73877,B9III,8913,220885,V388 And,Andromeda,293.9585338,-0.007,,
8875,,HIP 115756,351.7809305,-66.58089784,6.457,5.942793,K4III,8908,220759,,Tucana,885.8694602,1.455,,
8876,,HIP 115759,351.7879546,-50.15724411,6.199,6.206986,B9V,8910,220802,,Phoenix,506.9986397,-0.08,,
8877,,HIP 115768,351.8116375,1.122607042,6.25,5.994041,K0/1III,8912,220858,9 Psc,Pisces,406.9915764,1.013,,
8878,,HIP 115769,351.8124697,-58.47610857,5.636,5.363312,G8III,8909,220790,,Tucana,298.2617437,0.983,,
8879,,HIP 115770,351.8192892,70.35978253,5.6,5.571363,A6IV,8918,220974,,Cepheus,206.1986533,0.163,,
8880,,HIP 115806,351.9182764,25.1672793,5.979,5.976862,A0IIIpHg,8915,220933,69 Peg,Pegasus,366.7044812,-0.066,5.96,5.98
8881,,HIP 115830,351.9920611,6.378992306,4.3,3.98458,K0.5III,8916,220954,θ Piscium,Pisces,158.7147761,1.062,,
8882,,HIP 115833,352.0028887,-35.54448175,6.335,5.99749,K2III,8914,220929,,Sculptor,644.2675067,1.201,,
8883,,HIP 115836,352.015773,-87.48221294,5.49,5.090444,K2III,8862,219765,τ Octantis,Octans,522.4347528,1.278,,
8884,,HIP 115839,352.0216466,-11.44975543,6.375,6.119231,G6/8III,8917,220957,237 G. Aqr,Aquarius,369.1951237,0.902,,
8885,,HIP 115906,352.2527615,-9.266097965,6.191,5.701658,K4/5III,8921,221081,238 G. Aqr,Aquarius,2202.704548,1.438,,
8886,,HIP 115907,352.2534443,-44.49806825,6.432,6.096061,K2III,8920,221051,,Phoenix,532.6809279,1.177,,
8887,,HIP 115908,352.2540898,-63.11065544,5.68,5.632655,ApSi,8919,221006,,Tucana,379.9531362,-0.142,5.66,5.705
8888,,HIP 115915,352.2736537,23.04808286,6.44,6.156869,G9III,8922,221113,,Pegasus,519.9375766,1.088,,
8889,,HIP 115919,352.2887468,12.76054988,4.56,4.290279,G8IIIa,8923,221115,70 Peg,Pegasus,177.7535087,0.939,,
8890,,HIP 115945,352.3624455,-1.791213968,6.34,6.052721,K0III,,221147,30 G. Psc,Pisces,923.5126837,1.125,,
8891,,HIP 115953,352.3836741,-4.532748021,6.25,5.969698,K3-IIIbFe2,8924,221148,,Aquarius,159.491309,1.123,,
8892,,,352.422,49.17,5.6,,Open Cluster,,,NGC 7686,Andromeda,,,,
8893,,HIP 115990,352.508086,58.54892005,4.886,4.858418,B3V,8926,221253,AR Cas,Cassiopeia,574.9566191,-0.122,4.82,4.96
8894,,HIP 115996,352.5308899,49.13314507,6.152,5.690173,K3III,8925,221246,,Andromeda,855.6427198,1.464,,
8895,,HIP 116030,352.6648376,38.66225371,6.059,5.815397,G9III,8927,221293,,Andromeda,620.9519738,0.992,,
8896,,HIP 116060,352.7547586,-6.288079365,6.391,6.026979,K1III,8928,221308,240 G. Aqr,Aquarius,2432.837811,1.259,,
8897,,HIP 116097,352.8623393,-44.84358144,6.02,5.755486,K1III,8929,221323,,Phoenix,370.8772892,1.014,,
8898,,HIP 116106,352.8812616,-4.087402929,6.49,6.3626,F7V,8931,221356,,Aquarius,85.54176806,0.531,,
8899,,HIP 116118,352.9251576,-21.36946231,6.239,6.169473,F0V,8932,221357,100 Aqr,Aquarius,261.0090516,0.319,,
8900,,HIP 116119,352.9292907,28.40348753,6.388,6.402481,A0VpSrCrSiHg,8933,221394,V354 Peg,Pegasus,480.8273425,0.035,,
8901,,HIP 116146,352.9898617,-1.08589569,6.384,6.050293,K0III,8934,221409,13 Psc,Pisces,800.9822791,1.177,,
8902,,HIP 116187,353.1209587,23.84361239,6.4,5.846312,K5,,221493,,Pegasus,693.6173994,1.492,,
8903,,HIP 116231,353.2427529,-37.81828488,4.37,4.347513,B9.5IIIpHgMnSi,8937,221507,β Sculptoris,Sculptor,178.3370541,-0.095,,
8904,,HIP 116247,353.319259,-20.91449504,4.758,4.719816,A0V,8939,221565,101 Aqr,Aquarius,320.2357749,0.02,,
8905,,HIP 116250,353.3315788,-77.38533182,5.806,5.655614,G2IV-V,8935,221420,,Octans,103.5249249,0.681,,
8906,,HIP 116264,353.367054,22.49878071,5.42,3.8881,M5III,8940,221615,71 Peg,Pegasus,574.9566164,1.481,5.32,5.62
8907,,HIP 116292,353.4291071,45.05809555,6.246,6.005902,G8II,8941,221661,,Andromeda,547.8986077,0.986,,
8908,,HIP 116307,353.481212,20.84093268,6.111,4.957931,M3III,8942,221662,,Pegasus,1041.534505,1.654,,
8909,,HIP 116310,353.4882784,31.32527864,5.51,5.269202,~,8943,221673,* 72 Peg A,Pegasus,547.8986068,1.383,,
8910,,HIP 116310,353.488283,31.32527939,5.008,5.269202,K4IIIb,8943,221673,72 Peg,Pegasus,547.8986068,1.383,,
8911,,HIP 116310,353.4884462,31.32528724,5.95,5.269202,~,8943,221673,* 72 Peg B,Pegasus,547.8986068,1.383,,
8912,,HIP 116323,353.5375622,-1.247561303,5.87,5.847972,A2II,8944,221675,14 Psc,Pisces,230.0634881,0.299,,
8913,,HIP 116354,353.6564035,40.23643963,5.563,5.546851,A1Va,8947,221756,V340 And,Andromeda,233.3573933,0.096,5.69,5.72
8914,,HIP 116355,353.659178,33.49732829,5.621,5.35464,K0III:,8948,221758,73 Peg,Pegasus,305.2436789,1.042,,
8915,,HIP 116365,353.6947585,38.02400134,6.173,5.534423,K5III,8950,221776,,Andromeda,677.7542342,1.586,,
8916,,HIP 116368,353.7056647,-15.2460023,5.944,5.511364,K4III,8946,221745,246 G. Aqr,Aquarius,350.9162972,1.35,,
8917,,HIP 116380,353.7460116,71.64204417,5.84,5.173991,G9Ib,8952,221861,,Cepheus,2859.650209,1.681,,
8918,,HIP 116389,353.7690015,-42.6151398,4.71,4.59095,ApSrCrEu,8949,221760,ι Phoenicis,Phoenix,273.4899694,0.078,4.7,4.75
8919,,HIP 116422,353.8690767,1.313137529,6.463,6.15037,K0III,,221833,15 Psc,Pisces,310.1809509,1.151,,
8920,,HIP 116428,353.883633,-7.464429885,6.407,6.184774,G6/8III,8951,221835,248 G. Aqr,Aquarius,453.4074735,0.874,,
8921,,HIP 116465,353.9830923,24.56101424,6.47,5.562138,M1III,8953,221905,,Pegasus,1253.845342,1.703,,
8922,,HIP 116495,354.0970193,2.10222164,5.68,5.56184,F6V,8954,221950,16 Psc,Pisces,101.022535,0.449,,
8923,,HIP 116505,354.1271371,32.90421305,6.335,6.229686,F6V,8955,221970,,Andromeda,250.9623772,0.459,,
8924,,,354.3835093,44.42901365,6.09,,~,8962,222109A,,Andromeda,823.2317874,-0.064,,
8925,,HIP 116584,354.3910116,46.45815131,3.82,3.404353,G8IVk,8961,222107,λ Andromedae,Andromeda,84.15072571,0.984,3.65,4.05
8926,,HIP 116591,354.4148333,-13.06024123,5.654,5.376533,G9III,8958,222093,,Aquarius,283.4782824,1.025,,
8927,,HIP 116592,354.4155967,16.82549815,6.249,6.249107,A2IV,8960,222098,74 Peg,Pegasus,363.4346995,0.025,,
8928,,HIP 116602,354.4624768,-45.49235208,4.74,4.734343,A1/2V,8959,222095,,Phoenix,200.4920234,0.082,,
8929,,HIP 116611,354.4866762,18.40066614,5.482,5.484931,A0Vn,8963,222133,75 Peg,Pegasus,238.8280004,0.01,5.37,5.49
8930,,HIP 116624,354.512626,-15.09510554,6.38,6.099667,K0III,,222125,251 G. Aqr,Aquarius,337.8241323,1.078,,
8931,Rasalnaqa,HIP 116631,354.5341679,43.26807305,4.29,4.253719,B8V,8965,222173,ι Andromedae,Andromeda,502.3107509,-0.083,,
8932,,HIP 116653,354.599526,-76.86954352,5.983,5.770341,K0II/III,8957,222060,,Octans,624.5216875,0.907,,
8933,,HIP 116709,354.7847152,50.47173265,5.35,5.331331,B9Ve,8967,222304,18 And,Andromeda,389.9515509,-0.061,,
8934,,HIP 116714,354.792393,75.29288156,5.946,5.943437,A3V,8971,222386,,Cepheus,262.9034405,0.124,,
8935,,HIP 116728,354.8380724,74.00267756,5.973,5.752431,G8III,8972,222387,,Cepheus,419.0242449,0.889,,
8936,,HIP 116737,354.866434,-46.63779989,6.09,,A7III+A/F,8966,222287,θ Phoenicis,Phoenix,277.6833095,0.24,,
8937,,HIP 116737,354.8664421,-46.63784566,6.5,,A7IV,8966,222287A,* tet Phe A,Phoenix,277.6833095,0.24,,
8938,,HIP 116758,354.9461225,-14.22215365,4.977,4.91047,A7IV,8968,222345,ω 1 Aquarii,Aquarius,133.7161102,0.257,,
8939,,HIP 116768,354.9793349,9.677297003,5.96,5.958687,A2m,8970,222377,47 G. Peg,Pegasus,189.9768827,0.212,,
8940,,HIP 116771,354.9876692,5.626292753,4.12,3.999258,F7V,8969,222368,ι Piscium,Pisces,44.95931635,0.507,,
8941,Kaffalmusalsala,HIP 116805,355.1021156,44.33393296,4.14,4.147998,B9IVn,8976,222439,κ Andromedae,Andromeda,169.6149164,-0.071,,
8942,,HIP 116820,355.1589533,-32.07312418,5.303,5.042064,K0III,8975,222433,μ Sculptoris,Sculptor,290.5528135,0.965,,
8943,,HIP 116853,355.2871345,-11.68065142,5.92,5.678531,K0III,8979,222493,255 G. Aqr,Aquarius,379.0696667,0.984,,
8944,,HIP 116876,355.361605,49.5124166,6.26,6.234094,A4V,8981,222570,,Cassiopeia,778.0416513,0.182,,
8945,,HIP 116889,355.3937023,-18.02707435,5.344,4.714772,K4/5III,8980,222547,103 Aqr,Aquarius,584.2280618,1.58,,
8946,,HIP 116901,355.4408599,-17.81653195,4.83,4.604875,G2Ib/II,8982,222574,104 Aqr A,Aquarius,642.9993631,0.822,,
8947,,HIP 116912,355.4773439,57.2599539,6.22,5.978412,G8III,8985,222618,,Cassiopeia,885.8694514,1.025,,
8948,,HIP 116918,355.4862075,7.250548596,5.891,5.881436,A3Vn,8983,222602,40 G. Psc,Pisces,338.1729504,0.101,,
8949,,HIP 116928,355.511689,1.780042138,4.51,4.465787,A7V,8984,222603,λ Piscium,Pisces,100.6795827,0.2,,
8950,,HIP 116941,355.5611122,44.99171488,6.41,5.87142,K5III,8986,222641,,Andromeda,785.5429136,1.5,,
8951,,HIP 116957,355.6159269,-15.44802895,5.257,4.823914,K3III,8987,222643,258 G. Aqr,Aquarius,279.8283851,1.344,,
8952,,HIP 116962,355.6310782,61.67937324,6.395,6.033767,K2III,8990,222682,,Cassiopeia,459.1548573,1.25,,
8953,,HIP 116971,355.6806054,-14.54490553,4.484,4.473714,B9.5V,8988,222661,ω 2 Aquarii,Aquarius,154.0643855,-0.032,,
8954,,HIP 116972,355.682759,16.33571983,6.293,6.071074,K0,,222683,76 Peg,Pegasus,405.9777147,0.97,,
8955,,HIP 116991,355.7710675,51.93933322,6.44,6.188409,K0,,222748,,Cassiopeia,559.1782123,1.034,,
8956,,HIP 117020,355.8431615,10.33153802,5.071,4.282568,M2III,8991,222764,77 Peg,Pegasus,817.0443038,1.692,,
8957,,HIP 117073,355.9978553,29.3614556,4.96,4.723945,G8IIIb,8997,222842,78 Peg,Pegasus,234.3637547,0.935,,
8958,,HIP 117075,356.0055058,-45.08312041,6.09,5.808456,K1III/IV,8993,222803,,Phoenix,238.3041248,0.978,,
8959,,HIP 117088,356.0501931,-64.4044521,5.711,5.248549,K2II/III,8996,222820,,Tucana,878.7072369,1.393,,
8960,,HIP 117089,356.0503254,-18.27694956,5.239,5.223691,B9V,8998,222847,106 Aqr,Aquarius,331.3008701,-0.084,,
8961,,HIP 117105,356.105966,-70.49022569,6.07,5.826712,G8/K0IV,8994,222805,,Tucana,149.747502,0.91,,
8962,,HIP 117107,356.1211058,-26.24663427,6.23,6.124594,F3/5V,8999,222872,,Sculptor,221.7687435,0.495,,
8963,,HIP 117125,356.1702691,-78.79144058,5.738,5.446776,K1III,8995,222806,,Octans,568.9354077,1.108,,
8964,,HIP 117133,356.2016508,55.79968725,6.44,6.2024,G4III:,9000,222932,,Cassiopeia,473.1500415,0.992,,
8965,,HIP 117218,356.5038501,-18.67833299,5.616,,A9IV,9002,223024A,* i02 Aqr A,Aquarius,212.1015352,0.299,,
8966,,HIP 117219,356.5052344,-40.18256568,6.302,6.288517,A7III/IV,9001,223011,,Phoenix,212.7939626,0.21,,
8967,,HIP 117218,356.5052535,-18.67969531,6.42,,F2V,9002,223024B,* i02 Aqr B,Aquarius,212.1015352,0.299,,
8968,,HIP 117221,356.5085293,46.42027402,4.966,4.65064,G3Ib-II,9003,223047,ψ Andromedae,Andromeda,1309.236023,1.086,,
8969,,HIP 117245,356.5979852,3.486810847,5.02,3.861429,C-N6,9004,223075,19 Psc,Pisces,759.9062632,2.508,4.79,5.2
8970,,HIP 117265,356.653069,66.78224481,5.937,5.906524,B2IV,9005,223128,,Cepheus,1734.04352,-0.049,,
8971,,HIP 117299,356.7579936,57.45135904,5.503,4.905139,K3-IIb,9010,223173,,Cassiopeia,1671.797056,1.63,,
8972,,HIP 117301,356.7643933,58.65199104,4.873,4.569079,K1-IIIa,9008,223165,τ Cassiopeiae,Cassiopeia,172.669539,1.122,,
8973,,HIP 117314,356.8162997,-11.91112813,5.731,5.453194,K0III,9009,223170,264 G. Aqr,Aquarius,346.0719345,1.068,,
8974,,HIP 117315,356.8166518,-50.22645888,5.166,5.138291,B3V,9006,223145,σ Phoenicis,Phoenix,591.6510898,-0.164,,
8975,,HIP 117340,356.887705,46.83256158,6.13,6.163486,B3IV,9011,223229,,Andromeda,1319.837547,-0.135,,
8976,,HIP 117371,356.978212,67.80680903,5.044,5.031558,A1Vn,9013,223274,,Cepheus,297.4454336,0.007,,
8977,,HIP 117375,356.9855913,-2.761597863,5.49,5.251066,K0III,9012,223252,20 Psc,Pisces,291.3316238,0.941,,
8978,,HIP 117420,357.1353309,-6.38042354,6.069,5.57397,K2/3III,9014,223311,,Aquarius,722.8367905,1.452,,
8979,,HIP 117445,357.2056922,2.214414829,6.457,6.356501,F5V,9015,223346,45 G. Psc,Pisces,180.2102452,0.461,,
8980,,HIP 117447,357.2090463,62.21451542,5.59,,A3Ia,9018,223385A,* 6 Cas A,Cassiopeia,16300.0059,0.67,5.34,5.45
8981,,HIP 117450,357.2248786,59.97895632,6.324,6.328009,A0V,9019,223386,,Cassiopeia,343.5193551,-0.007,,
8982,,HIP 117452,357.2314426,-28.13027125,4.57,4.554578,A0VankB9((_lB)),9016,223352,δ Sculptoris,Sculptor,143.4227652,0.001,,
8983,,HIP 117472,357.2996863,58.96320137,6.355,6.257864,F2IV,9020,223421,,Cassiopeia,249.8086649,0.408,,
8984,,HIP 117491,357.3644758,1.076129025,5.7,5.740946,A3III,9022,223438,21 Psc,Pisces,267.4325548,0.167,,
8985,,HIP 117494,357.3817054,-15.86127467,6.213,5.835619,K2IIIbFe-0.5,9021,223428,266 G. Aqr,Aquarius,424.4782233,1.212,,
8986,,HIP 117500,357.414145,28.84238948,5.96,5.931527,A2m,9025,223461,79 Peg,Pegasus,266.7759902,0.187,,
8987,,HIP 117503,357.4206646,36.42528149,5.9,5.638774,G1IIICaIIem,9024,223460,OU And,Andromeda,439.9469274,0.806,5.87,5.94
8988,,HIP 117510,357.4566471,-25.33134626,6.42,6.425708,A3V,9026,223466,,Sculptor,395.6304742,0.097,,
8989,,HIP 117541,357.5613736,-9.974137041,5.936,5.618897,K1III,9027,223524,268 G. Aqr,Aquarius,306.6793839,1.133,,
8990,,HIP 117551,357.5926391,51.6216611,6.472,6.382452,F3V,9028,223552,,Cassiopeia,132.0906733,0.403,,
8991,,HIP 117567,357.6386866,-14.40149698,5.691,5.117221,K4.5IIIb,9029,223559,269 G. Aqr,Aquarius,459.8035959,1.488,,
8992,,HIP 117571,357.6484982,-47.37694259,6.49,6.222354,G8III,,223549,,Phoenix,433.5116918,1.025,,
8993,,HIP 117628,357.8385419,9.313356455,5.78,4.895734,M3III,9030,223637,80 Peg,Pegasus,806.9317798,1.661,5.74,5.9
8994,,HIP 117629,357.8389097,-18.90916414,5.18,5.153671,A0VpSiSr,9031,223640,108 Aqr,Aquarius,320.8662581,-0.122,5.12,5.21
8995,,HIP 117683,357.9909953,2.930386433,5.554,4.991205,K4IIIBa1,9033,223719,22 Psc,Pisces,1181.160356,1.527,,
8996,,HIP 117689,358.0269716,-82.01882322,5.106,4.855697,G6/8III,9032,223647,γ 1 Octantis,Octans,267.213171,0.934,,
8997,,HIP 117710,358.0974601,21.67110072,6.113,5.362613,M2III,9035,223755,23 Psc,Pegasus,546.9792855,1.616,,
8998,,HIP 117712,358.1058714,75.54454303,6.38,6.053732,K3V,9038,223778,,Cepheus,35.17475389,0.977,,
8999,,HIP 117718,358.1220326,19.12028599,5.08,4.140898,M2III,9036,223768,ϕ Pegasi,Pegasus,436.9966256,1.587,,
9000,,HIP 117722,358.1249611,-14.25121162,5.848,5.465848,K2III,9037,223774,271 G. Aqr,Aquarius,286.467703,1.252,,
9001,,HIP 117730,358.1546134,10.94728679,5.3,5.317164,A4Vn,9039,223781,82 Peg,Pegasus,188.3305816,0.186,5.3,5.39
9002,,HIP 117756,358.2105387,-8.996757816,5.747,5.425523,K1III,9040,223807,,Aquarius,611.6316302,1.171,,
9003,,HIP 117761,358.2315133,-3.155481555,5.94,5.626944,K0II/III,9041,223825,24 Psc,Pisces,499.233309,1.069,,
9004,,HIP 117774,358.2698366,2.090616272,6.28,6.287326,B9.5V,9042,223855,25 Psc,Pisces,461.756335,-0.003,,
9005,,HIP 117797,358.3368506,-24.22925228,6.231,6.199558,A5V,9043,223884,274 G. Aqr,Aquarius,299.6325671,0.188,,
9006,,HIP 117863,358.5959689,57.49938187,4.59,4.050132,G2_0,9045,224014,ρ Cassiopeiae,Cassiopeia,11642.86601,1.19,4.1,6.2
9007,,HIP 117880,358.6609214,-40.30006163,6.03,5.892706,G0V,9046,224022,,Phoenix,90.90903818,0.572,,
9008,,HIP 117887,358.6942675,0.109312521,5.61,4.324624,M5III,9047,224062,XZ Psc,Pisces,642.9993607,1.466,5.61,5.97
9009,,HIP 117927,358.7824693,7.070971145,6.209,6.1964,B9V,9048,224103,26 Psc,Pisces,403.4642536,-0.066,,
9010,,HIP 117931,358.819114,-31.92147801,6.076,6.073149,B5/8,9049,224113,AL Scl,Sculptor,1031.646926,-0.093,6.06,6.33
9011,,HIP 117939,358.8459107,25.95499455,6.5,5.972179,K5,9051,224128,,Pegasus,603.703306,1.488,,
9012,,HIP 117956,358.8894811,47.35580382,5.989,5.69396,G8Ib,9053,224165,,Andromeda,1613.863574,1.17,,
9013,,HIP 117957,358.8909946,57.41216871,6,5.929951,B0.5II+B3.5/4III/V,9052,224151,V373 Cas,Cassiopeia,6498.435852,0.155,5.9,6.3
9014,,HIP 118029,359.1247789,-24.73721812,6.315,6.069013,G8III/IV,9054,224283,1 G. Cet,Cetus,502.3107525,0.921,,
9015,,HIP 118048,359.1729221,22.6480934,6.166,5.399703,M2III,9055,224303,,Pegasus,602.5883855,1.635,,
9016,,HIP 118071,359.2651345,42.65823243,6.02,5.802104,F8III,9057,224342,,Andromeda,1442.478791,0.712,,
9017,,HIP 118076,359.2839941,-26.62344348,6.249,5.747822,K3III,9058,224350,,Sculptor,1225.564835,1.452,,
9018,,HIP 118077,359.2853003,55.70570537,5.561,5.44931,F6V,9059,224355,,Cassiopeia,217.7690467,0.478,,
9019,,HIP 118081,359.2921442,-20.83364131,6.44,6.19408,G8/K0III,,224349,2 G. Cet,Cetus,455.9437551,0.979,,
9020,,HIP 118092,359.3329547,-62.9565974,5.943,5.943716,A1IV,9060,224361,,Tucana,204.9028081,0.101,,
9021,,HIP 118114,359.3869239,-82.16980825,5.724,5.440149,K0III,9061,224362,γ 2 Octantis,Octans,314.065582,1.055,,
9022,,HIP 118116,359.3897157,60.02360088,6.461,6.438105,B9V,9063,224404,,Cassiopeia,1143.859425,0.029,,
9023,,HIP 118121,359.396161,-64.29822982,4.989,4.978343,A1V,9062,224392,η Tucanae,Tucana,158.7920478,0.06,,
9024,,HIP 118131,359.439694,25.14140525,4.66,3.645402,M3III,9064,224427,ψ Pegasi,Pegasus,432.3609038,1.584,,
9025,,HIP 118178,359.5884374,-15.84748362,6.276,6.007946,K1IIICNII,9065,224481,1 Cet,Cetus,485.8412252,1.079,,
9026,,HIP 118188,359.6036178,51.38880917,4.8,,M6.5-9e,9066,224490,R Cas,Cassiopeia,567.9892895,,4.7,13.5
9027,,HIP 118209,359.6682139,-3.555969807,4.886,4.66057,G8III,9067,224533,27 Psc,Pisces,223.5940149,0.93,,
9028,,HIP 118234,359.7324145,-52.74580626,5.133,4.795882,K0III,9069,224554,π Phoenicis,Phoenix,256.6931406,1.121,,
9029,,HIP 118243 ,359.7522429,55.75492949,5.01,,~,9071,224572,* sig Cas A,Cassiopeia,1523.365942,-0.071,,
9030,,HIP 118277,359.8662327,-29.48516549,5.573,4.928498,K5III,9073,224630,BU Scl,Sculptor,878.7072295,1.599,,
9031,,,359.8720487,33.72385554,6.4,,F8,9074,224635,,Andromeda,94.57490375,0.539,,
9032,,HIP 118322,359.9790714,-65.57713262,4.47,4.46,B8V,9076,224686,ϵ Tucanae,Tucana,374.2839941,-0.075,,
9033,,HIP 118268,359.8278759,6.863322339,4.02,3.92,F4V,9072,224617,* ome Psc,Pisces,105.9129,0.419,,
9034,,HIP 25,0.0795631,-44.29056264,6.3,6.0618,G3IV,9077,224750,,Phoenix,237.2635,0.763,,
9035,,HIP 699,2.170577411,36.62712562,6.19,6.082332,F8IV,17,400,,Andromeda,107.7329,0.504,,
9036,,HIP 1086,3.378499945,41.03537106,5.69,5.619107,F0IV,41,905,23 And,Andromeda,114.1059,0.331,,
9037,,HIP 1268,3.978734811,-75.91161499,6.5,6.228868,G8/K0III,58,1221,,Hydrus,704.1048,0.983,,
9038,,HIP 2235,7.083510341,10.18980491,6.04,5.942038,F5VSr,107,2454,,Pisces,118.5023,0.447,,
9039,,HIP 2422,7.729494882,77.01940474,6.19,5.956759,K0IV,112,2589,,Cassiopeia,128.4982,0.883,,
9040,,HIP 2832,8.978340499,13.20706985,6.31,6.201087,F7V,145,3268,,Pisces,122.6024,0.517,,
9041,,HIP 3236,10.29947539,9.35505758,6.51,6.407355,F8V,,3861,,Pisces,108.7028,0.528,,
9042,,HIP 3641,11.6604406,69.32540905,6.38,6.294499,F3V,200,4295,,Cassiopeia,132.2517,0.424,,
9043,,HIP 3730,11.97844835,20.92534507,6.5,6.396452,F8V,217,4568,,Pisces,187.2489,0.521,,
9044,,HIP 3810,12.24461482,16.94064566,5.04,4.925746,F8V,225,4676,,Pisces,77.9903,0.502,,
9045,,HIP 5141,16.45511381,4.908376885,6.34,6.259819,F5V,313,6479,,Pisces,149.0626,0.383,,
9046,,HIP 5531,17.71140775,67.78013198,6.55,6.422431,G0,,6840,,Cassiopeia,187.2489,0.553,,
9047,,HIP 5646,18.12768635,2.471579573,6.54,6.439992,F3/5V,,7218,,Cetus,170.0573,0.454,,
9048,,HIP 7078,22.80731965,70.26459983,5.8,5.696995,F6V,427,9021,,Cassiopeia,95.34948,0.489,,
9049,,HIP 7339,23.63860331,68.94813598,6.51,6.350193,G6.5V,,9407,,Cassiopeia,68.41568,0.686,,
9050,,HIP 7447,23.97815344,17.43384035,5.95,5.90313,F0IV,457,9780,,Pisces,194.6269,0.259,,
9051,,HIP 7734,24.90007609,45.87777335,6.61,6.449255,G5V,,10086,,Andromeda,69.76238,0.69,,
9052,,HIP 7916,25.43680265,-11.32467182,5.77,5.676386,F5V,492,10453,,Cetus,121.5058,0.443,,
9053,,HIP 8115,26.07486805,57.53660356,6.33,6.301768,A3V,499,10543,,Cassiopeia,258.1158,0.131,,
9054,,HIP 8433,27.17317787,32.69020892,5.76,5.634516,F8V,523,11007,,Triangulum,88.94945,0.572,,
9055,,HIP 9021,29.03901937,37.25183295,5.7,5.39043,K0III,557,11749,,Andromeda,320.2358,1.06,,
9056,,HIP 9353,30.0381648,3.097014011,5.87,5.736385,G2IV,582,12235,,Pisces,101.3052,0.61,,
9057,,HIP 10031,32.28442001,71.55200745,6.57,6.44764,F8,,12800,,Cassiopeia,89.14407,0.551,,
9058,,HIP 10050,32.34630142,17.2241997,6.39,6.293651,F5V,624,13201,,Aries,127.9938,0.471,,
9059,,HIP 10306,33.20035699,21.21099377,5.2,5.105141,F5V,646,13555,η Arietis,Aries,98.22252,0.457,,
9060,,HIP 10366,33.40142982,51.06577999,5.31,5.050134,G8.5IIIbFe-2,645,13530,,Andromeda,198.9018,0.926,,
9061,,HIP 10446,33.65825234,28.69118412,6.36,6.105752,K1III,,13747,,Triangulum,193.8168,0.957,,
9062,,HIP 10540,33.94187394,25.78293837,5.77,5.679015,F6III-IV,656,13871,,Aries,130.7661,0.439,,
9063,,HIP 11427,36.8474571,10.19832412,6.43,6.334228,F5V,,15228,,Cetus,118.5454,0.45,,
9064,,HIP 12114,39.02042224,6.886773237,5.79,5.49832,K3V,753,16160,,Cetus,23.50059,0.918,,
9065,,HIP 12181,39.23828913,38.73358759,5.9,5.790349,F5V,756,16176,,Andromeda,176.9815,0.502,,
9066,,HIP 13254,42.64608194,38.31864289,4.21,4.140083,F2III,840,17584,,Perseus,127.643,0.343,,
9067,,HIP 13269,42.67753141,19.16047721,6.63,6.498939,F8,,17659,,Aries,198.1764,0.602,,
9068,,HIP 13482,43.4092608,1.969316549,6.74,6.46286,G8III/IV,,18012,,Cetus,380.8398,0.94,,
9069,,HIP 13834,44.52175545,20.66873396,5.78,5.690482,F0V(e),878,18404,,Aries,103.7886,0.415,,
9070,,HIP 14286,46.04014434,61.70582216,6.64,6.483679,G1.5V,,18757,,Cassiopeia,74.53144,0.634,,
9071,,HIP 14632,47.26674709,49.61327835,4.04,3.902639,G0V,937,19373,ι Persei,Perseus,34.49889,0.595,,
9072,,HIP 15669,50.46888739,49.07090495,5.93,5.833898,F6V,1001,20675,,Perseus,149.131,0.468,,
9073,,HIP 18413,59.04823413,59.6420221,6.58,6.417132,G3V,,24409,,Camelopardalis,69.74771,0.698,,
9074,,HIP 18453,59.15216682,50.6953762,5.25,5.167717,F5V,1210,24546,,Perseus,133.0071,0.425,,
9075,,HIP 18975,60.98584369,8.197266302,5.42,5.347587,F2Vs,1254,25570,,Taurus,117.2661,0.371,,
9076,,HIP 18993,61.04114662,2.826949926,5.33,5.219349,F6V,1257,25621,,Taurus,112.9199,0.505,,
9077,,HIP 19302,62.0641198,37.72749639,6.08,5.82687,K1III,1277,25975,,Perseus,143.8658,0.943,,
9078,,HIP 19335,62.15257149,38.03973856,5.52,5.403285,F8V,1278,25998,,Perseus,69.55407,0.52,,
9079,,HIP 19859,63.87000169,6.186860715,6.3,6.17452,G0IV,1322,26923,,Taurus,69.06767,0.57,6.28,6.37
9080,,HIP 21847,70.45940086,38.28018161,5.96,5.832274,F9IV-V,1489,29645,,Perseus,101.7795,0.593,,
9081,,HIP 22152,71.50240269,76.61104421,6.46,6.351942,F7V,1468,29329,,Camelopardalis,105.0597,0.512,,
9082,,HIP 23484,75.7101596,66.82297273,6.18,6.078774,F6V:,1594,31675,,Camelopardalis,91.11246,0.509,,
9083,,HIP 23783,76.66929418,51.59772194,4.97,4.898983,F2V,1637,32537,,Auriga,85.47461,0.343,4.93,5.03
9084,,HIP 24017,77.43544225,64.91948968,6.35,6.266089,F3V:,1647,32715,,Camelopardalis,129.0067,0.448,,
9085,,HIP 24109,77.6788354,46.96207134,5.66,5.564871,F5V,1668,33167,,Auriga,150.6469,0.452,,
9086,,HIP 24252,78.08961802,26.45461422,6.79,6.485077,G5III,,33585,,Taurus,440.5402,1.004,,
9087,,HIP 25110,80.63971084,79.23115073,5.06,4.956077,F7V,1686,33564,,Camelopardalis,68.42762,0.48,,
9088,,HIP 25278,81.10609696,17.38353512,4.97,4.850188,F8V,1780,35296,,Taurus,47.80758,0.544,4.98,5.02
9089,,HIP 25580,82.00390183,33.76370349,6.4,6.296464,F7V,,35681,,Auriga,110.3588,0.51,,
9090,,HIP 25973,83.14083471,57.22107074,6.44,6.305798,F8V,1828,36066,,Camelopardalis,143.0453,0.587,,
9091,,,83.78533873,9.935027642,5.51,5.46444,B0.5V,1880,36862,* lam Ori B,Orion,,,,
9092,,HIP 26234,83.84297373,-4.424312376,6.5,6.455401,B9III/IV,1891,37016,,Orion,1128.029,-0.148,,
9093,,HIP 27253,86.64547141,1.168195264,5.93,5.748385,G8III/IV,1988,38529,,Orion,138.2903,0.78,,
9094,,HIP 27549,87.51119054,9.871215399,5.91,5.671875,G8III,2014,39007,,Orion,333.6741,0.876,,
9095,,HIP 27973,88.74578948,31.70148802,5.91,5.879099,A5IV,2046,39586,,Auriga,256.2895,0.144,,
9096,,HIP 28302,89.72181273,12.80826205,5.89,5.601938,G8III:+A5V,2099,40369,,Orion,838.0452,0.874,,
9097,,HIP 28614,90.5958195,9.64727279,4.71,4.673599,A1Vm+F2V,2124,40932,μ Orionis,Orion,154.9438,0.16,,
9098,,HIP 28644,90.72988639,32.6356964,6.22,6.127802,F4V,2122,40832,,Auriga,162.837,0.456,,
9099,,HIP 28677,90.82480384,42.91149763,6.1,5.812349,K0III,2119,40801,,Auriga,261.4276,0.979,,
9100,,HIP 28823,91.26410291,42.98163572,5.89,5.820564,F3V,2132,41074,,Auriga,168.2147,0.358,,
9101,,HIP 28908,91.53556286,35.38773897,6.11,5.971474,G0V,2141,41330,,Auriga,86.01577,0.6,,
9102,,HIP 29525,93.30209526,10.62714236,6.43,6.271036,G5V,2208,42807,,Orion,59.05784,0.663,6.44,6.49
9103,,HIP 29650,93.71198477,19.1564479,5.17,5.072946,F5.5IV-V,2220,43042,,Orion,68.87794,0.43,,
9104,,HIP 29800,94.11091294,12.27216323,5.01,4.91641,F5V,2241,43386,,Orion,63.92144,0.431,,
9105,,HIP 30630,96.54272767,18.75687806,6.78,6.484982,K2Ve,,45088,,Gemini,47.80073,0.938,6.76,6.81
9106,,HIP 30953,97.45443556,-50.23907864,5.94,5.864168,F2V,2384,46273,,Puppis,168.65,0.371,,
9107,,HIP 31552,99.06305407,58.10678182,6.6,6.494105,F5,,46317,,Lynx,118.6318,0.496,,
9108,,HIP 31637,99.30764693,-36.99064927,5.89,5.86087,B7III,2446,47500,,Columba,1654.822,-0.112,,
9109,,HIP 31676,99.42243981,61.48123556,5.94,5.691469,G8IV-V,2394,46480,,Lynx,173.2202,0.899,,
9110,,HIP 31711,99.50147187,-61.53336505,6.29,6.142297,G1VCH-0.5,2468,48189,,Pictor,70.63933,0.624,6.14,6.19
9111,,HIP 32222,100.9031478,-73.11820868,6.38,6.110988,G8III,2531,49947,,Volans,420.1033,0.96,,
9112,,HIP 32261,101.0479664,53.29593756,6.3,5.999134,K0,2463,47979,,Lynx,245.6672,1.089,,
9113,,HIP 32275,101.0723955,40.62293935,6.91,5.790897,M4III,,48228,,Auriga,487.2952,1.59,,
9114,,HIP 32439,101.5589582,79.56481071,5.42,5.300417,F7V,2401,46588,,Camelopardalis,58.19362,0.525,,
9115,,HIP 32480,101.6847372,43.57742456,5.23,5.105546,F9V,2483,48682,ψ 5 Aurigae,Auriga,53.83076,0.575,,
9116,,HIP 32539,101.8477366,18.19345369,6.37,6.345165,A2V,2499,49059,,Gemini,431.2166,0.066,,
9117,,HIP 32677,102.2405693,-15.14472233,5.51,5.3386,B7IV,2522,49662,,CanisMajor,607.0774,-0.096,,
9118,,HIP 33595,104.6975431,26.08107952,6.19,6.069029,F7V,2601,51530,,Gemini,154.5025,0.52,,
9119,,HIP 35136,108.9589132,47.23996345,5.53,5.38816,F9V,2721,55575,,Lynx,54.96556,0.576,,
9120,,HIP 35146,108.9787653,59.63746644,5.21,4.895882,K2III,2715,55280,,Lynx,193.128,1.081,,
9121,,HIP 36152,111.7094043,21.53565431,6.52,6.412439,F6V,2835,58551,,Gemini,100.5241,0.464,,
9122,,HIP 36251,111.9652479,-11.5568552,6.04,5.855758,F8III+B3V,2859,59067,,CanisMajor,1009.29,0.583,,
9123,,HIP 38784,119.0717874,80.26554232,6.55,6.377003,G9,2997,62613,,Camelopardalis,55.56508,0.719,,
9124,,HIP 38962,119.5860901,2.224767713,5.3,5.047312,G8IIIb,3110,65345,,CanisMinor,264.3959,0.933,,
9125,,HIP 40015,122.5852966,69.72508228,6.54,6.402977,F8V,,66751,,Camelopardalis,95.43327,0.567,,
9126,,HIP 40023,122.6132536,25.50733393,5.72,5.508792,G7V,3191,67767,ψ Cancri,Cancer,136.8597,0.825,,
9127,,HIP 40183,123.1283055,-46.26428607,6.31,6.2219,B5V,3234,68895,,Vela,705.6273,-0.113,,
9128,,HIP 41319,126.4578219,17.04626992,6.09,5.998645,F5IIIm?,3299,71030,,Cancer,146.5827,0.448,,
9129,,HIP 41484,126.9032694,45.65298738,6.31,6.172532,G1V,3309,71148,,Lynx,71.03933,0.624,,
9130,,HIP 41935,128.2290753,38.01637346,5.9,5.582981,K1.5III-IIIb,3360,72184,,Lynx,209.9164,1.106,,
9131,,HIP 44728,136.7134038,38.27843599,6.6,6.499104,F0,,77967,,Lynx,132.682,0.446,,
9132,,HIP 44897,137.2127933,33.88221843,5.94,5.809062,G0IV-V,3625,78366,,Lynx,62.3925,0.585,,
9133,,HIP 45336,138.5910836,2.314319977,3.91,3.88,B9.5V,3665,79469,θ Hydrae,Hydra,128.6504,-0.06,,
9134,,HIP 45412,138.809358,34.63351639,5.99,5.753373,G6III,3664,79452,,Lynx,454.6724,0.839,,
9135,,HIP 46329,141.6870837,-28.7877016,6.44,6.411017,B5IVe,3745,81753,,Pyxis,1590.245,-0.089,,
9136,,HIP 46404,141.945037,-6.07139133,5.32,5.162531,G1.5IV-V,3750,81809,,Hydra,101.8431,0.642,,
9137,,HIP 48273,147.6253422,4.343648901,6.22,6.12528,F5V,3893,85217,,Sextans,149.6787,0.479,,
9138,,HIP 48390,147.9708485,24.39526156,5.28,5.233123,A5IV,3900,85376,,Leo,130.9236,0.229,,
9139,,HIP 48414,148.0506842,2.454129236,6.04,6.009027,A0III/IV,3906,85504,,Sextans,1048.231,-0.04,,
9140,,HIP 50078,153.3666413,-51.75578639,5.91,5.7395,A3IV/V,4020,88842,,Vela,318.049,0.136,,
9141,,HIP 50174,153.6239674,21.16804824,6.02,5.89471,F9V,4012,88737,,Leo,169.1748,0.573,,
9142,,HIP 50319,154.1345384,23.50311299,5.96,5.799452,G1.5IV-V,4030,89010,,Leo,98.96776,0.655,,
9143,,HIP 50505,154.716449,44.04832062,6.65,6.492669,G4V,,89269,,UrsaMajor,67.28577,0.653,,
9144,,HIP 50546,154.8616206,48.39676291,6.01,5.739212,K0,4046,89319,,UrsaMajor,141.248,1.022,,
9145,,HIP 50564,154.9340301,19.47091277,4.76,4.657147,F6IV-V,4054,89449,,Leo,69.00933,0.452,,
9146,,HIP 50870,155.8109094,5.694245621,6.52,6.422365,F6V,4079,89995,,Sextans,181.5146,0.448,,
9147,,HIP 51459,157.6565803,55.9805388,4.79,4.673892,F8V,4112,90839,,UrsaMajor,41.89166,0.541,,
9148,,HIP 52139,159.7818013,37.91000115,5.83,5.706838,G0IV,4168,92168,,LeoMinor,159.4913,0.595,,
9149,,HIP 52353,160.4858119,65.71628086,5.12,4.762891,K2III,4178,92424,,UrsaMajor,223.594,1.207,,
9150,,HIP 52469,160.8870425,46.20387424,5.15,5.087954,F5III,4191,92787,,UrsaMajor,116.221,0.324,,
9151,,HIP 53257,163.3779503,69.85388135,5.93,5.648067,G9IV,4243,94132,,UrsaMajor,141.6161,1.01,,
9152,,HIP 53737,164.9212057,11.70586584,6.52,6.425882,F5V,4281,95216,,Leo,145.9268,0.443,,
9153,,HIP 53791,165.0861841,42.91170212,6.01,5.876414,F9V,4285,95241,,UrsaMajor,148.3167,0.584,,
9154,,HIP 54336,166.7258638,1.955525573,5.53,5.249954,K0III,4319,96436,,Leo,203.1154,0.955,,
9155,,HIP 54819,168.3321286,33.4437415,6.64,6.336755,K0IV,,97488,,UrsaMajor,452.7783,1.007,,
9156,,HIP 55044,169.0168103,52.77316226,6.49,6.392658,F6VgF6mF3,4363,97855,,UrsaMajor,127.5929,0.437,,
9157,,HIP 55302,169.8822022,32.82513274,6.56,6.280277,K0,,98397,,UrsaMajor,629.3432,1.035,,
9158,,HIP 56145,172.6185274,43.57848954,6.66,6.404404,K0,,99995,,UrsaMajor,146.7809,0.912,,
9159,,HIP 56170,172.7206298,47.92891248,6.41,6.167954,G9IV,4435,100030,,UrsaMajor,328.2984,0.879,,
9160,,HIP 56242,172.9372673,14.36450298,6.26,6.133636,F9.5V,4437,100180,,Leo,75.08076,0.57,,
9161,,HIP 56290,173.0863347,61.08249699,5.68,5.563896,F8VmF5,4439,100203,,UrsaMajor,89.70838,0.515,,
9162,,HIP 56391,173.4049999,-40.58663737,6.09,6.0771,A2IV/V,4453,100493,,Centaurus,367.9466,0.117,,
9163,,HIP 56445,173.5914538,3.060164941,5.74,5.645272,F5.5V,4455,100563,,Leo,86.58694,0.48,,
9164,,HIP 56583,174.011651,69.32295229,5.19,4.92018,K0III,4461,100696,,Draco,241.6606,0.974,,
9165,,HIP 56770,174.5857085,43.62542738,5.53,5.457031,F2V,4477,101107,,UrsaMajor,148.7907,0.348,,
9166,,HIP 57606,177.1612941,14.28420673,5.99,5.931453,A8V+G2V,4531,102590,,Leo,241.8399,0.303,,
9167,,HIP 57636,177.2796284,5.183376048,6.56,6.207621,K0,,102649,,Virgo,359.4282,1.152,,
9168,,HIP 58287,179.3107637,40.34373977,6.59,6.485126,F6V,4572,103799,,UrsaMajor,150.7865,0.513,,
9169,,HIP 58684,180.5282462,43.04556361,5.2,5.151228,F0Vam,4594,104513,,UrsaMajor,110.5835,0.283,5.21,5.24
9170,,HIP 58708,180.6204837,43.08408227,6.63,6.380751,G8V,,104556,,UrsaMajor,180.6096,0.86,,
9171,,HIP 58809,180.9351712,5.557749912,6.38,6.284646,F5,,104755,,Virgo,212.5162,0.476,,
9172,,HIP 59309,182.5142423,5.807007368,5.72,5.65585,kF0hF0mF5II-III,4629,105702,,Virgo,142.9198,0.352,,
9173,,HIP 59879,184.2138989,86.43581888,6.31,6.216938,F4V,4683,107113,,UrsaMinor,129.1603,0.437,,
9174,,HIP 60098,184.8730243,28.15691792,6.37,6.256701,F8Va,4688,107213,,ComaBerenices,162.0279,0.523,,
9175,,HIP 60699,186.6007973,71.92982771,6.34,6.051606,G8III:,4740,108399,,Draco,389.0225,1.028,,
9176,,HIP 60988,187.5117854,51.53563211,6.2,6.081806,F7V,4761,108845,,CanesVenatici,147.1783,0.536,,
9177,,HIP 61053,187.7088992,53.07660693,6.2,6.072821,F9V,4767,108954,,UrsaMajor,71.52247,0.568,,
9178,,HIP 61995,190.5738945,33.68857681,6.66,6.356284,K2IV,,110501,,CanesVenatici,185.5436,1.074,,
9179,,HIP 62325,191.5939387,9.539686032,5.65,5.369707,G9,4849,111028,,Virgo,145.7961,0.989,,
9180,,HIP 62523,192.1960339,24.8402274,6.28,6.114502,G5V,4864,111395,,ComaBerenices,55.98498,0.703,6.31,6.41
9181,,HIP 62904,193.3837775,19.48106237,6.43,6.232257,G9V,,112060,,ComaBerenices,143.5493,0.805,,
9182,,HIP 64496,198.3016851,18.72700787,6.12,5.731525,K3III,4992,114889,,ComaBerenices,296.9036,1.201,,
9183,,HIP 64522,198.366786,67.28795725,6.53,6.211098,K2III,,115136,,Draco,447.8035,1.146,,
9184,,HIP 64792,199.1938119,9.424155594,5.17,5.03984,G0IV,5011,115383,,Virgo,58.5451,0.58,,
9185,,HIP 65135,200.2125562,43.99019355,6.5,6.410667,F2,,116127,,CanesVenatici,158.2525,0.424,,
9186,,HIP 67246,206.7380107,6.350373917,6.33,6.186126,G0V,5183,120066,,Virgo,99.81636,0.63,,
9187,,HIP 67589,207.7463277,68.31529902,6.4,6.033259,K2IV,5227,121146,,Draco,309.8859,1.179,,
9188,,HIP 67620,207.8347573,-24.39051196,6.45,6.270501,G5Va,5209,120690,,Hydra,64.94021,0.703,,
9189,,HIP 68030,208.9583066,14.05650219,6.15,6.034668,F6V,5243,121560,,Bootes,78.97289,0.518,,
9190,,HIP 68184,209.3835765,61.49286115,6.47,6.169921,K3V,5256,122064,,UrsaMajor,32.93938,1.04,,
9191,,HIP 70027,214.9384796,16.30694736,4.85,4.4803,K3III,5370,125560,,Bootes,190.4206,1.228,,
9192,,HIP 70310,215.7784229,25.33817563,6.2,6.123698,F5V,5387,126141,,Bootes,116.4287,0.411,,
9193,,HIP 70414,216.076118,8.084598094,6.19,5.824607,K4III,5394,126271,,Bootes,363.4347,1.208,,
9194,,HIP 70791,217.1575537,49.84485042,5.58,5.337401,G4III-IVFe-1,5420,127243,,Bootes,307.8377,0.864,,
9195,,HIP 70873,217.4033699,41.79591262,6.36,6.200569,G5VCH0.3,5423,127334,,Bootes,76.83237,0.702,,
9196,,HIP 70952,217.691959,63.18578637,6.08,5.997623,F4IV,5436,127821,,Draco,103.4594,0.428,,
9197,,HIP 71251,218.5663959,57.0652572,6.45,6.340414,F6V,5451,128332,,Draco,94.60263,0.526,,
9198,,HIP 71837,220.4313348,11.66066201,5.57,5.30772,G8III,5481,129336,,Bootes,385.3419,0.941,,
9199,,HIP 72469,222.2780951,37.81118044,6.13,6.05234,F2V,5529,130817,,Bootes,133.6614,0.389,,
9200,,HIP 72573,222.5850863,82.51194257,5.63,5.457237,F9V,5596,133002,,UrsaMinor,141.248,0.671,,
9201,,HIP 72582,222.6235264,37.27204753,5.48,5.176575,K0III-IV,5541,131111,,Bootes,199.8775,1.03,,
9202,,HIP 72664,222.8601479,59.293987,5.49,5.017934,K4III,5552,131507,,Draco,441.7334,1.369,,
9203,,HIP 73100,224.0960016,49.62844992,5.62,5.506558,F8-V,5581,132254,,Bootes,80.99376,0.533,,
9204,,HIP 73440,225.1122787,71.76545827,6.63,6.484036,G0,,133621,,UrsaMinor,109.8754,0.631,,
9205,,HIP 74975,229.8283227,1.765407328,5.04,4.921657,F8IV,5694,136202,,Serpens,80.57355,0.54,4.99,5.11
9206,,HIP 75107,230.2205058,45.66487039,6.74,6.450806,K0,,136795,,Bootes,443.5362,1.047,,
9207,,HIP 77052,236.0075774,2.515166832,5.86,5.700448,G2.5V,5853,140538,ψ Serpentis,Serpens,47.8288,0.684,,
9208,,HIP 78459,240.2610854,33.30351096,5.38,5.2328,G0+VaFe-1,5968,143761,ρ Coronae Borealis,CoronaBorealis,56.81433,0.612,,
9209,,HIP 78481,240.3096322,17.81837867,5.11,4.831698,G8IIIb,5966,143666,,Hercules,308.1288,0.992,,
9210,,HIP 79137,242.2967295,6.378691639,5.96,5.674526,K1.5IV,6014,145148,,Serpens,99.26933,0.988,,
9211,,HIP 79248,242.6013153,43.81764095,6.61,6.39524,K0V,,145675,,Hercules,59.19741,0.88,,
9212,,HIP 80309,245.9464745,61.69647034,6.04,5.7618,G8III,6130,148374,,Draco,412.1359,0.956,,
9213,,HIP 80480,246.4299391,78.96385711,5.55,5.510821,F0V,6173,149681,,UrsaMinor,138.077,0.249,,
9214,,HIP 80850,247.6616686,77.44651625,6.35,6.050306,K1III,6191,150275,,UrsaMinor,407.5001,0.995,,
9215,,,250.319158,31.60451924,2.94,2.763227,K0V,,,* zet Her B,Hercules,,,,
9216,,HIP 81800,250.6158846,49.93643921,6.46,6.339053,F8V,,151044,,Hercules,95.88251,0.541,,
9217,,HIP 81854,250.7762073,77.51397119,6,5.917085,F4V,6267,152303,,UrsaMinor,117.3506,0.43,,
9218,,HIP 81991,251.2499388,6.088156604,6.56,6.317664,G8,,151090,,Hercules,154.796,0.89,,
9219,,HIP 83216,255.1123309,-48.64775887,6.22,5.92,G8/K0III+G,6300,153221,,Ara,388.5596,0.883,,
9220,,HIP 83435,255.7935198,14.51134078,6.53,6.351601,G5IV:,6339,154160,,Hercules,118.2018,0.77,,
9221,,HIP 83601,256.3200778,0.702561531,5.99,5.862327,F8.5IV-V,6349,154417,,Ophiuchus,66.44927,0.578,6.01,6.05
9222,,HIP 83853,257.0568767,-1.079479053,6.23,6.206738,A1V,6367,154895,,Ophiuchus,271.6667,0.074,,
9223,,HIP 84855,260.1406431,48.18878048,6.34,6.244472,F4V,6467,157373,,Hercules,130.609,0.427,,
9224,,HIP 85235,261.2504073,67.30670798,6.42,6.223579,K0,6518,158633,,Draco,41.71987,0.759,,
9225,,HIP 85622,262.4472871,-5.919479112,6.47,6.210534,K0III,6512,158463,,Ophiuchus,234.8704,0.93,,
9226,,HIP 85810,263.0041335,34.27114826,6.52,6.377123,G1V,6538,159222,,Hercules,77.25128,0.639,,
9227,,HIP 85819,263.0440344,55.18424515,4.89,4.839051,kA3hF0mF0(IV-V),6554,159541,ν 1 Draconis,Draco,98.90779,0.251,,
9228,,HIP 85829,263.0668438,55.17291813,4.85,4.792332,kA4hF2VmF3,6555,159560,ν 2 Draconis,Draco,99.87764,0.279,,
9229,,HIP 86184,264.1666749,69.5707484,6.33,6.186411,F9IV-V,6598,160933,,Draco,138.5465,0.596,,
9230,,HIP 87212,267.2677989,50.78107013,5.04,5.012529,A2V,6656,162579,,Draco,216.8996,0.043,,
9231,,HIP 87234,267.3626349,76.96287926,5.01,4.895288,F6IV-Vs,6701,163989,,Draco,104.7223,0.518,,
9232,,HIP 87569,268.3477972,-34.89512143,6.29,5.978182,K3III,6658,162587,,Scorpius,1055.018,1.098,,
9233,,HIP 87655,268.5590274,11.13049193,6.25,6.155297,F5Vn,6676,163151,,Ophiuchus,221.4675,0.474,,
9234,,HIP 87834,269.1581156,18.61242963,6.56,6.280512,K0,,163675,,Hercules,135.1577,1.002,,
9235,,HIP 89000,272.475057,3.119828703,5.65,5.546168,F6V,6797,166285,,Ophiuchus,153.0519,0.49,,
9236,,HIP 89047,272.6318329,54.28655339,5.98,5.725761,K1III,6817,167042,,Draco,163.0783,0.94,,
9237,,HIP 89408,273.6833321,29.20730601,6.5,6.366737,F8V,6831,167588,,Hercules,136.745,0.579,,
9238,,HIP 89604,274.2784693,40.93674061,6.13,5.856407,G8.5IIIbCH0.5Fe-1,6853,168322,,Lyra,348.292,0.977,,
9239,,HIP 91915,281.0761092,61.04814396,6.13,5.8307,G7IV,7075,173949,,Draco,364.2465,0.967,,
9240,,HIP 92301,282.1892211,-18.6011575,6.7,6.397476,A1V+K1III,7072,173928,,Sagittarius,795.1208,0.902,,
9241,,HIP 92937,284.0255043,18.10540975,5.17,5.389316,K1III,7148,175743,,Hercules,275.3381,1.092,,
9242,,HIP 94755,289.2141086,46.99910404,6,5.898607,F6IV:,7322,181096,,Cygnus,138.3114,0.479,,
9243,,HIP 94981,289.9124948,37.3305406,6.29,6.127782,G5V,7345,181655,,Lyra,82.24005,0.676,,
9244,,HIP 95319,290.8917215,33.22196623,6.36,6.161308,K0V,7368,182488,,Lyra,50.51144,0.804,,
9245,,HIP 95447,291.2424999,11.94441347,5.15,4.971372,G7IVHdel1,7373,182572,,Aquila,49.38642,0.761,,
9246,,HIP 95492,291.3573248,24.91277504,6.18,6.065295,F8,7386,182807,,Vulpecula,90.43016,0.528,,
9247,,HIP 96258,293.5824553,51.23661872,5.7,5.597351,F7V,7451,184960,,Cygnus,83.41854,0.475,,
9248,,HIP 96620,294.6715955,54.97379084,5.87,5.778308,F6Va,7484,185912,,Cygnus,129.7771,0.482,5.85,6.37
9249,,HIP 97295,296.6066669,33.7275982,4.98,4.873973,F5.5IV-V,7534,187013,,Cygnus,68.00167,0.476,,
9250,,HIP 97646,297.6866813,-59.19366631,5.66,5.634827,A0IV,7531,186957,,Pavo,259.7611,0.082,,
9251,,HIP 97675,297.7568487,10.41572013,5.1,4.976175,F8V,7560,187691,ο Aquilae,Aquila,63.21502,0.563,,
9252,,HIP 97767,298.0143266,11.62832563,6.15,5.997954,G0V,7569,187923,,Aquila,90.17979,0.642,,
9253,,HIP 98767,300.9058545,29.89680345,5.73,5.552787,G7IV-V,7670,190360,,Cygnus,51.82627,0.72,,
9254,,HIP 98921,301.2907325,38.47848772,6.17,6.013729,G2V,7683,190771,,Cygnus,61.52112,0.654,,
9255,,HIP 99026,301.5576927,53.16568748,5.8,5.713453,F5V,7697,191195,,Cygnus,118.8479,0.445,,
9256,,HIP 99031,301.5906971,35.9724692,5.37,5.140914,G8.5IVa,7689,191026,,Cygnus,78.85813,0.85,5.36,5.41
9257,,HIP 100017,304.3805338,66.85368902,5.91,5.769553,G3V,7783,193664,,Draco,57.27333,0.602,,
9258,,HIP 100550,305.8300661,-0.4523082686,7.03,5.928929,M2III,,194014,,Aquila,772.5127,1.603,,
9259,,HIP 101082,307.3648463,81.09127614,5.97,5.718748,K0II,7908,196925,,Draco,205.2898,0.942,,
9260,,HIP 101133,307.4997529,45.92855023,6.45,6.095573,K2III,7841,195506,,Cygnus,414.7569,1.137,,
9261,,HIP 101916,309.7824448,10.08619213,5.07,4.896788,G2IV,7896,196755,κ Delphini,Delphinus,97.98619,0.702,,
9262,,HIP 102011,310.0745516,60.50526498,6,5.910608,F6IV,7925,197373,,Cepheus,108.2337,0.443,,
9263,,HIP 102642,311.9707539,52.40715129,6.29,6.044361,K0V:,7972,198387,,Cygnus,136.5158,0.883,,
9264,,HIP 102843,312.5205486,44.05930321,5.05,5.007864,A6V,7984,198639,,Cygnus,137.7272,0.198,,
9265,,HIP 104101,316.3612651,5.958301224,5.93,5.81236,F8V,8077,200790,,Equuleus,120.473,0.538,,
9266,,HIP 104279,316.8869828,-0.1638525102,6.72,5.297482,M4:II:,,201098,,Aquarius,1230.188,1.548,,
9267,,HIP 105406,320.2559013,40.34497419,6.38,6.247504,F8V,8170,203454,,Cygnus,86.61008,0.533,,
9268,,HIP 105411,320.2683078,23.85596854,5.6,5.289639,K0III,8165,203344,,Pegasus,280.3096,1.057,,
9269,,HIP 105864,321.6168865,1.103357781,6.11,6.014641,F5V,8205,204121,,Aquarius,156.0556,0.481,,
9270,,HIP 108535,329.8123634,73.17989506,5.01,4.905107,F5V,8400,209369,,Cepheus,122.2347,0.439,,
9271,,HIP 109572,332.9531962,56.83935682,5.23,5.112943,F8V,8472,210855,,Cepheus,120.6067,0.534,,
9272,,HIP 109585,332.9870448,59.08458036,6.3,5.993167,K0III,8476,210905,,Cepheus,345.3384,1.123,,
9273,,HIP 109857,333.7591554,57.04356854,4.18,4.122014,F0V(Sr),8494,211336,ϵ Cephei,Cepheus,85.4713,0.278,4.15,4.21
9274,,HIP 110548,335.9148529,20.84828872,6.27,6.160031,F7IV,8532,212395,,Pegasus,110.5085,0.518,,
9275,,HIP 110566,335.9760535,38.57361269,6.16,6.058063,F5IV:,8536,212487,,Lacerta,170.1463,0.485,,
9276,,HIP 110778,336.6429171,-16.74158888,6.22,6.1986,G2V+G3V,8544,212697,,Aquarius,65.4618,0.618,,
9277,,HIP 110790,336.6898259,37.44370573,6.51,6.467709,B2V+B9Vn,8549,212883,,Lacerta,1928.995,-0.132,,
9278,,HIP 111278,338.1478364,20.23002108,6.41,6.350159,F1V,8586,213617,39 Peg,Pegasus,172.487,0.35,,
9279,,HIP 111314,338.262126,69.91354718,6.44,5.9231,A9III,8595,213973,,Cepheus,248.6654,0.334,,
9280,,HIP 111532,338.942226,73.64318555,5.05,4.974876,F2II,8615,214470,,Cepheus,184.1809,0.395,,
9281,,HIP 112041,340.4002131,41.5491242,5.94,5.640715,G9III,8643,215030,,Lacerta,323.4127,0.998,,
9282,,HIP 112222,340.927958,10.93935512,6.5,6.401245,G8IV,8653,215243,,Pegasus,131.1345,0.502,,
9283,,HIP 113048,343.4173372,44.74917095,5.98,5.929313,kA3VmF2III/IVp,8708,216608,,Lacerta,169.6149,0.282,,
9284,,HIP 113919,346.0457612,50.05209042,4.64,4.337494,K0IIIb,8780,218031,3 And,Andromeda,179.1211,1.058,,
9285,,HIP 113994,346.2762154,16.56284277,6.44,6.220313,G8IV,8784,218101,,Pegasus,131.5577,0.886,,
9286,,HIP 114081,346.5755872,18.51776563,6.15,6.056362,F6Vs,8788,218235,,Pegasus,140.76,0.482,,
9287,,HIP 114096,346.6328554,19.9108534,5.66,6.314315,F6V,8792,218261,,Pegasus,92.29911,0.544,,
9288,,HIP 114210,346.9390981,49.29577512,6.43,5.567371,F5V,8805,218470,5 And,Andromeda,111.1491,0.449,,
9289,,HIP 114526,347.9549564,26.84732151,6.21,5.944586,G8III-IV,8827,218935,,Pegasus,241.8399,0.937,,
9290,,HIP 114924,349.1762648,53.21347482,5.56,5.446386,F8V,8853,219623,,Cassiopeia,66.11249,0.556,,
9291,,HIP 115142,349.8499049,-5.124350554,5.55,5.470503,F4VFe-0.4,8868,219877,,Aquarius,113.5097,0.386,,
9292,,HIP 115171,349.9231466,48.38093619,6.13,5.985621,K2III,8875,219962,,Andromeda,475.2201,1.123,,
9293,,HIP 116582,354.3835117,44.4289923,6.16,6.132341,B8V,8962,222109,,Andromeda,823.2318,-0.064,,
9294,,HIP 116613,354.4937,46.19943465,6.58,6.428031,G2,8964,116613,,Andromeda,75.35818,0.665,6.58,6.6
9295,,HIP 117681,357.9901486,77.59937411,6.55,6.461778,F5V,9034,223731,,Cepheus,127.9436,0.43,,
9296,,HIP 117762,358.2342612,36.95425524,6.52,6.396409,G0,,223848,,Andromeda,162.4315,0.571,,