key	old	new	resolves
gaia:1004773827573309312	HIP 30491 A	HD 44271	no
gaia:1016370651589755904	15 UMa	f UMa	yes
gaia:1022858010710856576	18 UMa	e UMa	yes
gaia:1039832266928840064	HIP 45840 D	NSV 18173 D	no
gaia:1040054235130174080	16 UMa	c UMa	yes
gaia:1042950073879881600	5 UMa	b UMa	yes
gaia:104717285566534016	Lam Ari B	λ Ari B	yes
gaia:1064092479891020800	23 UMa B	h UMa B	yes
gaia:1064092789129355136	23 UMa	h UMa	yes
gaia:1068981080387248384	Sig-2 UMa C	σ² UMa C	no
gaia:1068982214258617216	Sig-2 UMa A	σ² UMa	no
gaia:1068982214258617856	Sig-2 UMa B	σ² UMa B	no
gaia:1070467379590606976	HIP 48635 D	HIP 48639 D	no
gaia:1071133340038904320	24 UMa	d UMa	yes
gaia:1088683946504369664	HIP 37975 B	NSV 17586 B	no
gaia:1091831612070647680	HIP 40882 C	HIP 40918 C	no
gaia:1092518738120160256	2 UMa	A UMa	yes
gaia:1146337324038513536	HIP 51502 B	NSV 04864 B	no
gaia:114832620743735040	HIP 13081 B	BC Ari B	no
gaia:1155163241313019776	HIP 73350	265 G. Vir	yes
gaia:1156774025847892352	NSV 20248	271 G. Vir	yes
gaia:1163129031257501696	HIP 74695	4 G. Ser Cap	yes
gaia:1173255705148136064	HIP 72527 C	NSV 06821 C	no
gaia:1173302640550040576	NSV 06821	NSV 06821 A	yes
gaia:1173302640550747008	HIP 72527 B	NSV 06821 B	no
gaia:1175750359592418176	NSV 06654	4 G. Boo	yes
gaia:118985235644116224	HIP 16042 B	UX Ari B	no
gaia:1191136444277057792	HIP 76985 A		no
gaia:1197800206298928000	Tau-7 Ser C	τ⁷ Ser C	no
gaia:1198813956016764288	HIP 79332	q Her	yes
gaia:1198898034296727680	Marsic B	κ Her B	yes
gaia:1199629656206371584	5 Her	r Her	yes
gaia:1201067435163162624	Gam Her D	γ Her D	yes
gaia:1219872489906653696	HIP 77503	QX Ser B	yes
gaia:1234645287617291392	Pi-1 Boo B	π² Boo	no
gaia:1237090738916392832	Xi Boo B	ξ Boo B	yes
gaia:1239044708517928064	22 Boo	f Boo	yes
gaia:1247168136646697728	HIP 68732 B	NSV 06537 B	no
gaia:1247168140942467200	HIP 68732 C	NSV 06537 C	no
gaia:1249218214732128640	1 Boo A	1 Boo	yes
gaia:1250169120491310720	6 Boo	e Boo	yes
gaia:1254694882149817728	NSV 06667	NSV 06667 B	yes
gaia:1254695603704323712	NSV 06667	NSV 06667 A	yes
gaia:12561615405506176	6 Tau	t Tau	yes
gaia:1257529526205454336	12 Boo	d Boo	yes
gaia:1264630412816366720	45 Boo	c Boo	yes
gaia:1265362034725248640	46 Boo	b Boo	yes
gaia:1271209615518148736	HIP 74893 B	NSV 07018 B	no
gaia:1278391075717325312	Del Boo A	δ Boo	yes
gaia:1278392381386793856	Del Boo B	δ Boo B	yes
gaia:1297158777130486144	NSV 07785	s Her	yes
gaia:1297426611292041344	HIP 80625 B	NSV 20646 B	no
gaia:1322867214413070848	HIP 79350 B	NSV 20545 B	no
gaia:1322906861255829376	Sig CrB C	σ CrB C	yes
gaia:132363027978672000	HIP 11437 B	AG Tri B	no
gaia:1328866562170960384	Sig CrB B	σ CrB B	yes
gaia:1328866562170960512	Sig CrB A	σ CrB A	yes
gaia:1333760419707327744	72 Her	w Her	yes
gaia:1334035606852913536	68 Her	u Her	yes
gaia:1337345922829546752	Rho Her B	ρ Her B	yes
gaia:1337664063942689792	59 Her	d Her	yes
gaia:1338482130657660288	HIP 83838	c Her	yes
gaia:1340068730232295552	69 Her	e Her	yes
gaia:1342915361541896064	HIP 86946 B	V826 Her B	no
gaia:1344503094987064192	90 Her	f Her	yes
gaia:1363284299777747584	88 Her	z Her	yes
gaia:1365497616683816064	77 Her	x Her	yes
gaia:1366858193604257792	82 Her	y Her	yes
gaia:1381119031215320576	30 Her	g Her	yes
gaia:1387349065967311744	Alkalurops B	μ² Boo	yes
gaia:13898793343318144	HIP 14607	314 G. Cet	yes
gaia:1408029509583934464	HIP 83020 B	V1090 Her B	no
gaia:1414473609796801536	HIP 84108 B	NSV 08327 B	no
gaia:1420101696285626624	Mu Dra B	Alrakis B	yes
gaia:1420101696286312448	Mu Dra C	Alrakis C	yes
gaia:1425757966351711616	17 Dra C	16 Dra	yes
gaia:1436001566431649408	HIP 86346 D	NSV 23386 D	no
gaia:1437641281866461312	HIP 84465 B	NSV 21384 B	no
gaia:1439121018358632832	26 Dra AB	26 Dra	no
gaia:145484634106814592	Kap-1 Tau B	κ² Tau	no
gaia:145485115139790336	Kap-1 Tau D	κ¹ Tau D	no
gaia:145485115142297984	Kap-1 Tau C	κ¹ Tau C	no
gaia:145674574739951872	Kap-1 Tau A	κ¹ Tau	no
gaia:146483815295124480	Tau Tau B	τ Tau B	yes
gaia:146483849657244928	Tau Tau A	τ Tau	no
gaia:1480869955902288512	NSV 20079	A Boo	yes
gaia:149308357591150336	62 Tau A	62 Tau	yes
gaia:149767987808179968	HIP 19591 B	V1136 Tau B	no
gaia:1511727333122255744	Iot Boo A	ι Boo	yes
gaia:1511727371779512704	Iot Boo B	ι Boo B	yes
gaia:151588916504442624	HIP 21619 B	NSV 01676 B	no
gaia:1515952176488266496	HIP 63253 B	BF CVn B	no
gaia:1516004712528210048	HIP 63253 C	BF CVn C	no
gaia:151650935831913216	HIP 21482 B	V833 Tau B	no
gaia:1517698613271954304	Cor Caroli B	α¹ CVn	yes
gaia:1529967204530303744	HIP 63916 B	NSV 19596 B	no
gaia:1552284438717188608	HIP 66492 C	NSV 19905 C	no
gaia:1552284576156142720	HIP 66492 B	NSV 19905 B	no
gaia:156430822114424576	HIP 23873 A		no
gaia:1571033242274284800	HIP 61237 B	II UMa B	no
gaia:1572914025633785472	MZ UMa	MZ UMa B	yes
gaia:1572914025633785728	MZ UMa	MZ UMa A	yes
gaia:1588975588412216576	47 Boo	k Boo	yes
gaia:1593685621347973504	HIP 72916 D	HIP 72907 D	no
gaia:1603662211901473408	24 Boo	g Boo	yes
gaia:1618523829537252480	HIP 72028	NSV 20177 B	yes
gaia:1620024388031154816	HIP 73869 B	IU Dra B	no
gaia:162405533940990080	44 Tau	p Tau	yes
gaia:1635100685313855488	18 Dra	g Dra	yes
gaia:1635375460142367104	19 Dra	h Dra	yes
gaia:16370186245017600	4 Tau	s Tau	yes
gaia:1637308298502075904	27 Dra	f Dra	yes
gaia:1640708022815757824	HIP 76196 B	TW Dra B	no
gaia:1649549642491581312	15 Dra	A Dra	yes
gaia:1666204391793959808	HIP 66263 B	NSV 19887 B	no
gaia:1671148277108755200	10 Dra	i Dra	yes
gaia:168726179613835136	Zet Per D	ζ Per D	yes
gaia:168726179613835520	Zet Per E	ζ Per E	yes
gaia:168726523211215360	Zet Per B	ζ Per B	yes
gaia:168726591930691968	Zet Per C	ζ Per C	yes
gaia:1701943978599634816	HIP 74045 B	NSV 20265 B	no
gaia:170654035812544640	HIP 19201 B	AG Per B	no
gaia:170654035816903680	AG Per	AG Per A	yes
gaia:1708946939955140352	18 UMi	π² UMi	no
gaia:1720995598827435648	HIP 75809	π¹ UMi A	yes
gaia:1720995598827436928	HIP 75829	π¹ UMi B	yes
gaia:1721165301575269760	HIP 77002 B	NSV 07275 B	no
gaia:1727367612307674368	HIP 74034 A		no
gaia:1727367715386985728	HIP 74034 C		no
gaia:1730265134683763712	HIP 104048	38 G. Aqr	yes
gaia:1733281541754737024	3 Equ	ζ Equ	yes
gaia:1739002232035063552	HIP 106103	3 G. Peg	yes
gaia:1739509072535934464	NSV 13727	2 G. Peg	yes
gaia:174489098011144960	HIP 22275 B	AW Per B	no
gaia:1754191229260708736	Kap Del C	κ Del C	yes
gaia:1754191435419155456	Kap Del A	κ Del	yes
gaia:1754983736623672320	HIP 102390 B	NSV 25315 B	no
gaia:1755224009981286272	HIP 102206 B	NSV 13244 B	no
gaia:176204228775021696	HIP 20573	V590 Per B	yes
gaia:1762987489783462784	HIP 102490 B	OR Del B	no
gaia:1763000413344449792	Gam-2 Del A	γ² Del	no
gaia:1763000482062205056	Gam-2 Del B	γ¹ Del	no
gaia:1801210503990080896	Mu-1 Cyg B	μ² Cyg B	no
gaia:1801210568415251072	μ¹ Cyg	μ² Cyg	no
gaia:1801211053747997568	HIP 107326	μ² Cyg Da	yes
gaia:1804059815365900288	HIP 100506 D	HD 193967 D	no
gaia:1809456596391861248	HIP 99316 B	NSV 25021 B	no
gaia:1824681293384501632	Zet Sge C	ζ Sge C	yes
gaia:18262823713408000	HIP 12447	285 G. Cet	yes
gaia:1827242816176111360	HIP 98505 B	V452 Vul B	no
gaia:1829590410954063744	17 Sge	θ Sge	yes
gaia:1829590548393010560	The Sge A	θ Sge A	yes
gaia:1829590548393015168	The Sge B	θ Sge B	yes
gaia:1829793683166010880	HIP 99717 B	NSV 12927 B	no
gaia:1852007631960413440	HIP 105162 B	V2150 Cyg B	no
gaia:1852355451295989504	HIP 104371 B	V389 Cyg B	no
gaia:1857726771766434048	HIP 101798 C	HIP 101803 C	no
gaia:1859954695858413184	HIP 102766 B	V2431 Cyg B	no
gaia:1868464980270854912	HIP 104579 B	NSV 25507 B	no
gaia:1869341845103356928	HIP 102571 B	T Cyg B	no
gaia:1870779903236215040	Lam Cyg B	λ Cyg B	yes
gaia:1872985622323641216	HIP 103822 B	NSV 25434 B	no
gaia:1873073175249217408	HIP 103655 B	V1396 Cyg B	no
gaia:1908368597999299840	8 Lac A	8 Lac Aa	no
gaia:191786305703417344	HIP 27067 B		no
gaia:1926515040983239680	HIP 116685 B	V392 And B	no
gaia:1929776570427771776	HIP 112901 D	HIP 112905 D	no
gaia:1931540904335545856	HIP 114106 B	V380 And B	no
gaia:1939115478598580352	Udkadua	λ And	yes
gaia:19400302852196096	HIP 12022	264 G. Cet	yes
gaia:1946143213326121344	HIP 107781 B	V401 Peg B	no
gaia:1962614687784466560	HIP 109354 B	V402 Lac B	no
gaia:1962614893942891776	HIP 109342	V402 Lac Da	yes
gaia:1962740066464303744	HIP 108845 B	V1942 Cyg B	no
gaia:1962740066469924096	V1942 Cyg	V1942 Cyg A	yes
gaia:1964791549008457856	Tau Cyg F	τ Cyg F	yes
gaia:1971467916750747264	68 Cyg	A Cyg	yes
gaia:1972198271665518208	71 Cyg	g Cyg	yes
gaia:19757227518759424	HIP 12272	276 G. Cet	yes
gaia:198776553956316928	Ome Aur B	ω Aur B	yes
gaia:1990723839987250176	Honores	7 And	yes
gaia:1993966432915818112	Sig Cas B	σ Cas B	yes
gaia:1993966437221117568	σ Cas	σ Cas A	yes
gaia:2005804153064109056	HIP 109926 T	V447 Lac T	no
gaia:2008712915376915200	HIP 113797 C	V638 Cas C	no
gaia:2011151357277942400	HD 221237	AR Cas C	yes
gaia:2011151357284012416	HD 221237 D	AR Cas D	no
gaia:2011151391642324608	HIP 115990 F	AR Cas F	no
gaia:2011151391642325120	HIP 115990 G	AR Cas G	no
gaia:2013906557327926784	HIP 114791 C	V458 Cep C	no
gaia:2013906561629759232	HIP 114791 B	V458 Cep B	no
gaia:2013906561629760768	HIP 114791 E	V458 Cep E	no
gaia:2017189772066313216	HIP 117430 B	V650 Cas B	no
gaia:2020756347270442496	HD 338936 B	V491 Vul B	no
gaia:2034581091125010048	HIP 97292 B	NSV 24882 B	no
gaia:203855713561818240	58 Per	e Per	yes
gaia:2042453731769556224	HIP 93798 B	NSV 11742 B	no
gaia:2056885783959438848	HIP 101313 B	NSV 25172 B	no
gaia:2059076148570916736	HIP 99002 B		no
gaia:2059076247346551936	HIP 99005 G		no
gaia:2059076251666502016	HIP 99005 H		no
gaia:2059103120983068160	27 Cyg	b¹ Cyg	yes
gaia:2059236196250418688	HD 191611 D	NSV 12850 D	no
gaia:2059262344012317312	28 Cyg	b² Cyg	yes
gaia:2059372363870220928	Eta Cyg B	η Cyg B	yes
gaia:2059742207798573184	HIP 98446	NSV 24965 B	yes
gaia:2060523518197844608	29 Cyg	b³ Cyg	yes
gaia:2061242908036996352	34 Cyg	P Cyg	yes
gaia:2062359152847218432	HIP 100069 C	NSV 25092 C	no
gaia:2062360626009209856	HIP 100069 B	NSV 25092 B	no
gaia:2067830941175791616	HIP 101341 B	V729 Cyg B	no
gaia:2069136233272220800	HIP 100515 B	NSV 13053 B	no
gaia:2073839527410089600	HIP 97706 C	V2514 Cyg C	no
gaia:2079025206503111680	HIP 98156 B	V2095 Cyg B	no
gaia:2082600852679281408	31 Cyg	ο¹ Cyg	yes
gaia:2084154943646648320	32 Cyg	ο² Cyg	yes
gaia:2087828961746272768	26 Cyg	e Cyg	yes
gaia:2089092880417251712	Psi Cyg B	ψ Cyg B	yes
gaia:2090687726329643392	HD 174664	Sheliak B	yes
gaia:2091218000175888896	HIP 91235 B	NSV 11113 B	no
gaia:2092240374191428224	HIP 92829	NSV 11538 C	yes
gaia:2093932041545255680	Del-2 Lyr B	δ² Lyr B	no
gaia:2093932041549971072	Del-2 Lyr C	δ² Lyr C	no
gaia:2096869455581362560	Zet-1 Lyr D	ζ² Lyr	no
gaia:2096875399817444736	Zet-1 Lyr A	ζ¹ Lyr	no
gaia:2098202128093842432	Eps-1 Lyr CD	ε² Lyr B	no
gaia:2098202128100428288	Eps-1 Lyr D	ε² Lyr A	no
gaia:2098237656065233792	Eps-1 Lyr B	ε¹ Lyr B	no
gaia:2098237660364079232	Eps-1 Lyr AB	ε¹ Lyr A	no
gaia:2100370438042973696	HIP 93954 B	V875 Lyr B	no
gaia:211810233512673792	Gl 195A	Capella H	yes
gaia:21258168265001088	HIP 13544 C	HIP 13543 C	no
gaia:2132788541955849216	HIP 94336 B	NSV 11823 B	no
gaia:2135110259540829824	The Cyg E	θ Cyg E	yes
gaia:2135550755683405952	16 Cyg A	c Cyg Aa	no
gaia:2135550755683407232	16 Cyg B	c Cyg B	yes
gaia:2135550755684554112	16 Cyg Ab	c Cyg Ab	yes
gaia:2137210017510711552	20 Cyg	d Cyg	yes
gaia:2145517618131590784	HIP 91436 A	HD 172713	no
gaia:2147865732587997056	46 Dra	c Dra	yes
gaia:2148205378601490688	45 Dra	d Dra	yes
gaia:2150402920092811648	HD 238802 S	HIP 88385 S	no
gaia:2157548616097840000	39 Dra A	b Dra A	yes
gaia:2157548616097840128	39 Dra B	b Dra B	yes
gaia:2157548753536798208	39 Dra C	b Dra C	yes
gaia:2163949388695291136	59 Cyg	f¹ Cyg	yes
gaia:2165218431286782336	63 Cyg	f² Cyg	yes
gaia:2168194049027032064	HIP 102804 B	NSV 25356 B	no
gaia:2168194053323664640	HIP 102804 C	NSV 25356 C	no
gaia:217180007783721472	42 Per	n Per	yes
gaia:2174336062725809152	HIP 107036 C	RU Cyg C	no
gaia:2176462930517457408	HIP 104107 C	NSV 25464 C	no
gaia:2178397693037492608	HIP 106884	NSV 25719 D	yes
gaia:218170461600456576	40 Per	o Per	yes
gaia:2185778194886451200	HD 190464 D	HD 190398 D	no
gaia:2190258605992864896	HIP 102431	υ¹ Cep	yes
gaia:2191133748536265088	HIP 105091 B	V421 Cep B	no
gaia:2192286895707671040	HD 239600	NSV 13598 C	yes
gaia:2192287033146623872	HIP 104642 B	NSV 13598 B	no
gaia:2200153214212849024	Del Cep C	δ Cep C	yes
gaia:2200153454733285248	Del Cep A	δ Cep A	yes
gaia:2202886703204977024	15 Cep A	15 Cep	no
gaia:2204369871365287168	HIP 108073 C	EM Cep C	no
gaia:2205868578724423168	HIP 109505 B	V447 Cep B	no
gaia:2207191840967531904	HD 216658 B	NSV 25973 B	no
gaia:2207291862166583296	HIP 113306 B	NSV 25981 B	no
gaia:2213911506281422208	Omi Cep B	ο Cep B	yes
gaia:2213911506286166400	ο Cep	ο Cep A	yes
gaia:2224986268437189888	HIP 112317 C	ZZ Cep C	no
gaia:2247463722077719296	65 Dra A	65 Dra	yes
gaia:2247469838114355200	64 Dra	e Dra	yes
gaia:225709641030792448	HIP 19255 B	V491 Per B	no
gaia:2269103103050503936	HIP 88379 C	NSV 24271 C	no
gaia:2269103107346676608	HIP 88379 B	NSV 24271 B	no
gaia:227814278088126848	52 Per	f Per	yes
gaia:2282790893241302144	HIP 115147 C	V368 Cep C	no
gaia:2282846074981011328	HIP 115147 B	V368 Cep B	no
gaia:2290599311288350720	Kap Cep B	κ Cep B	yes
gaia:2294405721759384064	41 Dra B	40 Dra	yes
gaia:2294405824838599808	41 Dra A	41 Dra	no
gaia:2298101352139398144	74 Dra A	74 Dra	yes
gaia:229896993629879808	HD 275984	ε Per Da	yes
gaia:229898024422024192	Eps Per B	ε Per B	yes
gaia:231113740685855616	HIP 17666 B	V580 Per B	no
gaia:231114015563994496	HIP 17666 Ca	V580 Per Ca	no
gaia:2321555378268169344	Kap-1 Scl B	κ¹ Scl B	no
gaia:2328250334633289856	Del Scl C	δ Scl C	yes
gaia:2336658441785724672	HIP 253	5 G. Cet	yes
gaia:2337191189529102336	HIP 560	9 G. Cet	yes
gaia:2338151475497203584	HIP 118029	1 G. Cet	yes
gaia:2338377459496220032	HIP 117797	274 G. Aqr	yes
gaia:2340329539312677888	HIP 636	11 G. Cet	yes
gaia:2341623836296013184	HIP 118081	2 G. Cet	yes
gaia:23420151723059200	HIP 11603	254 G. Cet	yes
gaia:2345717661684915072	HIP 4104	88 G. Cet	yes
gaia:2347427402266219008	HIP 3185	64 G. Cet	yes
gaia:2348351713587309568	HIP 2381	49 G. Cet	yes
gaia:2348816429049395584	HIP 3858	82 G. Cet	yes
gaia:2349116011607993344	HIP 3607	77 G. Cet	yes
gaia:2349591516026681088	HIP 3741	79 G. Cet	yes
gaia:2349940954566607488	HIP 3505	73 G. Cet	yes
gaia:2350958071541408000	HIP 5170	106 G. Cet	yes
gaia:2350960614161169408	HIP 5259	108 G. Cet	yes
gaia:2354096868001276928	HIP 6427	133 G. Cet	yes
gaia:2359289449102200192	HIP 4801	101 G. Cet	yes
gaia:2363787791689843968	NSV 15091	39 G. Cet	yes
gaia:2365392082233625472	HIP 1402	29 G. Cet	yes
gaia:2365797802024512640	HIP 238	4 G. Cet	yes
gaia:2366512209704495744	NSV 15047	18 G. Cet	yes
gaia:236810310427572480	HIP 16220 B	HIP 16218	no
gaia:2368452710289481984	NSV 15084	38 G. Cet	yes
gaia:2368926221843121152	HIP 3493 C	NSV 00282 C	no
gaia:2369144784138444928	HIP 3717	78 G. Cet	yes
gaia:2370481549759736192	HIP 3175	63 G. Cet	yes
gaia:2370635550107275392	HIP 3576	76 G. Cet	yes
gaia:2372822169497640960	HIP 3849	81 G. Cet	yes
gaia:2374246930408172544	HIP 2846	57 G. Cet	yes
gaia:2374591799102346624	HIP 2337	47 G. Cet	yes
gaia:2376965163670518016	HIP 3436	71 G. Cet	yes
gaia:2384241010068307712	86 Aqr	c¹ Aqr	yes
gaia:2384510493496388992	HIP 113673	200 G. Aqr	yes
gaia:2385475383669250688	HIP 115522	233 G. Aqr	yes
gaia:2385897355615864192	89 Aqr	c³ Aqr	yes
gaia:2388950665046418432	101 Aqr	b³ Aqr	yes
gaia:2390144081839340288	108 Aqr	i³ Aqr	yes
gaia:2391220091406075648	106 Aqr	i¹ Aqr	yes
gaia:2391424909806308992	HIP 115709	236 G. Aqr	yes
gaia:2391835199442300544	99 Aqr	b² Aqr	yes
gaia:2392584791494639744	98 Aqr	b¹ Aqr	yes
gaia:2393196978952955648	HIP 115528	234 G. Aqr	yes
gaia:2393870910861426304	103 Aqr	A¹ Aqr	yes
gaia:2394297418293724416	104 Aqr	A² Aqr	yes
gaia:2394298380366383744	104 Aqr	A² Aqr	yes
gaia:2395769080247888640	HIP 116368	246 G. Aqr	yes
gaia:2395832199087266816	HIP 116624	251 G. Aqr	yes
gaia:2398487519668274048	HIP 113801	205 G. Aqr	yes
gaia:2399386164265552000	HIP 113204	196 G. Aqr	yes
gaia:2399702857974158336	HIP 113080	189 G. Aqr	yes
gaia:2402154975062755584	66 Aqr	g Aqr	yes
gaia:2405127813985747456	HIP 115144	225 G. Aqr	yes
gaia:2410222091875449216	HIP 114371	213 G. Aqr	yes
gaia:2411499518228580480	HIP 113531	198 G. Aqr	yes
gaia:241279069280395904	32 Per	l Per	yes
gaia:2414558084699665920	HIP 602	10 G. Cet	yes
gaia:2414986756795427328	HIP 343	7 G. Cet	yes
gaia:2418378578368615680	HIP 873	14 G. Cet	yes
gaia:2418649985941425280	HIP 117494	266 G. Aqr	yes
gaia:2419364634139939840	HIP 117567	269 G. Aqr	yes
gaia:2419392534247900544	HIP 117722	271 G. Aqr	yes
gaia:2419578351712451328	HIP 116957	258 G. Aqr	yes
gaia:242557835667623424	HIP 15455 B	NSV 15666 B	no
gaia:2426456857800772096	HIP 2444 C	HIP 2431 C	no
gaia:2428341184508675456	HIP 1191	27 G. Cet	yes
gaia:2429415922764859392	HIP 671	12 G. Cet	yes
gaia:2432711021673697920	HIP 117314	264 G. Aqr	yes
gaia:24328893787973504	HIP 11390 C	VW Ari C	no
gaia:2432909346083636096	HIP 116853	255 G. Aqr	yes
gaia:24329104242020224	HIP 11390 B	VW Ari B	no
gaia:2434686809709175808	HIP 117541	268 G. Aqr	yes
gaia:2435271676880027008	HIP 117756	h Aqr	yes
gaia:2436496021732959232	HIP 115839	237 G. Aqr	yes
gaia:2437423837748208512	HIP 115906	238 G. Aqr	yes
gaia:2439978415576333568	HIP 116428	248 G. Aqr	yes
gaia:2440375511072529280	HIP 116060	240 G. Aqr	yes
gaia:2443724589131828224	NSV 15038	67 G. Psc	yes
gaia:2452023015703982336	HIP 6589	139 G. Cet	yes
gaia:2456361654225919488	HIP 6456 C	NSV 15294 C	no
gaia:2456361654226797440	HIP 6456 B	NSV 15294 B	no
gaia:2458737831999741056	HIP 6822 B	149 G. Cet B	no
gaia:2458737836293170048	HIP 6822	149 G. Cet	yes
gaia:2460011895391355776	HIP 9237	193 G. Cet	yes
gaia:2461045814278696448	HIP 8486 B	EZ Cet B	no
gaia:2461220327389863552	NSV 00715	205 G. Cet	yes
gaia:246137776809763712	48 Per	c Per	yes
gaia:2461844678195795968	HIP 10215	219 G. Cet	yes
gaia:2464859126762143616	HIP 7580	170 G. Cet	yes
gaia:2467432602446418176	HIP 8664	186 G. Cet	yes
gaia:246797689941910784	HIP 18663	IQ Per B	yes
gaia:2470289889570932224	HIP 6272	128 G. Cet	yes
gaia:2474724769720911104	HIP 4346	93 G. Cet	yes
gaia:2477891500647336704	HIP 7276	165 G. Cet	yes
gaia:2478001486169801216	HIP 7576 B	EX Cet B	no
gaia:2478536467296884864	HIP 6564	137 G. Cet	yes
gaia:2479813756210251136	HIP 8230	179 G. Cet	yes
gaia:2480158384386273024	HIP 8094	176 G. Cet	yes
gaia:2481138392843715968	HIP 7999	175 G. Cet	yes
gaia:2481313283912066944	HIP 7597	171 G. Cet	yes
gaia:2483442385100118656	HIP 6283	127 G. Cet	yes
gaia:2483926990554404864	HIP 7362	166 G. Cet	yes
gaia:2484969675470524928	HIP 6605	138 G. Cet	yes
gaia:2486064685972601472	HIP 10396	227 G. Cet	yes
gaia:2492286341237939328	NSV 15432	203 G. Cet	yes
gaia:2495628341190239872	HIP 12584	289 G. Cet	yes
gaia:2495692937498345344	HIP 12720	293 G. Cet	yes
gaia:2500505225015253504	NSV 00846	256 G. Cet	yes
gaia:2503013584700232320	HIP 11738	259 G. Cet	yes
gaia:2503654874857069440	HIP 12318	279 G. Cet	yes
gaia:250437313946591360	43 Per	A Per	yes
gaia:250437691903701760	43 Per B	A Per B	yes
gaia:2507203484211316224	HIP 9827	207 G. Cet	yes
gaia:2512824943566639232	HIP 8404	131 G. Psc	yes
gaia:2513664248895784192	HIP 10723	232 G. Cet	yes
gaia:2514407999792605184	HIP 10273	221 G. Cet	yes
gaia:252320021449765888	57 Per	m Per	yes
gaia:2527541872345889792	NSV 15147	65 G. Cet	yes
gaia:2528774287440187136	NSV 15165	74 G. Cet	yes
gaia:2533996486636141056	NSV 15305	144 G. Cet	yes
gaia:2540974571542436096	HIP 1939	84 G. Psc	yes
gaia:2547964815499312768	HIP 1421	76 G. Psc	yes
gaia:2550145254432544512	HIP 3992	98 G. Psc	yes
gaia:2550687966499222144	HIP 2954	92 G. Psc	yes
gaia:2559260652502356608	HIP 6432	131 G. Cet	yes
gaia:2562879832464178432	89 Psc	f Psc	yes
gaia:2566344840279787648	HIP 6307 B	AQ Psc B	no
gaia:2566590993445448064	HIP 6873	118 G. Psc B	yes
gaia:2566591062164908928	NSV 00519	118 G. Psc	yes
gaia:2566658785209305344	HIP 7243	121 G. Psc	yes
gaia:2569358704730960384	HIP 9706	138 G. Psc	yes
gaia:257075615399416448	53 Per	d Per	yes
gaia:2572002686598426496	HIP 7819	124 G. Psc	yes
gaia:2576176638895865984	80 Psc	e Psc	yes
gaia:2579957240908286720	HIP 5575	112 G. Psc	yes
gaia:2586131788972205696	100 Psc A	100 Psc	yes
gaia:2587120421724199552	HIP 6694 B		no
gaia:2587121486875630464	HIP 6694 Aa		no
gaia:2587121486876087936	HIP 6694 Ab		no
gaia:2595463996992115840	53 Aqr B	f Aqr B	yes
gaia:2595464065711175680	53 Aqr D	f Aqr D	yes
gaia:2595464065711593216	53 Aqr C	f Aqr C	yes
gaia:2598528198459891840	HIP 111870 B	NV Aqr B	no
gaia:2598534104039407744	HIP 111870 D	NV Aqr D	no
gaia:2601277488630223104	HIP 111066	152 G. Aqr	yes
gaia:2613067624829515008	38 Aqr	e Aqr	yes
gaia:2622551324935995136	HIP 110532	138 G. Aqr	yes
gaia:2627054267433343360	HIP 109647	121 G. Aqr	yes
gaia:2628335477652395648	HIP 111171	155 G. Aqr	yes
gaia:263556446169787520	HIP 25996 B	V429 Aur B	no
gaia:2635933029985529472	HIP 113686	202 G. Aqr	yes
gaia:2636059134520888448	HIP 113345	197 G. Aqr	yes
gaia:2637094423501996928	HIP 114822	217 G. Aqr	yes
gaia:2643606079255851648	HIP 117445	45 G. Psc	yes
gaia:2644999744602655232	HIP 115476	24 G. Psc	yes
gaia:2649234479277266048	HIP 113433	7 G. Psc	yes
gaia:2649536673176088704	NSV 14303	NSV 14303 A	yes
gaia:2649536913693752960	NSV 14303	NSV 14303 BC	yes
gaia:2652296550441238400	HIP 114005	16 G. Psc	yes
gaia:2655904357329351552	HIP 113622	11 G. Psc	yes
gaia:2661005953843811456	7 Psc	b Psc	yes
gaia:2661963422312705664	HIP 113705	13 G. Psc	yes
gaia:2662771735157880704	HIP 113360	5 G. Psc	yes
gaia:2663797545147268224	HIP 113904	15 G. Psc	yes
gaia:2666164484444176256	46 Cap	c Cap	yes
gaia:2668067326754670208	HIP 107596	89 G. Aqr	yes
gaia:2668850591350593408	HIP 108453	96 G. Aqr	yes
gaia:2669361142702790272	HIP 108506	98 G. Aqr	yes
gaia:2670160040979782400	HIP 108102	94 G. Aqr	yes
gaia:2672392221382804224	HIP 106592	80 G. Aqr	yes
gaia:2675287613455902464	HIP 109442	115 G. Aqr	yes
gaia:2677680631794071936	HIP 109984	128 G. Aqr	yes
gaia:2678143182591522048	Zet-1 Aqr B	ζ¹ Aqr B	no
gaia:2685805266809529472	HIP 105046	55 G. Aqr	yes
gaia:2687733913283870336	HIP 106335 B	HZ Aqr B	no
gaia:2688034762857131136	HIP 105819	72 G. Aqr	yes
gaia:2694414129322277504	25 Aqr	d Aqr	yes
gaia:2701667440026992128	HIP 107271	10 G. Peg	yes
gaia:2712155131688789632	HIP 113465	8 G. Psc	yes
gaia:271495572960091648	NSV 01550	b² Per	yes
gaia:2715770085402308352	HIP 111932 Ab	QQ Peg Ab	no
gaia:2717948767692845568	Sig Peg D	σ Peg D	yes
gaia:2719475542667351552	Xi Peg B	ξ Peg B	yes
gaia:2722592692491549824	HIP 110341	31 G. Peg	yes
gaia:2722819638563538816	HIP 109939	29 G. Peg	yes
gaia:2730563121000388352	HIP 110900 B	NSV 25906 B	no
gaia:2739059700183271424	HIP 223 B	NSV 00003 B	no
gaia:2746883550050748288	32 Psc	c Psc	yes
gaia:2749182560143316224	41 Psc	d Psc	yes
gaia:2757109729742040192	NSV 14672	40 G. Psc	yes
gaia:2759948634405916288	HIP 116768	47 G. Peg	yes
gaia:2766120742929154048	HIP 316 B	NN Peg B	no
gaia:2766121327044705920	HIP 316 C	NN Peg C	no
gaia:2790497465471261568	Psi-1 Psc B	ψ¹ Psc B	no
gaia:2790497534190737152	Psi-1 Psc A	ψ¹ Psc A	no
gaia:2797745549200773120	HIP 1295 B	EZ Psc B	no
gaia:2805741846297577344	67 Psc	k Psc	yes
gaia:2809005372903101824	65 Psc	i Psc	yes
gaia:2824770686019004032	HIP 116132 B	EQ PegA B	no
gaia:2858460959243777408	HIP 2844 B	NSV 15130 B	no
gaia:2868006919197763200	HIP 116810 B	V604 Peg B	no
gaia:2871929048973659520	HIP 116863 B	NSV 14666 B	no
gaia:2881632544031343872	HIP 117844 B	V413 And B	no
gaia:288184441479565568	HIP 27634 B	NSV 16681 B	no
gaia:2913314288686472576	HIP 29568 C	V352 CMa C	no
gaia:2913411183147100416	HIP 29568 B	V352 CMa B	no
gaia:2919963104216198528	HIP 31821 B	V356 CMa B	no
gaia:2919963104219966080	HIP 31821 Ca	V356 CMa Ca	no
gaia:2922205936145414016	HIP 32729 B	NSV 17206 B	no
gaia:2926174039251127296	HIP 32721 D	NSV 17204 D	no
gaia:2926495955636543360	HIP 31593 B	V415 CMa B	no
gaia:294090502544836992	Phi Psc B	φ Psc B	yes
gaia:2949326180717799040	Mu CMa B	μ CMa B	yes
gaia:2949559723859043456	HIP 33560 C	NSV 03315 C	no
gaia:2964001014514075520	Gam Lep B	γ Lep B	yes
gaia:2974025094522701312	HIP 22086	267 G. Eri	yes
gaia:2974726136265625088	HIP 23452 B	NSV 16232 B	no
gaia:2978128540637165568	HIP 21363	247 G. Eri	yes
gaia:2978712621830357504	HIP 22028	264 G. Eri	yes
gaia:2980088901150843520	HIP 22860	278 G. Eri	yes
gaia:2980171639399498240	HIP 23166 B	NSV 01793 B	no
gaia:298268990328628224	X Tri	χ Tri	yes
gaia:2987454529544612352	HIP 23060	281 G. Eri	yes
gaia:2989514224061032832	Iot Lep B	ι Lep B	yes
gaia:300312157810876544	6 Tri	ι Tri	yes
gaia:3006953161378468864	Bet Mon C	β Mon C	yes
gaia:3006953165674563200	Bet Mon B	β Mon B	yes
gaia:3015112126066981376	29 Ori	e Ori	yes
gaia:3016083407149428096	49 Ori	d Ori	yes
gaia:3017360799155290368	V361 Ori	θ² Ori Ca	yes
gaia:3017360833515044480	The-2 Ori B	θ² Ori B	no
gaia:3017361104086334080	The-1 Ori Ta		no
gaia:3017364063330465152	θ¹ Ori	θ¹ Ori D	no
gaia:3017364063330718080	The-1 Ori C	θ¹ Ori C	no
gaia:3017364063331140224	The-1 Ori F	θ¹ Ori F	no
gaia:3017364127743288704	The-1 Ori E	θ¹ Ori E	no
gaia:3017364132049943680	The-1 Ori B	θ¹ Ori B	no
gaia:3030028684933623808	HD 60998 E		no
gaia:3030028783707181696	HD 60998 B	HD 60997	no
gaia:3030028788014350848	HD 60998 A		no
gaia:3030028891092016128	HD 60998 G		no
gaia:3030028925451798400	HD 60998 H		no
gaia:3030029062890723840	HD 60998 F		no
gaia:3030029578286756736	HD 60998 J	HD 60996	no
gaia:3030030574713332992	HIP 36981 B	V378 Pup B	no
gaia:3030030574719295872	HIP 36981 C	V378 Pup C	no
gaia:3030030746517945600	HIP 36981 D	V378 Pup D	no
gaia:3030302910005195776	HIP 36836 F	NSV 03649 F	no
gaia:3038655453153548416	HIP 39673 C	HIP 39675 C	no
gaia:3045192840060988672	HIP 35261 C	NSV 17411 C	no
gaia:3046209991397371392	HIP 34301 C	FN CMa C	no
gaia:3046470472571824640	HIP 34234 B	V569 Mon B	no
gaia:3057712188691831936	HIP 37349 B	V869 Mon B	no
gaia:3060788519149063680	HIP 36985	V869 Mon Ia	yes
gaia:3063169992609073152	NSV 17870	14 G. Hya	yes
gaia:3063621307772865920	HIP 40107	1 G. Hya	yes
gaia:3065006795502406528	HIP 41036	13 G. Hya	yes
gaia:3065908876073789056	HIP 40859	9 G. Hya	yes
gaia:3066029135157977088	HIP 41214	16 G. Hya	yes
gaia:3066513435671608064	NSV 17882	C Hya	yes
gaia:3071230237475794944	HIP 40263	3 G. Hya	yes
gaia:3072290819517741056	HIP 43026	56 G. Hya	yes
gaia:3072846416487798528	HIP 42028	33 G. Hya	yes
gaia:3072894691920164480	HIP 41564 C	25 G. Hya C	no
gaia:3072894691921171456	LO Hya	25 G. Hya	yes
gaia:3073784093748238592	NSV 18032	61 G. Hya	yes
gaia:3074134116402418176	HIP 43246	66 G. Hya	yes
gaia:3077104721942993920	HIP 40858	8 G. Hya	yes
gaia:3078199388847121408	HIP 41299	17 G. Hya	yes
gaia:3079598379955881984	HIP 42142	34 G. Hya	yes
gaia:3086002416711546112	HIP 38138 C	DD CMi C	no
gaia:3086003138269028224	HIP 38138 B	DD CMi B	no
gaia:308747538004536704	91 Psc	l Psc	yes
gaia:3087964941891149952	NSV 17713	G CMi	yes
gaia:3092872474599826304	HIP 40818	6 G. Hya	yes
gaia:311018205609523584	68 Psc	h Psc	yes
gaia:3113281948735293952	HD 292557 A		no
gaia:3113281953037809664	HD 292557 B		no
gaia:3127142224816361600	HIP 31624 C	CV Mon C	no
gaia:3127142327895572352	HIP 31624 B	CV Mon B	no
gaia:3131481481815806976	Eps Mon B	ε Mon B	yes
gaia:3131481481815810432	Eps Mon A	ε Mon A	yes
gaia:3131989146947111808	HIP 31109	NSV 16891 B	yes
gaia:313200426953284096	82 Psc	g Psc	yes
gaia:3163695832476398208	HIP 36497	NSV 17490 D	yes
gaia:3163696103058961920	HIP 36485 B	NSV 17490 B	no
gaia:3168265196642972288	Lam Gem B	λ Gem B	yes
gaia:3170377976955131904	HIP 36122 B	NSV 17471 B	no
gaia:3174118893469667328	HIP 21685	257 G. Eri	yes
gaia:3177358226524915456	HIP 21110	232 G. Eri	yes
gaia:3177358604480994432	HIP 21110 B	232 G. Eri B	no
gaia:3177403508362234752	HIP 20997	229 G. Eri	yes
gaia:3179177299793164544	HIP 21239	236 G. Eri	yes
gaia:3179824465465177984	HIP 22439	272 G. Eri	yes
gaia:3181000736746470784	HIP 22140 B	NSV 16161 B	no
gaia:3182907530429025280	NSV 16251	291 G. Eri	yes
gaia:3185689878960742144	HIP 21297	242 G. Eri	yes
gaia:3188967248247014784	NSV 15891	169 G. Eri	yes
gaia:3189770372771331712	NSV 15860	160 G. Eri	yes
gaia:3191969567824442368	39 Eri B	A Eri B	yes
gaia:3191969567826137600	39 Eri	A Eri	yes
gaia:3192448714377211648	HIP 19590	186 G. Eri	yes
gaia:3195405679101484416	HIP 19121	172 G. Eri	yes
gaia:3195447907219959168	HIP 19511	184 G. Eri	yes
gaia:3198611683209190272	HIP 21298	240 G. Eri	yes
gaia:3198981050397690752	EM Eri	d Eri	yes
gaia:3201870463875328768	NSV 16108	248 G. Eri	yes
gaia:3202157848727653760	HIP 19996	202 G. Eri	yes
gaia:3202214714095278720	HIP 20360	213 G. Eri	yes
gaia:3205094369407459456	51 Eri C	c Eri C	yes
gaia:3205095125321700480	51 Eri A	c Eri	yes
gaia:3207153445449123840	HIP 24920	NSV 01938 C	yes
gaia:3207534490651529984	Tau Ori B	τ Ori B	yes
gaia:3207534525011268480	Tau Ori C	τ Ori C	yes
gaia:3207540400526530048	Tau Ori D	τ Ori D	yes
gaia:3209572852064587776	42 Ori B	c Ori B	yes
gaia:3209572852067563392	42 Ori	c Ori	yes
gaia:3212295689532331904	62 Eri	b Eri	yes
gaia:3212839191873883136	HIP 23475	287 G. Eri	yes
gaia:3214077512549609728	Eta Ori B	η Ori B	yes
gaia:3216485103712446464	HIP 26579	σ Ori H	yes
gaia:3216486439450208000	Sig Ori Ca	σ Ori Ca	yes
gaia:3216486443742786048	Sig Ori AB	σ Ori Aa	no
gaia:3216486478101981056	Sig Ori E	σ Ori E	yes
gaia:3216486478101982592	Sig Ori D	σ Ori D	yes
gaia:3216489536118543104	HD 294271 B		no
gaia:3216489776637339136	HD 294271	σ Ori F	yes
gaia:3217181128932991104	HIP 26020 B	NSV 02131 B	no
gaia:3220473410343579136	27 Ori	p Ori	yes
gaia:3221269181884277504	22 Ori	o Ori	yes
gaia:3222447961427178240	HIP 26481	NSV 02478 B	yes
gaia:3222908175762554496	51 Ori	b Ori	yes
gaia:3224000467549824768	33 Ori B	n¹ Ori B	yes
gaia:3224000471847042560	33 Ori	n¹ Ori A	yes
gaia:3224407772185297792	38 Ori	n² Ori	yes
gaia:3229429069990276864	HIP 21718	256 G. Eri	yes
gaia:3235897703053681024	Psi-2 Ori B	ψ² Ori B	no
gaia:3236198793146848256	23 Ori	m Ori	yes
gaia:3236198866162114048	23 Ori	m Ori	yes
gaia:3236587023829583488	HIP 26402 A		no
gaia:3236587023831515008	HIP 26402 C		no
gaia:3236587028125068672	HIP 26402 B	NSV 02450 B	no
gaia:3243848890110396416	HIP 16989	109 G. Eri	yes
gaia:3245123980001812864	HIP 18606	159 G. Eri	yes
gaia:3247046373003772032	32 Eri	w Eri	yes
gaia:3247049327941271424	32 Eri B	w Eri B	yes
gaia:3247959139453146752	HIP 16779	105 G. Eri	yes
gaia:3248382657587709056	17 Eri	v Eri	yes
gaia:3250458054506860544	HIP 17950	134 G. Eri	yes
gaia:3250458054506860672	HIP 17950 B	134 G. Eri B	no
gaia:3250477261599098752	HIP 17086	112 G. Eri	yes
gaia:3250796360489324672	HIP 16933 C		no
gaia:3250796566647753984	HIP 16933	134 G. Eri E	yes
gaia:3251413255231535104	HIP 17120	14 G. Tau	yes
gaia:3253028059854845312	HIP 18591 C	HIP 18583 C	no
gaia:3254728523307785856	HIP 20341	211 G. Eri	yes
gaia:3256786534197166208	HIP 18859	164 G. Eri	yes
gaia:3257625117972084224	HIP 17805	129 G. Eri	yes
gaia:3260208283103310976	HIP 19434	37 G. Tau	yes
gaia:326173044957518080	Deltoton	δ Tri	yes
gaia:3263936658312134272	HIP 16846 B	V711 Tau B	no
gaia:3267479765812695808	HIP 15800	2 G. Tau	yes
gaia:3268463588201487104	HIP 16226	5 G. Tau	yes
gaia:3273629059470570368	HIP 18264	V479 Tau BC	yes
gaia:3273790103563944064	HIP 18481	24 G. Tau	yes
gaia:3275625600786170624	HIP 15807	1 G. Tau	yes
gaia:3276200611007897472	HIP 16358	6 G. Tau	yes
gaia:3276268093534425984	HIP 16695	9 G. Tau	yes
gaia:3276605300008567296	29 Tau	u Tau	yes
gaia:3276860524145383040	HIP 17595	18 G. Tau	yes
gaia:3279137956323081344	HIP 20848	53 G. Tau	yes
gaia:3279907614462879616	HIP 20771	52 G. Tau	yes
gaia:3282524177258336512	HIP 21295	60 G. Tau	yes
gaia:3285053638117372160	HIP 20268	49 G. Tau	yes
gaia:3285426613077584384	HIP 21152	58 G. Tau	yes
gaia:3289569435450528512	HIP 22848 B	V1834 Ori B	no
gaia:3290083766376434176	14 Ori	i Ori A	yes
gaia:3290872562889409024	16 Ori	h Ori	yes
gaia:3292227607891547264	HIP 21670	63 G. Tau	yes
gaia:3293578667163785856	HIP 21269	59 G. Tau	yes
gaia:3293714285052444800	88 Tau	d Tau	yes
gaia:3293714491209540352	HD 286909	d Tau Ba	yes
gaia:3294853035500576512	6 Ori	g Ori	yes
gaia:3299587566928862976	66 Tau	r Tau	yes
gaia:3300471883515302528	HIP 19799	43 G. Tau	yes
gaia:3300492946034916992	HIP 19720	40 G. Tau	yes
gaia:3300629010598810368	HIP 20188	47 G. Tau	yes
gaia:3302151623749088384	HIP 18805 B	26 G. Tau B	no
gaia:3302152006003372416	HIP 18805	26 G. Tau	yes
gaia:3302220278803097472	NSV 15859	25 G. Tau	yes
gaia:330556527234526720	HIP 9500 C	V371 And C	no
gaia:3305748130578989568	HIP 20985	55 G. Tau	yes
gaia:3306483944378137088	90 Tau	c¹ Tau	yes
gaia:3307650109600736000	79 Tau	b Tau	yes
gaia:3310634944368705664	57 Tau A	h Tau	yes
gaia:3311000119668435200	57 Tau C	60 Tau	yes
gaia:3311221224584455936	HIP 20440 B	NSV 15961 B	no
gaia:3312564037520033792	NSV 16060	81 Tau K	yes
gaia:331280246406816896	HIP 10661 C	HIP 10659	no
gaia:3313977356636886144	Del-2 Tau C	δ² Tau C	no
gaia:3314063908819076352	Del-3 Tau C	δ³ Tau C	no
gaia:3314063977537054464	Del-3 Tau B	δ³ Tau B	no
gaia:3314508622617470848	HIP 20990 C	UX Tau C	no
gaia:3314508626912469888	HIP 20990 B	UX Tau B	no
gaia:3315169399041560832	59 Ori A	59 Ori	yes
gaia:3317901440625203968	HIP 29860 E	NSV 02896 E	no
gaia:3326717226070995328	HD 261878 G	15 Mon G	no
gaia:3326717260430731648	HD 261878	15 Mon F	yes
gaia:3326736811121849344	HD 262066 B	NSV 03155 B	no
gaia:3326740002281694592	NSV 03133	15 Mon N	yes
gaia:3326740006577519360	NSV 17077	15 Mon M	yes
gaia:3326740693772848896	HD 261938	15 Mon E	yes
gaia:3326740792561056128	HD 261938 P	15 Mon P	no
gaia:3326740998714107008	HD 261878 O	15 Mon O	no
gaia:3327295706629726336	HIP 31065 B	V727 Mon B	no
gaia:3327295740987424768	HIP 31065 C	V727 Mon C	no
gaia:3329160512709750784	75 Ori	l Ori	yes
gaia:3331979901042416512	74 Ori	k Ori	yes
gaia:3344825426664867968	HIP 29599 C	HIP 29602 C	no
gaia:3345189807396730752	HIP 29121 V	HIP 29126 V	no
gaia:3345194347179395968	HIP 29106 U	HIP 29126 U	no
gaia:3346050969815830784	69 Ori	f¹ Ori	yes
gaia:3353254695123859456	38 Gem B	e Gem B	yes
gaia:3369890752727401984	72 Ori	f² Ori	yes
gaia:3371047988717092096	20 Gem A	20 Gem	no
gaia:3372159045217009920	HIP 30630 B	OU Gem B	no
gaia:3372552842178783616	ν Gem	ν Gem Aa1	yes
gaia:3372553701172235776	HD 257937	ν Gem Ba	yes
gaia:3378384205173636352	36 Gem	d Gem	yes
gaia:3392572578094735744	HIP 23159	NSV 01788 B	yes
gaia:3397264469089651456	HIP 25950 B	NSV 16329 B	no
gaia:3403954340215770240	114 Tau C	o Tau C	yes
gaia:3403954378869634304	114 Tau	o Tau	yes
gaia:3406917219108423808	97 Tau	i Tau	yes
gaia:3407611182744289152	104 Tau	m Tau	yes
gaia:3408814357702682368	106 Tau	l Tau	yes
gaia:3414635344059244032	109 Tau	n Tau	yes
gaia:3417366457928102784	HIP 25253 B	NSV 16299 B	no
gaia:3419808305748795520	98 Tau	k Tau	yes
gaia:3436200855886666752	HIP 31104 B	NSV 02995 B	no
gaia:3441298191795447936	HIP 26396 B	NSV 02426 B	no
gaia:3441299080850968192	HIP 26396 C	NSV 02426 C	no
gaia:3441299085149026944	HIP 26396 D	NSV 02426 D	no
gaia:3441299325666804992	HD 245354	NSV 02426 E	yes
gaia:3443883109274003200	NSV 02685	NSV 02685 A	yes
gaia:3443883109274003328	HIP 27783 B	NSV 02685 B	no
gaia:3443883143631158144	NSV 02685	NSV 02685 C	yes
gaia:3444495777765003264	HIP 26658 B	V617 Aur B	no
gaia:345119558747421440	HIP 10030	BX And B	yes
gaia:3456574978151648640	HIP 28549 C	NSV 16756 C	no
gaia:3456575046871124992	HIP 28549 B	NSV 16756 B	no
gaia:3459927423462652160	HIP 58177	80 G. Cen	yes
gaia:3460420279549683712	HIP 58057	77 G. Cen	yes
gaia:3461102285997183872	HIP 59353	97 G. Cen	yes
gaia:3461696159714461824	HIP 59950	106 G. Cen	yes
gaia:3462375825402741248	NSV 05456	311 G. Hya	yes
gaia:3462976334846376320	HIP 59622	317 G. Hya	yes
gaia:3463642432734457984	HIP 57165	60 G. Cen	yes
gaia:3464333613231459456	HIP 57971	302 G. Hya	yes
gaia:3464574509357459712	HIP 57497	67 G. Cen	yes
gaia:3466217935643483520	HIP 59021 B	NSV 19201 B	no
gaia:3468544948923853056	HIP 61172	325 G. Hya	yes
gaia:3468665620325174656	HIP 60735	323 G. Hya	yes
gaia:3470000118204050048	HIP 60468	320 G. Hya	yes
gaia:3470711811464131328	NSV 05822	329 G. Hya	yes
gaia:3475378241891527808	HIP 60603	322 G. Hya	yes
gaia:3479307174896191232	HIP 57841	300 G. Hya	yes
gaia:3480332916165099904	HIP 57507	297 G. Hya	yes
gaia:3480675173518741120	HIP 57001	294 G. Hya	yes
gaia:3487277912642549248	HIP 57749	299 G. Hya	yes
gaia:3487806777735118848	HIP 58436	308 G. Hya	yes
gaia:3490856994789452416	HIP 58082	303 G. Hya	yes
gaia:3495237758351310208	HIP 62131	330 G. Hya	yes
gaia:3495651724479345536	HIP 62500	333 G. Hya	yes
gaia:3496266901235127808	NSV 19440	328 G. Hya	yes
gaia:3496266901235616384	HIP 61621 B	328 G. Hya B	no
gaia:3498480561739049472	HIP 62448	332 G. Hya	yes
gaia:3499199264386338304	HIP 63243	337 G. Hya	yes
gaia:3506931854786534912	NSV 06206	135 G. Vir	yes
gaia:3511554029871167744	HIP 64573 C	NSV 06148 C	no
gaia:3511580658668659328	HIP 64573 B	NSV 06148 B	no
gaia:3514103900415435776	Zet Crv CD	ζ Crv CD	yes
gaia:3514115032970667136	Zet Crv A	ζ Crv	yes
gaia:351761949008224512	60 And	b And	yes
gaia:3528976302714845952	HIP 61910 C	VV Crv C	no
gaia:3529395598896680704	NSV 06019	92 G. Vir	yes
gaia:3532225707467657984	HIP 54703	274 G. Hya	yes
gaia:3534414594600352896	HIP 55505 B	TV Crt B	no
gaia:3550772956799570560	HIP 53387	258 G. Hya	yes
gaia:3551002857809958400	NSV 05006	b³ Hya	yes
gaia:355376829708174976	HIP 11167	NSV 00815 B	yes
gaia:3555002125195764096	HIP 51852	233 G. Hya	yes
gaia:3556832021782292864	HIP 52737	b¹ Hya	yes
gaia:3574377616021489152	HIP 59272 B	NSV 05478 B	no
gaia:3575740426326074752	HIP 58450	20 G. Vir	yes
gaia:3576836467618851456	HIP 60595	50 G. Vir	yes
gaia:3579800922766588160	21 Vir	q Vir	yes
gaia:3584847371898806784	HIP 60418	49 G. Vir	yes
gaia:3592658886619235200	HIP 57214	5 G. Vir	yes
gaia:3594718615495997184	HIP 58741	27 G. Vir	yes
gaia:3598849446322133248	HIP 57791	12 G. Vir	yes
gaia:3601220336987586304	HIP 59010	33 G. Vir	yes
gaia:3602373445511777536	NSV 05426	26 G. Vir	yes
gaia:3609826008340181632	NSV 06316	y Vir	yes
gaia:3610805737623654784	68 Vir	i Vir	yes
gaia:3617089347793070720	HIP 67271	183 G. Vir	yes
gaia:3617798051756565760	76 Vir	h Vir	yes
gaia:3618198617586733312	82 Vir	m Vir	yes
gaia:3622391914416796672	HIP 63220	98 G. Vir	yes
gaia:3624638972586435072	HIP 64181	112 G. Vir	yes
gaia:3626576415153896448	NSV 05994	88 G. Vir	yes
gaia:3627706128991700480	HIP 64122	g Vir	yes
gaia:36290072767519232	30 Tau	e Tau	yes
gaia:36290107127257344	30 Tau B	e Tau B	yes
gaia:3631753877970312576	74 Vir	l Vir	yes
gaia:3637980098784983936	HIP 65714 B	NSV 06261 B	no
gaia:3638477425933663360	HIP 65796	150 G. Vir	yes
gaia:3638711484471311616	NSV 06242	146 G. Vir	yes
gaia:3638972412324792704	HIP 69773	233 G. Vir	yes
gaia:3639228358015901696	HIP 69541 B	NSV 06596 B	no
gaia:3639760521643499776	HIP 69881	235 G. Vir	yes
gaia:3639919985189322624	HIP 70038	240 G. Vir	yes
gaia:3640641093018466816	HIP 69727	229 G. Vir	yes
gaia:3640929611741605632	HIP 69564	225 G. Vir	yes
gaia:3643892348901748992	HIP 68739	211 G. Vir	yes
gaia:3645467949064189312	HIP 68380	204 G. Vir	yes
gaia:3646122227201594496	NSV 06608	230 G. Vir	yes
gaia:3647845574239719936	NSV 20063	224 G. Vir	yes
gaia:364936224316342912	Pi And B	π And B	yes
gaia:3650474437822499456	NSV 20175	257 G. Vir	yes
gaia:3650900223700313088	1 Ser	M Ser	yes
gaia:3651036288264289920	NSV 20199	261 G. Vir	yes
gaia:3653993081189617280	NSV 06630	239 G. Vir	yes
gaia:3654258613247786368	HIP 70894	250 G. Vir	yes
gaia:3654496279558010624	HIP 70319	243 G. Vir	yes
gaia:3655232162074696192	HIP 71510	254 G. Vir	yes
gaia:3658773654668021248	90 Vir	p Vir	yes
gaia:3666334755614176512	HIP 69340	221 G. Vir	yes
gaia:3667426089623969152	HIP 68776	213 G. Vir	yes
gaia:3669075941181317120	HIP 70949	252 G. Vir	yes
gaia:3670193182434162944	HIP 70400	244 G. Vir	yes
gaia:3672125848997779328	HIP 68707	209 G. Vir	yes
gaia:3676786919306446720	HIP 62421	85 G. Vir	yes
gaia:3678595336760381952	HIP 62915	91 G. Vir	yes
gaia:3679035317505913216	44 Vir	k Vir	yes
gaia:3679035317506277760	44 Vir B	k Vir B	yes
gaia:3679690695155684480	25 Vir	f Vir	yes
gaia:3679806109515961088	HIP 60987 B	NSV 19406 B	no
gaia:3679806109516987904	HIP 60987 C	NSV 19406 C	no
gaia:3680723033495134208	HIP 61134	57 G. Vir	yes
gaia:3683485350301204992	HIP 62103	79 G. Vir	yes
gaia:3684642964246581120	HIP 64498 B	GZ Vir B	no
gaia:3686696336570975360	NSV 06171	129 G. Vir	yes
gaia:3701693091058501504	16 Vir	c Vir	yes
gaia:3703635962465099776	HIP 61637	68 G. Vir	yes
gaia:3709988940650856064	31 Vir	d¹ Vir	yes
gaia:3710456301812734336	32 Vir	d² Vir	yes
gaia:3712388075021715840	HIP 65198	136 G. Vir	yes
gaia:3712858597278688000	78 Vir	o Vir	yes
gaia:3714227557973922816	HIP 67186 B	HT Vir B	no
gaia:3718284412283736704	HIP 65862	153 G. Vir	yes
gaia:3720069916087998848	HIP 67545	194 G. Vir	yes
gaia:3722252618467846016	HIP 68687	2 G. Boo	yes
gaia:3722642807656724608	HIP 68498	1 G. Boo	yes
gaia:3726490479878234112	HIP 66640 D	NSV 06363 D	no
gaia:3732539683617410816	59 Vir	e Vir	yes
gaia:3750977668981475328	HIP 52391	245 G. Hya	yes
gaia:3753670544756354688	HIP 50536	209 G. Hya	yes
gaia:3753867151179155456	NSV 18431	225 G. Hya	yes
gaia:3765286988182947840	HIP 49809	200 G. Hya	yes
gaia:3765935081568142976	HIP 49802	199 G. Hya	yes
gaia:3771611379066234240	γ Sex	γ Sex A	yes
gaia:3783954977635001856	HIP 55106 B	SV Crt B	no
gaia:3786113696918255232	HIP 56500	67 G. Leo	yes
gaia:3792964341554252288	HIP 56775	3 G. Vir	yes
gaia:3793247534517512064	87 Leo	e Leo	yes
gaia:3794824028033991936	HIP 57629	9 G. Vir	yes
gaia:3796597059252894848	HIP 55941	59 G. Leo	yes
gaia:3797911662842760064	HIP 55595	50 G. Leo	yes
gaia:3800420915881822336	HIP 56209 B	NSV 05234 B	no
gaia:3801795103551451648	61 Leo	p² Leo	yes
gaia:3801987483727106432	HIP 53273	p¹ Leo	yes
gaia:3803282880223279232	HIP 53167	19 G. Leo	yes
gaia:3803744090991750016	HIP 54027	30 G. Leo	yes
gaia:3804036320566852224	69 Leo	p⁵ Leo	yes
gaia:3804603462407805824	62 Leo	p³ Leo	yes
gaia:3806084397196443264	HIP 52327 B	NSV 18476 B	no
gaia:3807930275355981696	HIP 53141	18 G. Leo	yes
gaia:3811456580944840704	65 Leo	p⁴ Leo	yes
gaia:3812355328621651328	83 Leo A	83 Leo	yes
gaia:3814913686020080384	58 Leo	d Leo	yes
gaia:3816629714434106752	59 Leo	c Leo	yes
gaia:3818309974360006016	Chi Leo B	χ Leo B	yes
gaia:3818617322219554816	HIP 54863	36 G. Leo	yes
gaia:3823792208055346688	33 Hya	A Hya	yes
gaia:3825147631014537472	HIP 46543	147 G. Hya	yes
gaia:3827008726243176192	HIP 47242	166 G. Hya	yes
gaia:3837874271947440896	HIP 46529	146 G. Hya	yes
gaia:3838909221626847104	HIP 46288	136 G. Hya	yes
gaia:3839689084608000384	HIP 46504	144 G. Hya	yes
gaia:3841515476501420928	HIP 46840	155 G. Hya	yes
gaia:3853318287148838400	NSV 18266	5 G. Leo	yes
gaia:386612584958215552	HIP 424 C	HIP 421	no
gaia:3871147177431061760	53 Leo	l Leo	yes
gaia:3885044901326958592	52 Leo	k Leo	yes
gaia:3891190724650456960	HIP 58445	19 G. Vir	yes
gaia:3893222411684271616	7 Vir	b Vir	yes
gaia:3899930845658894336	6 Vir	A² Vir	yes
gaia:3900955349977078016	HIP 61103	56 G. Vir	yes
gaia:3903513295059728640	HIP 60804	51 G. Vir	yes
gaia:3907875435644266496	HD 108422 C	HD 108469 C	no
gaia:3909040883609501824	HIP 60445 B	NSV 05585 B	no
gaia:3911288628974428416	NSV 18818	1 G. Vir	yes
gaia:3911696135471737600	4 Vir	A¹ Vir	yes
gaia:3925246860369949824	95 Leo	o Leo	yes
gaia:3936909723803146496	HIP 64797 B	NSV 19690 B	no
gaia:3947649169267207296	24 Com A	24 Com Aa	no
gaia:3958028559033816832	HIP 62794	LX Com C	yes
gaia:3965092440205592064	73 Leo	n Leo	yes
gaia:3968543802915918464	HIP 54299 B	NSV 05085 B	no
gaia:3985219996984723712	60 Leo	b Leo	yes
gaia:3986332015556784128	51 Leo	m Leo	yes
gaia:3986988454063459456	HIP 52212 C	NSV 04928 C	no
gaia:398968209436589312	49 And	A And	yes
gaia:3990286168607839488	HIP 54844 B	NSV 05140 B	no
gaia:4016424991681494784	HIP 59667 C	HIP 59660 C	no
gaia:4026742744369123584	HIP 58369 B	NSV 19062 B	no
gaia:4030173873483435648	HIP 59445 C	NSV 05496 C	no
gaia:403123332598347392	HIP 6060 C	NSV 15270 C	no
gaia:4032869734260152320	HIP 57731 C	HU UMa C	no
gaia:4032869738555722112	HIP 57731 B	HU UMa B	no
gaia:4037354234303732864	HIP 88069 B	V1647 Sgr B	no
gaia:4037358426191922688	HIP 88038	12 G. Sgr	yes
gaia:4037386566821748224	HIP 88294	17 G. Sgr	yes
gaia:4038055447710652032	Eta Sgr B	η Sgr B	yes
gaia:4038724053950164096	HIP 88694 B	29 G. Sgr B	no
gaia:4038724053986441856	NSV 24262	29 G. Sgr	yes
gaia:4038734739866855168	HIP 88550	25 G. Sgr	yes
gaia:4039610019834152064	NSV 10304	38 G. Sgr	yes
gaia:4042746582857274112	HIP 89010	36 G. Sgr	yes
gaia:4044222883404239744	HIP 88060 B	NSV 09929 B	no
gaia:4044488896463064064	HIP 90336	64 G. Sgr	yes
gaia:4044610289445616512	HIP 89637 B	RS Sgr B	no
gaia:4044610392524839040	HD 167669	RS Sgr C	yes
gaia:4044965912653013120	HIP 90763 B	75 G. Sgr B	no
gaia:4044965912701284224	NSV 24469	75 G. Sgr	yes
gaia:4047453660849395200	HIP 91172	80 G. Sgr	yes
gaia:4049242222690813056	HIP 89020	37 G. Sgr	yes
gaia:4051362321660757504	HIP 89622	49 G. Sgr	yes
gaia:4051416094657123840	HIP 90012	58 G. Sgr	yes
gaia:4052006085724567680	HIP 90510	69 G. Sgr	yes
gaia:4052127925286198400	HIP 89620	48 G. Sgr	yes
gaia:4058689054864359552	45 Oph	d Oph	yes
gaia:4058692765692242432	HIP 85442	140 G. Oph	yes
gaia:4060664224334317440	HIP 86725	163 G. Oph	yes
gaia:4061669281025139840	HIP 85783	151 G. Oph	yes
gaia:4062570326465238912	HIP 88012	13 G. Sgr	yes
gaia:4063417332766504576	HIP 87836	10 G. Sgr	yes
gaia:4063577861402553600	HD 163801 B	NSV 24060 B	no
gaia:4066117557134822272	HD 315026 B	NSV 24208 B	no
gaia:4066117557135044480	HD 315026 C	NSV 24208 C	no
gaia:4068962272975917440	NSV 09682	3 G. Sgr	yes
gaia:4069268654393690496	HIP 88333 E	V3791 Sgr E	no
gaia:4069268658698563840	HIP 88333 B	V3791 Sgr B	no
gaia:4069469560083491712	NSV 09996	21 G. Sgr	yes
gaia:4071141367547101824	HIP 88125	16 G. Sgr	yes
gaia:4072287848914474880	HIP 92635	109 G. Sgr	yes
gaia:4073478894903881472	HIP 91974	94 G. Sgr	yes
gaia:4074191309687737088	HIP 93498	131 G. Sgr	yes
gaia:4074362077587604480	HIP 93315	127 G. Sgr	yes
gaia:4075621946120022912	HIP 92931	116 G. Sgr	yes
gaia:4075669603079159680	HIP 93140	123 G. Sgr	yes
gaia:4077625187657388800	HIP 91405	84 G. Sgr	yes
gaia:4079636675440568960	HIP 91347	83 G. Sgr	yes
gaia:4079819194344984832	HIP 92016	96 G. Sgr	yes
gaia:4080121319521641344	HIP 92013 G	V350 Sgr G	no
gaia:4080121521343969024	HIP 92013 H	V350 Sgr H	no
gaia:4081270824536933888	HIP 94372	151 G. Sgr	yes
gaia:4081468766685620096	HIP 93423	128 G. Sgr	yes
gaia:40834354322264832	5 Tau	f Tau	yes
gaia:4083941366486236288	HIP 94144	148 G. Sgr	yes
gaia:4084276442652198400	43 Sgr	d Sgr	yes
gaia:4085573076107140864	HIP 93537	132 G. Sgr	yes
gaia:4085573110466877312	HIP 93537 B	132 G. Sgr B	no
gaia:4085786312646501888	HIP 93543	133 G. Sgr	yes
gaia:4086607853993022208	HIP 93234	125 G. Sgr	yes
gaia:4088793064632541568	HIP 93855	141 G. Sgr	yes
gaia:4089044096883303168	NSV 24680	138 G. Sgr	yes
gaia:4092904615329521408	HIP 90836 D	U Sgr D	no
gaia:4092904791496145664	HIP 90836 N	U Sgr N	no
gaia:4092904825884072448	HIP 90836 C	U Sgr C	no
gaia:4092904855847689088	HIP 90836 Q	U Sgr Q	no
gaia:4092905066374317568	HIP 90836 Bb	U Sgr Bb	no
gaia:4092905066402273792	HIP 90836 B	U Sgr B	no
gaia:4092905066417229184	HIP 90836 H	U Sgr H	no
gaia:4092905203841177856	HIP 90836 R	U Sgr R	no
gaia:4092907986980076672	HIP 90836 L	U Sgr L	no
gaia:4092907986980087168	HIP 90836 E	U Sgr E	no
gaia:4092908021339822208	HIP 90836 J	U Sgr J	no
gaia:4092908055699577344	HIP 90836 F	U Sgr F	no
gaia:4092908674174883584	HIP 90836 M	U Sgr M	no
gaia:4093120909907773440	HIP 90687	74 G. Sgr	yes
gaia:4093519345407991296	HIP 90806	76 G. Sgr	yes
gaia:4094308180585050496	HIP 89114	39 G. Sgr	yes
gaia:4094308180587387904	HIP 89114 B	39 G. Sgr B	no
gaia:4095595704399545600	HIP 89158 B	NSV 10336 B	no
gaia:4096614715541406848	NSV 10835	71 G. Sgr	yes
gaia:4097259647761874304	HIP 89609	50 G. Sgr	yes
gaia:4098024594302973056	HIP 89851	32 G. Ser Cau	yes
gaia:4100608588397364480	HIP 92882	114 G. Sgr	yes
gaia:4101121407482926976	HIP 93418	129 G. Sgr	yes
gaia:4102491295900281088	NSV 24640	126 G. Sgr	yes
gaia:4108553247114643456	HIP 84175	95 G. Oph	yes
gaia:4109034455276324608	V2215 Oph	Guniibuu C	yes
gaia:410965186967609856	HD 232393 A		no
gaia:4109768482338921728	HIP 85391	136 G. Oph	yes
gaia:4110602530665608064	51 Oph	c Oph	yes
gaia:4111062298301073408	ο Oph	ο¹ Oph	yes
gaia:4111251723554095104	44 Oph	b Oph	yes
gaia:4111929400669171840	HIP 83740	80 G. Oph	yes
gaia:4112977922408078848	NSV 20878	66 G. Oph	yes
gaia:4115142276679903360	Xi Oph B	ξ Oph B	yes
gaia:4119588770476941312	HIP 87782	9 G. Sgr	yes
gaia:4120872175394790400	HIP 85207	132 G. Oph	yes
gaia:4122800581347913216	HIP 85195	133 G. Oph	yes
gaia:4125160094597287936	HIP 86266	9 G. Ser Cau	yes
gaia:4125171197128705280	Xi Ser B	ξ Ser B	yes
gaia:4127420626087054976	HIP 82621	54 G. Oph	yes
gaia:4127980792913041664	HIP 83567	77 G. Oph	yes
gaia:4130247294379996032	HIP 81632	34 G. Oph	yes
gaia:4130337492996407808	HIP 81754	40 G. Oph	yes
gaia:4132958625636676864	HIP 82861	60 G. Oph	yes
gaia:4135383014436870528	NSV 21383	115 G. Oph	yes
gaia:4135514302988283904	HIP 83854	85 G. Oph	yes
gaia:4136551726563919872	HIP 84402	105 G. Oph	yes
gaia:4136773308218165248	HIP 85405	4 G. Ser Cau	yes
gaia:413959878691371136	HIP 6562 Aa		no
gaia:4140049616641044608	HIP 83090	64 G. Oph	yes
gaia:4144041389304359424	HIP 88816	32 G. Sgr	yes
gaia:4145362250759997952	HIP 87813 B	16 G. Ser Cau B	no
gaia:4145362250760008832	NSV 24046	16 G. Ser Cau	yes
gaia:4146599166888812032	HD 168075	NSV 24377 Ha	yes
gaia:4147330582642537344	HIP 88981	24 G. Ser Cau	yes
gaia:4149117770115782016	HIP 87074	13 G. Ser Cau	yes
gaia:4149484732124680832	HIP 86769	12 G. Ser Cau	yes
gaia:415001631592456192	HIP 3926 B	NSV 00315 B	no
gaia:4151632078301105152	HIP 87708 B	NSV 24036 B	no
gaia:4157520203600807936	NSV 24362	29 G. Ser Cau	yes
gaia:4158888511447492736	HIP 88670	19 G. Ser Cau	yes
gaia:4163243917517653120	HIP 86313	10 G. Ser Cau	yes
gaia:4163303119341611008	NSV 22751	6 G. Ser Cau	yes
gaia:4163761203379492736	NSV 24020	14 G. Ser Cau	yes
gaia:4166958033425936896	HIP 84883	2 G. Ser Cau	yes
gaia:4167759955359819520	HIP 85474	144 G. Oph	yes
gaia:4168881422863453568	HIP 86768	167 G. Oph	yes
gaia:4170156100434293120	HIP 85922	153 G. Oph	yes
gaia:4170583776094715520	τ Oph	τ Oph B	yes
gaia:4170583776109015808	Tau Oph B	τ Oph B	yes
gaia:4171536124976091648	HIP 87533 B	NSV 09806 B	no
gaia:4173946529333731328	HIP 88684	20 G. Ser Cau	yes
gaia:4174463196718011904	HIP 89512	27 G. Ser Cau	yes
gaia:4175587035044856320	HIP 88101	187 G. Oph	yes
gaia:4177374600431607552	HIP 87847	183 G. Oph	yes
gaia:4181661561906716800	55 Sgr	e² Sgr	yes
gaia:4181678569973511040	54 Sgr	e¹ Sgr	yes
gaia:4182644250423922048	HIP 97423	232 G. Sgr	yes
gaia:4182958848189670016	HIP 96536	212 G. Sgr	yes
gaia:4184270015813520512	HIP 94929	163 G. Sgr	yes
gaia:4184457242024865536	HIP 95557	187 G. Sgr	yes
gaia:4184884505372233472	HIP 95485	184 G. Sgr	yes
gaia:4186792020603510144	HIP 96365	206 G. Sgr	yes
gaia:4189637243154993792	NSV 24893	234 G. Sgr	yes
gaia:4190398831061793792	HIP 97499	80 G. Aql	yes
gaia:4194557287114812032	HIP 96917	71 G. Aql	yes
gaia:4194584843623535104	HIP 97065 B	V1461 Aql B	no
gaia:4198049920171913600	NSV 11815	153 G. Sgr	yes
gaia:4201781696994082944	HIP 95071 B	NSV 11920 B	no
gaia:4207051346979309568	HIP 96356	60 G. Aql	yes
gaia:4207805543242174592	HIP 95281	43 G. Aql	yes
gaia:4211336453026352512	26 Aql	f Aql	yes
gaia:4213654429705675520	36 Aql	e Aql	yes
gaia:4214817884811752320	HIP 96007 B	V822 Aql B	no
gaia:4219855434756434816	HIP 100758	137 G. Aql	yes
gaia:4221706943624572160	HIP 99024	110 G. Aql	yes
gaia:4224018185779566208	HIP 100232	131 G. Aql	yes
gaia:4224259562941398400	V1703 Aql	Phoenicia	yes
gaia:4225121614416056576	NSV 25331	7 G. Aqr	yes
gaia:4225304923620632192	HIP 101921	2 G. Aqr	yes
gaia:4226273112328064000	HD 197042 B	NSV 25233 B	no
gaia:4226301630912281600	71 Aql	l Aql	yes
gaia:422992396768208768	HD 236327	NSV 15041 B	yes
gaia:4230917415084759168	NSV 25140	136 G. Aql	yes
gaia:4231133434759619200	HIP 101746	145 G. Aql	yes
gaia:4232378391161390976	HIP 101339	142 G. Aql	yes
gaia:4234608643120600832	HIP 97244	77 G. Aql	yes
gaia:4234693000585922304	HIP 97687	85 G. Aql	yes
gaia:4237709476374217856	HIP 98385	101 G. Aql	yes
gaia:4246237185473865216	HIP 100541	132 G. Aql	yes
gaia:4254220979971917056	12 Aql	i Aql	yes
gaia:4259305018664587648	HIP 91394	60 G. Ser Cau	yes
gaia:4260087321142851712	5 Aql A	5 Aql	no
gaia:4260690192802784384	15 Aql	h Aql	yes
gaia:4260763452095797504	14 Aql	g Aql	yes
gaia:4262926260180886656	27 Aql	d Aql	yes
gaia:4263517110245583360	HIP 95222	42 G. Aql	yes
gaia:4264070370769245952	HIP 94149	25 G. Aql	yes
gaia:4264892839826300416	HIP 94833	34 G. Aql	yes
gaia:4264967400467007232	HIP 92963	6 G. Aql	yes
gaia:4266584541504540928	HIP 92386	4 G. Aql	yes
gaia:4268073967501733760	HIP 94331 G	NSV 11799 G	no
gaia:4268167799596060160	HIP 94331 C	NSV 11799 C	no
gaia:4268336853797666304	NSV 24669	13 G. Aql	yes
gaia:426854500079240192	HIP 3513 C	V756 Cas C	no
gaia:426854504386246272	HIP 3513 D	V756 Cas D	no
gaia:4269638160168575488	HIP 90174	36 G. Ser Cau	yes
gaia:4270433862989683328	60 Ser	c Ser	yes
gaia:4270573397890617856	HIP 89587	28 G. Ser Cau	yes
gaia:4271248601115594880	HIP 90253	37 G. Ser Cau	yes
gaia:4272520186301478784	NSV 11122	e Ser	yes
gaia:4273231054929181824	59 Ser	d Ser	yes
gaia:4275150561721622272	HIP 88671	21 G. Ser Cau	yes
gaia:4277657551314092544	HIP 89347	205 G. Oph	yes
gaia:4280672412186891904	HIP 92968	73 G. Ser Cau	yes
gaia:4281199318773462016	Alya B	θ² Ser	yes
gaia:4282079404820594176	HIP 92254	67 G. Ser Cau	yes
gaia:4282626038191613440	HIP 93138	7 G. Aql	yes
gaia:4283938992538977280	HIP 91499	63 G. Ser Cau	yes
gaia:4285283042432285696	HIP 92027	66 G. Ser Cau	yes
gaia:4287446194103685376	HIP 95812	52 G. Aql	yes
gaia:4287948945800741120	35 Aql	c Aql	yes
gaia:4288446406092128640	NSV 24818	61 G. Aql	yes
gaia:4289194245807948160	HIP 95732	49 G. Aql	yes
gaia:4289988746025821824	HIP 96630	67 G. Aql	yes
gaia:4293315765165489536	HIP 94761 B	V1428 Aql B	no
gaia:4299079503851286528	HIP 98526	103 G. Aql	yes
gaia:4299779450384996480	HD 191515 B	V346 Aql B	no
gaia:4301199641461887744	HIP 97144	75 G. Aql	yes
gaia:4301691707274199424	HIP 97697	88 G. Aql	yes
gaia:4303294035005560704	Omi Aql C	ο Aql C	yes
gaia:4303300258419830912	HIP 97787 B	V1466 Aql B	no
gaia:4307504546056384896	HIP 93488	12 G. Aql	yes
gaia:4308631412360266368	HIP 94916	37 G. Aql	yes
gaia:4308654978827295360	HIP 95253	44 G. Aql	yes
gaia:431086765156056960	HIP 2232 C	V1036 Cas C	no
gaia:431086795221655424	HIP 2232 B	V1036 Cas B	no
gaia:4311559274405383424	HD 174715 D	HD 174734 D	no
gaia:4315804351350378496	31 Aql	b Aql	yes
gaia:4318967989873075200	28 Aql	A Aql	yes
gaia:4325706656113783680	HIP 80793	22 G. Oph	yes
gaia:4326335782924731904	HIP 82259	46 G. Oph	yes
gaia:4333579915282737664	HIP 82979	63 G. Oph	yes
gaia:4335291236411850752	NSV 21019	88 G. Oph	yes
gaia:4338289879498164608	HIP 81580	33 G. Oph	yes
gaia:4338952124799381120	NSV 07877	31 G. Oph	yes
gaia:4339078950889457152	HIP 81663	38 G. Oph	yes
gaia:4339417394313320192	HIP 82817 F	V1054 Oph F	no
gaia:4339465360510320128	HIP 82809	V1054 Oph C	yes
gaia:4343066192373234048	Xi Sco B	ξ Sco B	yes
gaia:4343066192373820800	ξ Sco	ξ Sco B	yes
gaia:4343066192373826176	Xi Sco C	ξ Sco C	yes
gaia:4344884406644973952	HIP 79588 C	HIP 79592	no
gaia:4348655456647025920	Ups Oph B	υ Oph B	yes
gaia:4350236038971718016	HIP 78870	3 G. Oph	yes
gaia:4350816684193728000	Ups Oph A	υ Oph	no
gaia:4351018375858237952	HIP 80840	23 G. Oph	yes
gaia:4351510544749107200	NSV 20720	30 G. Oph	yes
gaia:4351747145908107648	V2105 Oph	17 G. Oph	yes
gaia:4356563556595153664	HIP 79463	5 G. Oph	yes
gaia:4356960755169210880	HIP 79781	8 G. Oph	yes
gaia:4358758216162768000	HIP 80227	10 G. Oph	yes
gaia:4361337979679095168	HIP 84524	109 G. Oph	yes
gaia:4361365433110271232	HIP 84801	122 G. Oph	yes
gaia:4365099851340249600	NSV 20990	87 G. Oph	yes
gaia:4367026096925086464	HIP 85042 C	131 G. Oph C	no
gaia:4367026096927711104	HIP 85042 B	131 G. Oph B	no
gaia:4367026303085396352	HIP 85042	131 G. Oph	yes
gaia:4369449557996050560	NSV 09461	162 G. Oph	yes
gaia:4370941487897576320	HIP 87428	176 G. Oph	yes
gaia:4372639309947834624	NSV 09800	179 G. Oph	yes
gaia:4372963253560466944	HIP 87224	174 G. Oph	yes
gaia:4373106018271326848	HIP 85307	138 G. Oph	yes
gaia:4373966832796402048	HIP 85537	146 G. Oph	yes
gaia:4375738420908692992	HIP 86391	159 G. Oph	yes
gaia:4376054289983293696	61 Oph A	61 Oph	yes
gaia:4376114556963824384	V2742 Oph	159 G. Oph B	yes
gaia:4376816938736581504	HIP 85749	152 G. Oph	yes
gaia:4376824944556083584	HIP 85812 B	V2373 Oph B	no
gaia:4378780975739667968	HIP 82405	51 G. Oph	yes
gaia:4379894059463650688	HIP 83738	84 G. Oph	yes
gaia:4380019816106413952	NSV 20908	82 G. Oph	yes
gaia:4382431629221050112	HIP 81687	41 G. Oph	yes
gaia:4384113950731208064	HIP 81691	42 G. Oph	yes
gaia:438829835272390784	The Per B	θ Per B	yes
gaia:4393265392168829056	Onkaria	GJ 1214	yes
gaia:4395236472918967680	NSV 21108	97 G. Oph	yes
gaia:4402884744523453312	36 Ser	b Ser	yes
gaia:4404012912170359424	25 Ser	A² Ser	yes
gaia:4404771472112825088	NSV 20531	43 G. Ser Cap	yes
gaia:4405625380337801472	HIP 79522	45 G. Ser Cap	yes
gaia:4407056429077527296	HIP 79730 B	HIP 79729	no
gaia:4413182426830873984	HIP 79120	41 G. Ser Cap	yes
gaia:4414849698772235136	HIP 75101	10 G. Ser Cap	yes
gaia:4416110082695653376	11 Ser	A¹ Ser	yes
gaia:4418659162965297408	HIP 74901	6 G. Ser Cap	yes
gaia:4422654307184828416	HIP 77186	23 G. Ser Cap	yes
gaia:4422809711989181824	HIP 77408 B	V382 Ser B	no
gaia:4423865487962417152	Psi Ser B	ψ Ser B	yes
gaia:4425847835083264	EL Cet	g Tau	yes
gaia:4429351054552356608	HIP 77163	22 G. Ser Cap	yes
gaia:4431639310048958208	HIP 80693	21 G. Oph	yes
gaia:4432890137667450624	HIP 80558	16 G. Oph	yes
gaia:4432944567790870400	NSV 20644	19 G. Oph	yes
gaia:4434301841878055296	37 Her B	36 Her	yes
gaia:4434301983614947072	37 Her A	37 Her	yes
gaia:4434820128469285248	45 Her	l Her	yes
gaia:4435387029790139264	HIP 81404	11 G. Her	yes
gaia:4435689739087756800	41 Her A	41 Her	yes
gaia:443789457348785152	HIP 17877 B	NSV 01333 B	no
gaia:4438094371018143744	HIP 79581	2 G. Her	yes
gaia:4438443431600389888	28 Her	n Her	yes
gaia:4439556480967874432	21 Her	o Her	yes
gaia:4441876484858316928	47 Her	k Her	yes
gaia:4443139647623186304	HIP 83342	72 G. Oph	yes
gaia:4443755893828031872	NSV 20927	83 G. Oph	yes
gaia:4444166080384870656	HD 153476	NSV 08090 C	yes
gaia:4445259407258903168	43 Her	i Her	yes
gaia:4450372376847499904	HIP 79702 B	NSV 20566 B	no
gaia:4451539096123574400	HIP 78840	38 G. Ser Cap	yes
gaia:4456634920201323648	HIP 78864 B	NQ Ser B	no
gaia:4459409469075689216	29 Her	h Her	yes
gaia:4468557611977674496	70 Oph B	p Oph B	yes
gaia:4469952548646272384	HIP 89065	202 G. Oph	yes
gaia:4472514960483512192	HIP 87150	173 G. Oph	yes
gaia:4473968166959087104	HIP 87558	180 G. Oph	yes
gaia:4474747621924408320	NSV 24053	185 G. Oph	yes
gaia:4474760644265753984	NSV 24074	192 G. Oph	yes
gaia:4477148783533394816	HIP 90497	44 G. Ser Cau	yes
gaia:4477931395289970304	NSV 24394	208 G. Oph	yes
gaia:4485843584034274688	HIP 86575	164 G. Oph	yes
gaia:4490117076492339712	HIP 85333	142 G. Oph	yes
gaia:4490505410254717056	HIP 85139	134 G. Oph	yes
gaia:4490827635882165248	53 Oph B	f Oph B	yes
gaia:4490874571284776832	53 Oph	f Oph	yes
gaia:4495295810624034432	HIP 88627 B	NSV 24265 B	no
gaia:4511848202267498624	HIP 91159 B	NSV 11085 B	no
gaia:4513495442518338688	HIP 94371	V338 Sge Ca	yes
gaia:4513495786115703040	HIP 94377 B	V338 Sge B	no
gaia:45142202225729024	HIP 19261 B	NSV 01466 B	no
gaia:4515724255648820992	HIP 95116 B	NSV 24753 B	no
gaia:4516557925985373568	HIP 94959 C	HIP 94959 BC	no
gaia:4521414709351870720	HIP 93678	NSV 24679 B	yes
gaia:4528147293916651776	Ramus	102 Her	yes
gaia:4529285391533766400	Tusizuo	109 Her	yes
gaia:4531259083620692352	HIP 92321 B	NSV 24606 B	no
gaia:4539829158279285504	NSV 21440	e Oph	yes
gaia:4547133798137079552	HIP 85302 B	V640 Her B	no
gaia:4558354894120236288	HIP 83260 B	NSV 20883 B	no
gaia:4558354894121798528	HIP 83260 C	NSV 20883 C	no
gaia:4561590692417728640	HIP 83493 B	NSV 08158 B	no
gaia:456370069393151360	4 Per	g Per	yes
gaia:457326850673146112	HIP 11696 B	HIP 11692	no
gaia:457377496924425088	HIP 11888 B	V556 Per B	no
gaia:4574048021719712640	HIP 84794 B	V647 Her B	no
gaia:457487413730043904	9 Per	i Per	yes
gaia:4576147844112599424	Bodu	95 Her	yes
gaia:4576326312901650560	HIP 88637 C	V885 Her	no
gaia:4579990675911466624	100 Her	100 Her Aa	yes
gaia:458075652452720000	HIP 11769 D	V425 Per D	no
gaia:458075652452901760	HIP 11769 E	V425 Per E	no
gaia:458574349694431488	7 Per	χ Per	yes
gaia:4586704156472497920	107 Her	t Her	yes
gaia:4590758227637479040	99 Her B	b Her B	yes
gaia:4590758227641991424	99 Her	b Her	yes
gaia:4591092238654107904	104 Her	A Her	yes
gaia:4594497834189213184	Mu Her B	μ Her B	yes
gaia:4594497838483177984	Mu Her C	μ Her C	yes
gaia:4595441868000475520	HIP 86221 C	NSV 23058 C	no
gaia:460022372142253696	HIP 14382	k Per	yes
gaia:4622931273600787328	HIP 21087 C	NSV 16112 C	no
gaia:4622931346615038848	HIP 21087 B	NSV 16112 B	no
gaia:4625495029774048000	HIP 17319 B	HIP 17321	no
gaia:4633155327286124800	τ¹ Hyi	τ¹ Hyi A	no
gaia:465143278831063808	HIP 12178 B	V791 Cas B	no
gaia:465528726379401344	HIP 11832 B	NSV 15537 B	no
gaia:465528795098872448	HIP 11832 F	NSV 15537 F	no
gaia:4660766641264343552	HIP 25647 B	AB Dor B	no
gaia:4674060870691341184	Kap Ret B	κ Ret B	yes
gaia:4676067719930656640	θ Ret	θ Ret A	yes
gaia:4691995692046507520	Lam-1 Tuc A	λ¹ Tuc	no
gaia:4691996001284763136	Lam-1 Tuc B	λ¹ Tuc B	no
gaia:4692263904164105856	Kap Tuc B	κ Tuc B	yes
gaia:4692276170590701952	Kap Tuc D	κ Tuc D	yes
gaia:4718745813517720704	HIP 8035 C	CF Hyi C	no
gaia:4722111590409480064	Zet-2 Ret B	ζ¹ Ret	no
gaia:4722135642226902656	Zet-2 Ret A	ζ² Ret	no
gaia:4725233447517525504	HIP 12973 C	NSV 15582 C	no
gaia:4738265340365424640	HIP 11469 B	NSV 15524 B	no
gaia:4738265546525238656	HIP 11469 C	NSV 15524 C	no
gaia:4741722617241539456	HIP 12326 B	NSV 15557 B	no
gaia:4742097275828451584	HIP 12361	NSV 15557 C	yes
gaia:4743518532046419072	Phi Eri C	12 G. Eri	yes
gaia:4746011090546864640	HIP 11102	15 G. Eri	yes
gaia:4753362803247160832	HIP 12611	20 G. Eri	yes
gaia:4753710592518758784	HIP 14187	58 G. Eri	yes
gaia:4759020404752115968	HIP 27134 B	XZ Pic B	no
gaia:476269752387749888	HIP 19272 D	NSV 01458 D	no
gaia:476269889826690432	HIP 19272 L	NSV 01458 L	no
gaia:476269889826691968	HIP 19272 M	NSV 01458 M	no
gaia:476270130344879744	HIP 19272 G	NSV 01458 G	no
gaia:476270130344880000	HIP 19272 H	NSV 01458 H	no
gaia:476270199064353792	HIP 19272 I	NSV 01458 I	no
gaia:476270504005048320	HIP 19272 B	NSV 01458 B	no
gaia:476270572722399616	HIP 19272 F	NSV 01458 F	no
gaia:476270577021467264	HIP 19272 Q	NSV 01458 Q	no
gaia:4764556617980377856	HIP 23437 B	NSV 16234 B	no
gaia:4764556724969863296	HIP 23437 C	NSV 16234 C	no
gaia:4771835595026248832	The Pic C	θ Pic C	yes
gaia:4771835629385988992	The Pic AB	θ Pic	no
gaia:4777112872882315264	Iot Pic B	ι Pic B	yes
gaia:4777112872882315648	Iot Pic A	ι Pic A	yes
gaia:4777119126354782592	HIP 22562	ι Pic C	yes
gaia:4795596831576255488	HIP 26369	UY Pic B	yes
gaia:480584648326595328	HIP 26989 C	NSV 02563 C	no
gaia:4815140440307522432	HIP 22286 A		no
gaia:4815140444602248320	HIP 22286 C		no
gaia:4815140444602248448	HIP 22286 B		no
gaia:4815173945347069056	HIP 22488	ν Cae	yes
gaia:4815660547961305984	Alp Cae Bb	α Cae Bb	yes
gaia:4816083241462729600	HIP 21998	λ Cae	yes
gaia:4842275837523665664	HIP 18714 B	NSV 15868 B	no
gaia:4843381538200043904	NSV 01414	153 G. Eri	yes
gaia:4849306462764457344	HIP 16285	99 G. Eri	yes
gaia:4849521486007360768	NSV 01179	100 G. Eri	yes
gaia:4849599482613358976	HIP 16015	89 G. Eri	yes
gaia:4850012314870132096	HIP 16870	y Eri	yes
gaia:4850405974392311296	HIP 14913 C	71 G. Eri C	no
gaia:4856719713756946176	HIP 17797 B	f Eri B	no
gaia:4856903813234975616	HIP 17351 B	h Eri B	no
gaia:4856903813234975744	HIP 17351	h Eri	yes
gaia:4858358982514762368	NSV 15809	g Eri	yes
gaia:4858547926715679104	HIP 17734	133 G. Eri	yes
gaia:4859106719140684800	HIP 18213	i Eri	yes
gaia:4864194125082853504	HIP 20735 B	NSV 16004 B	no
gaia:4867641437633550720	HIP 21042	233 G. Eri	yes
gaia:4869299020131460480	HIP 20467	218 G. Eri	yes
gaia:4869485073819156608	HIP 20613 C	NSV 15987 C	no
gaia:4869485078115169792	HIP 20613 B	NSV 15987 B	no
gaia:4869919144689429120	HIP 19509	188 G. Eri	yes
gaia:4878579825983429248	HIP 21486	253 G. Eri	yes
gaia:4887069052181688192	HIP 18723	163 G. Eri	yes
gaia:4889935410276933504	HIP 19095	174 G. Eri	yes
gaia:4891725758804028672	HIP 21632 A	NSV 16136 A	no
gaia:4894491786462064256	HIP 21743	258 G. Eri	yes
gaia:4894789754113817856	HIP 21324	246 G. Eri	yes
gaia:4895666099240081536	HIP 20347 D	NSV 01574 D	no
gaia:4896293027025282816	NSV 01588	216 G. Eri	yes
gaia:4897544649215563008	HIP 20106	205 G. Eri	yes
gaia:4900916679578514048	Bet-3 Tuc E	β³ Tuc	no
gaia:4900927434176620160	Bet-1 Tuc A	β¹ Tuc	no
gaia:4901229043960053248	HIP 1481	β¹ Tuc G	yes
gaia:4901802507993393664	Bet-3 Tuc F	β¹ Tuc F	no
gaia:4911275281704066048	HIP 7699	φ Eri D	yes
gaia:4911306239828325632	p Eridani	p Eri A	yes
gaia:4911306239828325760	p Eridani	p Eri B	yes
gaia:4912580642524184960	HIP 7978	q¹ Eri	yes
gaia:4912947570170211840	HIP 8241	q² Eri	yes
gaia:49295199378608000	Ome-2 Tau B	ω² Tau B	no
gaia:493650660400100736	HIP 17750 C	HIP 17749 C	no
gaia:4936685751336237056	Phi Eri A	φ Eri	yes
gaia:4937183864463433216	HIP 9085	10 G. Eri	yes
gaia:4940622209122354560	HIP 9022	9 G. Eri	yes
gaia:4943931979637939968	HIP 9642 B	NSV 00716 B	no
gaia:4946915263923114368	HIP 12413	s Eri	yes
gaia:4948885004644963968	HIP 12708 B	21 G. Eri B	no
gaia:4948885004644964096	HIP 12708	21 G. Eri	yes
gaia:4949158198924393600	HIP 13271 B	31 G. Eri B	no
gaia:4949158198924394496	HIP 13271	31 G. Eri	yes
gaia:495235125373502720	Gam Cam C	γ Cam C	yes
gaia:4968258979345754624	HIP 10191 B	YZ For B	no
gaia:4968258983641773952	HIP 10191 C	YZ For C	no
gaia:5022972468944971648	HIP 7372 C	BB Scl C	no
gaia:5037943144391354368	Eps Scl B	ε Scl B	yes
gaia:5038949163171224960	HIP 7363	168 G. Cet	yes
gaia:5043061130500922368	HIP 6789	148 G. Cet	yes
gaia:5048963240199294848	HIP 13080 B	BF For B	no
gaia:506082219905682176	HIP 7963 B	NSV 15363 B	no
gaia:5068073405123762944	HIP 10765 B	AV For B	no
gaia:507378612830913792	HIP 10855	NSV 15482 B	yes
gaia:5075117426368744320	HIP 14757	65 G. Eri	yes
gaia:5076493465169359744	Gam-1 For B	γ¹ For B	no
gaia:5077769856435476864	HIP 13008 B	27 G. Eri B	no
gaia:5077769998170352768	HIP 13008	27 G. Eri	yes
gaia:5079059656590819584	HIP 13479	35 G. Eri	yes
gaia:5087391824425538560	HIP 18068 B	NSV 15824 B	no
gaia:5088686391991213568	NSV 15793	132 G. Eri	yes
gaia:5091106043423449216	HIP 19111	173 G. Eri	yes
gaia:5091170261774464000	HIP 19037	171 G. Eri	yes
gaia:5091547462982353536	HIP 20264	212 G. Eri	yes
gaia:5092072926459785216	HIP 20892	227 G. Eri	yes
gaia:5094177735314286976	NSV 15882	166 G. Eri	yes
gaia:5095173411813002624	HIP 18029 B	HIP 18029 BC	no
gaia:5095569476517615360	HIP 18173	147 G. Eri	yes
gaia:5096514747278874240	HIP 19601	189 G. Eri	yes
gaia:5097219980909124864	HIP 18990	168 G. Eri	yes
gaia:5098203597139547136	HIP 15643	83 G. Eri	yes
gaia:509863195576354816	HIP 7232 B	NSV 00542 B	no
gaia:509863199881962368	HIP 7232 C	NSV 00542 C	no
gaia:5099455184967336832	Tau-4 Eri B	τ⁴ Eri B	no
gaia:5112189694281568768	HIP 17136	114 G. Eri	yes
gaia:5115228538262244992	HIP 17214	117 G. Eri	yes
gaia:5116018880964324096	HIP 17395	122 G. Eri	yes
gaia:5124830916905105536	HIP 10326	226 G. Cet	yes
gaia:5125921632440161408	HIP 12964	26 G. Eri	yes
gaia:5126320926959261056	HIP 11671	258 G. Cet	yes
gaia:5130081531604602752	HIP 11381	250 G. Cet	yes
gaia:5130226735858360576	HIP 11907	263 G. Cet	yes
gaia:5131602431063039744	HIP 11108	240 G. Cet	yes
gaia:5134682575449622656	HIP 9258 B	AA Cet B	no
gaia:5137320269484839936	HIP 9862	209 G. Cet	yes
gaia:5138890990564483584	HIP 7679	172 G. Cet	yes
gaia:5142880392411708416	HIP 8688	187 G. Cet	yes
gaia:5143716403501144192	HIP 11033	239 G. Cet	yes
gaia:5144262654621921536	NSV 00732	213 G. Cet	yes
gaia:5145812549405124736	HIP 11348 B	AB Cet B	no
gaia:5145955421492456960	Sig Cet A	σ Cet	no
gaia:5145956864601439488	Sig Cet B	σ Cet B	yes
gaia:5148062498087925248	HIP 9572	202 G. Cet	yes
gaia:5154489963890347392	HIP 14814	67 G. Eri	yes
gaia:5156386866262230016	HIP 14797	66 G. Eri	yes
gaia:5158072039630467072	HIP 12562	290 G. Cet	yes
gaia:5161731764084059008	HIP 16263	94 G. Eri	yes
gaia:5162217920022171136	HIP 16142	91 G. Eri	yes
gaia:5163536127088403584	HIP 16780	106 G. Eri	yes
gaia:5163917352681876736	HIP 16677	104 G. Eri	yes
gaia:5163967139942513408	HIP 17057	113 G. Eri	yes
gaia:5167055255787669888	HIP 14110	53 G. Eri	yes
gaia:5168359139139252352	HIP 15776	86 G. Eri	yes
gaia:5168901782487608704	NSV 15706	93 G. Eri	yes
gaia:5173126346679474432	HIP 13883	45 G. Eri	yes
gaia:5173295327872720768	HIP 13421	33 G. Eri	yes
gaia:5173902189571919872	HIP 12444	286 G. Cet	yes
gaia:5175014311223513984	HIP 11029	238 G. Cet	yes
gaia:517650349234855424	ι Cas	ι Cas A	yes
gaia:517650353531686144	Iot Cas B	ι Cas B	yes
gaia:5179707198649476224	HIP 14355	59 G. Eri	yes
gaia:5180879930879739392	HIP 14124	54 G. Eri	yes
gaia:5181583893199538048	NSV 01090	74 G. Eri	yes
gaia:5181749610217581440	NSV 15634	61 G. Eri	yes
gaia:5181972982876800256	NSV 15661	75 G. Eri	yes
gaia:5183213060194126080	NSV 15646	64 G. Eri	yes
gaia:5186208817062871168	HIP 13717	40 G. Eri	yes
gaia:5186421155950493952	HIP 13874	43 G. Eri	yes
gaia:5198928100718103424	δ¹ Cha	δ¹ Cha A	no
gaia:5201129116838717312	HIP 54365 B	DI Cha B	no
gaia:5205029672996886016	NSV 04856	I Car	yes
gaia:5209024611054646272	Eta Cha C	9 Cha	yes
gaia:5209038595468151168	Eta Cha A	η Cha	yes
gaia:5214590201474858624	HIP 36914	15 G. Vol	yes
gaia:5215081030337439616	HIP 39041	20 G. Vol	yes
gaia:5217948109989914624	HIP 46741	H Car	yes
gaia:5218900665015560064	HIP 44599	G Car	yes
gaia:5220131190324263680	HIP 41907	33 G. Vol	yes
gaia:5220449155343357312	NSV 18070	44 G. Vol	yes
gaia:522185735919412480	48 Cas	A Cas	yes
gaia:522186113873620224	48 Cas C	A Cas C	yes
gaia:5222191159719547776	V345 Car	E Car	yes
gaia:5223670449536556672	NSV 18118	45 G. Vol	yes
gaia:5224176190526809728	Eps Cha AB	ε Cha A	no
gaia:522575547147576192	HIP 5688 B	V761 Cas B	no
gaia:522864272041351296	Gl 51	NSV 15225 B	yes
gaia:5230050984233178112	HD 311619 A		no
gaia:5230380631566903808	HIP 51438	K Car	yes
gaia:5237611398000522880	HIP 55779	31 G. Cen	yes
gaia:5240904332257696896	HIP 54130 B	V530 Car B	no
gaia:5241038575754368896	HIP 54301	z Car	yes
gaia:5243364004165663872	HIP 47892 B	V488 Car B	no
gaia:5244908650496436224	HIP 50204 D	HIP 50217 D	no
gaia:5245074230075552128	HIP 50847	L Car	yes
gaia:5245345500221851264	HIP 50083	M Car	yes
gaia:5246308981650854144	HIP 50038 B	NSV 18361 B	no
gaia:5251098523021221376	NSV 04577	m Car	yes
gaia:5251822139120626432	HIP 51794 B	NSV 04903 B	no
gaia:5253347574087339776	V337 Car	q Car	yes
gaia:525362328096944000	HIP 6156 C	NSV 15274 C	no
gaia:525362809132485248	HIP 6156 B	NSV 15274 B	no
gaia:5253796346624992128	PP Car	p Car	yes
gaia:5254185333179488768	V520 Car	w Car	yes
gaia:5254541368828470784	NSV 04909	t¹ Car	yes
gaia:5255378028454342272	NSV 04869	s Car	yes
gaia:5264068568322756864	HIP 35946	11 G. Vol	yes
gaia:5264684329193948672	HIP 37720	18 G. Vol	yes
gaia:5266847068565574400	HIP 32332	4 G. Vol	yes
gaia:5268540247752835200	HIP 34270	7 G. Vol	yes
gaia:5269915839879464576	HIP 41451	30 G. Vol	yes
gaia:5271620216042820224	HIP 42850	40 G. Vol	yes
gaia:5272144584309859840	HIP 43414	43 G. Vol	yes
gaia:5272537590997530112	HIP 42895	41 G. Vol	yes
gaia:5275049837626917504	HIP 38210	19 G. Vol	yes
gaia:5275275134431594112	HIP 37773	17 G. Vol	yes
gaia:5275962500997316864	NSV 17714	D Car	yes
gaia:5276027024288944128	HIP 40680	24 G. Vol	yes
gaia:5276224837600562816	HIP 41321	28 G. Vol	yes
gaia:5277370356917351808	HIP 40429	C Car	yes
gaia:527956488339113600	HIP 2552 B	V547 Cas B	no
gaia:5280799218287640448	HIP 33682	6 G. Vol	yes
gaia:5288387527849406592	HIP 36346	12 G. Vol	yes
gaia:5289757523635492096	HIP 39903	B Car	yes
gaia:5294043179442099200	HIP 38416 B	V459 Car B	no
gaia:5297336148056940544	NSV 18151	i Car	yes
gaia:5298600105394226432	HIP 45856	k Car	yes
gaia:5300534077635861888	V357 Car	a Car	yes
gaia:5300734910309994240	NSV 04440	g Car	yes
gaia:5301472064124336000	HIP 43783	c Car	yes
gaia:5302503371669042688	V343 Car	d Car	yes
gaia:5303126622967647488	HIP 44143	b² Car	yes
gaia:5303286052150068352	V376 Car	b¹ Car	yes
gaia:5305373440633087360	HIP 46974	h Car	yes
gaia:5309205822766572032	HIP 47717	O Vel	yes
gaia:53112944270520832	39 Tau	A² Tau	yes
gaia:5311599390863537408	HIP 45570 C	DK Vel C	no
gaia:5312280194717013120	HIP 46283	I Vel	yes
gaia:5312887640522116992	HIP 46950	L Vel	yes
gaia:5313517488885866752	HIP 45631	K Vel	yes
gaia:5314867964037116800	HIP 42129	e¹ Car	yes
gaia:5314918610293463168	HIP 42134	e² Car	yes
gaia:5316203492710565376	HIP 41906 B	V470 Car B	no
gaia:53164002842376832	37 Tau	A¹ Tau	yes
gaia:5316544444397971072	V344 Car	f Car	yes
gaia:531667443162413184	Psi Cas C	ψ Cas C	yes
gaia:531667443162413312	Psi Cas D	ψ Cas D	yes
gaia:5318496764728574848	HIP 42715 D	HY Vel D	no
gaia:5321311583211895680	GU Vel	F Vel	yes
gaia:5321960810472050944	HV Vel	E Vel	yes
gaia:5322904913005317888	HIP 42088	C Vel	yes
gaia:5323643028911351808	HIP 43878	H Vel	yes
gaia:5328070556069468416	HIP 42834	D Vel	yes
gaia:5329412200783621120	HIP 42624	n Vel	yes
gaia:5329693847558732288	KX Vel	f Vel	yes
gaia:5329941409468845824	HIP 43023	a Vel	yes
gaia:5330160246631998848	HIP 44511	c Vel	yes
gaia:5330362247534285696	HIP 43812 C	OV Vel C	no
gaia:5330362453688666880	HIP 43812 B	OV Vel B	no
gaia:5331441693076149248	HIP 43347	g Vel	yes
gaia:5333074089931966592	NSV 05385	79 G. Cen	yes
gaia:5333141675530343936	NSV 05357	j Cen	yes
gaia:5333322682632114560	NSV 18869	62 G. Cen	yes
gaia:5333575398489755520	HIP 56890	NSV 18833 B	yes
gaia:5334135702753475200	NSV 18841	58 G. Cen	yes
gaia:5334154806761557504	NSV 18821	54 G. Cen	yes
gaia:5334459474589681536	NSV 18766	33 G. Cen	yes
gaia:5334559392706536192	HIP 58456 B	NSV 19080 B	no
gaia:5334608080460780672	NSV 18951	70 G. Cen	yes
gaia:5335674056976877952	HIP 56656	52 G. Cen	yes
gaia:5335747037069380608	HIP 56606	50 G. Cen	yes
gaia:5337105105696383360	V371 Car	z² Car	yes
gaia:5337672556798367360	V533 Car	y Car	yes
gaia:5337891256535666176	V382 Car	x Car	yes
gaia:5338833263117260672	NSV 05011	u Car	yes
gaia:5339154595392401024	HIP 55149 A		no
gaia:5339393979667360512	HIP 54543 B	ER Car B	no
gaia:5340161163919802240	HIP 54294 B	NSV 05091 B	no
gaia:5342057615306088192	HIP 58041	76 G. Cen	yes
gaia:5342102317328224128	HIP 57870	74 G. Cen	yes
gaia:5344985442961439872	HIP 56480	A Cen	yes
gaia:5345847185210836736	HIP 55581	27 G. Cen	yes
gaia:5346659311979165184	π Cen	π Cen A	yes
gaia:5347621934395741568	HIP 54840	13 G. Cen	yes
gaia:5348142793675309056	HIP 55849	32 G. Cen	yes
gaia:5349528968592520704	HIP 54264	2 G. Cen	yes
gaia:5349556044067087744	HIP 54291	3 G. Cen	yes
gaia:5350041444088821248	HIP 54783	10 G. Cen	yes
gaia:5350176752737354624	HIP 54746	9 G. Cen	yes
gaia:5350588691660896128	NSV 04922	t² Car	yes
gaia:5351595878668219776	NSV 04904	r Car	yes
gaia:5351701122540337792	V399 Car	P Car	yes
gaia:5352174702807141632	HIP 52154	x Vel	yes
gaia:5352174805905137920	HIP 52154 B	x Vel B	no
gaia:5354994812705906432	MV Vel	J Vel	yes
gaia:5356991663260068480	HIP 49712	Q Vel	yes
gaia:5362249115531251840	HIP 54380	5 G. Cen	yes
gaia:5364580148905328256	HIP 51986	p Vel	yes
gaia:5364900106787969536	HIP 51635	t Vel	yes
gaia:5367389229311297280	NSV 18434	s Vel	yes
gaia:5369005236530881152	HIP 58453	85 G. Cen	yes
gaia:5370395706424118784	NSV 05253	43 G. Cen	yes
gaia:5371721408207458688	HIP 57322	63 G. Cen	yes
gaia:5372067238973153664	HIP 56700	C³ Cen	yes
gaia:5372082838294397952	HIP 56573	C² Cen	yes
gaia:5372183546686006400	V763 Cen	C¹ Cen	yes
gaia:5374890028917212416	HIP 54718	7 G. Cen	yes
gaia:5376592141634241408	NSV 18698	11 G. Cen	yes
gaia:5376714908981433216	HIP 54929	15 G. Cen	yes
gaia:5376754422678748672	HIP 55528	25 G. Cen	yes
gaia:5377412961426910592	HIP 58242	81 G. Cen	yes
gaia:5377909459643206144	HIP 58452	84 G. Cen	yes
gaia:5378174716824935040	HIP 57803	B Cen	yes
gaia:5378486634530999808	NSV 05317	64 G. Cen	yes
gaia:5379417096244434176	HIP 57013	59 G. Cen	yes
gaia:5382258371728407680	HIP 56000	34 G. Cen	yes
gaia:5382971164500943104	HIP 55667	28 G. Cen	yes
gaia:5383289266958512384	HIP 55133	22 G. Cen	yes
gaia:5384410837537766784	NSV 18789	39 G. Cen	yes
gaia:5386069210310132096	HIP 56632	49 G. Cen	yes
gaia:5389799921983524864	HIP 53773	i Vel	yes
gaia:5397046115926029056	HIP 55130	20 G. Cen	yes
gaia:5397652084272244480	NSV 18765	30 G. Cen	yes
gaia:5398114596413589120	HIP 55756	29 G. Cen	yes
gaia:5398536637078578048	QT Hya	281 G. Hya	yes
gaia:5398838560397608704	HIP 55588	26 G. Cen	yes
gaia:5402213958015309568	HIP 55164	279 G. Hya	yes
gaia:5403454619447879424	NSV 05129	275 G. Hya	yes
gaia:5403632465453998336	NSV 05111	272 G. Hya	yes
gaia:5408824462456313472	HIP 47520 B	NSV 18251 B	no
gaia:5409223585178017152	HIP 47175	M Vel	yes
gaia:5411300287757211392	NSV 04658	m Vel	yes
gaia:5411554000064990720	HIP 48224	u Vel	yes
gaia:5416484244558878080	NSV 04837	r Vel	yes
gaia:5416916936743969152	HIP 50191	q Vel	yes
gaia:5424835172813227776	HIP 47267	y Vel	yes
gaia:5427054429650918400	HIP 45189 B	KL Vel B	no
gaia:5427085976191999616	HIP 45344	z Vel	yes
gaia:5428469432401129216	HIP 44550 B	V405 Vel B	no
gaia:5430559333427264640	HIP 45439	l Vel	yes
gaia:5449958291946286336	NSV 05041	259 G. Hya	yes
gaia:5451396556234585728	HIP 52841	252 G. Hya	yes
gaia:5451717647987608448	HIP 54030	263 G. Hya	yes
gaia:5451896799663667200	HIP 53818	260 G. Hya	yes
gaia:5452501874658289280	HIP 54430	270 G. Hya	yes
gaia:5466110667513478400	HIP 50066	205 G. Hya	yes
gaia:5467390945725264384	NSV 18421	224 G. Hya	yes
gaia:5467640122547290880	HIP 51551	227 G. Hya	yes
gaia:5473488150018236928	NSV 18362	206 G. Hya	yes
gaia:5473711076000585216	HIP 50728	213 G. Hya	yes
gaia:5474318762333196544	HIP 51795	231 G. Hya	yes
gaia:5479782647926975360	HIP 31878	AK Pic C	yes
gaia:5481848355399272704	HIP 30314 B	NSV 16855 B	no
gaia:5486710017858371456	HIP 35374 B	NSV 17431 B	no
gaia:5492026740698525696	HIP 35564 B	NSV 17441 B	no
gaia:5492385009689408640	NSV 03661	Q Car	yes
gaia:5497225747068168448	V448 Car	O Car	yes
gaia:5498380887112159488	V415 Car	A Car	yes
gaia:5501284972198817536	HIP 31407	N Car	yes
gaia:5506275586760552320	HIP 37043	y² Pup	yes
gaia:5506374096132016512	MY Pup	y³ Pup	yes
gaia:5508149631314682752	HIP 34059	H Pup	yes
gaia:5508296008091890944	HIP 33455 C	NSV 17261 C	no
gaia:5509770796785820416	QW Pup	I Pup	yes
gaia:5511635499783885440	OU Pup	L¹ Pup	yes
gaia:5511804927657798400	HIP 35347	M Pup	yes
gaia:5512046236100852096	HIP 36611 C	HIP 36609	no
gaia:5515197573870886784	NSV 17873	B Vel A	yes
gaia:5515464132422751488	HIP 41616 B	A Vel B	no
gaia:5515464136727687296	HIP 41616	A Vel	yes
gaia:5517171678274556672	HIP 38957 C	V Pup C	no
gaia:5517171678276669952	HIP 38957 B	V Pup B	no
gaia:5517172051934434176	HIP 38957 D	V Pup D	no
gaia:5518235833732209536	NSV 17653	J Pup	yes
gaia:5518646462668896768	HIP 39083	V410 Pup C	yes
gaia:5519121043675092864	HIP 38917	O Pup	yes
gaia:5519219931001716736	Gam-2 Vel D	γ² Vel D	no
gaia:5519219931004461184	Gam-2 Vel E	γ² Vel E	no
gaia:5519219999721187968	Gam-2 Vel C	γ² Vel C	no
gaia:5519266900766220800	Gam-2 Vel B	γ¹ Vel	no
gaia:5521599549054493696	NSV 04199	b Vel	yes
gaia:5523539671667837952	HIP 42312	e Vel	yes
gaia:5524834518404115840	HIP 42884	d Vel	yes
gaia:5525583251467649536	HIP 43325	h Vel	yes
gaia:5525970966757976320	HIP 41246 B	NSV 17883 B	no
gaia:5528147999779516672	HIP 41361 B	NSV 17892	no
gaia:5530571254685558144	HIP 38089	Q Pup	yes
gaia:5530670107652889344	HIP 38164	P Pup	yes
gaia:5531457323620806528	NSV 17679	N Pup	yes
gaia:5537302945910490240	HIP 38414	a Pup	yes
gaia:5537733610870346880	QZ Pup	b Pup	yes
gaia:5538814190283894656	NSV 03723	c Pup	yes
gaia:5539754169644892032	HIP 40326	h² Pup	yes
gaia:5540591825707339648	NS Pup	h¹ Pup	yes
gaia:5541379935031012608	HIP 40706	q Pup	yes
gaia:5544672044638408832	MX Pup	r Pup	yes
gaia:5546234927394209536	HIP 40563 A		no
gaia:5546234931689028480	HIP 40563 B		no
gaia:5546476755539995008	HIP 40233 D	RS Pup D	no
gaia:5546867769366902400	HIP 40945	w Pup	yes
gaia:5550686235794064256	HIP 30591	G Pup	yes
gaia:5550862879207742976	HIP 31634 B	NSV 03058 B	no
gaia:5561373145220096640	HIP 34802	E Pup	yes
gaia:5561916578843653504	HIP 35393	F Pup	yes
gaia:5562659161507580800	NSV 17330	C Pup	yes
gaia:5563671227600647552	HIP 33487 B	V358 Pup B	no
gaia:5564307363797730048	NSV 17352	D Pup	yes
gaia:5564659825994306176	NSV 03431	A Pup	yes
gaia:5577192609282436480	HIP 32537	x Pup	yes
gaia:5579625175681043968	HIP 33558	t Pup	yes
gaia:5580229559184884224	HIP 31457 B	NSV 16928 B	no
gaia:5580229765339697024	HIP 31457 C	NSV 16928 C	no
gaia:5583323314320455936	HIP 32810 BC	HZ CMa BC	no
gaia:5585285049228526080	HIP 37297	d¹ Pup	yes
gaia:5585775259613338368	HIP 36363	y Pup	yes
gaia:5586786020039670144	HIP 37329	d³ Pup	yes
gaia:5586820585936041600	V468 Pup	d⁴ Pup	yes
gaia:5587229982219281152	HIP 37223	e Pup	yes
gaia:5587933566581112192	OW Pup	z Pup	yes
gaia:5588607120530408832	HIP 37853	171 G. Pup	yes
gaia:5588614164276695424	HIP 37853 B	171 G. Pup B	no
gaia:5589305482213195648	Pi Pup B	π Pup B	yes
gaia:5589311357728452608	Pi Pup A	π Pup	no
gaia:5589411172768195840	NV Pup	v¹ Pup	yes
gaia:5589416086209311872	NW Pup	v² Pup	yes
gaia:5592886110541705216	HIP 35957 D	NSV 03584 D	no
gaia:5592886110553681024	HIP 35957 C	NSV 03584 C	no
gaia:5596975125580580736	NSV 03830	χ Pup	yes
gaia:5599824647403389952	3 Pup	l Pup	yes
gaia:5600965699955273472	HIP 39352 B	NSV 17718 B	no
gaia:5605469299570245504	HIP 36349 C	V372 Pup C	no
gaia:5610441600394646016	Nganurganity	Unurgunite	yes
gaia:5611678276101933056	HIP 36890	p Pup D	yes
gaia:5612056164501840768	HIP 36917	p Pup	yes
gaia:5612323414549657728	NSV 03673	k² Pup	yes
gaia:5614158258941878144	PU Pup	m Pup	yes
gaia:5618420137803146240	HIP 36817 B	n Pup B	no
gaia:5618420137803147008	NSV 17513	n Pup A	yes
gaia:5619903241548935808	HIP 35997 B	NSV 17467 B	no
gaia:5620520617327833216	NSV 04346	w Vel	yes
gaia:5622894737807583104	HIP 45386	k¹ Vel	yes
gaia:5622922534836821120	HIP 45448	k Vel	yes
gaia:562617492891158272	HIP 10285	NSV 15448 B	yes
gaia:5627900058328550784	HIP 44443 C	HIP 44442 C	no
gaia:5641572760306688256	HIP 43947 B	HIP 43946	no
gaia:5658833409227824640	HIP 48763	185 G. Hya	yes
gaia:5659603617123861248	HIP 49339	193 G. Hya	yes
gaia:5660602557795903616	OY Hya	188 G. Hya	yes
gaia:5660986837109622400	HIP 48584	182 G. Hya	yes
gaia:5663079104658242560	NSV 18219	149 G. Hya	yes
gaia:5663166996869197312	HIP 46897	162 G. Hya	yes
gaia:5663583299457858816	NSV 18247	I Hya	yes
gaia:5668634627675287680	NSV 18389	217 G. Hya	yes
gaia:5669349344592951936	HIP 50013	204 G. Hya	yes
gaia:566936237123439360	U Cep	υ Cep	yes
gaia:566936237124917504	HIP 4843 B	υ Cep B	no
gaia:5672652724199483136	HIP 49319	192 G. Hya C	yes
gaia:5672652758559220224	HIP 49321	192 G. Hya	yes
gaia:5672842699192770432	HIP 49569	195 G. Hya	yes
gaia:5674214511747100288	HIP 49689	197 G. Hya	yes
gaia:5675226784000789504	HIP 46371	G Hya	yes
gaia:5676911545051183872	HIP 46880	160 G. Hya	yes
gaia:5677159862880227712	HIP 46511	148 G. Hya	yes
gaia:5677706148360328832	HIP 47070 B	165 G. Hya B	no
gaia:5677706182720068480	HIP 47070	165 G. Hya	yes
gaia:5678116055742953216	HIP 46813	156 G. Hya	yes
gaia:5679582499313038080	HIP 45158	107 G. Hya	yes
gaia:5681062540747755776	HIP 44923	102 G. Hya	yes
gaia:5683294588007263360	HIP 45743	121 G. Hya	yes
gaia:5683324377900390016	HIP 45854	126 G. Hya	yes
gaia:5683848604428698112	HIP 47537 B	NSV 18248 B	no
gaia:5684565035037564928	HIP 48396	179 G. Hya	yes
gaia:56858946024989952	HIP 17076 C	V1082 Tau C	no
gaia:56861660442751872	HIP 17076 B	V1082 Tau B	no
gaia:5688438928035529984	HIP 46618	150 G. Hya	yes
gaia:5689865269494598656	HIP 46859	158 G. Hya	yes
gaia:5692360611133688192	HIP 47454	172 G. Hya	yes
gaia:5696941554537343104	HIP 41418 A		no
gaia:5709058447549378304	HIP 43152	63 G. Hya	yes
gaia:5711199471578643200	11 Pup	j Pup	yes
gaia:5722446169849340288	HIP 41893	29 G. Hya	yes
gaia:5728598624600258304	HIP 44162	89 G. Hya	yes
gaia:5728949987284814848	HIP 43798	80 G. Hya	yes
gaia:5729969440722976768	NSV 04321	84 G. Hya	yes
gaia:5730035892456662656	HIP 43623	74 G. Hya	yes
gaia:5730371484020807808	HIP 44075	88 G. Hya	yes
gaia:5730654230307807744	NSV 18090	82 G. Hya	yes
gaia:5730925019405896960	HIP 44888	100 G. Hya	yes
gaia:5731491508412176768	NSV 04431	111 G. Hya	yes
gaia:5731532602659217664	HIP 45559	118 G. Hya	yes
gaia:5731702992601861248	HIP 45305	109 G. Hya	yes
gaia:5734968232899013376	HIP 43580	73 G. Hya	yes
gaia:5735066776630042112	12 Hya	D Hya	yes
gaia:5736048503072993152	HIP 44936	101 G. Hya	yes
gaia:5739254266662449792	HIP 45543	117 G. Hya	yes
gaia:5740235305912262528	HIP 46744	153 G. Hya	yes
gaia:5740335189671721344	HIP 46768	154 G. Hya	yes
gaia:5741852137761115392	HIP 46869	157 G. Hya	yes
gaia:5742848123496954112	27 Hya B	P Hya B	yes
gaia:5742848123496954496	27 Hya C	P Hya C	yes
gaia:5742852762061978880	27 Hya A	P Hya	yes
gaia:5744858885451276544	HIP 45838 A		no
gaia:5744858889745165696	HIP 45838 B		no
gaia:5745092432887588352	HIP 46893	159 G. Hya	yes
gaia:5747442879511136640	6 Hya	a Hya	yes
gaia:5747489505675791104	HIP 42701	48 G. Hya	yes
gaia:5749153857042554752	HIP 43035	58 G. Hya	yes
gaia:5751972798698387840	HIP 41597	27 G. Hya	yes
gaia:5752943976703360128	HIP 41547	26 G. Hya	yes
gaia:5754141722822178432	HIP 42835	F Hya	yes
gaia:5754144742183016704	HD 74394	F Hya B	yes
gaia:5755010405726607360	HIP 41834 C	VZ Hya C	no
gaia:5755596651583687552	HIP 42299	37 G. Hya	yes
gaia:5760189723970019072	HIP 43204	65 G. Hya	yes
gaia:5764519360241326080	HIP 44356	92 G. Hya	yes
gaia:5769608209295673984	ι Oct	ι Oct A	yes
gaia:579147000944785792	HIP 45167	105 G. Hya	yes
gaia:580462497887595904	NSV 18147	104 G. Hya	yes
gaia:5811866358170877184	HIP 84586 B	V824 Ara B	no
gaia:581578502191289344	HIP 43902	81 G. Hya	yes
gaia:582039296346268032	HIP 43570	71 G. Hya	yes
gaia:582157738659724800	HIP 42854	50 G. Hya	yes
gaia:582263532294133760	HIP 42981	54 G. Hya	yes
gaia:5832716259773997440	HIP 77927 B	NSV 07310 B	no
gaia:5832716294133739648	HIP 77927 D	NSV 07310 D	no
gaia:583286146827230592	HIP 44315	90 G. Hya	yes
gaia:5835124121463456896	HIP 79932 J	S Nor J	no
gaia:5835692225477389568	Iot-1 Nor C	ι¹ Nor C	no
gaia:5836666560185012352	HIP 58520 D		no
gaia:5836666564476158336	Eps Cha C	ε Cha C	yes
gaia:5836666564480769280	HIP 58520 E		no
gaia:5838154100636182016	HIP 59151	λ Cha	yes
gaia:5845487808846539776	Eta Mus B	η Mus B	yes
gaia:5845487911944804864	Eta Mus C	η Mus C	yes
gaia:5848137425708585344	HIP 71668 Ab	CK Cir Ab	no
gaia:5848625815044880640	HIP 72438 C	CO Cir C	no
gaia:5848625815053920256	HIP 72438 B	CO Cir B	no
gaia:5850333868501248	HIP 12862	297 G. Cet	yes
gaia:5853903814472003968	HIP 69065	313 G. Cen	yes
gaia:5854627705415864576	HIP 70035	334 G. Cen	yes
gaia:5855802671045627648	Bet Mus B	β Mus B	yes
gaia:5858915766471941248	The Mus B	θ Mus B	yes
gaia:5862172141935811968	HIP 64624 B	NSV 19660 B	no
gaia:5862235020263899008	HIP 64395	180 G. Cen	yes
gaia:5862478321535378688	HIP 64564 B	NSV 19654 B	no
gaia:5863955755975070464	HIP 66681	243 G. Cen	yes
gaia:5864427996198128640	HIP 68191	294 G. Cen	yes
gaia:5864836602250358528	HIP 65387	m Cen	yes
gaia:5864837697361427072	HIP 65479 C	215 G. Cen C	no
gaia:5864837701762139776	HIP 65479	215 G. Cen	yes
gaia:5866041490793111936	HIP 68339 B	V1202 Cen B	no
gaia:5866342142821746432	HIP 68413	299 G. Cen	yes
gaia:5867709832216848128	NSV 06544	310 G. Cen	yes
gaia:5868451109212716928	HIP 65970 H	V659 Cen H	no
gaia:5869474548409857024	HIP 65271	J Cen	yes
gaia:5869474617129630976	V790 Cen	J Cen Ca	yes
gaia:5869816805762242560	HIP 65108	200 G. Cen	yes
gaia:5870072407854357888	NSV 19920	251 G. Cen	yes
gaia:5870339039413800192	HIP 66521	238 G. Cen	yes
gaia:5870424217211924224	HIP 66575	242 G. Cen	yes
gaia:5871555889550055936	HIP 68670	305 G. Cen	yes
gaia:5874031027625742848	HIP 72773 C	AX Cir C	no
gaia:5875492519159307392	HIP 74750 B	NSV 20282 B	no
gaia:5876786747391373696	γ Cir	γ Cir A	yes
gaia:5877472464676660480	HIP 72264 E	BP Cir E	no
gaia:5878757690678047232	HIP 71333	354 G. Cen	yes
gaia:5882581895192805632	HIP 76629 B	V343 Nor B	no
gaia:5884729035245399424	HIP 77913 B	SY Nor B	no
gaia:5884729035255068800	HIP 77913 C	SY Nor C	no
gaia:588904994842564480	ω Leo	ω Leo A	yes
gaia:589052776077097088	6 Leo	h Leo	yes
gaia:5890874137024433792	HIP 70798	349 G. Cen	yes
gaia:5891112112577938816	HIP 70264	340 G. Cen	yes
gaia:5892368991819163136	HIP 70069	v Cen	yes
gaia:5893245062075169152	HIP 71746	365 G. Cen	yes
gaia:5895083892166190976	HIP 72290	b Lup	yes
gaia:5896820467691187968	HIP 69191	321 G. Cen	yes
gaia:5896987112426957696	HIP 69655	329 G. Cen	yes
gaia:5896989689407677056	HIP 69462	324 G. Cen	yes
gaia:589720969909457792	GS Leo	GS Leo A	yes
gaia:589720969909458176	GS Leo	GS Leo B	yes
gaia:5900079042218195840	HIP 73095	c Lup	yes
gaia:5902970620350884736	HIP 74915	μ¹ Lup Ca	yes
gaia:5902970689077010304	μ Lup	μ¹ Lup	yes
gaia:5910645928752037120	HIP 85815 B	NSV 22309 B	no
gaia:5918461021173369984	HIP 87914 B	NSV 24042 B	no
gaia:5921022161722960512	V539 Ara	υ¹ Ara	yes
gaia:5922299416284639232	Gam Ara B	γ Ara B	yes
gaia:5923906524348891904	Eps-2 Ara C	ε² Ara C	no
gaia:5929765615663393280	HD 152319 C	NSV 20838 C	no
gaia:5932565899990412672	HD 144972 B	QZ Nor B	no
gaia:5932812740361508736	HIP 78797 B	RS Nor B	no
gaia:5936759471698278272	V846 Ara	ρ¹ Ara	yes
gaia:5940954177264756736	HIP 81702 B	NSV 20732 B	no
gaia:5940954898814487168	HIP 81696	NSV 20732 Ca	yes
gaia:5941151986262863488	HIP 81100 B	NSV 07808 B	no
gaia:5941405217505610624	HIP 80448 B	NSV 20615 B	no
gaia:5945048071337531776	HIP 87379	ν² Ara	yes
gaia:5951165616611763456	NSV 21372	41 G. Ara	yes
gaia:5951165616635298816	HIP 84720 B	41 G. Ara B	no
gaia:5951986642593462912	HIP 85389 B	NSV 08637 B	no
gaia:5958340445417865216	HIP 85818 B	NSV 22409 B	no
gaia:5960623340819000192	HIP 86269 D	V950 Sco D	no
gaia:5961830948155839360	NSV 09205	Q Sco	yes
gaia:5966509262703200256	HD 326331 B	NSV 08026 B	no
gaia:5966509885480893824	HIP 82691 C	V1007 Sco C	no
gaia:5966509885480897792	HIP 82691 B	V1007 Sco B	no
gaia:5969698194333783936	HIP 82936 B	NSV 08060 B	no
gaia:5969698194333933056	HIP 82936 C	NSV 08060 C	no
gaia:5970189332424492160	HD 152705	V914 Sco C	yes
gaia:5970189504209690496	HIP 82926 B	V914 Sco B	no
gaia:5975663354131618304	HIP 84709 C	NSV 08482 C	no
gaia:5978207447948294016	V1073 Sco	k Sco	yes
gaia:598314443554350464	49 Cnc	b Cnc	yes
gaia:5983378313685837952	HIP 78808 C	V384 Nor C	no
gaia:5989092995330833152	HIP 76829 H	g Lup H	no
gaia:5989102478619519616	HIP 76829	g Lup	yes
gaia:5997082081177907712	HIP 79081 B	V1027 Sco B	no
gaia:5997082081179308544	HIP 79080 D	V1027 Sco D	no
gaia:599730751970496640	36 Cnc	c Cnc	yes
gaia:5998019895874780928	Eta Lup A	η Lup	yes
gaia:5998065285088239360	Eta Lup C	η Lup C	yes
gaia:5998066831276471424	Eta Lup B	η Lup B	yes
gaia:6001046782644084736	KT Lup	d Lup A	yes
gaia:6001918454867011584	HIP 76435 C	NSV 20347 C	no
gaia:6002777448330124160	Gam Lup B	γ Lup B	yes
gaia:6003314456673154048	NSV 20269	e Lup	yes
gaia:6006429373106563712	HIP 75501	k Lup	yes
gaia:6009789205765529472	HIP 76939	h Lup	yes
gaia:6014696841553696896	HIP 77157 B	HT Lup B	no
gaia:601994405893360768	50 Cnc	A² Cnc	yes
gaia:6020624858523492352	NSV 07844	H Sco	yes
gaia:602321510603179264	45 Cnc	A¹ Cnc	yes
gaia:6023633156682206720	HIP 80911	N Sco	yes
gaia:6026412893860431360	HIP 83059 B	RV Sco B	no
gaia:6034008973015014528	HIP 81939 B	NSV 07935 B	no
gaia:6039093149153220480	HIP 79881	d Sco	yes
gaia:6042159790157494784	12 Sco B	c¹ Sco B	yes
gaia:6042226413691523712	13 Sco	c² Sco	yes
gaia:6046050824364599936	22 Sco	i Sco	yes
gaia:6047774068323724288	HIP 81728	36 G. Oph	yes
gaia:6047858490197870720	HIP 81624 B	V2307 Oph B	no
gaia:6049891521556879616	HIP 79530 B	V1051 Sco B	no
gaia:6050943410590451328	Rho Oph B	ρ Oph B	yes
gaia:6050943410590451456	Rho Oph A	ρ Oph	yes
gaia:6050944063425483520	HIP 80461	ρ Oph D	yes
gaia:6050945747052676352	Rho Oph C	ρ Oph C	yes
gaia:6054935806074179840	HIP 60455 C	R Cru C	no
gaia:6054935874780531328	HIP 60455 B	R Cru B	no
gaia:6055724499483732096	HD 112245 B	FT Cru B	no
gaia:6056116647209586432	HIP 64033	174 G. Cen	yes
gaia:6059762524642419968	HD 110945 B	X Cru B	no
gaia:6060547163656965120	Mu-1 Cru A	μ¹ Cru	no
gaia:6060547335455660032	Mu-1 Cru B	μ² Cru	no
gaia:6061924576870555008	HIP 64478 B	186 G. Cen B	no
gaia:6061924645561038208	NSV 19650	186 G. Cen	yes
gaia:6062166950467100032	HIP 64583	191 G. Cen	yes
gaia:6062236185335301888	HIP 64580	190 G. Cen	yes
gaia:6063901120782965248	NSV 06193	203 G. Cen	yes
gaia:6064141432806909696	NSV 19931	253 G. Cen	yes
gaia:6064815983175273856	HIP 68101	291 G. Cen	yes
gaia:6065011902400559872	HIP 67199	263 G. Cen	yes
gaia:6065193287457478400	HIP 67836	283 G. Cen	yes
gaia:6065381024758288128	HIP 66821	Q Cen A	yes
gaia:6065984557860591360	HIP 67703	N Cen	yes
gaia:6067992334818940032	HIP 64053	177 G. Cen	yes
gaia:6068501168182306304	NSV 19748	209 G. Cen	yes
gaia:6069335903658036480	NSV 06434	M Cen	yes
gaia:6069649917314597504	HIP 67304	269 G. Cen	yes
gaia:6069653971763801344	HIP 67292	268 G. Cen	yes
gaia:6069657270297643904	NSV 19933	254 G. Cen	yes
gaia:6070059279238254464	HIP 65810	K Cen	yes
gaia:6071671369457586688	HD 108925	γ Cru	yes
gaia:6073719656523326848	HIP 62861	148 G. Cen	yes
gaia:6073847509116962944	V823 Cen	155 G. Cen	yes
gaia:6074161385328709120	HIP 62821	147 G. Cen	yes
gaia:6075027731770280960	HIP 62703	142 G. Cen	yes
gaia:6075953898506794496	NSV 05544	F Cen	yes
gaia:6077604196752635648	HIP 60710	G Cen	yes
gaia:6079254941659027456	HIP 61557	130 G. Cen	yes
gaia:6079851839031910656	HIP 62655	141 G. Cen	yes
gaia:6080644380758638976	HIP 64933	198 G. Cen	yes
gaia:6080835764501389568	HIP 64515	189 G. Cen	yes
gaia:6081364732673284864	V945 Cen	H Cen	yes
gaia:6082052305396770688	HIP 64623	193 G. Cen	yes
gaia:6082541828589164032	NSV 19806	222 G. Cen	yes
gaia:6082559798731368448	HIP 65606	220 G. Cen	yes
gaia:6082997881094443776	HIP 66236	232 G. Cen	yes
gaia:6083356356243364224	NSV 19757	210 G. Cen	yes
gaia:6083583340972146048	HIP 65288 A		no
gaia:6083583340977877888	HIP 65288 B		no
gaia:6084002083108541952	HIP 66454	239 G. Cen	yes
gaia:6085229378603010688	HIP 63945	f Cen	yes
gaia:6085229408665620864	HIP 63945 B	f Cen B	no
gaia:6085579126381717504	HIP 62867	e Cen	yes
gaia:6085864655805669120	NSV 19504	144 G. Cen	yes
gaia:6086154926875943040	V947 Cen	168 G. Cen	yes
gaia:6086736499808285824	HIP 65144	205 G. Cen	yes
gaia:6090072894822497280	HIP 67973	288 G. Cen	yes
gaia:6090521362429611136	HIP 68333	298 G. Cen	yes
gaia:6091088744790298624	HIP 69011	317 G. Cen	yes
gaia:6095040527016142464	HIP 67663	278 G. Cen	yes
gaia:6095384532415991296	HIP 68079	293 G. Cen	yes
gaia:6096524382383054720	HIP 69671	332 G. Cen	yes
gaia:6097682722176452992	HIP 69113	319 G. Cen	yes
gaia:6097682722176453376	HIP 69113 D	319 G. Cen D	no
gaia:6102912583593126528	HIP 70580	347 G. Cen	yes
gaia:6103196395033219584	HIP 71353	357 G. Cen	yes
gaia:6103462236327605760	HIP 70966	350 G. Cen	yes
gaia:6104499385029860864	HIP 70626	348 G. Cen	yes
gaia:6104959942962995840	NSV 20137	359 G. Cen	yes
gaia:6105126037938185088	HIP 71429	358 G. Cen	yes
gaia:6105450462589820288	HIP 72296	373 G. Cen	yes
gaia:6105562299236842240	HIP 71581	361 G. Cen	yes
gaia:6105713692544123520	HIP 71865	b Cen	yes
gaia:6106080654549716864	HIP 70987	351 G. Cen	yes
gaia:6109388775800560256	HIP 68872	312 G. Cen	yes
gaia:6109883006277134976	HIP 69598	330 G. Cen	yes
gaia:6111161291626172416	HIP 68493	302 G. Cen	yes
gaia:6111468124088702080	HIP 66427	236 G. Cen	yes
gaia:6112257264193158784	HIP 66984 C	258 G. Cen C	no
gaia:6112358006954796416	HIP 66924	256 G. Cen	yes
gaia:6113418722133761664	HIP 66656	248 G. Cen	yes
gaia:611482710204031232	HIP 43751 B	IK Cnc B	no
gaia:6115831776496642304	HIP 67648	279 G. Cen	yes
gaia:6116497702589633152	V761 Cen	a Cen	yes
gaia:6117782859888638464	HIP 69995	337 G. Cen	yes
gaia:6119752463163333632	HIP 70243	341 G. Cen	yes
gaia:6121891150717475200	HIP 67819 B	y Cen B	no
gaia:6126205222038956544	HIP 59439	100 G. Cen	yes
gaia:6126340152734132864	HIP 58859	90 G. Cen	yes
gaia:6127363626255542400	HIP 61328	126 G. Cen	yes
gaia:6127817277882986496	HIP 62012	w Cen	yes
gaia:6128366415218881536	HIP 60729	120 G. Cen	yes
gaia:6129243997294808704	HIP 61916	133 G. Cen	yes
gaia:6130674633722020096	HIP 59184	E Cen	yes
gaia:6133033601555979648	HIP 61379	127 G. Cen	yes
gaia:6133033635916500608	HIP 61379 C	127 G. Cen C	no
gaia:6135536364897329152	HIP 63033	151 G. Cen	yes
gaia:6136301865511398016	HIP 64822	196 G. Cen	yes
gaia:6136521149359453056	HIP 64348	182 G. Cen	yes
gaia:6136550556996956288	HIP 64557	192 G. Cen	yes
gaia:6136971811686894720	HIP 65593	221 G. Cen	yes
gaia:6137323140011654656	NSV 19652	187 G. Cen	yes
gaia:6137408420882230656	HIP 64332	181 G. Cen	yes
gaia:6138676741904648448	NSV 19550	152 G. Cen	yes
gaia:6139174786312164480	NSV 06092	172 G. Cen	yes
gaia:6140482586674352128	HIP 62896	n Cen	yes
gaia:6141742283401003264	HIP 64408	185 G. Cen	yes
gaia:6142906975452673920	HIP 64003	176 G. Cen	yes
gaia:6143569843526877056	HIP 59654	D Cen	yes
gaia:6146695991304132608	HIP 60549	116 G. Cen	yes
gaia:6146899611411058304	NSV 19428	128 G. Cen	yes
gaia:6147117722735170176	HIP 61498 B	129 G. Cen B	no
gaia:6147117727029871360	HIP 61498	129 G. Cen	yes
gaia:6148297468647884928	HIP 59785	104 G. Cen	yes
gaia:6148648281576023424	HIP 58803	88 G. Cen	yes
gaia:6150153684793005056	HIP 60454	112 G. Cen	yes
gaia:6150348538868920320	HIP 60855	u Cen	yes
gaia:6150585036947851904	HIP 60463	114 G. Cen	yes
gaia:6151098715037383552	HIP 59607	102 G. Cen	yes
gaia:6152260486510472576	HIP 62081	137 G. Cen	yes
gaia:6152517256835276544	NSV 05999	145 G. Cen	yes
gaia:6153047015281588864	NSV 05835	l Cen	yes
gaia:6154113816437771904	HIP 62128	138 G. Cen	yes
gaia:6157932866997543296	HIP 60449	x¹ Cen	yes
gaia:6157961866616797696	NSV 05610	x² Cen	yes
gaia:6159160123837219328	HIP 62360	140 G. Cen	yes
gaia:6159242247907348608	HIP 62683	p Cen	yes
gaia:6161311769310004224	HIP 65621	223 G. Cen	yes
gaia:6161335477529159424	HIP 65535	217 G. Cen	yes
gaia:6161403234933741312	NSV 06283	d Cen	yes
gaia:6161893136082861184	HIP 66019	229 G. Cen	yes
gaia:6163848170836256128	HIP 67244	z Cen	yes
gaia:6165218402842055168	HIP 66405	237 G. Cen	yes
gaia:6166604749566190080	HIP 64651	194 G. Cen	yes
gaia:6168342630772513408	NSV 06315	233 G. Cen	yes
gaia:6168934236747631872	NSV 06212	213 G. Cen	yes
gaia:6170485544575679104	3 Cen	k Cen	yes
gaia:6171375049483037696	1 Cen	i Cen	yes
gaia:6171681877649374080	4 Cen	h Cen	yes
gaia:6171751082459716992	HIP 67696	282 G. Cen	yes
gaia:6175834462486641920	HIP 66563	354 G. Hya	yes
gaia:6175975818449591936	HIP 66060	349 G. Hya	yes
gaia:6176913289551271552	NSV 19986	361 G. Hya	yes
gaia:6176972663179499648	NSV 06460	359 G. Hya	yes
gaia:6177812204730526336	HIP 68224	364 G. Hya	yes
gaia:6180149633308111616	HIP 63490	162 G. Cen	yes
gaia:6181513577482286336	HIP 64803	r Cen	yes
gaia:6188121195688828032	HIP 66065	350 G. Hya	yes
gaia:6188406999992174720	HIP 65969	348 G. Hya	yes
gaia:6188994207920947328	HIP 66398	351 G. Hya B	yes
gaia:6188997162858447360	HIP 66400	351 G. Hya	yes
gaia:6189925185031714560	NSV 19823	346 G. Hya	yes
gaia:6190377221749943296	HIP 67143	357 G. Hya	yes
gaia:6190461128231163392	HIP 67071	356 G. Hya	yes
gaia:6196386224594103040	HIP 65381	141 G. Vir	yes
gaia:6197304488608184832	HIP 73279	384 G. Cen	yes
gaia:6198129706443687168	HIP 73116	382 G. Cen	yes
gaia:6198684822376519552	HIP 73493	388 G. Cen	yes
gaia:6198727978207576448	HIP 73341	386 G. Cen	yes
gaia:6201910274096330368	V768 Cen	375 G. Cen	yes
gaia:6202874511432521600	HIP 71783	367 G. Cen	yes
gaia:6203033940614597504	HIP 72010	c¹ Cen	yes
gaia:6203042324394718976	HIP 72104	c² Cen	yes
gaia:6203928736924721152	HIP 73559	389 G. Cen	yes
gaia:6204869575281051776	HIP 73049	381 G. Cen	yes
gaia:6204944067194125184	HIP 72959	380 G. Cen	yes
gaia:6205062986248608512	HIP 73107	383 G. Cen	yes
gaia:6210657748086115328	1 Lup	i Lup	yes
gaia:6211243890864211712	2 Lup	f Lup	yes
gaia:6212498845949308288	HIP 74245 B	IM Lib B	no
gaia:6217883669787280384	HIP 72772	377 G. Cen	yes
gaia:6220089599346287104	HIP 71154	352 G. Cen	yes
gaia:6221197975786214784	52 Hya	l Hya	yes
gaia:6221197975786215552	52 Hya C	l Hya C	yes
gaia:6224258255948628224	HIP 73171	391 G. Hya	yes
gaia:6228895347453403776	54 Hya D	m Hya D	yes
gaia:6228895347454821888	54 Hya	m Hya A	yes
gaia:6228895347454822016	54 Hya B	m Hya B	yes
gaia:6235654762691937280	2 Sco B	A Sco B	yes
gaia:6235654766990811008	2 Sco	A Sco	yes
gaia:6236363539673265152	1 Sco	b Sco	yes
gaia:6244725905417556992	HIP 80019	V933 Sco B	yes
gaia:6245698187231874816	14 Sco	Jabbah C	yes
gaia:6245698565188996992	14 Sco D	Jabbah D	yes
gaia:6247207266944651648	Acrab C	β² Sco	no
gaia:6256039162806785664	Iot-1 Lib B	ι¹ Lib B	no
gaia:6256039162808093184	Iot-1 Lib C	ι¹ Lib C	no
gaia:6269116341791953024	HIP 69623	372 G. Hya	yes
gaia:6269720523431409536	51 Hya	k Hya	yes
gaia:6269918710402591104	HIP 69977	373 G. Hya	yes
gaia:6270790966720295552	HIP 69458	371 G. Hya	yes
gaia:6270906415441315840	HIP 69965 B	374 G. Hya B	no
gaia:6270906415441316224	HIP 69965	374 G. Hya	yes
gaia:6271287464939963520	HIP 70538	378 G. Hya	yes
gaia:6274331119283769088	HIP 69398	369 G. Hya	yes
gaia:6275738356728153088	HIP 68705	208 G. Vir	yes
gaia:6287607722188676736	NSV 19998	363 G. Hya	yes
gaia:6291511538223169664	HIP 68643	207 G. Vir	yes
gaia:6296192331021181184	HIP 69792	231 G. Vir	yes
gaia:6296266307537917696	HIP 69658	226 G. Vir	yes
gaia:6298167775458242048	HIP 69562 B	MV Vir B	no
gaia:6298167942962279680	HIP 69562 C	MV Vir C	no
gaia:6301019530664606464	HIP 68763	210 G. Vir	yes
gaia:6311246122674577536	Mu Lib B	μ Lib B	yes
gaia:6326160585587179392	HIP 72745 B	NSV 20202 B	no
gaia:6387058411482257280	HIP 116748 B	DS Tuc B	no
gaia:6412596012146801152	Eps Ind B	ε Ind B	yes
gaia:641662895638787584	Ras Elased Australis	ε Leo	yes
gaia:643101503523246848	22 Leo	g Leo	yes
gaia:646255246469567232	HIP 46843 B	DX Leo B	no
gaia:6463748969563201408	The Ind B	θ Ind B	yes
gaia:64956123313498368	HIP 17572 B	NSV 01280 B	no
gaia:64956127609659008	HIP 17572 C	NSV 01280 C	no
gaia:650159265042048	HIP 14315	313 G. Cet	yes
gaia:6502030631547502720	HIP 115272 C	HIP 115269	no
gaia:6515008236009148800	HIP 113190	τ² Gru CD	yes
gaia:6519024545827374080	HIP 112117 B	NSV 14277 B	no
gaia:653032704866193024	HIP 39495 C	NSV 03886 C	no
gaia:6535342427959656064	Iot Phe B	ι Phe B	yes
gaia:6535342432254576000	Iot Phe A	ι Phe	yes
gaia:6535343256888299008	Iot Phe C	ι Phe C	yes
gaia:6541802406664428672	The Gru A	θ Gru	yes
gaia:6541802578463122688	The Gru C	θ Gru C	yes
gaia:6545396538377295232	Sig-2 Gru C	σ¹ Gru	no
gaia:6545771025165622144	Sig-2 Gru A	σ² Gru	no
gaia:6545825828948305664	HIP 111718 B	CX Gru B	no
gaia:6549670305714644608	υ Gru	υ Gru A	yes
gaia:6554844396981780864	HIP 113598 B	TZ PsA B	no
gaia:656028805330545792	25 Cnc	d² Cnc	yes
gaia:6579220952022416256	HIP 106411 B	NSV 25657 B	no
gaia:6582060028485919360	The-2 Mic C	θ² Mic C	no
gaia:6601750151432831104	Bet PsA C	β PsA C	yes
gaia:6604147121141267712	TW PsA	Fomalhaut B	yes
gaia:661268253115601792	HIP 42497 Ca	NSV 04174	no
gaia:661322060465742336	39 Cnc B	40 Cnc	yes
gaia:661324431287688448	39 Cnc A	39 Cnc	yes
gaia:6617682865193265536	η PsA	η PsA A	yes
gaia:6624126484368797568	HIP 111515	162 G. Aqr	yes
gaia:662418204838563072	20 Cnc	d¹ Cnc	yes
gaia:6626833000959462144	HIP 110018	126 G. Aqr	yes
gaia:662732115405773824	HIP 41824 Bb	CU Cnc Bb	no
gaia:6627350527338945664	HIP 110746	144 G. Aqr	yes
gaia:6628926642897199744	Ups Aqr B	υ Aqr B	yes
gaia:6630272406475726592	HIP 90304 B	V346 Pav B	no
gaia:6643602580510827392	Eta Tel B	η Tel B	yes
gaia:6651812324595592192	HIP 92754 B	V362 Tel B	no
gaia:6664096377740807680	HIP 96095	196 G. Sgr	yes
gaia:6664987703715310592	HIP 95823	189 G. Sgr	yes
gaia:6665061817668962816	HIP 95396	178 G. Sgr	yes
gaia:6673578840895390592	HIP 98512	259 G. Sgr	yes
gaia:6674270364990033024	HIP 99570	280 G. Sgr	yes
gaia:6680638392740343296	HIP 100764	295 G. Sgr	yes
gaia:6685992052295105536	NSV 24956	258 G. Sgr	yes
gaia:6687567033982621056	HIP 98579	263 G. Sgr	yes
gaia:6695961186785418112	HIP 100332	290 G. Sgr	yes
gaia:6697151751720158080	HIP 98461	260 G. Sgr	yes
gaia:6697578465310948992	HIP 99461 B	NSV 25026 B	no
gaia:6698960688866464768	NSV 12655	262 G. Sgr	yes
gaia:6711012019207924096	HIP 93539 C	HIP 93538	no
gaia:671137503843195392	74 Gem	f Gem	yes
gaia:6713500527553146496	HIP 95211	167 G. Sgr	yes
gaia:671619021218304640	81 Gem	g Gem	yes
gaia:6728304352148933632	HIP 90124	60 G. Sgr	yes
gaia:6730514301774439296	HIP 91901	90 G. Sgr	yes
gaia:6731200598883145600	HIP 93425 B	NSV 24651 B	no
gaia:6731200706257840384	HIP 93425 C	NSV 24651 C	no
gaia:6734315657096464512	HIP 90290	62 G. Sgr	yes
gaia:6735126993600519168	NSV 24494	77 G. Sgr	yes
gaia:6739798715385787264	HIP 97067	224 G. Sgr	yes
gaia:6741907196436095488	HIP 94863 B	NSV 24733 B	no
gaia:6743586945262140288	HIP 94986	162 G. Sgr	yes
gaia:6747264639856067840	HIP 98012	244 G. Sgr	yes
gaia:6748040070433427456	HIP 97260	228 G. Sgr	yes
gaia:6749837084749406592	HIP 98351	254 G. Sgr	yes
gaia:6750856228950043264	62 Sgr	c Sgr	yes
gaia:6753461418673184256	HIP 97515	233 G. Sgr	yes
gaia:6754054639555151744	59 Sgr	b¹ Sgr	yes
gaia:6754254613232981632	60 Sgr	A Sgr	yes
gaia:6757495939165742208	HIP 93667	134 G. Sgr	yes
gaia:6758468487246533248	HIP 95619	186 G. Sgr	yes
gaia:6758695781216207488	HIP 95456	180 G. Sgr	yes
gaia:6759274601069644160	HIP 94272	150 G. Sgr	yes
gaia:6760023785121349504	HIP 92972	115 G. Sgr	yes
gaia:6760173524862705664	HIP 93134	121 G. Sgr	yes
gaia:6761496684035652608	HIP 92643	108 G. Sgr	yes
gaia:6762295547933876864	HIP 93925	140 G. Sgr	yes
gaia:6765638956627340672	NSV 24772	179 G. Sgr	yes
gaia:6766104084405895040	HIP 95865	193 G. Sgr	yes
gaia:6767903057227289088	52 Sgr	h² Sgr	yes
gaia:6767920580693895808	51 Sgr	h¹ Sgr	yes
gaia:6768668179881479424	HIP 96760	218 G. Sgr	yes
gaia:6770036281588698496	HIP 94434	152 G. Sgr	yes
gaia:6770407435482749056	HIP 93993	143 G. Sgr	yes
gaia:6772588591672712576	HIP 95077	165 G. Sgr	yes
gaia:6772910920376987008	HIP 95965	197 G. Sgr	yes
gaia:6792436799477051904	HIP 102141 C	AU Mic C	no
gaia:6794090469261131776	HIP 102418 D	NSV 25309 D	no
gaia:6794090469261131904	HIP 102418 C	NSV 25309 C	no
gaia:6797430785586187776	HIP 99878	282 G. Sgr	yes
gaia:6797948174526443392	HIP 100738	296 G. Sgr	yes
gaia:680022210631907456	φ² Cnc	φ² Cnc A	no
gaia:6803883097774049280	24 Cap	A Cap	yes
gaia:6803919687302528	HIP 14104	309 G. Cet	yes
gaia:6818613151970727296	HIP 109375	113 G. Aqr	yes
gaia:6819531725216652288	HIP 109509	119 G. Aqr	yes
gaia:6821306474422572544	HIP 110707 B	KV Aqr B	no
gaia:6826344849017893888	HIP 108784	100 G. Aqr	yes
gaia:682665402225188864	13 Cnc	ψ¹ Cnc	yes
gaia:6828451375858909568	36 Cap	b Cap	yes
gaia:6832246301587207168	Chi Cap B	χ Cap B	yes
gaia:6832246305882364544	Chi Cap D	χ Cap D	yes
gaia:6852175538254042752	HIP 98575	264 G. Sgr	yes
gaia:6852192168367164544	HIP 98785	269 G. Sgr	yes
gaia:6857155947968217600	HIP 102723 B	BM Cap B	no
gaia:6860821651019024896	Omi Cap A	ο¹ Cap	yes
gaia:6860821651019025664	Omi Cap B	ο Cap	yes
gaia:6860902877440742400	Pi Cap B	π Cap B	yes
gaia:6860945174275852416	Rho Cap B	ρ Cap B	yes
gaia:6860945174279114880	ρ Cap	ρ Cap A	yes
gaia:6863379630459560832	13 Cap	τ¹ Cap	yes
gaia:6863536001631204608	HIP 97944 C	V4200 Sgr C	no
gaia:6868679345227206784	56 Sgr	f Sgr	yes
gaia:6870038822635780864	HIP 96496	209 G. Sgr	yes
gaia:6875990891389558400	HIP 100325	β² Cap	yes
gaia:6878130330567510144	61 Sgr	g Sgr	yes
gaia:6879662263797806976	Xi-2 Cap C	ξ² Cap C	no
gaia:6879764552737781888	Xi-2 Cap A	ξ² Cap	no
gaia:6882838031330569856	HD 358623 D	NSV 25397 D	no
gaia:6885342955043185664	HIP 104239 B	NSV 25468 B	no
gaia:6888166981940007936	HIP 102891	11 G. Aqr	yes
gaia:6889877723248418816	HIP 103077	15 G. Aqr	yes
gaia:6890881680443009536	HIP 105079	57 G. Aqr	yes
gaia:6892535685234274048	HD 203069 B	RY Aqr B	no
gaia:6896718266120450560	HIP 104557	49 G. Aqr	yes
gaia:6902829553611002624	Mu Aqr B	μ Aqr B	yes
gaia:6902842648968719104	Mu Aqr A	μ Aqr	no
gaia:6908757299968653440	HIP 103699 B	NSV 25421 B	no
gaia:6910090973213997056	HIP 103154	18 G. Aqr	yes
gaia:6913577284069471616	3 Aqr	k Aqr	yes
gaia:6914506680631143808	HIP 101911	1 G. Aqr	yes
gaia:695602805793902848	HIP 45617 D	IP Cnc D	no
gaia:696553745911845376	15 Leo	f Leo	yes
gaia:705156050012755712	ι Cnc	ι¹ Cnc	yes
gaia:712117500506382208	Sig-3 Cnc B	σ³ Cnc B	no
gaia:760360501615629696	HIP 54996	MN UMa Da	yes
gaia:761918578311083264	HIP 54745 E	MN UMa E	no
gaia:774274752546451840	65 UMa AB	65 UMa A	no
gaia:804745827531820288	HIP 50786 B	NSV 18385 B	no
gaia:813111835405980928	HIP 47054	DI Lyn B	yes
gaia:813112664335479424	HIP 47046	DI Lyn C	yes
gaia:83369713262776960	Pi Ari B	π Ari B	yes
gaia:83369717557815296	π Ari	π Ari A	yes
gaia:84625630419434496	HIP 13027 B	NSV 15579 B	no
gaia:84945111561997056	Mu Ari B	μ Ari B	yes
gaia:853819947756949120	36 UMa A	36 UMa	yes
gaia:868802550325278336	76 Gem	c Gem	yes
gaia:870205595882108800	57 Gem	A Gem	yes
gaia:873217295669693952	65 Gem	b Gem	yes
gaia:875749574028354176	HIP 38144 B	V514 Gem B	no
gaia:8810116091022208	HIP 13679	305 G. Cet	yes
gaia:883596170039715072	HIP 34860 B	NSV 03453 B	no
gaia:892215482207937152	Rho Gem E	ρ Gem E	yes
gaia:902175030329924608	HIP 39896 B	FP Cnc B	no
gaia:905379041572782336	HIP 39693 B		no
gaia:916482150508905856	HIP 41181	NSV 17871 B	yes
gaia:930501645316566272	HIP 40927 Cb	HIP 40925 Cb	no
gaia:943424789593414144	HIP 31340 D	NSV 16913 D	no
gaia:943424789595614464	HIP 31340 B	NSV 16913 B	no
gaia:943424789596456832	HIP 31340 C	NSV 16913 C	no
gaia:950395654664758272	HIP 33373 B	NSV 03281 B	no
gaia:953838195501646848	16 Lyn	ψ¹⁰ Aur	yes
gaia:988827610435458816	HIP 35787	19 Lyn D	yes
gaia:994164055761558656	HIP 32609 B	NSV 03202 B	no
hip:10053	14 Ari A	14 Ari	yes
hip:103569	ε Equ	ε Equ A	yes
hip:103571	HIP 103571	ε Equ C	yes
hip:103813	2 Equ	λ Equ	yes
hip:108090	NSV 25783	13 G. Peg	yes
hip:10819	62 And	c And	yes
hip:110778	53 Aqr	f Aqr	yes
hip:113191	HIP 113191	τ² Gru A	yes
hip:113445	NSV 14379	41 G. Peg	yes
hip:113996	83 Aqr	h Aqr A	yes
hip:114273	5 Psc	A Psc	yes
hip:116016	HIP 116016	NSV 26094 C	yes
hip:116191	HIP 116191	NSV 26100 BC	yes
hip:117218	107 Aqr	i² Aqr A	yes
hip:12148	NSV 00872	272 G. Cet	yes
hip:14913	HIP 14913	71 G. Eri	yes
hip:17797	NSV 01359	f Eri B	yes
hip:2237	HIP 2237	43 G. Cet	yes
hip:24020	HIP 24020	V1156 Tau BC	yes
hip:2487	Bet-1 Tuc C	β² Tuc	no
hip:2505	λ Cas	λ Cas A	yes
hip:25813	32 Ori	A Ori	yes
hip:26220	The-1 Ori A	θ¹ Ori Aa	no
hip:26396	NSV 02426	NSV 02426 A	yes
hip:26402	NSV 02450	NSV 02450 AB	yes
hip:27996	HIP 27988 B	HIP 27996	no
hip:2941	HIP 2941	59 G. Cet	yes
hip:33202	38 Gem	e Gem	yes
hip:34922	L 2 Pup	L² Pup	yes
hip:36366	Rho Gem A	ρ Gem	yes
hip:37096	HIP 37096	f Pup C	yes
hip:37322	HIP 37322	d² Pup	yes
hip:4427	Cih	γ Cas	yes
hip:45170	π¹ Cnc	81 Cnc	no
hip:51933	HIP 51933	236 G. Hya	yes
hip:52113	HIP 52113	243 G. Hya	yes
hip:53240	HIP 53240	20 G. Leo	yes
hip:5842	Kap Tuc CD	κ Tuc CD	yes
hip:5896	Kap Tuc A	κ Tuc	yes
hip:59307	HIP 59307	315 G. Hya	yes
hip:59750	HIP 59750	41 G. Vir	yes
hip:62322	β Mus	β Mus A	yes
hip:64375	NSV 19645	342 G. Hya	yes
hip:66984	HIP 66984	258 G. Cen	yes
hip:67457	2 Cen	g Cen	yes
hip:67819	HIP 67819	y Cen A	yes
hip:73182	HIP 73182	KX Lib B	yes
hip:7463	τ Scl	τ Scl A	yes
hip:75312	η CrB	η¹ CrB	yes
hip:761	κ¹ Scl	κ¹ Scl A	no
hip:76276	δ Ser	δ Ser B	yes
hip:76952	γ CrB	γ CrB A	yes
hip:79399	12 Sco	c¹ Sco	yes
hip:83608	μ Dra	Alrakis	yes
hip:88601	70 Oph	p Oph	yes
hip:93825	γ CrA	γ¹ CrA	yes
hip:94377	V338 Sge	V338 Sge A	yes
hip:95149	NSV 24750	166 G. Sgr	yes
hip:97063	HIP 97063	226 G. Sgr	yes
hip:97222	NSV 12386	17 Cyg F	yes
hip:98416	HIP 98416	100 G. Aql	yes
synth:synth-00046+4206-Aa2	HIP 365 Aa2	NSV 15012 Aa2	no
synth:synth-00046+4206-Ab	HIP 365 Ab	NSV 15012 Ab	no
synth:synth-00063+5826-B	HIP 518 B	V640 Cas B	no
synth:synth-00063+5826-Bb	HIP 518 Bb	V640 Cas Bb	no
synth:synth-00108+5846-Cb	HIP 876 Cb	NSV 15041 Cb	no
synth:synth-00118+2825-B	HIP 956 B	NSV 00078 B	no
synth:synth-00138+7233-B	HIP 1041 B	V400 Cep B	no
synth:synth-00138+7233-E	HIP 1041 E	V400 Cep E	no
synth:synth-00138+7233-G	HIP 1041 G	V400 Cep G	no
synth:synth-00153+4412-B	HIP 1233 B	V348 And B	no
synth:synth-00153+4412-Bb	HIP 1233 Bb	V348 And Bb	no
synth:synth-00171+3841-B	The And B	θ And B	yes
synth:synth-00201+0618-Ab	HIP 1602 Ab	NSV 15073 Ab	no
synth:synth-00201+0618-D	HIP 1602 D	NSV 15073 D	no
synth:synth-00243+5201-Ab	HIP 1921 Ab	V746 Cas Ab	no
synth:synth-00243+5201-B	HIP 1921 B	V746 Cas B	no
synth:synth-00272+4959-Bb	HIP 2149 Bb	HIP 2151 Bb	no
synth:synth-00284-2020-B	HIP 2237 B	43 G. Cet B	no
synth:synth-00293-0555-C	HIP 2350 C	HIP 2292 C	no
synth:synth-00315-6257-B	Bet-1 Tuc B	β¹ Tuc B	no
synth:synth-00315-6257-D	Bet-2 Tuc D	β¹ Tuc D	no
synth:synth-00315-6257-Fb	Bet-1 Tuc Fb	β¹ Tuc Fb	no
synth:synth-00315-6257-H	Bet-1 Tuc H	β¹ Tuc H	no
synth:synth-00315-6257-I	Bet-1 Tuc I	β¹ Tuc I	no
synth:synth-00318+5431-B	Lam Cas B	λ Cas B	yes
synth:synth-00321+6715-Ab	HIP 2552 Ab	V547 Cas Ab	no
synth:synth-00335+4006-Aa2	HIP 2643 Aa2	NSV 15119 Aa2	no
synth:synth-00335+4006-Ab	HIP 2643 Ab	NSV 15119 Ab	no
synth:synth-00335+4006-B	HIP 2643 B	NSV 15119 B	no
synth:synth-00360+2959-Ab	HIP 2844 Ab	NSV 15130 Ab	no
synth:synth-00369+3343-Ab	Pi And Ab	π And Ab	yes
synth:synth-00369+3343-Ac	Pi And Ac	π And Ac	yes
synth:synth-00373-2446-B	HIP 2941 B	59 G. Cet B	no
synth:synth-00393+3052-Ab	Del And Ab	δ And Ab	yes
synth:synth-00416+2438-B	HIP 3269 B	NSV 00258 B	no
synth:synth-00427-3828-B	Lam-1 Scl B	λ¹ Scl B	no
synth:synth-00434-5728-Ab	Eta Phe Ab	η Phe Ab	yes
synth:synth-00446-1856-Ab	HIP 3493 Ab	NSV 00282 Ab	no
synth:synth-00447+4817-Ab	Omi Cas Ab	ο Cas Ab	yes
synth:synth-00448+6019-B	HIP 3513 B	V756 Cas B	no
synth:synth-00462-2231-B	HIP 3607 B	77 G. Cet B	no
synth:synth-00470-1152-B	HIP 3678 B	NSV 15170 B	no
synth:synth-00470-1152-C	HIP 3678 C	NSV 15170 C	no
synth:synth-00494-2313-B	HIP 3850 B	NSV 15177 B	no
synth:synth-00507+6415-B	HIP 3951 B	NSV 00317 B	no
synth:synth-00567+6043-B	Cih B	γ Cas B	no
synth:synth-00569-5153-B	HIP 4448 B	BW Phe B	no
synth:synth-00570+5614-E	HIP 4451 E	V758 Cas E	no
synth:synth-01015+6922-B	HIP 4789 B	NSV 15222 B	no
synth:synth-01057+2128-Ab	Psi-1 Psc Ab	ψ¹ Psc Ab	no
synth:synth-01078-4129-B	Ups Phe B	υ Phe B	yes
synth:synth-01083+5455-Ab	Mu Cas Ab	μ Cas Ab	yes
synth:synth-01095+4715-B	Phi And B	φ And B	yes
synth:synth-01096-4616-Ab	HIP 5438 Ab	AI Phe Ab	no
synth:synth-01096-4616-B	HIP 5438 B	AI Phe B	no
synth:synth-01104-6727-B	HIP 5496 B	NSV 00427 B	no
synth:synth-01127+5311-Cb	HD 232393 Cb		no
synth:synth-01129+5136-B	HIP 5674 B	V1012 Cas B	no
synth:synth-01131+4139-Ab	HIP 5684 Ab	QU And Ab	no
synth:synth-01137+2435-Ab	Phi Psc Ab	φ Psc Ab	yes
synth:synth-01178+4901-B	HIP 6060 B	NSV 15270 B	no
synth:synth-01189+6610-D	HIP 6156 D	NSV 15274 D	no
synth:synth-01200-1549-B	HIP 6234 B	NSV 00472 B	no
synth:synth-01213+1132-B	HIP 6334 B	NSV 15290 B	no
synth:synth-01243+5858-Ab	HIP 6562 Ab		no
synth:synth-01243+5858-Cb	HIP 6562 Cb		no
synth:synth-01243-0655-B	HIP 6564 B	137 G. Cet B	no
synth:synth-01250-2430-Bb	HIP 6623 Bb	HIP 6610 Bb	no
synth:synth-01256+3133-Cb	HIP 6675 Cb	HIP 6668 Cb	no
synth:synth-01257+0258-B	HIP 6679 B	NSV 15302 B	no
synth:synth-01257+0258-C	HIP 6679 C	NSV 15302 C	no
synth:synth-01259+6808-B	Psi Cas B	ψ Cas B	yes
synth:synth-01277+4524-Ab	Ome And Ab	ω And Ab	yes
synth:synth-01277+4524-B	Ome And B	ω And B	yes
synth:synth-01277+4524-C	Ome And C	ω And C	yes
synth:synth-01277+4524-D	Ome And D	ω And D	yes
synth:synth-01278-1054-C	HIP 6822 C	149 G. Cet C	no
synth:synth-01281-1716-Bb	HIP 6847 Bb	HIP 6849 Bb	no
synth:synth-01281-5238-C	HIP 6856 C	CC Phe C	no
synth:synth-01284+0758-Ba2	HIP 6873 Ba2	118 G. Psc Ba2	no
synth:synth-01284+0758-Bb	HIP 6873 Bb	118 G. Psc Bb	no
synth:synth-01332+6041-D	HIP 7232 D	NSV 00542 D	no
synth:synth-01350-2955-B	HIP 7372 B	BB Scl B	no
synth:synth-01361-2954-B	Tau Scl B	τ Scl B	yes
synth:synth-01376-0924-B	HIP 7580 B	170 G. Cet B	no
synth:synth-01398-5612-B	p Eridani B	p Eri B	no
synth:synth-01406+0846-B	HIP 7819 B	124 G. Psc B	no
synth:synth-01414-7909-Ab	Tau-1 Hyi Ab	τ¹ Hyi Ab	no
synth:synth-01414-7909-B	Tau-1 Hyi B	τ¹ Hyi B	no
synth:synth-01432-2137-C	HIP 8038 C	HIP 8039 C	no
synth:synth-01432-5801-Ab	HIP 8035 Ab	CF Hyi Ab	no
synth:synth-01437+5041-B	Phi Per B	φ Per B	yes
synth:synth-01494-1042-Ab	HIP 8486 Ab	EZ Cet Ab	no
synth:synth-01559+0151-B	HIP 8998 B	NSV 00667 B	no
synth:synth-01590-2255-Ab	HIP 9258 Ab	AA Cet Ab	no
synth:synth-01590-2255-Bb	HIP 9258 Bb	AA Cet Bb	no
synth:synth-01590-2255-C	HIP 9258 C	AA Cet C	no
synth:synth-02020+7054-B	48 Cas B	A Cas B	yes
synth:synth-02022+3643-B	HIP 9500 B	V371 And B	no
synth:synth-02022+7530-B	HIP 9494 B	V779 Cas B	no
synth:synth-02039-4525-Ab	HIP 9642 Ab	NSV 00716 Ab	no
synth:synth-02050+6423-B	HIP 9720 B	NSV 15433 B	no
synth:synth-02050+6423-C	HIP 9720 C	NSV 15433 C	no
synth:synth-02051-1737-B	HIP 9724 B	NSV 15436 B	no
synth:synth-02095+3459-B	Bet Tri B	β Tri B	yes
synth:synth-02124+3018-Ab	6 Tri Ab	ι Tri Ab	yes
synth:synth-02124+3018-B	6 Tri B	ι Tri B	yes
synth:synth-02128+7941-Bb	HIP 10285 Bb	NSV 15448 Bb	no
synth:synth-02130+0851-B	Xi-1 Cet B	ξ¹ Cet B	no
synth:synth-02132+4030-Ab	HIP 10339 Ab	V451 And Ab	no
synth:synth-02132+4030-Bb	HIP 10321 Bb	V451 And Bb	no
synth:synth-02132+4414-Ab	60 And Ab	b And Ab	yes
synth:synth-02132+4414-B	60 And B	b And B	yes
synth:synth-02136+5104-Ab	HIP 10366 Ab	NSV 00747 Ab	no
synth:synth-02165-5131-Cb	Phi Eri Cb	φ Eri Cb	yes
synth:synth-02171+3413-Ab	Deltoton Ab	δ Tri Ab	no
synth:synth-02172+5838-Ba2	HIP 10653 Ba2	HIP 10660 Ba2	no
synth:synth-02225-2349-B	Kap For B	κ For B	yes
synth:synth-02228+4124-Ab	HIP 11090 Ab	NSV 15494 Ab	no
synth:synth-02247-2002-C	HIP 11241 C	NSV 15502 C	no
synth:synth-02257+6133-B	HIP 11318 B	V559 Cas B	no
synth:synth-02260-1520-Ab	HIP 11348 Ab	AB Cet Ab	no
synth:synth-02291+6724-Ab	Iot Cas Ab	ι Cas Ab	yes
synth:synth-02291+6724-Cb	Iot Cas Cb	ι Cas Cb	yes
synth:synth-02302-2511-B	HIP 11644 B	TY For B	no
synth:synth-02321-1515-Ab	Sig Cet Ab	σ Cet Ab	yes
synth:synth-02323+6133-B	HIP 11807 B	NSV 00847 B	no
synth:synth-02327+6127-J	HIP 11832 J	NSV 15537 J	no
synth:synth-02333+5619-C	HIP 11888 C	V556 Per C	no
synth:synth-02369+5953-Ab	HIP 12178 Ab	V791 Cas Ab	no
synth:synth-02369+5953-C	HIP 12178 C	V791 Cas C	no
synth:synth-02374-5233-Ab	Eta Hor Ab	η Hor Ab	yes
synth:synth-02387-5257-Bb	HIP 12326 Bb	NSV 15557 Bb	no
synth:synth-02396-1152-B	Eps Cet B	ε Cet B	yes
synth:synth-02397-5934-C	HIP 12405 C	HIP 12401 C	no
synth:synth-02398-4254-Bb	HIP 12413 Bb	s Eri Bb	no
synth:synth-02404+4216-B	HIP 12456 B	NSV 00886 B	no
synth:synth-02407+6117-Ab	HIP 12495 Ab	V482 Cas Ab	no
synth:synth-02424+2001-Ab	Mu Ari Ab	μ Ari Ab	yes
synth:synth-02425+1045-B	HIP 12647 B	NSV 00899 B	no
synth:synth-02434-3756-B	HIP 12716 B	UX For B	no
synth:synth-02434-6643-B	HIP 12717 B	NSV 00911 B	no
synth:synth-02442-2530-Bb	HIP 12779 Bb	HIP 12780 Bb	no
synth:synth-02449+1007-Ab	Mu Cet Ab	μ Cet Ab	yes
synth:synth-02454+5634-C	HIP 12865 C	HIP 12866 C	no
synth:synth-02456-7114-B	HIP 12884 B	CN Hyi B	no
synth:synth-02469-6009-B	HIP 12973 B	NSV 15582 B	no
synth:synth-02469-6009-Bb	HIP 12973 Bb	NSV 15582 Bb	no
synth:synth-02472-2229-Bb	HIP 13008 Bb	27 G. Eri Bb	no
synth:synth-02482+2704-Ab	HIP 13081 Ab	BC Ari Ab	no
synth:synth-02491-3224-B	Bet For B	β For B	yes
synth:synth-02491-3224-C	Bet For C	β For C	yes
synth:synth-02493+1728-Ab	Pi Ari Ab	π Ari Ab	yes
synth:synth-02512+6023-B	HIP 13308 B	NSV 00955 B	no
synth:synth-02512+6023-C	HIP 13308 C	NSV 00955 C	no
synth:synth-02529+5300-B	HIP 13424 B	NSV 00971 B	no
synth:synth-02543+5246-Ab	Tau Per Ab	τ Per Ab	yes
synth:synth-02543+5246-C	Tau Per C	τ Per C	yes
synth:synth-02572+0153-B	HIP 13773 B	NSV 00991 B	no
synth:synth-02572-2458-Cb	HIP 13769 Cb	HIP 13772 Cb	no
synth:synth-02572-2458-D	HIP 13769 D	HIP 13772 D	no
synth:synth-02592+2120-B	Eps Ari B	ε Ari B	yes
synth:synth-02594+6034-C	HIP 13924 C	NSV 00997 C	no
synth:synth-02594+6034-E	HIP 13924 E	NSV 00997 E	no
synth:synth-02594+6034-F	HIP 13924 F	NSV 00997 F	no
synth:synth-02594+6034-H	HIP 13924 H	NSV 00997 H	no
synth:synth-02594+6034-I	HIP 13924 I	NSV 00997 I	no
synth:synth-02594+6034-K	HIP 13924 K	NSV 00997 K	no
synth:synth-02594+6034-L	HIP 13924 L	NSV 00997 L	no
synth:synth-03025-1516-B	HIP 14157 B	IR Eri B	no
synth:synth-03046-5119-Bb	HIP 14313 Bb	HIP 14307 Bb	no
synth:synth-03048+5330-Ab	Gam Per Ab	γ Per Ab	yes
synth:synth-03073-1346-B	HIP 14501 B	NSV 15636 B	no
synth:synth-03095+4544-B	HIP 14669 B	NSV 15638 B	no
synth:synth-03117+8128-Ab	HIP 14844 Ab	NSV 01042 Ab	no
synth:synth-03117+8128-C	HIP 14844 C	NSV 01042 C	no
synth:synth-03124-4425-B	HIP 14913 B	71 G. Eri B	no
synth:synth-03147-3533-B	HIP 15092 B	TZ For B	no
synth:synth-03152-6427-C	HIP 15144 C	HIP 15140 C	no
synth:synth-03158+5057-Ab	HIP 15193 Ab	V572 Per Ab	no
synth:synth-03158+5057-B	HIP 15193 B	V572 Per B	no
synth:synth-03160-0555-B	HIP 15203 B	74 G. Eri B	no
synth:synth-03193+4559-Bb	HIP 15455 Bb	NSV 15666 Bb	no
synth:synth-03195-2145-Db	Tau-4 Eri Db	τ⁴ Eri Db	no
synth:synth-03200+6539-Ab	HIP 15520 Ab	BK Cam Ab	no
synth:synth-03203+7744-B	HIP 15547 B	NSV 01094 B	no
synth:synth-03228+2045-B	Tau-2 Ari B	τ² Ari B	no
synth:synth-03253+6029-B	HIP 15941 B	NSV 01129 B	no
synth:synth-03260-3558-B	Chi-1 For B	χ¹ For B	no
synth:synth-03260-3558-C	Chi-1 For C	χ¹ For C	no
synth:synth-03260-3558-D	Chi-1 For D	χ¹ For D	no
synth:synth-03266+2843-Aa2	HIP 16042 Aa2	UX Ari Aa2	no
synth:synth-03266+2843-Ab	HIP 16042 Ab	UX Ari Ab	no
synth:synth-03272+0944-Aa2	Xi Tau Aa2	ξ Tau Aa2	yes
synth:synth-03272+0944-Ab	Xi Tau Ab	ξ Tau Ab	yes
synth:synth-03272+0944-B	Xi Tau B	ξ Tau B	yes
synth:synth-03282-3551-E	Chi-3 For E	χ³ For E	no
synth:synth-03282-3551-H	Chi-3 For H	χ³ For H	no
synth:synth-03294-2406-B	HIP 16247 B	AK For B	no
synth:synth-03294-6256-Bb	Kap Ret Bb	κ Ret Bb	yes
synth:synth-03305+2006-Bb	GJ 3232 Bb	HIP 16329 Bb	no
synth:synth-03312+1335-B	HIP 16399 B	NSV 01177 B	no
synth:synth-03320+6735-Bb	HIP 16458 Bb	HIP 16459 Bb	no
synth:synth-03335+5846-Bb	HIP 16584 Bb	HIP 16587 Bb	no
synth:synth-03336-1904-Bb	HIP 16594 Bb	HIP 16590 Bb	no
synth:synth-03368+0035-Bb	HIP 16846 Bb	V711 Tau Bb	no
synth:synth-03396+1823-Ab	HIP 17076 Ab	V1082 Tau Ab	no
synth:synth-03396+1823-Bb	HIP 17076 Bb	V1082 Tau Bb	no
synth:synth-03400+6352-C	HIP 17126 C	HIP 17118 C	no
synth:synth-03408+3907-C	HIP 17188 C	HIP 17190 C	no
synth:synth-03418+6239-Ab	HIP 17257 Ab	U Cam Ab	no
synth:synth-03429+4747-Ab	Del Per Ab	δ Per Ab	yes
synth:synth-03437+2339-B	HIP 17401 B	NSV 15745 B	no
synth:synth-03442-6448-Ab	Bet Ret Ab	β Ret Ab	yes
synth:synth-03462-2423-B	HIP 17600 B	S For B	no
synth:synth-03470+4126-Bb	HIP 17666 Bb	V580 Per Bb	no
synth:synth-03470+4126-Cb	HIP 17666 Cb	V580 Per Cb	no
synth:synth-03484+5202-B	HIP 17782 B	NSV 15777 B	no
synth:synth-03489+1143-B	HIP 17826 B	V1243 Tau B	no
synth:synth-03495+5239-D	HIP 17877 D	NSV 01333 D	no
synth:synth-03495+5239-E	HIP 17877 E	NSV 01333 E	no
synth:synth-03501+4458-B	HIP 17932 B	NSV 15796 B	no
synth:synth-03503+2535-B	HIP 17954 B	NSV 01366 B	no
synth:synth-03544-4021-B	HIP 18262 B	153 G. Eri B	no
synth:synth-03545+0510-C	HIP 18264 C	V479 Tau C	no
synth:synth-03560-2949-B	HIP 18398 B	GQ Eri B	no
synth:synth-03560-2949-C	HIP 18398 C	GQ Eri C	no
synth:synth-03566+5042-Ab	43 Per Ab	A Per Ab	yes
synth:synth-03575-0110-B	HIP 18512 B	NSV 15849 B	no
synth:synth-03579+4001-Aa2	Eps Per Aa2	ε Per Aa2	yes
synth:synth-03579+4001-Ab	Eps Per Ab	ε Per Ab	yes
synth:synth-03579+4001-Db	Eps Per Db	ε Per Db	yes
synth:synth-03597+4809-Ab	HIP 18662 Ab	IQ Per Ab	no
synth:synth-04005+1935-B	HD 285281 B	V1293 Tau B	no
synth:synth-04018+1000-Ab	HIP 18805 Ab	26 G. Tau Ab	no
synth:synth-04050+3705-Cb	HD 279333 Cb	HIP 19055 Cb	no
synth:synth-04066+2018-B	HIP 19176 B	V1300 Tau B	no
synth:synth-04078+6220-Eb	HIP 19270 Eb	NSV 01458 Eb	no
synth:synth-04078+6220-Pb	HIP 19272 Pb	NSV 01458 Pb	no
synth:synth-04078+6220-R	HIP 19272 R	NSV 01458 R	no
synth:synth-04101+2407-Db	HIP 19459 Db	HIP 19464 Db	no
synth:synth-04108-4200-B	Del Hor B	δ Hor B	yes
synth:synth-04119+2338-Ab	HIP 19591 Ab	V1136 Tau Ab	no
synth:synth-04142+2813-Aa2	HIP 19762 Aa2	V773 Tau Aa2	no
synth:synth-04142+2813-Ab	HIP 19762 Ab	V773 Tau Ab	no
synth:synth-04142+2813-Ac	HIP 19762 Ac	V773 Tau Ac	no
synth:synth-04149+4825-Ab	Mu Per Ab	μ Per Ab	yes
synth:synth-04163-6057-B	HIP 19917 B	TT Ret B	no
synth:synth-04173+2035-C	Ome-2 Tau C	ω² Tau C	no
synth:synth-04177-6315-B	The Ret B	θ Ret B	yes
synth:synth-04179+5847-B	HIP 20046 B	NSV 01540 B	no
synth:synth-04179-3348-Aa2	Ups-4 Eri Aa2	υ⁴ Eri Aa2	no
synth:synth-04179-3348-Ab	Ups-4 Eri Ab	υ⁴ Eri Ab	no
synth:synth-04179-3348-B	Ups-4 Eri B	υ⁴ Eri B	no
synth:synth-04180+1815-Ab	HIP 20056 Ab	V1232 Tau Ab	no
synth:synth-04191+1731-B	HIP 20146 B	NSV 15949 B	no
synth:synth-04215-2544-B	HIP 20347 B	NSV 01574 B	no
synth:synth-04220+1932-B	HIP 20390 B	T Tau B	no
synth:synth-04220+1932-Ba	HIP 20390 Ba	T Tau Ba	no
synth:synth-04220+1932-Bb	HIP 20390 Bb	T Tau Bb	no
synth:synth-04220+1932-C	HIP 20390 C	T Tau C	no
synth:synth-04220+1932-D	HIP 20390 D	T Tau D	no
synth:synth-04226+2538-Ba2	Chi Tau Ba2	χ Tau Ba2	yes
synth:synth-04226+2538-Bb	Chi Tau Bb	χ Tau Bb	yes
synth:synth-04227+1503-Ab	HIP 20440 Ab	NSV 15961 Ab	no
synth:synth-04239+0928-B	66 Tau B	r Tau B	yes
synth:synth-04242+1445-B	HIP 20553 B	V895 Tau B	no
synth:synth-04244+3419-C	HIP 20570 C	V590 Per C	no
synth:synth-04249-3445-Ab	HIP 20613 Ab	NSV 15987 Ab	no
synth:synth-04257+6340-Bb	HIP 20637 Bb	HIP 20669 Bb	no
synth:synth-04258+1800-B	HIP 20679 B	NSV 15986 B	no
synth:synth-04259+1852-B	HIP 20686 B	V1233 Tau B	no
synth:synth-04263+2128-Ab	HIP 20712 Ab	NSV 15988 Ab	no
synth:synth-04271+2542-B	HIP 20777 B	DF Tau B	no
synth:synth-04287+1552-Bb	The-1 Tau Bb	Chamukuy Bb	no
synth:synth-04287+1552-C	The-1 Tau C	Chamukuy C	no
synth:synth-04293+1733-B	HIP 20935 B	NSV 16025 B	no
synth:synth-04301+1814-Bb	HIP 20990 Bb	UX Tau Bb	no
synth:synth-04306+1612-Ab	HIP 21029 Ab	NSV 01627 Ab	no
synth:synth-04313+2150-B	HD 284496 B	V1202 Tau B	no
synth:synth-04321+0525-Ab	HIP 21152 Ab	58 G. Tau Ab	no
synth:synth-04333+5248-Ab	HIP 21233 Ab	DM Cam Ab	no
synth:synth-04338+1451-Ab	Rho Tau Ab	ρ Tau Ab	yes
synth:synth-04340+1510-B	HIP 21280 B	NSV 16085 B	no
synth:synth-04340-5503-B	Alp Dor B	α Dor B	yes
synth:synth-04357+1010-Ab	88 Tau Ab	d Tau Ab	yes
synth:synth-04357+1010-Bb	88 Tau Bb	d Tau Bb	yes
synth:synth-04368+2708-Ab	HIP 21482 Ab	V833 Tau Ab	no
synth:synth-04375+1509-Ab	HIP 21543 Ab	V998 Tau Ab	no
synth:synth-04375+1509-B	HIP 21543 B	V998 Tau B	no
synth:synth-04376-0228-Cb	51 Eri Cb	c Eri Cb	yes
synth:synth-04380-1302-Bb	HIP 21578 Bb	HIP 21577 Bb	no
synth:synth-04382+7128-Bb	HIP 21598 Bb	HIP 21587 Bb	no
synth:synth-04387+1546-B	HD 285957 B	V1204 Tau B	no
synth:synth-04387+1546-C	HD 285957 C	V1204 Tau C	no
synth:synth-04389-1207-Bb	HIP 21644 Bb	NSV 16134 Bb	no
synth:synth-04395+3408-B	HIP 21697 B	V584 Aur B	no
synth:synth-04406-0912-B	HIP 21765 B	NSV 01691 B	no
synth:synth-04406-4152-B	Alp Cae B	α Cae B	yes
synth:synth-04412-6519-B	HIP 21814 B	NSV 16156 B	no
synth:synth-04412-6519-C	HIP 21814 C	NSV 16156 C	no
synth:synth-04422+2257-Aa2	Tau Tau Aa2	τ Tau Aa2	yes
synth:synth-04422+2257-Ab	Tau Tau Ab	τ Tau Ab	yes
synth:synth-04429+1843-Bb	HIP 21946 Bb	HIP 21923 Bb	no
synth:synth-04445+3953-B	HIP 22050 B	V592 Per B	no
synth:synth-04449+2717-Ab	HD 283782 Ab	V1334 Tau Ab	no
synth:synth-04449+2717-C	HD 283782 C	V1334 Tau C	no
synth:synth-04460-0659-B	HIP 22151 B	NSV 01712 B	no
synth:synth-04469-6036-Ab	HIP 22229 Ab	AL Dor Ab	no
synth:synth-04469-6036-B	HIP 22229 B	AL Dor B	no
synth:synth-04477+4014-B	HIP 22272 B	V593 Per B	no
synth:synth-04478+3643-Ab	HIP 22275 Ab	AW Per Ab	no
synth:synth-04492+2448-Ab	HIP 22394 Ab	V808 Tau Ab	no
synth:synth-04493+2934-B	HIP 22402 B	V473 Tau B	no
synth:synth-04506+1505-B	HIP 22505 B	NSV 01735 B	no
synth:synth-04509-5328-Ab	Iot Pic Ab	ι Pic Ab	yes
synth:synth-04509-5328-Bb	Iot Pic Bb	ι Pic Bb	yes
synth:synth-04511+4458-C	HIP 22539 C	HIP 22540 C	no
synth:synth-04514+1850-Ab	97 Tau Ab	i Tau Ab	yes
synth:synth-04530+1116-Bb	HIP 22708 Bb	HIP 22712 Bb	no
synth:synth-04549+0836-C	HIP 22848 C	V1834 Ori C	no
synth:synth-04549+0836-D	HIP 22848 D	V1834 Ori D	no
synth:synth-04553-1625-B	HIP 22881 B	R Eri B	no
synth:synth-04564-0510-Ab	62 Eri Ab	b Eri Ab	yes
synth:synth-04564-0510-C	62 Eri C	b Eri C	yes
synth:synth-04570+1517-Ab	HD 286179 Ab	V1406 Ori Ab	no
synth:synth-05017+2640-Cb	HIP 23402 Cb	HIP 23395 Cb	no
synth:synth-05066-7734-B	HIP 23776 B	NSV 01860 B	no
synth:synth-05078+3024-C	HIP 23873 C		no
synth:synth-05079+0830-B	14 Ori B	i Ori B	yes
synth:synth-05086-1810-B	HIP 23932 B	NSV 01848 B	no
synth:synth-05098+2802-C	HIP 24020 C	V1156 Tau C	no
synth:synth-05112-0833-Ab	HIP 24156 Ab	ER Ori Ab	no
synth:synth-05112-0833-B	HIP 24156 B	ER Ori B	no
synth:synth-05117+0031-Ab	HIP 24196 Ab	V1085 Ori Ab	no
synth:synth-05117+0031-B	HIP 24196 B	V1085 Ori B	no
synth:synth-05123-1152-Ab	Iot Lep Ab	ι Lep Ab	yes
synth:synth-05133+0252-Ab	Rho Ori Ab	ρ Ori Ab	yes
synth:synth-05153+4710-B	HIP 24488 B	V390 Aur B	no
synth:synth-05164-0139-B	HIP 24580 B	NSV 16274 B	no
synth:synth-05176-0651-Bb	Tau Ori Bb	τ Ori Bb	yes
synth:synth-05193-1831-Ab	HIP 24825 Ab	YZ Lep Ab	no
synth:synth-05202+4105-B	HIP 24902 B	NSV 16284 B	no
synth:synth-05204-0802-B	HIP 24919 B	NSV 01938 B	no
synth:synth-05245-0224-Ab	Eta Ori Ab	η Ori Ab	yes
synth:synth-05247+3723-B	Sig Aur B	σ Aur B	yes
synth:synth-05247+3723-C	Sig Aur C	σ Aur C	yes
synth:synth-05247+3723-D	Sig Aur D	σ Aur D	yes
synth:synth-05248-5219-B	The Pic B	θ Pic B	yes
synth:synth-05255-0033-B	HIP 25365 B	NSV 16306 B	no
synth:synth-05264-4323-Bb	HIP 25434 Bb	HIP 25436 Bb	no
synth:synth-05268+0306-Ab	Psi-2 Ori Ab	ψ² Ori Ab	no
synth:synth-05287-6527-Ab	HIP 25647 Ab	AB Dor Ab	no
synth:synth-05287-6527-Bb	HIP 25647 Bb	AB Dor Bb	no
synth:synth-05291+1152-B	HIP 25689 B	GW Ori B	no
synth:synth-05297-0048-Ab	HIP 25732 Ab	NSV 16319 Ab	no
synth:synth-05308+0557-Ab	32 Ori Ab	A Ori Ab	yes
synth:synth-05308+0557-B	32 Ori B	A Ori B	yes
synth:synth-05308-7055-Bb	HIP 25805 Bb	HIP 25811 Bb	no
synth:synth-05319-7620-B	Gam Men B	γ Men B	yes
synth:synth-05322+1703-Bb	HIP 25950 Bb	NSV 16329 Bb	no
synth:synth-05350-0600-Bb	HIP 26197 Bb	NSV 16390 Bb	no
synth:synth-05350-0600-C	HIP 26199 C	NSV 16390 C	no
synth:synth-05352-0223-B	HIP 26216 B	NSV 16417 B	no
synth:synth-05353-0523-Ab	The-1 Ori Ab	θ¹ Ori Ab	no
synth:synth-05353-0523-Bb	The-1 Ori Bb	θ¹ Ori Bb	no
synth:synth-05353-0523-Bc	The-1 Ori Bc	θ¹ Ori Bc	no
synth:synth-05353-0523-Bd	The-1 Ori Bd	θ¹ Ori Bd	no
synth:synth-05353-0523-Ca2	The-1 Ori Ca2	θ¹ Ori Ca2	no
synth:synth-05353-0523-Cb	The-1 Ori Cb	θ¹ Ori Cb	no
synth:synth-05353-0523-Dc	The-1 Ori Dc	θ¹ Ori Dc	no
synth:synth-05353-0523-H	The-1 Ori H	θ¹ Ori H	no
synth:synth-05353-0523-I	The-1 Ori I	θ¹ Ori I	no
synth:synth-05353-0523-Pb	The-1 Ori Pb	θ¹ Ori Pb	no
synth:synth-05353-0523-Qb	The-1 Ori Qb	θ¹ Ori Qb	no
synth:synth-05353-0523-Xb	The-1 Ori Xb	θ¹ Ori Xb	no
synth:synth-05353-0523-Yb	The-1 Ori Yb	θ¹ Ori Yb	no
synth:synth-05353-0523-Zb	The-1 Ori Zb	θ¹ Ori Zb	no
synth:synth-05353-0524-Cb	The-1 Ori Cb		no
synth:synth-05353-0524-Hb	The-1 Ori Hb		no
synth:synth-05353-0524-Ib	The-1 Ori Ib		no
synth:synth-05353-0524-K	The-1 Ori K		no
synth:synth-05353-0524-Ob	The-1 Ori Ob		no
synth:synth-05353-0524-Sb	The-1 Ori Sb		no
synth:synth-05353-0524-Tb	The-1 Ori Tb		no
synth:synth-05354-0450-Ab	42 Ori Ab	c Ori Ab	yes
synth:synth-05354-0525-Aa2	The-2 Ori Aa2	θ² Ori Aa2	no
synth:synth-05354-0525-Ab	The-2 Ori Ab	θ² Ori Ab	no
synth:synth-05354-0525-Bb	The-2 Ori Bb	θ² Ori Bb	no
synth:synth-05354-0525-E	The-1 Ori E	θ² Ori E	no
synth:synth-05354-3316-B	HIP 26245 B	NSV 02399 B	no
synth:synth-05355-0516-Aa2	HIP 26258 Aa2	NU Ori Aa2	no
synth:synth-05355-0516-Ab	HIP 26258 Ab	NU Ori Ab	no
synth:synth-05355-0516-B	HIP 26258 B	NU Ori B	no
synth:synth-05365-0643-Ab	HIP 26327 Ab	V380 Ori Ab	no
synth:synth-05365-0643-B	HIP 26327 B	V380 Ori B	no
synth:synth-05369-4758-Bb	HIP 26369 Bb	UY Pic Bb	no
synth:synth-05369-4758-C	HIP 26373 C	UY Pic C	no
synth:synth-05379+0058-Ab	HIP 26476 Ab	NSV 02478 Ab	no
synth:synth-05386-0233-F	HD 294271 F		no
synth:synth-05387-0236-Ab	Sig Ori Ab	σ Ori Ab	yes
synth:synth-05387-0236-B	Sig Ori B	σ Ori B	yes
synth:synth-05387-0236-Cb	Sig Ori Cb	σ Ori Cb	yes
synth:synth-05387-0236-Eb	Sig Ori Eb	σ Ori Eb	yes
synth:synth-05387-0236-Jb	Sig Ori Jb	σ Ori Jb	yes
synth:synth-05399+3005-Ab	HIP 26658 Ab	V617 Aur Ab	no
synth:synth-05403+1521-Bb	HIP 26690 Bb	HIP 26692 Bb	no
synth:synth-05417-0254-B	HIP 26820 B	NSV 16637 B	no
synth:synth-05430+7359-B	HIP 26940 B	NSV 16615 B	no
synth:synth-05431+2522-B	HIP 26947 B	NSV 02588 B	no
synth:synth-05431-3516-B	HIP 26948 B	NSV 16647 B	no
synth:synth-05431-3516-C	HIP 26948 C	NSV 16647 C	no
synth:synth-05436+6633-B	HIP 26989 B	NSV 02563 B	no
synth:synth-05436+6633-D	HIP 26989 D	NSV 02563 D	no
synth:synth-05436+6633-E	HIP 26989 E	NSV 02563 E	no
synth:synth-05447-5955-Cb	HIP 27134 Cb	XZ Pic Cb	no
synth:synth-05473-5104-Ab	Bet Pic Ab	β Pic Ab	yes
synth:synth-05474-1032-Ab	HIP 27341 Ab	V1031 Ori Ab	no
synth:synth-05474-1032-B	HIP 27341 B	V1031 Ori B	no
synth:synth-05524+2042-I	HIP 27746 I	NSV 16713 I	no
synth:synth-05528+2946-D	HIP 27786 D	NSV 02685 D	no
synth:synth-05544+2017-B	Chi-1 Ori B	χ¹ Ori B	no
synth:synth-06010+2734-B	HIP 28500 B	NSV 16751 B	no
synth:synth-06024+0939-Ab	Mu Ori Ab	μ Ori Ab	yes
synth:synth-06024+0939-B	Mu Ori B	μ Ori B	yes
synth:synth-06024+0939-Bb	Mu Ori Bb	μ Ori Bb	yes
synth:synth-06042-0643-Ab	HIP 28744 Ab	V696 Mon Ab	no
synth:synth-06042-0643-B	HIP 28744 B	V696 Mon B	no
synth:synth-06045+5134-B	HIP 28765 B	NSV 02804 B	no
synth:synth-06045+5134-C	HIP 28765 C	NSV 02804 C	no
synth:synth-06048-4828-Ab	HIP 28796 Ab	V575 Pup Ab	no
synth:synth-06048-4828-B	HIP 28796 B	V575 Pup B	no
synth:synth-06066+2620-C	HIP 28945 C	AA Gem C	no
synth:synth-06103+2120-C	HD 252645 C	V2782 Ori C	no
synth:synth-06106-2152-B	HIP 29295 B	NSV 02863 B	no
synth:synth-06138-2352-Bb	HIP 29568 Bb	V352 CMa Bb	no
synth:synth-06171+0957-Ab	75 Ori Ab	l Ori Ab	yes
synth:synth-06171+0957-D	75 Ori D	l Ori D	yes
synth:synth-06171+0957-E	75 Ori E	l Ori E	yes
synth:synth-06173+0506-Ab	HIP 29860 Ab	NSV 02896 Ab	no
synth:synth-06173+0506-Eb	HIP 29860 Eb	NSV 02896 Eb	no
synth:synth-06183+6212-Bb	HIP 29944 Bb	HIP 29947 Bb	no
synth:synth-06198+2207-F	HIP 30075 F	NSV 16826 F	no
synth:synth-06214+0216-B	HIP 30217 B	NSV 02932 B	no
synth:synth-06214-1146-B	HIP 30214 B	FR CMa B	no
synth:synth-06224+2514-B	HD 255818 B	NSV 02937 B	no
synth:synth-06224+2514-C	HD 255818 C	NSV 02937 C	no
synth:synth-06247+5940-B	HIP 30491 B	HD 44271 B	no
synth:synth-06247+5940-Cb	HIP 30491 Cb	HD 44271 Cb	no
synth:synth-06262+1845-Ab	HIP 30630 Ab	OU Gem Ab	no
synth:synth-06290+2013-Aa2	Nu Gem Aa2	ν Gem Aa2	yes
synth:synth-06290+2013-Ab	Nu Gem Ab	ν Gem Ab	yes
synth:synth-06290+2013-Bb	Nu Gem Bb	ν Gem Bb	yes
synth:synth-06298-5014-B	HIP 30953 B	NSV 16887 B	no
synth:synth-06298-5014-C	HIP 30953 C	NSV 16887 C	no
synth:synth-06298-5014-D	HIP 30953 D	NSV 16887 D	no
synth:synth-06306-1309-B	HIP 31024 B	NSV 16882 B	no
synth:synth-06314-1234-B	HIP 31088 B	NSV 16893 B	no
synth:synth-06314-1234-C	HIP 31088 C	NSV 16893 C	no
synth:synth-06319+0457-B	HIP 31130 B	NSV 16898 B	no
synth:synth-06319+0457-E	HIP 31130 E	NSV 16898 E	no
synth:synth-06319+0457-G	HIP 31130 G	NSV 16898 G	no
synth:synth-06319+0457-H	HIP 31130 H	NSV 16898 H	no
synth:synth-06319+0457-I	HIP 31130 I	NSV 16898 I	no
synth:synth-06319+0457-J	HIP 31130 J	NSV 16898 J	no
synth:synth-06319+0457-K	HIP 31130 K	NSV 16898 K	no
synth:synth-06319+0457-M	HIP 31130 M	NSV 16898 M	no
synth:synth-06319+0457-N	HIP 31130 N	NSV 16898 N	no
synth:synth-06319+0457-Q	HIP 31130 Q	NSV 16898 Q	no
synth:synth-06328-1110-Ab	HIP 31205 Ab	HR CMa Ab	no
synth:synth-06328-1110-B	HIP 31205 B	HR CMa B	no
synth:synth-06359-3605-Bb	HIP 31547 Bb	HIP 31509 Bb	no
synth:synth-06367-2237-C	HIP 31593 C	V415 CMa C	no
synth:synth-06374+0608-B	HIP 31646 B	V640 Mon B	no
synth:synth-06374+0608-C	HIP 31646 C	V640 Mon C	no
synth:synth-06380-6132-B	HIP 31711 B	AK Pic B	no
synth:synth-06392-2634-Cb	HIP 31821 Cb	V356 CMa Cb	no
synth:synth-06405-0331-B	HIP 31942 B	NSV 17029 B	no
synth:synth-06410+0954-I	HD 261938 I	15 Mon I	no
synth:synth-06410+0954-J	HD 261938 J	15 Mon J	no
synth:synth-06460-6624-C	HIP 32414 C	NSV 17197 C	no
synth:synth-06460-6624-D	HIP 32414 D	NSV 17197 D	no
synth:synth-06467+0822-B	HIP 32475 B	V839 Mon B	no
synth:synth-06478+0020-B	HIP 32572 B	NSV 17194 B	no
synth:synth-06482+5542-Ab	HIP 32609 Ab	NSV 03202 Ab	no
synth:synth-06482+5542-Bb	HIP 32609 Bb	NSV 03202 Bb	no
synth:synth-06490-1509-B	HIP 32677 B	NSV 17203 B	no
synth:synth-06496-2111-B	HIP 32721 B	NSV 17204 B	no
synth:synth-06496-2111-C	HIP 32721 C	NSV 17204 C	no
synth:synth-06532-0013-D	HD 292557 D		no
synth:synth-06546+1311-D	38 Gem D	e Gem D	yes
synth:synth-06561-1403-Ab	Mu CMa Ab	μ CMa Ab	yes
synth:synth-06573-3530-B	HIP 33451 B	NSV 17255 B	no
synth:synth-06573-4929-B	HIP 33455 B	NSV 17261 B	no
synth:synth-06577-4118-Ab	HIP 33487 Ab	V358 Pup Ab	no
synth:synth-06579-4417-B	HIP 33499 B	NSV 03321 B	no
synth:synth-06583-3525-D	HIP 33543 D	HIP 33544 D	no
synth:synth-06584-1300-B	HIP 33560 B	NSV 03315 B	no
synth:synth-06584-3407-B	HIP 33558 B	t Pup B	no
synth:synth-06592+1843-B	HD 267347 B	NSV 03319 B	no
synth:synth-06593+4219-B	HIP 33643 B	NY Aur B	no
synth:synth-07003-2207-Ab	HIP 33721 Ab	FU CMa Ab	no
synth:synth-07003-2207-C	HIP 33721 C	FU CMa C	no
synth:synth-07003-2207-D	HIP 33721 D	FU CMa D	no
synth:synth-07018-1118-B	HIP 33868 B	GU CMa B	no
synth:synth-07018-1118-C	HIP 33868 C	GU CMa C	no
synth:synth-07040-4337-Cb	HIP 34052 Cb	HIP 34065 Cb	no
synth:synth-07043-1031-B	HIP 34104 B	NSV 03363 B	no
synth:synth-07044-1027-Ab	HIP 34116 Ab	V750 Mon Ab	no
synth:synth-07044-1027-B	HIP 34116 B	V750 Mon B	no
synth:synth-07058-1040-C	HIP 34234 C	V569 Mon C	no
synth:synth-07058-1040-D	HIP 34234 D	V569 Mon D	no
synth:synth-07067-1118-B	HIP 34301 B	FN CMa B	no
synth:synth-07074-2350-B	HIP 34360 B	FV CMa B	no
synth:synth-07074-2350-C	HIP 34360 C	FV CMa C	no
synth:synth-07091-6035-B	HIP 34517 B	NSV 17373 B	no
synth:synth-07097-2514-Ab	HIP 34579 Ab	LZ CMa Ab	no
synth:synth-07111+3015-B	Tau Gem B	τ Gem B	yes
synth:synth-07135-4438-Ab	HIP 34922 Ab	L² Pup Ab	no
synth:synth-07144+2443-B	HIP 34995 B	V356 Gem B	no
synth:synth-07144+2443-D	HIP 34995 D	V356 Gem D	no
synth:synth-07171-1202-B	HIP 35261 B	NSV 17411 B	no
synth:synth-07171-1202-Cb	HIP 35261 Cb	NSV 17411 Cb	no
synth:synth-07171-3706-Ab	Pi Pup Ab	π Pup Ab	yes
synth:synth-07185-5721-Ab	HIP 35374 Ab	NSV 17431 Ab	no
synth:synth-07185-5721-Bb	HIP 35374 Bb	NSV 17431 Bb	no
synth:synth-07185-5721-C	HIP 35374 C	NSV 17431 C	no
synth:synth-07185-5721-D	HIP 35374 D	NSV 17431 D	no
synth:synth-07187-2457-Ab	Tau CMa Ab	τ CMa Ab	yes
synth:synth-07187-2457-E	Tau CMa E	τ CMa E	yes
synth:synth-07230-2546-B	HIP 35793 B	VY CMa B	no
synth:synth-07230-2546-F	HIP 35793 F	VY CMa F	no
synth:synth-07230-2546-G	HIP 35793 G	VY CMa G	no
synth:synth-07230-2546-H	HIP 35793 H	VY CMa H	no
synth:synth-07238+1042-C	HIP 35873 C	HIP 35876 C	no
synth:synth-07247-3149-B	HIP 35957 B	NSV 03584 B	no
synth:synth-07279-1133-B	HIP 36251 B	NSV 03600 B	no
synth:synth-07289+4811-Ab	HIP 36348 Ab	NSV 17478 Ab	no
synth:synth-07289+4811-B	HIP 36348 B	NSV 17478 B	no
synth:synth-07289-3015-B	HIP 36349 B	V372 Pup B	no
synth:synth-07291+3147-B	Rho Gem B	ρ Gem B	yes
synth:synth-07292-4318-Ab	Sig Pup Ab	σ Pup Ab	yes
synth:synth-07292-4318-B	Sig Pup B	σ Pup B	yes
synth:synth-07304+1352-Db	HIP 36497 Db	NSV 17490 Db	no
synth:synth-07304+1352-E	HIP 36485 E	NSV 17490 E	no
synth:synth-07317-3553-Ab	HIP 36608 Ab	PS Pup Ab	no
synth:synth-07343-2328-Ab	HIP 36817 Ab	n Pup Ab	no
synth:synth-07354-2822-Db	HIP 36890 Db	p Pup Db	no
synth:synth-07361-1430-E	HIP 36981 E	V378 Pup E	no
synth:synth-07366-1429-Fb	HD 60998 Fb		no
synth:synth-07366-1429-O	HD 60998 O		no
synth:synth-07366-1429-Q	HD 60998 Q		no
synth:synth-07366-1429-S	HD 60998 S		no
synth:synth-07374-3458-C	HIP 37096 C	f Pup C	no
synth:synth-07380-3208-B	HIP 37145 B	NSV 03669 B	no
synth:synth-07400-0336-C	HIP 37349 C	V869 Mon C	no
synth:synth-07400-0336-Ib	HIP 36985 Ib	V869 Mon Ib	no
synth:synth-07433+2853-Ab	Sig Gem Ab	σ Gem Ab	yes
synth:synth-07456-3410-Ab	HIP 37853 Ab	171 G. Pup Ab	no
synth:synth-07490+2834-C	HIP 38144 C	V514 Gem C	no
synth:synth-07490-2455-B	HIP 38146 B	NSV 17616 B	no
synth:synth-07492-4622-Ab	HIP 38164 Ab	P Pup Ab	no
synth:synth-07522-4035-B	HIP 38414 B	a Pup B	no
synth:synth-07523-2626-C	HIP 38430 C	V402 Pup C	no
synth:synth-07528-0526-B	HIP 38474 B	NSV 03777 B	no
synth:synth-07534-5239-B	HIP 38526 B	NSV 03803 B	no
synth:synth-07541-1820-B	HIP 38591 B	NSV 17654 B	no
synth:synth-07545+2610-Ab	HIP 38620 Ab	NSV 17648 Ab	no
synth:synth-07545+2610-B	HIP 38620 B	NSV 17648 B	no
synth:synth-07591-0420-B	HIP 39017 B	V769 Mon B	no
synth:synth-07598-4718-B	HIP 39084 B	V410 Pup B	no
synth:synth-08017-0836-B	HIP 39264 B	V635 Mon B	no
synth:synth-08025-5502-D	HIP 39328 D	HIP 39333 D	no
synth:synth-08044+1217-B	HIP 39495 B	NSV 03886 B	no
synth:synth-08044+1217-E	HIP 39495 E	NSV 03886 E	no
synth:synth-08044+1217-F	HIP 39495 F	NSV 03886 F	no
synth:synth-08057-3000-D	HIP 39606 D	HIP 39610 D	no
synth:synth-08070-2954-B	HIP 39713 B	NSV 17740 B	no
synth:synth-08090+3249-Ab	HIP 39896 Ab	FP Cnc Ab	no
synth:synth-08090+3249-C	HIP 39896 C	FP Cnc C	no
synth:synth-08095-4720-Aa2	Gam-2 Vel Aa2	γ² Vel Aa2	no
synth:synth-08100+1701-B	HIP 39990 B	NSV 17749 B	no
synth:synth-08100+1701-C	HIP 39990 C	NSV 17749 C	no
synth:synth-08102+2551-C	13 Cnc C	ψ¹ Cnc C	yes
synth:synth-08132-1354-B	HIP 40239 B	NSV 03945 B	no
synth:synth-08140-4021-B	HIP 40326 B	h² Pup B	no
synth:synth-08153-6255-B	HIP 40429 B	C Car B	no
synth:synth-08169-3452-C	HIP 40563 C		no
synth:synth-08169-3452-D	HIP 40563 D		no
synth:synth-08169-3452-F	HIP 40563 F		no
synth:synth-08169-3452-G	HIP 40563 G		no
synth:synth-08195+3503-Ab	HIP 40791 Ab	EF Lyn Ab	no
synth:synth-08198-7131-Ab	Kap-1 Vol Ab	κ¹ Vol Ab	no
synth:synth-08246-0443-B	HIP 41214 B	16 G. Hya B	no
synth:synth-08250-4246-B	HIP 41250 B	V438 Pup B	no
synth:synth-08250-4246-Bb	HIP 41250 Bb	V438 Pup Bb	no
synth:synth-08258+1703-B	25 Cnc B	d² Cnc B	yes
synth:synth-08258+1703-C	25 Cnc C	d² Cnc C	yes
synth:synth-08259-1623-B	HIP 41322 B	V751 Pup B	no
synth:synth-08263-3904-Ab	HIP 41361 Ab	NO Pup Ab	no
synth:synth-08263-3904-Bb	HIP 41361 Bb	NO Pup Bb	no
synth:synth-08268-2252-Bb	HIP 41418 Bb		no
synth:synth-08280-3507-Ab	HIP 41515 Ab	XY Pyx Ab	no
synth:synth-08285-0231-Ab	HIP 41564 Ab	25 G. Hya Ab	no
synth:synth-08285-0231-B	HIP 41564 B	25 G. Hya B	no
synth:synth-08291-4756-Ab	HIP 41616 Ab	A Vel Ab	no
synth:synth-08314-3904-Ab	HIP 41806 Ab	NSV 17914 Ab	no
synth:synth-08316+1806-C	The Cnc C	θ Cnc C	yes
synth:synth-08317+1924-Ab	HIP 41824 Ab	CU Cnc Ab	no
synth:synth-08317-0619-B	HIP 41834 B	VZ Hya B	no
synth:synth-08358+0637-Bb	HIP 42173 Bb	HIP 42172 Bb	no
synth:synth-08369+2315-B	HIP 42253 B	HO Cnc B	no
synth:synth-08379-2615-C	Eta Pyx C	η Pyx C	yes
synth:synth-08379-2615-D	Eta Pyx D	η Pyx D	yes
synth:synth-08379-2615-E	Eta Pyx E	η Pyx E	yes
synth:synth-08388-7221-C	HIP 42407 C	NSV 17959 C	no
synth:synth-08399+1933-Ab	HIP 42497 Ab	NSV 04174 Ab	no
synth:synth-08399+1933-B	HIP 42497 B	NSV 04174 B	no
synth:synth-08399+1933-Cb	HIP 42497 Cb	NSV 04174 Cb	no
synth:synth-08399+1933-Db	HIP 42497 Db	NSV 04174 Db	no
synth:synth-08399+1933-G	HIP 42497 G	NSV 04174 G	no
synth:synth-08403+1921-B	HIP 42542 B	NSV 17953 B	no
synth:synth-08403+1921-Bb	HIP 42542 Bb	NSV 17953 Bb	no
synth:synth-08404-4223-C	HIP 42543 C	HIP 42544 C	no
synth:synth-08413-7858-Cb	9 Cha Cb	η Cha Cb	no
synth:synth-08421-5245-B	HIP 42695 B	NSV 04213 B	no
synth:synth-08424-5307-Ab	HIP 42726 Ab	HY Vel Ab	no
synth:synth-08424-5307-C	HIP 42715 C	HY Vel C	no
synth:synth-08474-1703-B	HIP 43152 B	63 G. Hya B	no
synth:synth-08480-3115-Cb	HIP 43316 Cb	HIP 43193 Cb	no
synth:synth-08507+0752-B	HIP 43422 B	HP Cnc B	no
synth:synth-08526-3633-B	HIP 43590 B	NSV 04288 B	no
synth:synth-08547+1637-Ab	HIP 43751 Ab	IK Cnc Ab	no
synth:synth-08549+2612-B	HIP 43766 B	NSV 04296 B	no
synth:synth-08562-5532-C	HIP 43867 C	NSV 18094 C	no
synth:synth-08567+1951-B	HIP 43905 B	T Cnc B	no
synth:synth-08570-5021-B	HIP 43936 B	OW Vel B	no
synth:synth-08570-5021-C	HIP 43936 C	OW Vel C	no
synth:synth-09017-5211-B	HIP 44337 B	OY Vel B	no
synth:synth-09024-6624-B	Alp Vol B	α Vol B	yes
synth:synth-09045-5620-B	HIP 44545 B	NSV 18133 B	no
synth:synth-09045-5620-D	HIP 44545 D	NSV 18133 D	no
synth:synth-09077+1040-Ab	Kap Cnc Ab	κ Cnc Ab	yes
synth:synth-09077+1040-B	Kap Cnc B	κ Cnc B	yes
synth:synth-09099+5429-Ab	HIP 44998 Ab	XY UMa Ab	no
synth:synth-09099+5429-B	HIP 44998 B	XY UMa B	no
synth:synth-09099-3022-B	Eps Pyx B	ε Pyx B	yes
synth:synth-09099-3022-C	Eps Pyx C	ε Pyx C	yes
synth:synth-09109+6331-Ab	Tau UMa Ab	τ UMa Ab	yes
synth:synth-09123+1500-Ab	Pi-1 Cnc Ab	81 Cnc Ab	no
synth:synth-09123+1500-E	Pi-1 Cnc E	81 Cnc E	no
synth:synth-09123+1500-Eb	Pi-1 Cnc Eb	81 Cnc Eb	no
synth:synth-09125-4337-Ab	HIP 45189 Ab	KL Vel Ab	no
synth:synth-09150-3736-B	HIP 45386 B	k¹ Vel B	no
synth:synth-09156-5458-C	HIP 45434 C	NSV 18165 C	no
synth:synth-09179+2834-B	HIP 45617 B	IP Cnc B	no
synth:synth-09208+6121-B	HIP 45840 B	NSV 18173 B	no
synth:synth-09223-5428-D	HIP 45937 D	HIP 45952 D	no
synth:synth-09228-0950-B	HIP 45999 B	KU Hya B	no
synth:synth-09265+7826-C	HIP 46299 C	HIP 46298 C	no
synth:synth-09278-0604-B	HIP 46404 B	NSV 18204 B	no
synth:synth-09285+0903-B	Ome Leo B	ω Leo B	yes
synth:synth-09293-4432-Bb	HIP 46535 Bb	HIP 46523 Bb	no
synth:synth-09306+1036-Ab	HIP 46637 Ab	GS Leo Ab	no
synth:synth-09307-4028-B	Psi Vel B	ψ Vel B	yes
synth:synth-09313-1329-B	HIP 46706 B	NSV 04515 B	no
synth:synth-09320-0111-B	Tau-2 Hya B	τ² Hya B	no
synth:synth-09327+0152-B	HIP 46840 B	155 G. Hya B	no
synth:synth-09353-1019-Bb	HIP 47040 Bb	HIP 47050 Bb	no
synth:synth-09354+3958-Ab	HIP 47053 Ab	DI Lyn Ab	no
synth:synth-09354+3958-Bb	HIP 47054 Bb	DI Lyn Bb	no
synth:synth-09356-1935-Ab	HIP 47070 Ab	165 G. Hya Ab	no
synth:synth-09387+2132-B	HIP 47329 B	NSV 18240 B	no
synth:synth-09415-1829-Ab	HIP 47537 Ab	NSV 18248 Ab	no
synth:synth-09442-2746-B	The Ant B	θ Ant B	yes
synth:synth-09521+5404-B	Phi UMa B	φ UMa B	yes
synth:synth-09525-0806-B	Gam Sex B	γ Sex B	yes
synth:synth-09548-2942-B	HIP 48610 B	NSV 18301 B	no
synth:synth-09589-5000-Ab	HIP 48928 Ab	NSV 04693 Ab	no
synth:synth-09589-5000-B	HIP 48928 B	NSV 04693 B	no
synth:synth-10000+2433-B	HIP 49018 B	DH Leo B	no
synth:synth-10006-5657-Ab	HIP 49052 Ab	NSV 18318 Ab	no
synth:synth-10040-1806-Cb	HIP 49319 Cb	192 G. Hya Cb	no
synth:synth-10050-5119-B	HIP 49394 B	NSV 04731 B	no
synth:synth-10093+2020-B	HIP 49747 B	NSV 04757 B	no
synth:synth-10121-0241-B	HIP 49969 B	NSV 04776 B	no
synth:synth-10178-7204-Ab	HD 311619 Ab		no
synth:synth-10178-7204-B	HD 311619 B		no
synth:synth-10178-7204-Cb	HD 311619 Cb		no
synth:synth-10193-1232-B	HIP 50536 B	209 G. Hya B	no
synth:synth-10222+4114-F	HIP 50786 F	NSV 18385 F	no
synth:synth-10227+1521-B	HIP 50829 B	NSV 04836 B	no
synth:synth-10241+6534-B	HIP 50933 B	ET UMa B	no
synth:synth-10269-5340-Ab	HIP 51144 Ab	NSV 18406 Ab	no
synth:synth-10279+3642-B	Bet LMi B	β LMi B	yes
synth:synth-10298-0355-Bb	HIP 51393 Bb	HIP 51394 Bb	no
synth:synth-10311+8234-Ab	HIP 51502 Ab	NSV 04864 Ab	no
synth:synth-10329-4700-Ab	HIP 51635 Ab	t Vel Ab	no
synth:synth-10361-2641-B	HIP 51885 B	NSV 04907 B	no
synth:synth-10373-4814-Ab	HIP 51986 Ab	p Vel Ab	no
synth:synth-10373-4814-B	HIP 51986 B	p Vel B	no
synth:synth-10401+1914-B	HIP 52212 B	NSV 04928 B	no
synth:synth-10432-6110-D	HIP 52437 D	HIP 52436 D	no
synth:synth-10435+4612-Bb	HIP 52498 Bb	HIP 52469 Bb	no
synth:synth-10435+4612-E	HIP 52498 E	HIP 52469 E	no
synth:synth-10443-7052-Bb	HIP 52537 Bb	HIP 52520 Bb	no
synth:synth-10444-6000-Aa2	HIP 52526 Aa2	QZ Car Aa2	no
synth:synth-10444-6000-Ab	HIP 52526 Ab	QZ Car Ab	no
synth:synth-10444-6000-Ab2	HIP 52526 Ab2	QZ Car Ab2	no
synth:synth-10444-6000-Ac	HIP 52526 Ac	QZ Car Ac	no
synth:synth-10444-6000-Ad	HIP 52526 Ad	QZ Car Ad	no
synth:synth-10444-6000-D	HIP 52526 D	QZ Car D	no
synth:synth-10446+0530-B	HIP 52547 B	NSV 04955 B	no
synth:synth-10448-5934-B	HIP 52558 B	NSV 18509 B	no
synth:synth-10468-4925-B	Mu Vel B	μ Vel B	yes
synth:synth-10534-0215-Ab	HIP 53240 Ab	20 G. Leo Ab	no
synth:synth-10534-0215-B	HIP 53240 B	20 G. Leo B	no
synth:synth-10536-5927-B	HD 303503 B	HH Car B	no
synth:synth-10536-5927-C	HD 303503 C	HH Car C	no
synth:synth-10536-5927-D	HD 303503 D	HH Car D	no
synth:synth-10545-6150-B	HIP 53334 B	NSV 18554 B	no
synth:synth-11022-4230-Ab	HIP 53938 Ab	V360 Vel Ab	no
synth:synth-11022-4230-B	HIP 53938 B	V360 Vel B	no
synth:synth-11045-6258-D	HIP 54130 D	V530 Car D	no
synth:synth-11047-0413-B	HIP 54155 B	HH Leo B	no
synth:synth-11047-0413-C	HIP 54155 C	HH Leo C	no
synth:synth-11053-2718-B	Chi-1 Hya B	χ¹ Hya B	no
synth:synth-11053-2718-D	Chi-1 Hya D	χ¹ Hya D	no
synth:synth-11065+1416-Ab	HIP 54299 Ab	NSV 05085 Ab	no
synth:synth-11073-7738-Bb	HIP 54365 Bb	DI Cha Bb	no
synth:synth-11098-7637-B	HIP 54557 B	NSV 18683 B	no
synth:synth-11122-4616-B	HIP 54718 B	7 G. Cen B	no
synth:synth-11125+3549-Db	HIP 54996 Db	MN UMa Db	no
synth:synth-11125+3549-Eb	HIP 54745 Eb	MN UMa Eb	no
synth:synth-11125-1830-B	Psi Crt B	ψ Crt B	yes
synth:synth-11152+7329-D	HIP 54976 D	HIP 54952 D	no
synth:synth-11170-0708-Ab	HIP 55106 Ab	SV Crt Ab	no
synth:synth-11175-5906-C	HIP 55149 C		no
synth:synth-11190+1416-B	HIP 55254 B	NSV 05169 B	no
synth:synth-11210-5429-B	Pi Cen B	π Cen B	yes
synth:synth-11214-2027-B	HIP 55454 B	SZ Crt B	no
synth:synth-11218+1811-B	HIP 55486 B	NSV 05174 B	no
synth:synth-11221+3705-C	HIP 55509 C	HIP 55508 C	no
synth:synth-11221-2447-Ab	HIP 55505 Ab	TV Crt Ab	no
synth:synth-11221-2447-Bb	HIP 55505 Bb	TV Crt Bb	no
synth:synth-11239+1032-B	Iot Leo B	ι Leo B	yes
synth:synth-11239+1032-C	Iot Leo C	ι Leo C	yes
synth:synth-11243-5945-B	HD 306409 B		no
synth:synth-11243-5945-D	HD 306409 D		no
synth:synth-11268-5043-Db	HIP 55850 Db	HIP 55855 Db	no
synth:synth-11268-5310-B	HIP 55849 B	32 G. Cen B	no
synth:synth-11279-0142-B	HIP 55941 B	59 G. Leo B	no
synth:synth-11301+2958-B	HIP 56109 B	AW UMa B	no
synth:synth-11308+4117-Ab	HIP 56165 Ab	NSV 18777 Ab	no
synth:synth-11308+4117-B	HIP 56165 B	NSV 18777 B	no
synth:synth-11358-6301-Ab	Lam Cen Ab	λ Cen Ab	yes
synth:synth-11374+4728-Ab	HIP 56685 Ab	DF UMa Ab	no
synth:synth-11374+4728-B	HIP 56685 B	DF UMa B	no
synth:synth-11387-1312-B	Iot Crt B	ι Crt B	yes
synth:synth-11395-6524-B	HIP 56862 B	GT Mus B	no
synth:synth-11398-6329-Bc	HIP 56890 Bc	NSV 18833 Bc	no
synth:synth-11398-6329-C	HIP 56890 C	NSV 18833 C	no
synth:synth-11446-4925-B	HIP 57269 B	V838 Cen B	no
synth:synth-11456-6644-Ab	Lam Mus Ab	λ Mus Ab	yes
synth:synth-11474-4953-C	HIP 57524 C	NSV 18915 C	no
synth:synth-11479+0815-C	4 Vir C	A¹ Vir C	yes
synth:synth-11479+0815-E	4 Vir E	A¹ Vir E	yes
synth:synth-11486+1417-B	HIP 57606 B	NSV 05344 B	no
synth:synth-11497-6347-Ab	HIP 57669 Ab	j Cen Ab	no
synth:synth-11510-0520-Ab	HIP 57791 Ab	12 G. Vir Ab	no
synth:synth-11510-0520-B	HIP 57791 B	12 G. Vir B	no
synth:synth-11520+4805-B	HIP 57859 B	MY UMa B	no
synth:synth-11535+5846-C	HD 103247 C	NSV 18990 C	no
synth:synth-11544-3745-B	HIP 58057 B	77 G. Cen B	no
synth:synth-11550-5606-B	HIP 58106 B	NSV 19015 B	no
synth:synth-11572-7922-E	HIP 58285 E	T Cha E	no
synth:synth-11585-7754-B	HIP 58400 B	DW Cha B	no
synth:synth-11596-7813-Ab	Eps Cha Ab	ε Cha Ab	yes
synth:synth-11596-7813-B	Eps Cha B	ε Cha B	yes
synth:synth-11596-7813-Cb	Eps Cha Cb	ε Cha Cb	yes
synth:synth-12001-7812-F	HIP 58520 F		no
synth:synth-12006+6911-B	HIP 58567 B	OR Dra B	no
synth:synth-12061-3258-Bb	HIP 59021 Bb	NSV 19201 Bb	no
synth:synth-12081+5528-Bb	HIP 59180 Bb	HIP 59176 Bb	no
synth:synth-12084-5043-Ab	Del Cen Ab	δ Cen Ab	yes
synth:synth-12115+5325-Ab	HIP 59432 Ab	MZ UMa Ab	no
synth:synth-12115+5325-C	HIP 59432 C	MZ UMa C	no
synth:synth-12117-5222-B	Rho Cen B	ρ Cen B	yes
synth:synth-12128-7009-Ab	HIP 59551 Ab	S Mus Ab	no
synth:synth-12141+3247-Bb	HIP 59667 Bb	HIP 59660 Bb	no
synth:synth-12143+1149-B	HIP 59683 B	AH Vir B	no
synth:synth-12160+0538-B	HIP 59816 B	NSV 05517 B	no
synth:synth-12165+3304-B	HIP 59856 B	NSV 19344 B	no
synth:synth-12165-5009-B	HIP 59854 B	NSV 19341 B	no
synth:synth-12178-3606-Ab	HIP 59950 Ab	106 G. Cen Ab	no
synth:synth-12206-2213-D	Zet Crv D	ζ Crv D	yes
synth:synth-12221-6731-Ab	Zet-2 Mus Ab	ζ² Mus Ab	no
synth:synth-12266-6306-Cb	256 Cru Cb	Acrux Cb	no
synth:synth-12290+0826-B	HIP 60910 B	NSV 05647 B	no
synth:synth-12306+0943-B	HIP 61035 B	NSV 05665 B	no
synth:synth-12310-5312-Cb	HIP 61063 Cb	HD 108900 Cb	no
synth:synth-12313+5507-B	HIP 61100 B	NO UMa B	no
synth:synth-12329+5448-Ab	HIP 61237 Ab	II UMa Ab	no
synth:synth-12335+6947-B	Kap Dra B	κ Dra B	yes
synth:synth-12357-1201-Bb	HIP 61465 Bb	HIP 61466 Bb	no
synth:synth-12377-2708-C	HIP 61621 C	328 G. Hya C	no
synth:synth-12383-1131-Eb	HD 109899 Eb	HIP 61656 Eb	no
synth:synth-12387-0422-C	HIP 61685 C	NSV 19445 C	no
synth:synth-12399-6631-B	HIP 61796 B	FH Mus B	no
synth:synth-12399-6631-C	HIP 61796 C	FH Mus C	no
synth:synth-12413-1301-Ab	HIP 61910 Ab	VV Crv Ab	no
synth:synth-12413-1301-Bb	HIP 61910 Bb	VV Crv Bb	no
synth:synth-12415-4858-B	Gam Cen B	γ Cen B	yes
synth:synth-12479-5127-B	HIP 62445 B	V940 Cen B	no
synth:synth-12485-1543-Ab	HIP 62505 Ab	VZ Crv Ab	no
synth:synth-12485-1543-B	HIP 62505 B	VZ Crv B	no
synth:synth-12490+6607-Ab	HIP 62556 Ab	DP Dra Ab	no
synth:synth-12490+6607-B	HIP 62556 B	DP Dra B	no
synth:synth-12492+8325-Bb	HIP 62561 Bb	HIP 62572 Bb	no
synth:synth-12509-5743-B	HIP 62699 B	NSV 19496 B	no
synth:synth-12550-8507-B	Iot Oct B	ι Oct B	yes
synth:synth-12564-0057-B	HIP 63155 B	NSV 06030 B	no
synth:synth-12570-5435-B	HIP 63204 B	155 G. Cen B	no
synth:synth-12576+3514-Ab	HIP 63253 Ab	BF CVn Ab	no
synth:synth-12576+3514-Bb	HIP 63253 Bb	BF CVn Bb	no
synth:synth-12585+3817-Bb	HIP 63322 Bb	HIP 63317 Bb	no
synth:synth-12597-0349-Ab	44 Vir Ab	k Vir Ab	yes
synth:synth-13005-3330-Ab	HIP 63490 Ab	162 G. Cen Ab	no
synth:synth-13005-3330-B	HIP 63490 B	162 G. Cen B	no
synth:synth-13008+1223-B	HIP 63510 B	DT Vir B	no
synth:synth-13008+1223-C	HIP 63510 C	DT Vir C	no
synth:synth-13021+0717-Bb	HIP 63605 Bb	HIP 63607 Bb	no
synth:synth-13038-0510-B	HIP 63742 B	PX Vir B	no
synth:synth-13063-4828-C	HIP 63945 C	f Cen C	no
synth:synth-13081-6518-C	The Mus C	θ Mus C	yes
synth:synth-13099-0532-Aa2	The Vir Aa2	θ Vir Aa2	yes
synth:synth-13099-0532-Ab	The Vir Ab	θ Vir Ab	yes
synth:synth-13117-2633-B	HIP 64375 B	342 G. Hya B	no
synth:synth-13123-5955-B	HIP 64425 B	V831 Cen B	no
synth:synth-13123-5955-C	HIP 64425 C	V831 Cen C	no
synth:synth-13126-6034-Ab	HD 114566 Ab	V1266 Cen Ab	no
synth:synth-13129-5949-Ab	HIP 64478 Ab	186 G. Cen Ab	no
synth:synth-13132-0233-Ab	HIP 64498 Ab	GZ Vir Ab	no
synth:synth-13134-5042-B	HIP 64515 B	189 G. Cen B	no
synth:synth-13140-6239-C	HIP 64564 C	NSV 19654 C	no
synth:synth-13147-6335-Ab	HIP 64624 Ab	NSV 19660 Ab	no
synth:synth-13147-6335-Bb	HIP 64624 Bb	NSV 19660 Bb	no
synth:synth-13147-6335-E	HIP 64624 E	NSV 19660 E	no
synth:synth-13147-6335-F	HIP 64624 F	NSV 19660 F	no
synth:synth-13164+2906-B	HIP 64766 B	NSV 06165 B	no
synth:synth-13164+2906-Bb	HIP 64766 Bb	NSV 06165 Bb	no
synth:synth-13168+0925-Ab	59 Vir Ab	e Vir Ab	yes
synth:synth-13175-0041-B	HIP 64838 B	129 G. Vir B	no
synth:synth-13187-5816-B	HIP 64941 B	V963 Cen B	no
synth:synth-13203+1746-B	HIP 65069 B	KR Com B	no
synth:synth-13226-6059-B	HIP 65271 B	J Cen B	no
synth:synth-13226-6059-Cb	HD 116072 Cb	J Cen Cb	no
synth:synth-13229-4757-C	HIP 65288 C		no
synth:synth-13229-7209-B	HIP 65289 B	NSV 19747 B	no
synth:synth-13237-0043-B	HIP 65360 B	NSV 19767 B	no
synth:synth-13239+5456-Cb	Alcor Cb	Mizar Cb	no
synth:synth-13253+4028-Cb	HIP 65473 Cb	HIP 65484 Cb	no
synth:synth-13309+2414-B	HIP 65921 B	NSV 19848 B	no
synth:synth-13309+2414-Bb	HIP 65921 Bb	NSV 19848 Bb	no
synth:synth-13310-3924-B	HIP 65936 B	d Cen B	no
synth:synth-13316-6135-B	HIP 65970 B	V659 Cen B	no
synth:synth-13327+2230-B	HIP 66072 B	NSV 19865 B	no
synth:synth-13328+1649-B	HIP 66077 B	VW Com B	no
synth:synth-13329+3454-Db	HIP 66044 Db	HIP 66089 Db	no
synth:synth-13347-1313-B	HIP 66247 B	y Vir B	no
synth:synth-13348+6515-Ab	HIP 66263 Ab	NSV 19887 Ab	no
synth:synth-13367+2847-B	HIP 66387 B	NSV 19895 B	no
synth:synth-13368-2630-C	HIP 66398 C	351 G. Hya C	no
synth:synth-13372-2337-B	HIP 66433 B	TV Hya B	no
synth:synth-13387-7011-B	HIP 66572 B	LW Mus B	no
synth:synth-13396+1045-B	HIP 66640 B	NSV 06363 B	no
synth:synth-13399-5328-Ab	Eps Cen Ab	ε Cen Ab	yes
synth:synth-13401-6033-B	HIP 66676 B		no
synth:synth-13401-6033-Cb	HIP 66676 Cb		no
synth:synth-13408-2815-Cb	HIP 66739 Cb	HIP 66742 Cb	no
synth:synth-13430-3011-B	HIP 66932 B	NSV 19934 B	no
synth:synth-13431-6908-B	HIP 66941 B	NSV 19927 B	no
synth:synth-13437-4204-B	HIP 66984 B	258 G. Cen B	no
synth:synth-13443-5101-Ba	HIP 67036 Ba	V827 Cen Ba	no
synth:synth-13443-5101-Bb	HIP 67036 Bb	V827 Cen Bb	no
synth:synth-13461+0507-Ab	HIP 67186 Ab	HT Vir Ab	no
synth:synth-13467-5126-B	HIP 67234 B	M Cen B	no
synth:synth-13472-0943-B	HIP 67271 B	183 G. Vir B	no
synth:synth-13472-6235-Ab	HIP 67261 Ab	V766 Cen Ab	no
synth:synth-13473+1727-B	Tau Boo B	τ Boo B	yes
synth:synth-13496-4228-Ab	Mu Cen Ab	μ Cen Ab	yes
synth:synth-13496-4228-C	Mu Cen C	μ Cen C	yes
synth:synth-13514+3441-B	HIP 67605 B	NSV 06468 B	no
synth:synth-13514+3441-Bb	HIP 67605 Bb	NSV 06468 Bb	no
synth:synth-13520-3137-B	HIP 67696 B	282 G. Cen B	no
synth:synth-13527-1843-Ab	HIP 67744 Ab	DL Vir Ab	no
synth:synth-13527-1843-B	HIP 67744 B	DL Vir B	no
synth:synth-13529-6243-B	HD 120678 B	NSV 06472 B	no
synth:synth-13539-1440-B	HIP 67850 B	NSV 19984 B	no
synth:synth-13593-6228-Ab	HIP 68339 Ab	V1202 Cen Ab	no
synth:synth-13593-6228-C	HIP 68339 C	V1202 Cen C	no
synth:synth-13598-0333-B	HIP 68380 B	204 G. Vir B	no
synth:synth-14025+0941-C	HIP 68594 C	NSV 06526 C	no
synth:synth-14060-4111-B	Chi Cen B	χ Cen B	yes
synth:synth-14089-4328-Ab	HIP 69113 Ab	319 G. Cen Ab	no
synth:synth-14089-4328-E	HIP 69113 E	319 G. Cen E	no
synth:synth-14104+2506-B	12 Boo B	d Boo B	yes
synth:synth-14110-6018-B	HD 123667 B	NSV 06575 B	no
synth:synth-14110-6018-C	HD 123667 C	NSV 06575 C	no
synth:synth-14122+4411-B	HIP 69388 B	NSV 20061 B	no
synth:synth-14127+2349-Ab	HIP 69410 Ab	GY Boo Ab	no
synth:synth-14127+2349-B	HIP 69410 B	GY Boo B	no
synth:synth-14135+5147-Bb	Kap-1 Boo Bb	κ² Boo Bb	no
synth:synth-14135+5147-C	Kap-2 Boo C	κ² Boo C	no
synth:synth-14144-1521-Ab	HIP 69562 Ab	MV Vir Ab	no
synth:synth-14144-1521-D	HIP 69562 D	MV Vir D	no
synth:synth-14170-1626-B	HD 124989 B	EW Vir B	no
synth:synth-14180+3531-B	HIP 69879 B	A Boo B	no
synth:synth-14202-6105-B	HIP 70052 B	NSV 20080 B	no
synth:synth-14202-6105-C	HIP 70052 C	NSV 20080 C	no
synth:synth-14206-3753-Ab	Psi Cen Ab	ψ Cen Ab	yes
synth:synth-14246+4750-D	HIP 70446 D	HIP 70447 D	no
synth:synth-14262-4523-B	Tau-2 Lup B	τ² Lup B	no
synth:synth-14267+1625-B	HIP 70619 B	NSV 06671 B	no
synth:synth-14282-2929-B	52 Hya B	l Hya B	yes
synth:synth-14303-4931-Aa2	HIP 70931 Aa2	NSV 20119 Aa2	no
synth:synth-14303-4931-Ab	HIP 70931 Ab	NSV 20119 Ab	no
synth:synth-14305+2505-B	HIP 70935 B	NSV 20125 B	no
synth:synth-14323+2641-B	HIP 71094 B	NSV 06699 B	no
synth:synth-14375+0217-Ab	HIP 71510 Ab	254 G. Vir Ab	no
synth:synth-14375+0217-B	HIP 71510 B	254 G. Vir B	no
synth:synth-14375+0217-Bb	HIP 71510 Bb	254 G. Vir Bb	no
synth:synth-14390+6417-B	HIP 71631 B	EK Dra B	no
synth:synth-14411+1344-B	Zet Boo B	ζ Boo B	yes
synth:synth-14421+6116-B	HIP 71876 B	DL Dra B	no
synth:synth-14435-6258-B	HIP 72000 B	NSV 20165 B	no
synth:synth-14441+6106-Ab	HIP 72029 Ab	NSV 20177 Ab	no
synth:synth-14441+6106-C	HIP 72029 C	NSV 20177 C	no
synth:synth-14460-2527-C	54 Hya C	m Hya C	yes
synth:synth-14489+0557-B	HIP 72447 B	NSV 06815 B	no
synth:synth-14493-1409-E	Mu Lib E	μ Lib E	yes
synth:synth-14503+2355-B	HIP 72567 B	HP Boo B	no
synth:synth-14503+2355-C	HIP 72567 C	HP Boo C	no
synth:synth-14509-1603-Bb	Alp-1 Lib Bb	Zubenelgenubi Bb	no
synth:synth-14516-4335-B	Omi Lup B	ο Lup B	yes
synth:synth-14523-0957-Ab	HIP 72745 Ab	NSV 20202 Ab	no
synth:synth-14526-6349-Ab	HIP 72773 Ab	AX Cir Ab	no
synth:synth-14526-6349-B	HIP 72773 B	AX Cir B	no
synth:synth-14542-3917-B	HIP 72918 B	NSV 20205 B	no
synth:synth-14542-3917-C	HIP 72918 C	NSV 20205 C	no
synth:synth-14546-3318-B	HIP 72959 B	380 G. Cen B	no
synth:synth-14567-6247-B	The Cir B	θ Cir B	yes
synth:synth-14575-2125-Bb	HIP 73182 Bb	KX Lib Bb	no
synth:synth-14575-2125-G	HIP 73184 G	KX Lib G	no
synth:synth-14576-0010-C	1 Ser C	M Ser C	yes
synth:synth-14592-4206-Ab	Kap Cen Ab	κ Cen Ab	yes
synth:synth-14593+4649-B	HIP 73346 B	ET Boo B	no
synth:synth-14593+4649-Bb	HIP 73346 Bb	ET Boo Bb	no
synth:synth-14598-2201-B	HIP 73385 B	NSV 06876 B	no
synth:synth-15031-4237-Ab	HIP 73639 Ab	NSV 06895 Ab	no
synth:synth-15031-4237-B	HIP 73639 B	NSV 06895 B	no
synth:synth-15072-2930-C	HIP 73990 C	NSV 20243 C	no
synth:synth-15079+7612-Ab	HIP 74045 Ab	NSV 20265 Ab	no
synth:synth-15082+3958-B	HIP 74061 B	TZ Boo B	no
synth:synth-15082+3958-Bb	HIP 74061 Bb	TZ Boo Bb	no
synth:synth-15087-4429-B	HIP 74104 B	NSV 06947 B	no
synth:synth-15088-4517-B	Lam Lup B	λ Lup B	yes
synth:synth-15122-1948-Ab	Iot-1 Lib Ab	ι¹ Lib Ab	no
synth:synth-15160-0454-B	HIP 74703 B	NSV 07001 B	no
synth:synth-15169-6057-Aa2	Del Cir Aa2	δ Cir Aa2	yes
synth:synth-15169-6057-Ab	Del Cir Ab	δ Cir Ab	yes
synth:synth-15185-4753-B	Mu Lup B	μ¹ Lup B	yes
synth:synth-15185-4753-Cb	Mu Lup Cb	μ¹ Lup Cb	yes
synth:synth-15185-4753-E	Mu Lup E	μ¹ Lup E	yes
synth:synth-15207-6729-B	HIP 75091 B	NSV 20291 B	no
synth:synth-15210-1533-Ab	Omi Lib Ab	ο Lib Ab	yes
synth:synth-15227-4441-Ab	Eps Lup Ab	ε Lup Ab	yes
synth:synth-15227-4441-B	Eps Lup B	ε Lup B	yes
synth:synth-15232+3017-B	Eta CrB B	η¹ CrB B	yes
synth:synth-15232+3017-E	Eta CrB E	η¹ CrB E	yes
synth:synth-15234-5919-B	Gam Cir B	γ Cir B	yes
synth:synth-15262-2819-B	HIP 75563 B	IP Lib B	no
synth:synth-15262-6521-C	HD 136772 C	HD 136771 C	no
synth:synth-15282-0921-Ab	HIP 75718 Ab	NSV 07089 Ab	no
synth:synth-15318+4054-B	Nu-2 Boo B	ν² Boo B	no
synth:synth-15329+3122-B	The CrB B	θ CrB B	yes
synth:synth-15339+6354-Ab	HIP 76196 Ab	TW Dra Ab	no
synth:synth-15351-4110-Ab	Gam Lup Ab	γ Lup Ab	yes
synth:synth-15364+3723-Ab	HIP 76414 Ab	XY CrB Ab	no
synth:synth-15364+3723-B	HIP 76414 B	XY CrB B	no
synth:synth-15365+1607-Ab	Tau-5 Ser Ab	τ⁵ Ser Ab	no
synth:synth-15365+1607-B	Tau-5 Ser B	τ⁵ Ser B	no
synth:synth-15367-4208-B	HIP 76435 B	NSV 20347 B	no
synth:synth-15367-4208-E	HIP 76435 E	NSV 20347 E	no
synth:synth-15367-4208-F	HIP 76435 F	NSV 20347 F	no
synth:synth-15370+6426-B	HIP 76466 B	NSV 07173 B	no
synth:synth-15382+3615-E	HIP 76566 E	HIP 76563 E	no
synth:synth-15390-5742-Ab	HIP 76629 Ab	V343 Nor Ab	no
synth:synth-15390-5742-J	HIP 76629 J	V343 Nor J	no
synth:synth-15390-5742-T	HIP 76629 T	V343 Nor T	no
synth:synth-15396+7959-B	18 UMi B	π² UMi B	no
synth:synth-15404-7327-D	Kap-2 Aps D	κ² Aps D	no
synth:synth-15416+1940-B	Iot Ser B	ι Ser B	yes
synth:synth-15427+2618-B	Gam CrB B	γ CrB B	yes
synth:synth-15427-3443-Ab	Psi-2 Lup Ab	ψ² Lup Ab	no
synth:synth-15430-5807-B	HIP 76968 B	V359 Nor B	no
synth:synth-15430-5807-C	HIP 76968 C	V359 Nor C	no
synth:synth-15432+1340-Bb	HIP 76985 Bb		no
synth:synth-15432+1340-C	HIP 76985 C		no
synth:synth-15434+8119-Ab	HIP 77002 Ab	NSV 07275 Ab	no
synth:synth-15440+0231-Bb	Psi Ser Bb	ψ Ser Bb	yes
synth:synth-15452-3417-Ab	HIP 77157 Ab	HT Lup Ab	no
synth:synth-15495+2528-Aa2	HIP 77504 Aa2	QX Ser Aa2	no
synth:synth-15495+2528-Ab	HIP 77504 Ab	QX Ser Ab	no
synth:synth-15495+2528-C	HIP 77504 C	QX Ser C	no
synth:synth-15496-0326-B	Mu Ser B	μ Ser B	yes
synth:synth-15513-0305-B	36 Ser B	b Ser B	yes
synth:synth-15520+4238-A	HIP 77706 A		no
synth:synth-15520+4238-B	HIP 77706 B		no
synth:synth-15520+4238-D	HIP 77706 D		no
synth:synth-15524-7003-B	HD 141123 B	NSV 07281 B	no
synth:synth-15524-7003-C	HD 141123 C	NSV 07281 C	no
synth:synth-15550-2347-B	HD 142361 B	NSV 20434 B	no
synth:synth-15562-3756-Db	HIP 78053 Db	IM Lup Db	no
synth:synth-15562-3756-H	HIP 78053 H	IM Lup H	no
synth:synth-15567-4219-B	HIP 78092 B	NSV 20441 B	no
synth:synth-15576+2653-B	Eps CrB B	ε CrB B	yes
synth:synth-16016-5409-C	HD 143183 C	V558 Nor C	no
synth:synth-16022-2241-C	HIP 78549 C	NSV 20481 C	no
synth:synth-16035-5747-B	Iot-1 Nor B	ι¹ Nor B	no
synth:synth-16046-4320-B	HIP 78749 B	NSV 20491 B	no
synth:synth-16046-4320-C	HIP 78749 C	NSV 20491 C	no
synth:synth-16059+1041-Ab	HIP 78864 Ab	NQ Ser Ab	no
synth:synth-16067+0823-B	HIP 78924 B	NSV 20510 B	no
synth:synth-16067+0823-C	HIP 78924 C	NSV 20510 C	no
synth:synth-16085-1006-B	HIP 79071 B	NSV 20522 B	no
synth:synth-16088+4456-B	Phi Her B	φ Her B	yes
synth:synth-16123-2825-Ab	12 Sco Ab	c¹ Sco Ab	yes
synth:synth-16128+3922-B	HIP 79448 B	NSV 20551 B	no
synth:synth-16137+4638-B	HIP 79526 B	NSV 07565 B	no
synth:synth-16147+3352-Ab	Sig CrB Ab	σ CrB Ab	yes
synth:synth-16147+3352-E	Sig CrB E	σ CrB E	yes
synth:synth-16147+3352-Eb	Sig CrB Eb	σ CrB Eb	yes
synth:synth-16147+3352-F	Sig CrB F	σ CrB F	yes
synth:synth-16160+0721-C	HIP 79702 C	NSV 20566 C	no
synth:synth-16167+2909-Ab	Ups CrB Ab	υ CrB Ab	yes
synth:synth-16167+2909-D	Ups CrB D	υ CrB D	yes
synth:synth-16171+5516-B	HIP 79796 B	CR Dra B	no
synth:synth-16189-5754-B	HIP 79932 B	S Nor B	no
synth:synth-16189-5754-C	HIP 79932 C	S Nor C	no
synth:synth-16193-4240-B	Lam Nor B	λ Nor B	yes
synth:synth-16195-3054-Bb	HIP 79979 Bb	HIP 79980 Bb	no
synth:synth-16198-4713-C	HIP 79996 C	HIP 79997 C	no
synth:synth-16198-5009-C	Gam-2 Nor C	γ² Nor C	no
synth:synth-16202-3734-B	HIP 80018 B	NSV 07625 B	no
synth:synth-16203-7842-D	Del-1 Aps D	δ¹ Aps D	no
synth:synth-16215-4811-H	HIP 80142 H	NSV 07635 H	no
synth:synth-16219+1909-B	Gam Her B	γ Her B	yes
synth:synth-16219+1909-C	Gam Her C	γ Her C	yes
synth:synth-16224-3220-B	HIP 80199 B	NSV 20600 B	no
synth:synth-16238+6142-B	HIP 80309 B	NSV 20627 B	no
synth:synth-16245-3734-B	HIP 80390 B	NSV 20610 B	no
synth:synth-16245-3734-C	HIP 80390 C	NSV 20610 C	no
synth:synth-16253-4909-Bb	HIP 80448 Bb	NSV 20615 Bb	no
synth:synth-16256-2327-E	Rho Oph E	ρ Oph E	yes
synth:synth-16256-2327-F	Rho Oph F	ρ Oph F	yes
synth:synth-16274-3729-B	HIP 80603 B	V1055 Sco B	no
synth:synth-16278+2054-Ab	HIP 80625 Ab	NSV 20646 Ab	no
synth:synth-16278-0822-Aa2	Ups Oph Aa2	υ Oph Aa2	yes
synth:synth-16278-0822-Ab	Ups Oph Ab	υ Oph Ab	yes
synth:synth-16293-3058-C	HIP 80758 C	NSV 20649 C	no
synth:synth-16310+3514-B	HIP 80888 B	NSV 20676 B	no
synth:synth-16319+5259-B	HIP 80961 B	GG Dra B	no
synth:synth-16319+5259-C	HIP 80961 C	GG Dra C	no
synth:synth-16329-4656-C	HD 148827 C	Y Nor C	no
synth:synth-16341+4226-B	Sig Her B	σ Her B	yes
synth:synth-16341-4403-B	Mu Nor B	μ Nor B	yes
synth:synth-16341-4403-C	Mu Nor C	μ Nor C	yes
synth:synth-16366+6948-Db	HIP 81363 Db	HIP 81332 Db	no
synth:synth-16385-5728-Ab	HIP 81478 Ab	V841 Ara Ab	no
synth:synth-16385-5728-B	HIP 81478 B	V841 Ara B	no
synth:synth-16413+3136-B	Zet Her B	ζ Her B	yes
synth:synth-16413-4846-Aa2	HIP 81702 Aa2	NSV 20732 Aa2	no
synth:synth-16413-4846-Ab	HIP 81702 Ab	NSV 20732 Ab	no
synth:synth-16413-4846-G	HIP 81696 G	NSV 20732 G	no
synth:synth-16419-1955-Ab	HIP 81754 Ab	40 G. Oph Ab	no
synth:synth-16419-1955-C	HIP 81754 C	40 G. Oph C	no
synth:synth-16475-4819-Cb	HD 151116 Cb	HD 151115 Cb	no
synth:synth-16534-2025-B	HIP 82621 B	54 G. Oph B	no
synth:synth-16539-4153-Ab	HD 152219 Ab	V1292 Sco Ab	no
synth:synth-16539-4153-B	HD 152219 B	V1292 Sco B	no
synth:synth-16539-4153-D	HD 152219 D	V1292 Sco D	no
synth:synth-16540-4143-B	HD 152218 B	V1294 Sco B	no
synth:synth-16540-4148-Ab	HIP 82676 Ab	NSV 20804 Ab	no
synth:synth-16540-4148-B	HIP 82676 B	NSV 20804 B	no
synth:synth-16540-4148-Fb	HD 152233 Fb	NSV 20804 Fb	no
synth:synth-16540-4148-H	HD 152233 H	NSV 20804 H	no
synth:synth-16542-4150-Aa2	HIP 82691 Aa2	V1007 Sco Aa2	no
synth:synth-16542-4150-D	HIP 82691 D	V1007 Sco D	no
synth:synth-16542-4150-E	HIP 82691 E	V1007 Sco E	no
synth:synth-16542-4151-B	HD 152249 B	NSV 08023 B	no
synth:synth-16542-4151-C	HD 152249 C	NSV 08023 C	no
synth:synth-16544-4150-C	HD 326331 C	NSV 08026 C	no
synth:synth-16544-4150-D	HD 326331 D	NSV 08026 D	no
synth:synth-16545-4148-Ab	HD 152314 Ab	NSV 08027 Ab	no
synth:synth-16545-4148-B	HD 152314 B	NSV 08027 B	no
synth:synth-16551-4459-Ab	HD 152386 Ab	NSV 08032 Ab	no
synth:synth-16551-4459-B	HD 152386 B	NSV 08032 B	no
synth:synth-16551-4459-C	HD 152386 C	NSV 08032 C	no
synth:synth-16551-4459-D	HD 152386 D	NSV 08032 D	no
synth:synth-16555-0820-B	HIP 82817 B	V1054 Oph B	no
synth:synth-16556-5434-B	HD 152319 B	NSV 20838 B	no
synth:synth-16569-4031-Ab	HIP 82936 Ab	NSV 08060 Ab	no
synth:synth-16575-6036-Ab	HIP 82985 Ab	V847 Ara Ab	no
synth:synth-16575-6036-B	HIP 82985 B	V847 Ara B	no
synth:synth-16589-3737-B	HIP 83100 B	NSV 20871 B	no
synth:synth-16589-4015-B	HD 322417 B	NSV 20870 B	no
synth:synth-16589-4015-E	HD 322417 E	NSV 20870 E	no
synth:synth-16595+0942-B	HIP 83143 B	NSV 08090 B	no
synth:synth-17012-3812-B	HIP 83281 B	NSV 08104 B	no
synth:synth-17031-5314-Ab	Eps-2 Ara Ab	ε² Ara Ab	no
synth:synth-17037+1336-D	HIP 83478 D	NSV 08152 D	no
synth:synth-17037+1336-E	HIP 83478 E	NSV 08152 E	no
synth:synth-17038-3809-Ab	HIP 83491 Ab	V923 Sco Ab	no
synth:synth-17038-3809-B	HIP 83491 B	V923 Sco B	no
synth:synth-17039+1941-C	HIP 83493 C	NSV 08158 C	no
synth:synth-17053+5428-Bb	Mu Dra Bb	Alrakis Bb	yes
synth:synth-17065-3527-C	HIP 83706 C	V1074 Sco C	no
synth:synth-17080+3556-B	HIP 83838 B	c Her B	no
synth:synth-17103-7523-Ab	HIP 84001 Ab	NSV 20920 Ab	no
synth:synth-17140+1621-B	HIP 84293 B	AK Her B	no
synth:synth-17153+0458-B	Onkaria B	GJ 1214 B	no
synth:synth-17153+0458-C	Onkaria C	GJ 1214 C	no
synth:synth-17157-0949-B	HIP 84430 B	NSV 21244 B	no
synth:synth-17157-0949-Bb	HIP 84430 Bb	NSV 21244 Bb	no
synth:synth-17161+6043-C	HIP 84465 C	NSV 21384 C	no
synth:synth-17166+0325-Bb	HIP 84517 Bb	HIP 84515 Bb	no
synth:synth-17166+2635-Cb	HIP 84512 Cb	HIP 84513 Cb	no
synth:synth-17174-6657-C	HIP 84586 C	V824 Ara C	no
synth:synth-17176+1025-B	HIP 84595 B	V2369 Oph B	no
synth:synth-17182-6027-Ab	HIP 84642 Ab	V857 Ara Ab	no
synth:synth-17189-7049-B	HIP 84708 B	NSV 21257 B	no
synth:synth-17189-7049-C	HIP 84708 C	NSV 21257 C	no
synth:synth-17190-3459-B	HIP 84709 B	NSV 08482 B	no
synth:synth-17191-4638-Bb	HIP 84720 Bb	41 G. Ara Bb	no
synth:synth-17217+3958-B	HIP 84949 B	V819 Her B	no
synth:synth-17217+3958-Bb	HIP 84949 Bb	V819 Her Bb	no
synth:synth-17220-2500-Ab	The Oph Ab	θ Oph Ab	yes
synth:synth-17220-2500-B	The Oph B	θ Oph B	yes
synth:synth-17221-7007-B	Iot Aps B	ι Aps B	yes
synth:synth-17237+3709-Ab	Rho Her Ab	ρ Her Ab	yes
synth:synth-17264-2411-C	44 Oph C	b Oph C	yes
synth:synth-17264-4837-Bb	HIP 85326 Bb	HIP 85342 Bb	no
synth:synth-17292-3132-C	HIP 85569 C	V1081 Sco C	no
synth:synth-17298-0555-B	HIP 85622 B	NSV 08918 B	no
synth:synth-17311-6041-Ab	Del Ara Ab	δ Ara Ab	yes
synth:synth-17314+0243-B	HIP 85749 B	152 G. Oph B	no
synth:synth-17320+0249-E	HIP 85812 E	V2373 Oph E	no
synth:synth-17321-4420-C	HIP 85818 C	NSV 22409 C	no
synth:synth-17337+1451-Ab	HIP 85934 Ab	V642 Her Ab	no
synth:synth-17346+0935-Ab	53 Oph Ab	f Oph Ab	yes
synth:synth-17347-3235-Ac	HIP 86011 Ac	V1036 Sco Ac	no
synth:synth-17347-3235-E	HIP 86011 E	V1036 Sco E	no
synth:synth-17364+6820-Aa2	HIP 86187 Aa2	HIP 86162 Aa2	no
synth:synth-17370+6845-B	Ome Dra B	ω Dra B	yes
synth:synth-17372+2754-B	HIP 86221 B	NSV 23058 B	no
synth:synth-17387+6114-Ab	HIP 86346 Ab	NSV 23386 Ab	no
synth:synth-17424-4618-B	HIP 86658 B	V867 Ara B	no
synth:synth-17424-4618-C	HIP 86658 C	V867 Ara C	no
synth:synth-17451-0949-B	HIP 86884 B	NSV 23723 B	no
synth:synth-17465+2743-Ab	Mu Her Ab	μ Her Ab	yes
synth:synth-17505-0603-D	HIP 87322 D	NSV 09755 D	no
synth:synth-17509-3342-B	HIP 87345 B	RY Sco B	no
synth:synth-17532+0606-C	HIP 87558 C	180 G. Oph C	no
synth:synth-17535-0355-Ab	HD 162905 Ab	V2610 Oph Ab	no
synth:synth-17535-0355-B	HD 162905 B	V2610 Oph B	no
synth:synth-17539-3445-Ab	HIP 87616 Ab	V906 Sco Ab	no
synth:synth-17539-3445-B	HIP 87616 B	V906 Sco B	no
synth:synth-17542+1108-B	HIP 87655 B	V2388 Oph B	no
synth:synth-17563-1549-Aa2	HIP 87813 Aa2	16 G. Ser Cau Aa2	no
synth:synth-17563-1549-Ab	HIP 87813 Ab	16 G. Ser Cau Ab	no
synth:synth-17563-1549-Bb	HIP 87813 Bb	16 G. Ser Cau Bb	no
synth:synth-17571+0004-B	HIP 87875 B	NSV 24054 B	no
synth:synth-17575-5740-Bb	HIP 87914 Bb	NSV 24042 Bb	no
synth:synth-17575-5740-C	HIP 87914 C	NSV 24042 C	no
synth:synth-17588+1330-C	HIP 88028 C	V508 Oph C	no
synth:synth-17592-3656-Ab	HIP 88069 Ab	V1647 Sgr Ab	no
synth:synth-17592-3656-C	HIP 88069 C	V1647 Sgr C	no
synth:synth-18002+8000-Bb	40 Dra Bb	41 Dra Bb	no
synth:synth-18005-3742-C	HD 163958 C	NSV 09952 C	no
synth:synth-18019-2247-B	HIP 88298 B	21 G. Sgr B	no
synth:synth-18024-2302-C	HIP 88333 C	V3791 Sgr C	no
synth:synth-18024-2302-I	HIP 88333 I	V3791 Sgr I	no
synth:synth-18026-2415-B	HD 164536 B	NSV 24083 B	no
synth:synth-18031-0811-Ab	Tau Oph Ab	τ Oph Ab	yes
synth:synth-18050-2935-Aa2	Gam-1 Sgr Aa2	γ¹ Sgr Aa2	no
synth:synth-18058+2127-Ab	HIP 88637 Ab	V772 Her Ab	no
synth:synth-18058+2127-B	HIP 88637 B	V772 Her B	no
synth:synth-18061-2412-B	HD 165246 B	V5631 Sgr B	no
synth:synth-18083+2941-Aa2	HIP 88848 Aa2	V815 Her Aa2	no
synth:synth-18083+2941-Ab	HIP 88848 Ab	V815 Her Ab	no
synth:synth-18083+2941-Ac	HIP 88848 Ac	V815 Her Ac	no
synth:synth-18093+0909-B	HIP 88946 B	V839 Oph B	no
synth:synth-18093+0909-C	HIP 88946 C	V839 Oph C	no
synth:synth-18098-1533-B	HIP 88994 B	W Ser B	no
synth:synth-18101+1629-B	HIP 89023 B	NSV 10311 B	no
synth:synth-18126+3836-B	HIP 89237 B	NSV 10389 B	no
synth:synth-18142-3525-D	HD 321485 D	HD 166905 D	no
synth:synth-18146+2335-D	HD 167514 D	HD 341800 D	no
synth:synth-18146+2335-E	HD 167514 E	HD 341800 E	no
synth:synth-18164+5014-D	HD 234601 D	V1075 Her D	no
synth:synth-18164+5014-E	HD 234601 E	V1075 Her E	no
synth:synth-18171-5601-Ab	HIP 89605 Ab	QV Tel Ab	no
synth:synth-18171-5601-B	HIP 89605 B	QV Tel B	no
synth:synth-18176-3406-Ab	HIP 89637 Ab	RS Sgr Ab	no
synth:synth-18181-1215-Ab	HIP 89681 Ab	MY Ser Ab	no
synth:synth-18181-1215-F	HIP 89681 F	MY Ser F	no
synth:synth-18181-1215-H	HIP 89681 H	MY Ser H	no
synth:synth-18181-1215-J	HIP 89681 J	MY Ser J	no
synth:synth-18181-1215-K	HIP 89681 K	MY Ser K	no
synth:synth-18181-1215-P	HIP 89681 P	MY Ser P	no
synth:synth-18181-1215-Q	HIP 89681 Q	MY Ser Q	no
synth:synth-18186-1348-B	HD 168076 B	NSV 24377 B	no
synth:synth-18186-1348-D	HD 168076 D	NSV 24377 D	no
synth:synth-18186-1348-I	HD 168075 I	NSV 24377 I	no
synth:synth-18186-1348-J	HD 168075 J	NSV 24377 J	no
synth:synth-18187-1837-B	HD 168021 B	NSV 10543 B	no
synth:synth-18208+7120-B	Phi Dra B	φ Dra B	yes
synth:synth-18211+7244-Ab	Chi Dra Ab	χ Dra Ab	yes
synth:synth-18232-6130-Ab	Xi Pav Ab	ξ Pav Ab	yes
synth:synth-18239+5848-Cb	39 Dra Cb	b Dra Cb	yes
synth:synth-18240+3844-Ab	HIP 90163 Ab	NSV 10756 Ab	no
synth:synth-18240+3844-C	HIP 90163 C	NSV 10756 C	no
synth:synth-18250-0135-B	HIP 90253 B	37 G. Ser Cau B	no
synth:synth-18253+4846-B	HIP 90284 B	NSV 10806 B	no
synth:synth-18253+4846-C	HIP 90284 C	NSV 10806 C	no
synth:synth-18280+0612-Ab	HIP 90497 Ab	44 G. Ser Cau Ab	no
synth:synth-18280+0612-B	HIP 90497 B	44 G. Ser Cau B	no
synth:synth-18281-2645-B	HIP 90510 B	69 G. Sgr B	no
synth:synth-18282-5230-B	HIP 90519 B	NSV 24442 B	no
synth:synth-18334+2301-Cb	HD 342471 Cb	HD 342472 Cb	no
synth:synth-18339+5144-Ab	HIP 91009 Ab	BY Dra Ab	no
synth:synth-18339+5144-B	HIP 91009 B	BY Dra B	no
synth:synth-18359+1659-C	HIP 91159 C	NSV 11085 C	no
synth:synth-18359+1659-D	HIP 91159 D	NSV 11085 D	no
synth:synth-18359+1659-E	HIP 91159 E	NSV 11085 E	no
synth:synth-18366+3328-Ab	HIP 91235 Ab	NSV 11113 Ab	no
synth:synth-18381-4659-Bb	HD 171603 Bb	HD 171602 Bb	no
synth:synth-18384+0850-B	HIP 91389 B	X Oph B	no
synth:synth-18384-0312-B	HIP 91394 B	60 G. Ser Cau B	no
synth:synth-18386+1632-B	HIP 91413 B	NSV 24533 B	no
synth:synth-18389+5221-Bb	HIP 91436 Bb	HD 172713 Bb	no
synth:synth-18410+2450-B	HIP 91609 B	NSV 24547 B	no
synth:synth-18421+3445-C	HIP 91712 C	HIP 91707 C	no
synth:synth-18436-5138-B	HD 172552 B	RV Tel B	no
synth:synth-18436-5138-Bb	HD 172552 Bb	RV Tel Bb	no
synth:synth-18438-3819-B	Lam CrA B	λ CrA B	yes
synth:synth-18438-3819-C	Lam CrA C	λ CrA C	yes
synth:synth-18443+3940-Cb	Eps-2 Lyr Cb	ε¹ Lyr Cb	no
synth:synth-18453-2039-Ab	HIP 92013 Ab	V350 Sgr Ab	no
synth:synth-18455+0530-Ab	HIP 92027 Ab	66 G. Ser Cau Ab	no
synth:synth-18455+0530-B	HIP 92027 B	66 G. Ser Cau B	no
synth:synth-18455+0530-Bb	HIP 92027 Bb	66 G. Ser Cau Bb	no
synth:synth-18466+3821-B	HIP 92122 B	V595 Lyr B	no
synth:synth-18472-0445-B	Bet Sct B	β Sct B	yes
synth:synth-18475-0338-C	HIP 92200 C	NSV 11342 C	no
synth:synth-18475-0338-D	HIP 92200 D	NSV 11342 D	no
synth:synth-18511-0617-Ab	HIP 92507 Ab	NSV 24615 Ab	no
synth:synth-18511-0617-B	HIP 92507 B	NSV 24615 B	no
synth:synth-18511-0617-C	HIP 92507 C	NSV 24615 C	no
synth:synth-18511-0617-D	HIP 92507 D	NSV 24615 D	no
synth:synth-18511-0617-E	HIP 92507 E	NSV 24615 E	no
synth:synth-18511-0617-F	HIP 92507 F	NSV 24615 F	no
synth:synth-18512+5923-Ab	Omi Dra Ab	ο Dra Ab	yes
synth:synth-18531-5011-Ab	HIP 92680 Ab	PZ Tel Ab	no
synth:synth-18541-5131-Ab	HIP 92754 Ab	V362 Tel Ab	no
synth:synth-18545+3654-D	Del-2 Lyr D	δ² Lyr D	no
synth:synth-18549+3358-Ab	HIP 92833 Ab	NSV 11538 Ab	no
synth:synth-18549+3358-D	HIP 92833 D	NSV 11538 D	no
synth:synth-18559+2333-Ab	HIP 92919 Ab	V775 Her Ab	no
synth:synth-18559+2333-C	HIP 92919 C	V775 Her C	no
synth:synth-18564+4530-D	HIP 92961 D	HIP 92962 D	no
synth:synth-18582+1722-Aa2	HIP 93124 Aa2	FF Aql Aa2	no
synth:synth-18582+1722-B	HIP 93124 B	FF Aql B	no
synth:synth-18594-1250-B	HIP 93225 B	126 G. Sgr B	no
synth:synth-19016-3653-Cb	HIP 93425 Cb	NSV 24651 Cb	no
synth:synth-19027-0043-C	HIP 93519 C	NSV 11680 C	no
synth:synth-19031-1915-C	HIP 93537 C	132 G. Sgr C	no
synth:synth-19035+0149-B	HIP 93580 B	13 G. Aql B	no
synth:synth-19040-0419-B	HIP 93626 B	V1402 Aql B	no
synth:synth-19040-0419-C	HIP 93626 C	V1402 Aql C	no
synth:synth-19040-0419-D	HIP 93626 D	V1402 Aql D	no
synth:synth-19046+2320-D	HIP 93680 D	NSV 24679 D	no
synth:synth-19062+3026-Ab	HIP 93798 Ab	NSV 11742 Ab	no
synth:synth-19064+0814-B	HIP 93820 B	R Aql B	no
synth:synth-19064+0814-C	HIP 93820 C	R Aql C	no
synth:synth-19064-3704-B	Gam CrA B	γ¹ CrA B	yes
synth:synth-19073+3606-B	Iot Lyr B	ι Lyr B	yes
synth:synth-19078+3856-C	HIP 93954 C	V875 Lyr C	no
synth:synth-19098-1948-B	HIP 94144 B	148 G. Sgr B	no
synth:synth-19106-4316-C	HIP 94196 C	NSV 24701 C	no
synth:synth-19106-4316-E	HIP 94196 E	NSV 24701 E	no
synth:synth-19121+0237-B	HIP 94331 B	NSV 11799 B	no
synth:synth-19126+1651-Cb	HIP 94371 Cb	V338 Sge Cb	no
synth:synth-19126+1651-E	HIP 94377 E	V338 Sge E	no
synth:synth-19142+3413-Bb	HIP 94517 Bb	HIP 94519 Bb	no
synth:synth-19155-2515-B	Psi Sgr B	ψ Sgr B	yes
synth:synth-19155-2515-Bb	Psi Sgr Bb	ψ Sgr Bb	yes
synth:synth-19171+0920-C	HIP 94774 C	HIP 94773 C	no
synth:synth-19180+2012-B	HIP 94847 B	NSV 24737 B	no
synth:synth-19202+0403-Bb	HD 181415 Bb	HD 181386 Bb	no
synth:synth-19209-3303-Bb	HIP 95110 Bb	HIP 95106 Bb	no
synth:synth-19215-3459-B	HIP 95149 B	166 G. Sgr B	no
synth:synth-19217-1557-B	Ups Sgr B	υ Sgr B	yes
synth:synth-19221-0444-Bb	HIP 95205 Bb	HIP 95202 Bb	no
synth:synth-19229-5425-C	Eta Tel C	η Tel C	yes
synth:synth-19253-2431-B	Chi-1 Sgr B	χ¹ Sgr B	no
synth:synth-19268+5009-Ab	HIP 95611 Ab	V2080 Cyg Ab	no
synth:synth-19275-2612-Bb	HIP 95655 Bb	HD 182817 Bb	no
synth:synth-19294-0703-Aa2	HIP 95820 Aa2	U Aql Aa2	no
synth:synth-19294-0703-Ab	HIP 95820 Ab	U Aql Ab	no
synth:synth-19296-1239-B	HIP 95847 B	NSV 12076 B	no
synth:synth-19302+0254-B	HIP 95898 B	NSV 12088 B	no
synth:synth-19302+0254-C	HIP 95898 C	NSV 12088 C	no
synth:synth-19313+4729-B	HIP 96011 B	V2083 Cyg B	no
synth:synth-19313-0207-Ab	HIP 96007 Ab	V822 Aql Ab	no
synth:synth-19316+2659-B	HIP 96034 B	V391 Vul B	no
synth:synth-19352-6959-B	HIP 96334 B	NSV 24803 B	no
synth:synth-19364+5013-B	The Cyg B	θ Cyg B	yes
synth:synth-19374+4619-B	HIP 96532 B	V2505 Cyg B	no
synth:synth-19374+4619-C	HIP 96532 C	V2505 Cyg C	no
synth:synth-19374+4619-D	HIP 96532 D	V2505 Cyg D	no
synth:synth-19387+5458-B	HIP 96620 B	V1143 Cyg B	no
synth:synth-19394+3009-B	Phi Cyg B	φ Cyg B	yes
synth:synth-19399-3926-Ab	HIP 96739 Ab	V4090 Sgr Ab	no
synth:synth-19410+3237-B	HIP 96836 B	TT Cyg B	no
synth:synth-19410+3237-C	HIP 96836 C	TT Cyg C	no
synth:synth-19410+3237-D	HIP 96836 D	TT Cyg D	no
synth:synth-19426+1150-B	Chi Aql B	χ Aql B	yes
synth:synth-19426+1150-D	Chi Aql D	χ Aql D	yes
synth:synth-19426+1150-E	Chi Aql E	χ Aql E	yes
synth:synth-19426+1150-F	Chi Aql F	χ Aql F	yes
synth:synth-19426+1150-G	Chi Aql G	χ Aql G	yes
synth:synth-19436-0904-C	HIP 97065 C	V1461 Aql C	no
synth:synth-19448+2916-Aa2	HIP 97150 Aa2	SU Cyg Aa2	no
synth:synth-19448+2916-Ab	HIP 97150 Ab	SU Cyg Ab	no
synth:synth-19448+2916-E	HIP 97150 E	SU Cyg E	no
synth:synth-19448+2916-F	HIP 97150 F	SU Cyg F	no
synth:synth-19459+3501-C	HIP 97242 C	NSV 24881 C	no
synth:synth-19464+2438-C	HD 338936 C	V491 Vul C	no
synth:synth-19474+1832-B	Del Sge B	δ Sge B	yes
synth:synth-19482+7016-B	Eps Dra B	ε Dra B	yes
synth:synth-19487+1149-B	Pi Aql B	π Aql B	yes
synth:synth-19490+1909-B	Zet Sge B	ζ Sge B	yes
synth:synth-19495+3843-B	HIP 97538 B	NSV 24907 B	no
synth:synth-19495+3843-C	HIP 97538 C	NSV 24907 C	no
synth:synth-19510+1025-Cb	Omi Aql Cb	ο Aql Cb	yes
synth:synth-19514+4044-B	HIP 97706 B	V2514 Cyg B	no
synth:synth-19525+0100-B	Eta Aql B	η Aql B	yes
synth:synth-19531-1436-B	HIP 97849 B	V505 Sgr B	no
synth:synth-19534+2020-Bb	HIP 97879 Bb	HIP 97876 Bb	no
synth:synth-19543-2356-Ab	HIP 97944 Ab	V4200 Sgr Ab	no
synth:synth-19556+5226-Ab	Psi Cyg Ab	ψ Cyg Ab	yes
synth:synth-19563+3505-C	Eta Cyg C	η Cyg C	yes
synth:synth-19563+3505-F	Eta Cyg F	η Cyg F	yes
synth:synth-19568+4416-C	HIP 98156 C	V2095 Cyg C	no
synth:synth-19580+0456-B	HIP 98272 B	NSV 12617 B	no
synth:synth-19583-5154-Bb	HIP 98278 Bb	HIP 98294 Bb	no
synth:synth-19597+3359-B	HIP 98411 B	V482 Cyg B	no
synth:synth-19597+3359-C	HIP 98411 C	V482 Cyg C	no
synth:synth-19598-0957-B	HIP 98416 B	100 G. Aql B	no
synth:synth-20001+1737-D	HIP 98443 D	NSV 12668 D	no
synth:synth-20051+2039-D	HD 190606 D	X Sge D	no
synth:synth-20060+3547-Ab	HIP 99002 Ab		no
synth:synth-20086-4618-Bb	HIP 99245 Bb	HIP 99233 Bb	no
synth:synth-20086-4618-D	HIP 99245 D	HIP 99233 D	no
synth:synth-20094+3630-J	HD 191611 J	NSV 12850 J	no
synth:synth-20094+3630-K	HD 191611 K	NSV 12850 K	no
synth:synth-20094+3630-L	HD 191611 L	NSV 12850 L	no
synth:synth-20094+3630-N	HD 191611 N	NSV 12850 N	no
synth:synth-20094+3651-Ab	28 Cyg Ab	b² Cyg Ab	yes
synth:synth-20094+3651-B	28 Cyg B	b² Cyg B	yes
synth:synth-20106+3338-C	HIP 99416 C	HIP 99409 C	no
synth:synth-20111-5731-B	HIP 99453 B	NSV 25020 B	no
synth:synth-20119+3612-C	HIP 99525 C	V1042 Cyg C	no
synth:synth-20123+3205-Bb	HIP 99566 Bb	HIP 99564 Bb	no
synth:synth-20136+4644-Ab	31 Cyg Ab	ο¹ Cyg Ab	yes
synth:synth-20136+4644-H	31 Cyg H	ο¹ Cyg H	yes
synth:synth-20136+4644-J	31 Cyg J	ο¹ Cyg J	yes
synth:synth-20136+4644-K	31 Cyg K	ο¹ Cyg K	yes
synth:synth-20141-0450-B	HIP 99720 B	V1477 Aql B	no
synth:synth-20145+3640-Ab	HIP 99769 Ab	V1679 Cyg Ab	no
synth:synth-20153+2536-B	HIP 99824 B	QR Vul B	no
synth:synth-20169+3130-C	HD 332076 C	HIP 99967 C	no
synth:synth-20170+3725-Aa2	HIP 99982 Aa2	NSV 12979 Aa2	no
synth:synth-20170+3725-Ab	HIP 99982 Ab	NSV 12979 Ab	no
synth:synth-20176-1230-Ab	Alp-1 Cap Ab	α¹ Cap Ab	no
synth:synth-20181+4044-Ab	HIP 100069 Ab	NSV 25092 Ab	no
synth:synth-20181+4044-Ab2	HIP 100069 Ab2	NSV 25092 Ab2	no
synth:synth-20189+3817-Ab	HIP 100146 Ab	NSV 25099 Ab	no
synth:synth-20189+3817-B	HIP 100146 B	NSV 25099 B	no
synth:synth-20205+4351-Ab	HIP 100287 Ab	V1687 Cyg Ab	no
synth:synth-20237+3729-B	HIP 100574 B	V2119 Cyg B	no
synth:synth-20238+3830-Ab	HIP 100586 Ab	V2031 Cyg Ab	no
synth:synth-20238+3830-B	HIP 100586 B	V2031 Cyg B	no
synth:synth-20238+3830-D	HIP 100586 D	V2031 Cyg D	no
synth:synth-20238+3830-E	HIP 100586 E	V2031 Cyg E	no
synth:synth-20238+3830-F	HIP 100586 F	V2031 Cyg F	no
synth:synth-20238+3830-G	HIP 100586 G	V2031 Cyg G	no
synth:synth-20238+3830-H	HIP 100586 H	V2031 Cyg H	no
synth:synth-20238+3830-I	HIP 100586 I	V2031 Cyg I	no
synth:synth-20239-4225-B	Kap-2 Sgr B	κ² Sgr B	no
synth:synth-20246+0104-B	HIP 100664 B	NSV 13064 B	no
synth:synth-20255+5441-Ab	HIP 100744 Ab	V2120 Cyg Ab	no
synth:synth-20256+2723-C	HD 340201 C	BE Vul C	no
synth:synth-20273+2820-B	HD 334415 B	V436 Vul B	no
synth:synth-20273+2820-C	HD 334415 C	V436 Vul C	no
synth:synth-20273-1813-Ab	Pi Cap Ab	π Cap Ab	yes
synth:synth-20311+3333-B	HIP 101227 B	V2425 Cyg B	no
synth:synth-20312+0513-B	HIP 101236 B	MR Del B	no
synth:synth-20312+1116-C	HIP 101233 C	HIP 101235 C	no
synth:synth-20324+4118-D	HIP 101341 D	V729 Cyg D	no
synth:synth-20339+4642-Ab	HIP 101475 Ab	V2015 Cyg Ab	no
synth:synth-20339-4431-B	Nu Mic B	ν Mic B	yes
synth:synth-20339-4431-C	Nu Mic C	ν Mic C	yes
synth:synth-20374+7536-B	HIP 101750 B	VW Cep B	no
synth:synth-20391+1005-Ab	Kap Del Ab	κ Del Ab	yes
synth:synth-20393-1457-B	Tau Cap B	τ Cap B	yes
synth:synth-20396+0458-Ab	HIP 101955 Ab	OQ Del Ab	no
synth:synth-20396+0458-B	HIP 101955 B	OQ Del B	no
synth:synth-20396+4035-B	HIP 101949 B	V2130 Cyg B	no
synth:synth-20419+2043-Cb	HIP 102149 Cb	HIP 102144 Cb	no
synth:synth-20435+1504-B	Del Del B	δ Del B	yes
synth:synth-20454+5735-Ab	HIP 102431 Ab	υ¹ Cep Ab	no
synth:synth-20462+1554-Ab	HIP 102490 Ab	OR Del Ab	no
synth:synth-20468+0733-B	HIP 102545 B	NN Del B	no
synth:synth-20474+3629-Ab	Lam Cyg Ab	λ Cyg Ab	yes
synth:synth-20487-4359-C	HD 197971 C	NSV 13300 C	no
synth:synth-20494+1124-B	HIP 102782 B	NSV 13332 B	no
synth:synth-20496+5008-D	HIP 102804 D	NSV 25356 D	no
synth:synth-20527-0859-Ab	Mu Aqr Ab	μ Aqr Ab	yes
synth:synth-20534-4923-C	HIP 103139 C	HIP 103107 C	no
synth:synth-20558-1707-B	HIP 103311 B	NSV 25397 B	no
synth:synth-20577+5849-Db	HIP 103421 Db	HIP 103461 Db	no
synth:synth-20587-1429-C	HIP 103545 C	DV Aqr C	no
synth:synth-20591+0418-Ab	Eps Equ Ab	ε Equ Ab	yes
synth:synth-20591+0418-B	Eps Equ B	ε Equ B	yes
synth:synth-20598+4731-Ab	59 Cyg Ab	f¹ Cyg Ab	yes
synth:synth-20598+4731-B	59 Cyg B	f¹ Cyg B	yes
synth:synth-20599+4016-Db	HIP 103502 Db	HIP 103641 Db	no
synth:synth-20599+4016-E	HIP 103502 E	HIP 103641 E	no
synth:synth-21000+4004-Ab	HIP 103655 Ab	V1396 Cyg Ab	no
synth:synth-21000+4004-C	HIP 103655 C	V1396 Cyg C	no
synth:synth-21023+3931-D	HIP 103822 D	NSV 25434 D	no
synth:synth-21023+3931-E	HIP 103822 E	NSV 25434 E	no
synth:synth-21023+3931-H	HIP 103822 H	NSV 25434 H	no
synth:synth-21044-1951-B	Eta Cap B	η Cap B	yes
synth:synth-21051+0757-B	HIP 104075 B	TV Equ B	no
synth:synth-21055+5340-B	HIP 104107 B	NSV 25464 B	no
synth:synth-21077+4851-B	HIP 104290 B	V1720 Cyg B	no
synth:synth-21077+4851-C	HIP 104290 C	V1720 Cyg C	no
synth:synth-21080+0509-B	HIP 104324 B	NSV 25481 B	no
synth:synth-21086+3012-Ab	HIP 104371 Ab	V389 Cyg Ab	no
synth:synth-21086-2112-E	Chi Cap E	χ Cap E	yes
synth:synth-21086-2112-F	Chi Cap F	χ Cap F	yes
synth:synth-21103+1008-B	Gam Equ B	γ Equ B	yes
synth:synth-21105+2227-Bb	HIP 104536 Bb	HIP 104539 Bb	no
synth:synth-21114-5220-B	HIP 104604 B	BR Ind B	no
synth:synth-21118+5959-Ab	HIP 104642 Ab	NSV 13598 Ab	no
synth:synth-21118+5959-E	HIP 104642 E	NSV 13598 E	no
synth:synth-21135+0713-Db	HIP 104772 Db	HIP 104767 Db	no
synth:synth-21137+6424-B	HIP 104788 B	NSV 25530 B	no
synth:synth-21145+1000-B	Del Equ B	δ Equ B	yes
synth:synth-21148+3803-Ab	Tau Cyg Ab	τ Cyg Ab	yes
synth:synth-21148+3803-B	Tau Cyg B	τ Cyg B	yes
synth:synth-21148+3803-Fb	Tau Cyg Fb	τ Cyg Fb	yes
synth:synth-21173+5837-Aa2	HIP 105091 Aa2	V421 Cep Aa2	no
synth:synth-21176+8231-B	HIP 105112 B	NSV 13673 B	no
synth:synth-21182+3035-Ab	HIP 105162 Ab	V2150 Cyg Ab	no
synth:synth-21182+3035-K	HIP 105162 K	V2150 Cyg K	no
synth:synth-21182+3035-L	HIP 105162 L	V2150 Cyg L	no
synth:synth-21182+3035-N	HIP 105162 N	V2150 Cyg N	no
synth:synth-21182+3035-X	HIP 105162 X	V2150 Cyg X	no
synth:synth-21182+3035-Y	HIP 105162 Y	V2150 Cyg Y	no
synth:synth-21190+2614-F	HIP 105232 F	V457 Vul F	no
synth:synth-21193+5837-Ab	HIP 105259 Ab	V381 Cep Ab	no
synth:synth-21194+3814-Ab	HIP 105269 Ab	V1334 Cyg Ab	no
synth:synth-21194+3814-B	HIP 105269 B	V1334 Cyg B	no
synth:synth-21199-5327-Ab	The Ind Ab	θ Ind Ab	yes
synth:synth-21199-5327-Bb	The Ind Bb	θ Ind Bb	yes
synth:synth-21203+4921-B	HD 203416 B	V3134 Cyg B	no
synth:synth-21203-1048-C	HD 203069 C	RY Aqr C	no
synth:synth-21208-4049-B	The-1 Mic B	θ¹ Mic B	no
synth:synth-21210-5229-Ab	HIP 105404 Ab	BS Ind Ab	no
synth:synth-21214+0253-B	HIP 105438 B	NSV 13668 B	no
synth:synth-21214-6655-B	HIP 105441 B	V390 Pav B	no
synth:synth-21214-6655-Bb	HIP 105441 Bb	V390 Pav Bb	no
synth:synth-21244-4100-B	The-2 Mic B	θ² Mic B	no
synth:synth-21267-2225-C	Zet Cap C	ζ Cap C	yes
synth:synth-21290+5844-Ab	HIP 106059 Ab	NSV 13748 Ab	no
synth:synth-21290+5844-B	HIP 106059 B	NSV 13748 B	no
synth:synth-21292-4125-B	HIP 106077 B	CL Gru B	no
synth:synth-21292-4125-C	HIP 106077 C	CL Gru C	no
synth:synth-21296+1739-B	HIP 106106 B	NSV 25618 B	no
synth:synth-21313-0947-B	HIP 106255 B	BB Cap B	no
synth:synth-21314+4829-B	HIP 106297 B	NSV 25656 B	no
synth:synth-21370+8255-B	HD 207146 B	NSV 13846 B	no
synth:synth-21370-3553-Bb	HIP 106705 Bb	HIP 106714 Bb	no
synth:synth-21390+5729-Aa2	HIP 106886 Aa2	NSV 25719 Aa2	no
synth:synth-21400+0911-Ab	HIP 106981 Ab	EE Peg Ab	no
synth:synth-21400-5222-B	HIP 106978 B	NSV 25715 B	no
synth:synth-21432+3801-Ab	HIP 107242 Ab	RV Cyg Ab	no
synth:synth-21432+3801-B	HIP 107242 B	RV Cyg B	no
synth:synth-21435+2721-B	HIP 107294 B		no
synth:synth-21435+2721-C	HIP 107294 C		no
synth:synth-21435+2721-G	HIP 107294 G		no
synth:synth-21441+2845-Db	Mu-1 Cyg Db	μ² Cyg Db	no
synth:synth-21445+1446-B	HIP 107350 B	HN Peg B	no
synth:synth-21446+2539-B	Kap Peg B	κ Peg B	yes
synth:synth-21446+2539-Bb	Kap Peg Bb	κ Peg Bb	yes
synth:synth-21477-3054-B	The PsA B	θ PsA B	yes
synth:synth-21491-7206-B	HIP 107705 B	AY Ind B	no
synth:synth-21501+3151-C	HIP 107781 C	V401 Peg C	no
synth:synth-21520+5548-Ab	HIP 107930 Ab	NSV 13909 Ab	no
synth:synth-21526+4714-B	HIP 107983 B	V1578 Cyg B	no
synth:synth-21526+4714-C	HIP 107983 C	V1578 Cyg C	no
synth:synth-21556+3849-B	HIP 108231 B	NSV 25791 B	no
synth:synth-21556-2108-C	HIP 108236 C	BT Cap C	no
synth:synth-21567+6338-B	HIP 108317 B	VV Cep B	no
synth:synth-21579+6101-B	HIP 108426 B	IR Cep B	no
synth:synth-21579-5500-B	Del Ind B	δ Ind B	yes
synth:synth-22034-5647-Bb	Eps Ind Bb	ε Ind Bb	yes
synth:synth-22035+4534-C	HIP 108892 C	V378 Lac C	no
synth:synth-22035+4841-B	HIP 108888 B	V394 Lac B	no
synth:synth-22061-0521-B	HIP 109110 B	NT Aqr B	no
synth:synth-22070+2521-Ab	Iot Peg Ab	ι Peg Ab	yes
synth:synth-22086+5917-C	HD 210432 C	HD 210433 C	no
synth:synth-22093+4451-Db	HIP 109342 Db	V402 Lac Db	no
synth:synth-22110+6324-D	HIP 109505 D	V447 Cep D	no
synth:synth-22127-0443-B	HIP 109647 B	121 G. Aqr B	no
synth:synth-22139+3943-Ac	HIP 109754 Ac	NSV 14076 Ac	no
synth:synth-22150+5703-Ab	Eps Cep Ab	ε Cep Ab	yes
synth:synth-22154+5104-B	HD 235768 B	NSV 14087 B	no
synth:synth-22154+5104-C	HD 235768 C	NSV 14087 C	no
synth:synth-22154+5104-D	HD 235768 D	NSV 14087 D	no
synth:synth-22156-4121-B	Mu-1 Gru B	μ¹ Gru B	no
synth:synth-22225+3021-Ab	HIP 110462 Ab	KX Peg Ab	no
synth:synth-22258-2014-C	HIP 110707 C	KV Aqr C	no
synth:synth-22259-7501-Bb	HIP 110719 Bb	HIP 110712 Bb	no
synth:synth-22265+4332-Cb	HIP 110766 Cb	HIP 110768 Cb	no
synth:synth-22266-1645-Ab	53 Aqr Ab	f Aqr Ab	yes
synth:synth-22267+7847-B	Rho-1 Cep B	ρ¹ Cep B	no
synth:synth-22273-6458-Ab	Del Tuc Ab	δ Tuc Ab	yes
synth:synth-22281+1215-Ab	HIP 110900 Ab	NSV 25906 Ab	no
synth:synth-22288-0001-Ab	Zet-1 Aqr Ab	ζ¹ Aqr Ab	no
synth:synth-22292+5451-Ab	HD 235858 Ab	V354 Lac Ab	no
synth:synth-22292+5451-B	HD 235858 B	V354 Lac B	no
synth:synth-22292+5825-Cb	Del Cep Cb	δ Cep Cb	yes
synth:synth-22292+5825-D	Del Cep D	δ Cep D	yes
synth:synth-22292+5825-E	Del Cep E	δ Cep E	yes
synth:synth-22324-1056-Ab	HIP 111261 Ab	NSV 25921 Ab	no
synth:synth-22324-1056-Eb	HIP 111261 Eb	NSV 25921 Eb	no
synth:synth-22341+3920-B	HIP 111400 B	V362 Lac B	no
synth:synth-22347-0336-Ab	HIP 111454 Ab	LL Aqr Ab	no
synth:synth-22357+5245-B	HD 214197 B	RZ Lac B	no
synth:synth-22357+5245-C	HD 214197 C	RZ Lac C	no
synth:synth-22357+5245-D	HD 214197 D	RZ Lac D	no
synth:synth-22357+5245-E	HD 214197 E	RZ Lac E	no
synth:synth-22357+5245-F	HD 214197 F	RZ Lac F	no
synth:synth-22378-3951-Ab	HIP 111718 Ab	CX Gru Ab	no
synth:synth-22378-3951-Bb	HIP 111718 Bb	CX Gru Bb	no
synth:synth-22384-0754-B	HIP 111761 B	NSV 14255 B	no
synth:synth-22388+4419-B	HIP 111805 B	NSV 14258 B	no
synth:synth-22388+4419-Bb	HIP 111805 Bb	NSV 14258 Bb	no
synth:synth-22396-1237-Ab	HIP 111870 Ab	NV Aqr Ab	no
synth:synth-22426-4713-C	HIP 112117 C	NSV 14277 C	no
synth:synth-22431+4710-B	HIP 112170 B	NSV 14290 B	no
synth:synth-22431+4710-C	HIP 112170 C	NSV 14290 C	no
synth:synth-22450+6808-Ab	HIP 112317 Ab	ZZ Cep Ab	no
synth:synth-22451-0240-C	HIP 112325 C	NSV 14303 C	no
synth:synth-22463+3319-Ab	HIP 112422 Ab	NSV 14310 Ab	no
synth:synth-22463+3319-C	HIP 112422 C	NSV 14310 C	no
synth:synth-22468+4420-B	HIP 112460 B	EV Lac B	no
synth:synth-22468+4420-C	HIP 112460 C	EV Lac C	no
synth:synth-22524+0950-Db	Sig Peg Db	σ Peg Db	yes
synth:synth-22535+6208-C	HD 216658 C	NSV 25973 C	no
synth:synth-22536+3756-Ab	HIP 113052 Ab	SW Lac Ab	no
synth:synth-22536+3756-B	HIP 113052 B	SW Lac B	no
synth:synth-22539+6236-B	HIP 113065 B	V454 Cep B	no
synth:synth-22539+6236-C	HIP 113065 C	V454 Cep C	no
synth:synth-22553-4828-B	HIP 113191 B	τ² Gru B	no
synth:synth-22553-4828-D	HIP 113190 D	τ² Gru D	no
synth:synth-22569+5958-C	HIP 113316 C	V456 Cep C	no
synth:synth-22586+0921-B	HIP 113445 B	41 G. Peg B	no
synth:synth-22587+6305-Ab	HIP 113461 Ab	NY Cep Ab	no
synth:synth-22587+6305-B	HIP 113461 B	NY Cep B	no
synth:synth-23005-3345-Ab	HIP 113598 Ab	TZ PsA Ab	no
synth:synth-23027+5514-Ab	HIP 113797 Ab	V638 Cas Ab	no
synth:synth-23040+6324-Ab	HIP 113907 Ab	CW Cep Ab	no
synth:synth-23040+6324-B	HIP 113907 B	CW Cep B	no
synth:synth-23040+6324-C	HIP 113907 C	CW Cep C	no
synth:synth-23052-0742-B	83 Aqr B	h Aqr B	yes
synth:synth-23067-2345-Ab	86 Aqr Ab	c¹ Aqr Ab	yes
synth:synth-23069-3854-Ab	Ups Gru Ab	υ Gru Ab	yes
synth:synth-23069-3854-B	Ups Gru B	υ Gru B	yes
synth:synth-23069-3854-D	Ups Gru D	υ Gru D	yes
synth:synth-23069-4331-B	The Gru B	θ Gru B	yes
synth:synth-23069-4331-D	The Gru D	θ Gru D	yes
synth:synth-23075+2108-Ab	HIP 114189 Ab	V342 Peg Ab	no
synth:synth-23075+2108-Ac	HIP 114189 Ac	V342 Peg Ac	no
synth:synth-23075+2108-Ad	HIP 114189 Ad	V342 Peg Ad	no
synth:synth-23075+2108-Ae	HIP 114189 Ae	V342 Peg Ae	no
synth:synth-23078+6338-B	HIP 114212 B	NSV 26026 B	no
synth:synth-23079+7523-Ab	Pi Cep Ab	π Cep Ab	yes
synth:synth-23079+7523-B	Pi Cep B	π Cep B	yes
synth:synth-23087+0208-B	5 Psc B	A Psc B	yes
synth:synth-23099-2227-B	89 Aqr B	c³ Aqr B	yes
synth:synth-23111+5258-C	HD 236061 C	NSV 14449 C	no
synth:synth-23126+0241-Ab	HIP 114576 Ab	NSV 26038 Ab	no
synth:synth-23126+0241-B	HIP 114576 B	NSV 26038 B	no
synth:synth-23137+0212-B	HIP 114665 B	NSV 26040 B	no
synth:synth-23137+0212-C	HIP 114665 C	NSV 26040 C	no
synth:synth-23150+3556-Bb	HIP 114773 Bb	HIP 114778 Bb	no
synth:synth-23159-0905-B	Psi-1 Aqr B	ψ¹ Aqr B	no
synth:synth-23159-0905-C	Psi-1 Aqr C	ψ¹ Aqr C	no
synth:synth-23174+6051-B	HIP 114995 B	V628 Cas B	no
synth:synth-23174+6051-C	HIP 114995 C	V628 Cas C	no
synth:synth-23190-0937-B	Psi-3 Aqr B	ψ³ Aqr B	no
synth:synth-23241-2146-B	HIP 115522 B	233 G. Aqr B	no
synth:synth-23274-5218-Bb	HIP 115781 Bb	HIP 115780 Bb	no
synth:synth-23295+5141-B	HIP 115952 B	V814 Cas B	no
synth:synth-23300+5833-Ab	HIP 115990 Ab	AR Cas Ab	no
synth:synth-23300+5833-B	HIP 115990 B	AR Cas B	no
synth:synth-23300+5833-I	HIP 115990 I	AR Cas I	no
synth:synth-23300+5833-Ib	HIP 115990 Ib	AR Cas Ib	no
synth:synth-23304+3050-Ab	HIP 116017 Ab	NSV 26094 Ab	no
synth:synth-23304+3050-B	HIP 116017 B	NSV 26094 B	no
synth:synth-23304+3050-Bb	HIP 116017 Bb	NSV 26094 Bb	no
synth:synth-23328-1651-C	HIP 116191 C	NSV 26100 C	no
synth:synth-23350+0136-B	HIP 116384 B	NSV 26106 B	no
synth:synth-23350+0136-C	HIP 116384 C	NSV 26106 C	no
synth:synth-23388+4424-Ab	HIP 116685 Ab	V392 And Ab	no
synth:synth-23405+2959-Ab	HIP 116810 Ab	V604 Peg Ab	no
synth:synth-23431-4619-Ab	HIP 116994 Ab	NSV 26132 Ab	no
synth:synth-23431-4619-C	HIP 116994 C	NSV 26132 C	no
synth:synth-23431-4619-D	HIP 116994 D	NSV 26132 D	no
synth:synth-23460+4625-Ac	Psi And Ac	ψ And Ac	yes
synth:synth-23460+4625-D	Psi And D	ψ And D	yes
synth:synth-23484-1259-B	HIP 117410 B	NSV 14713 B	no
synth:synth-23489-2808-Bb	Del Scl Bb	δ Scl Bb	yes
synth:synth-23509+4730-B	HIP 117591 B	TZ And B	no
synth:synth-23509+4730-C	HIP 117591 C	TZ And C	no
synth:synth-23541+3917-C	HIP 117844 C	V413 And C	no
synth:synth-23546-2302-Bb	HIP 117879 Bb	HIP 117882 Bb	no
synth:synth-23571+5542-B	HIP 118077 B	V1022 Cas B	no
synth:synth-23578+2508-B	Psi Peg B	ψ Peg B	yes
synth:synth-23581+2420-Db	HIP 118196 Db	HD 224459 Db	no
synth:synth-23581+2420-E	HIP 118196 E	HD 224459 E	no
synth:synth-23587+4644-B	HIP 118212 B	NSV 14784 B	no
