tyc	hip	hd	gl	gaia_source_id	reason
				1001390591638167296	no_parallax_published
				1001929700230046208	no_parallax_published
				1002577484375512832	no_parallax_published
				1004085876890875648	no_parallax_published
				1004850793387072640	no_parallax_published
				1005422745591665152	no_parallax_published
				1012369700573733888	no_parallax_published
				1012473020306310528	no_parallax_published
				1012637637814289024	no_parallax_published
				1015153767096184064	no_parallax_published
				101583986665421952	no_parallax_published
				1016232211906584320	no_parallax_published
				1016232216202742016	no_parallax_published
				1019764809623805440	no_parallax_published
				1019985085615356672	no_parallax_published
				1021603227424873344	no_parallax_published
				1022271313882134272	no_parallax_published
				1022271318177887872	no_parallax_published
				1023024105685831808	no_parallax_published
				1025581878969834368	no_parallax_published
				1029946699613044096	no_parallax_published
				1030087334023113856	no_parallax_published
				1031181416812779904	no_parallax_published
				1031910869761748864	no_parallax_published
				1032439704789729536	no_parallax_published
				1032439704790441344	no_parallax_published
				1033595257151668864	no_parallax_published
				1034613336201055360	no_parallax_published
				1039486784050960768	no_parallax_published
				1042129185370870272	no_parallax_published
				1042681621244113792	no_parallax_published
				1043145031035814528	no_parallax_published
				1044638923740734848	no_parallax_published
				1046314304581984000	no_parallax_published
				1046524998497686144	no_parallax_published
				1046837088001617024	no_parallax_published
				104752950974981760	no_parallax_published
				1050216402629463424	no_parallax_published
				105223198353723904	no_parallax_published
				1054696912513345280	no_parallax_published
				1055923074136928768	no_parallax_published
				1058431197598725760	no_parallax_published
				1058431953512149632	no_parallax_published
				106037867751169408	no_parallax_published
				106302884413341440	no_parallax_published
				1064616740779432320	no_parallax_published
				1065024728312545152	no_parallax_published
				1066923516173792000	no_parallax_published
				1066940489884680960	no_parallax_published
				1069683874475117184	no_parallax_published
				107066834540310528	no_parallax_published
				1071452988684513280	no_parallax_published
				1072143859943720320	no_parallax_published
				1072269650945809536	no_parallax_published
				1073758389689818368	no_parallax_published
				1073830820017626752	no_parallax_published
				1077324621295068544	no_parallax_published
				107743553883643904	no_parallax_published
				1083113137698970496	no_parallax_published
				1084668603054630528	no_parallax_published
				1086103328290019328	no_parallax_published
				1086596527975066240	no_parallax_published
				1087001010814233088	no_parallax_published
				1087243143890442112	no_parallax_published
				1088686562139618560	no_parallax_published
				1089223497474909952	no_parallax_published
				1089905989255296384	no_parallax_published
				1090948841673998720	no_parallax_published
				1091755260436819456	no_parallax_published
				1092805985532611456	no_parallax_published
				1098482454830000000	no_parallax_published
				1099207136071294976	no_parallax_published
				1099348732552874880	no_parallax_published
				1100083962234275712	no_parallax_published
				1100385262781316480	no_parallax_published
				1100855029124248832	no_parallax_published
				1101676914064954624	no_parallax_published
				1102859365805219200	no_parallax_published
				1102859370100217728	no_parallax_published
				1104720087371914752	no_parallax_published
				1105976141969991424	no_parallax_published
				1108994610624934272	no_parallax_published
				11094969973385856	no_parallax_published
				111204988288068352	no_parallax_published
				1112257823697508864	no_parallax_published
				1112519404387600000	no_parallax_published
				1113757484541857920	no_parallax_published
				1117299904847287296	no_parallax_published
				1117299909143656576	no_parallax_published
				1117885811401326464	no_parallax_published
				1119833802408984448	no_parallax_published
				1120250001920281728	no_parallax_published
				1122590621658736896	no_parallax_published
				1122874948492843136	no_parallax_published
				1122958099059441280	no_parallax_published
				1127396204729289472	no_parallax_published
				1129711643074254848	no_parallax_published
				1132453687635173504	no_parallax_published
				1133379506489720704	no_parallax_published
				1133813989677939328	no_parallax_published
				1134168788336025216	no_parallax_published
				1136266793959423104	no_parallax_published
				1140047121096265728	no_parallax_published
				1140383537294584064	no_parallax_published
				1140585057160439552	no_parallax_published
				1142545275937276928	no_parallax_published
				1143182996975703808	no_parallax_published
				1143502611262475264	no_parallax_published
				1143502611264171136	no_parallax_published
				1144303090088942592	no_parallax_published
				1144810411623813760	no_parallax_published
				1147393164439597184	no_parallax_published
				1147856436791843456	no_parallax_published
				1148048988763799168	no_parallax_published
				1149017589789855232	no_parallax_published
				1149737907343636224	no_parallax_published
				1150354664648931968	no_parallax_published
				1150415923765601536	no_parallax_published
				1150745334872715648	no_parallax_published
				1151193042265159296	no_parallax_published
				1151535024740305536	no_parallax_published
				1154814799206149504	no_parallax_published
				1156717538437828736	no_parallax_published
				1159348223086401792	no_parallax_published
				1159594135733998208	no_parallax_published
				1160293287690270592	no_parallax_published
				1163017671345996928	no_parallax_published
				1163352988032351232	no_parallax_published
				1163806326125206784	no_parallax_published
				1164340418192713216	no_parallax_published
				1164340418193799808	no_parallax_published
				1166293906759368960	no_parallax_published
				1167117784564602112	no_parallax_published
				117333116344541440	no_parallax_published
				1175742246398472576	no_parallax_published
				1175759598067137408	no_parallax_published
				1176952228880888192	no_parallax_published
				1186325492493205376	no_parallax_published
				1188250501130322176	no_parallax_published
				118834087155049984	no_parallax_published
				1188470953210931712	no_parallax_published
				1190307034550219776	no_parallax_published
				1191136439979956864	no_parallax_published
				1193174354721344384	no_parallax_published
				1193552999035154816	no_parallax_published
				1194895120481048960	no_parallax_published
				1195621524003974144	no_parallax_published
				1196583012565561344	no_parallax_published
				1196966295444346368	no_parallax_published
				119866322415020032	no_parallax_published
				120243832860674560	no_parallax_published
				1203165513801549056	no_parallax_published
				1206954602669661184	no_parallax_published
				1208137745898409344	no_parallax_published
				1210043543152316672	no_parallax_published
				1213169312970311424	no_parallax_published
				1214413071075025024	no_parallax_published
				1216010695834236416	no_parallax_published
				1219383653909021056	no_parallax_published
				1220440765619294720	refused_no_defensible_parallax
				1221685069187238912	no_parallax_published
				1222703457470672128	no_parallax_published
				1224952302346108288	no_parallax_published
				1226126271525293568	no_parallax_published
				1226746464802875008	no_parallax_published
				1229559908899306624	no_parallax_published
				1236993947533518592	no_parallax_published
				1239908890300218624	no_parallax_published
				1240283995561732736	no_parallax_published
				1240829456407931264	no_parallax_published
				1241421062382811136	no_parallax_published
				1241525825226258304	no_parallax_published
				1247492909189562880	no_parallax_published
				1249435677516213504	no_parallax_published
				1250221622171893376	no_parallax_published
				1251044469186206720	no_parallax_published
				1252031418311733120	no_parallax_published
				1255893178025496320	no_parallax_published
				1258475312363092096	no_parallax_published
				126322173656433280	no_parallax_published
				1263871406194846464	no_parallax_published
				1263871406195897600	no_parallax_published
				1267388606453915520	no_parallax_published
				1268325317557248	no_parallax_published
				1271120589438374272	no_parallax_published
				1271906396652582784	no_parallax_published
				1274286186491641728	no_parallax_published
				1274356005481575680	no_parallax_published
				1274596278835094784	no_parallax_published
				1274596283133663488	no_parallax_published
				127730373174191360	no_parallax_published
				1277719033592320256	no_parallax_published
				1279798789901591168	no_parallax_published
				1282530736994382592	no_parallax_published
				128285179869295488	no_parallax_published
				129007077974680576	no_parallax_published
				1290507212817758208	no_parallax_published
				1291195163499641728	no_parallax_published
				1294168036782413824	no_parallax_published
				1297652148613698432	no_parallax_published
				129930392862049920	no_parallax_published
				130246708614760192	no_parallax_published
				1305919136024328064	no_parallax_published
				1308425782016712064	no_parallax_published
				1309325521830419072	no_parallax_published
				1309611742747605632	no_parallax_published
				1309976608809171840	no_parallax_published
				1312498407445072384	no_parallax_published
				1318217173580653696	no_parallax_published
				1321972688688153856	no_parallax_published
				1324376431561315456	no_parallax_published
				132491876997696128	no_parallax_published
				1325679971315382784	no_parallax_published
				1327505504215119488	no_parallax_published
				1328755958173473792	no_parallax_published
				132915670010548864	no_parallax_published
				1329379793583186304	no_parallax_published
				1329422708896651136	no_parallax_published
				1330392375072505472	no_parallax_published
				1332038309620424448	no_parallax_published
				1332836211464105984	no_parallax_published
				1333789522406291328	no_parallax_published
				1333963039084536832	no_parallax_published
				1337763702887457408	no_parallax_published
				1338874179568694528	no_parallax_published
				1339310376447383040	no_parallax_published
				1341434667272031360	no_parallax_published
				1341775378437258752	no_parallax_published
				1342568263759717888	no_parallax_published
				1344977190657152000	no_parallax_published
				1345718261492861184	no_parallax_published
				1346059213177826688	no_parallax_published
				1346138206216494976	no_parallax_published
				1347325369536808064	no_parallax_published
				1350100502525410176	no_parallax_published
				1350967879761392768	no_parallax_published
				1352544167118107264	no_parallax_published
				1353930754359880960	no_parallax_published
				1355289991249793152	no_parallax_published
				1356638714059065472	no_parallax_published
				1357604806822301184	no_parallax_published
				1357604806823949056	no_parallax_published
				135913552887768320	no_parallax_published
				1359261667767224576	no_parallax_published
				1363091988322559104	no_parallax_published
				1364400407157621120	no_parallax_published
				1364668825433435776	no_parallax_published
				1365128485718203776	no_parallax_published
				1365128490013473664	no_parallax_published
				136519731688217600	no_parallax_published
				1365683193631577728	no_parallax_published
				1365721504738882048	no_parallax_published
				1366258130836525824	no_parallax_published
				1368127511057247104	no_parallax_published
				1368737980528987136	no_parallax_published
				136905144873329024	no_parallax_published
				1372504666849483904	no_parallax_published
				1381716615785127552	no_parallax_published
				138261117587170560	no_parallax_published
				1382722772003462656	no_parallax_published
				1384123000061898624	no_parallax_published
				1385757385439580032	no_parallax_published
				1385757389734957824	no_parallax_published
				1386878170040582400	no_parallax_published
				1389039633806951296	no_parallax_published
				1389039638103400192	no_parallax_published
				139064310832769408	no_parallax_published
				1391951827792457088	no_parallax_published
				1393959540320872576	no_parallax_published
				1396979589523236864	no_parallax_published
				1398140673803815808	no_parallax_published
				1398461078362870016	no_parallax_published
				1398461078363827968	no_parallax_published
				1400097598342825984	no_parallax_published
				1402818752181946112	no_parallax_published
				1403956128240781568	no_parallax_published
				1405867457407764096	no_parallax_published
				1411879685772225152	no_parallax_published
				1413445081092928256	no_parallax_published
				1414255627320139776	no_parallax_published
				1414552602833614592	no_parallax_published
				1414552602835107072	no_parallax_published
				1420945403957337600	no_parallax_published
				142241349681158400	no_parallax_published
				1429324541554570496	no_parallax_published
				1429963014211963392	no_parallax_published
				1436294448841752192	no_parallax_published
				1436535757283132672	no_parallax_published
				1438008931066033280	no_parallax_published
				1440032204260728064	no_parallax_published
				1443222712126585728	no_parallax_published
				1448617431568195712	no_parallax_published
				1456086345336488192	no_parallax_published
				1466028709294328704	no_parallax_published
				1467997251721453568	no_parallax_published
				147308620814562176	no_parallax_published
				1477446145411683328	no_parallax_published
				1478658425704647680	no_parallax_published
				1479068028141518464	no_parallax_published
				1480411665712446080	no_parallax_published
				1482141506740107648	no_parallax_published
				1485431005012920320	no_parallax_published
				1487080066295635456	no_parallax_published
				1495324857313858560	no_parallax_published
				1500237303470081920	no_parallax_published
				1505212318707426560	no_parallax_published
				1506751909864460800	no_parallax_published
				1507055581231848192	no_parallax_published
				1509863974447716096	no_parallax_published
				1511698234719234944	no_parallax_published
				1516367757524414208	no_parallax_published
				1519221265075939712	no_parallax_published
				1520142861978399104	no_parallax_published
				1520668737775067904	refused_no_defensible_parallax
				1528496779528812800	no_parallax_published
				1530028399226470144	no_parallax_published
				1530861622883460608	no_parallax_published
				1534042853617852800	no_parallax_published
				1534748637003053568	no_parallax_published
				1534977644659282432	no_parallax_published
				1538195571596285568	no_parallax_published
				1545402045685393024	no_parallax_published
				1547244621015254912	no_parallax_published
				1548558915366298880	no_parallax_published
				1552921055949679616	no_parallax_published
				1553209334153166720	no_parallax_published
				1554120279540410112	no_parallax_published
				1554375881632721280	no_parallax_published
				1557286048390995200	no_parallax_published
				1557286048392484864	no_parallax_published
				1559670717314748928	no_parallax_published
				1559670717314836864	no_parallax_published
				1562124655469324416	no_parallax_published
				1563128406505888768	no_parallax_published
				1566516963903278336	no_parallax_published
				1568620741964992640	no_parallax_published
				1577120447881852160	no_parallax_published
				1579798136652648320	no_parallax_published
				1579832152794451840	no_parallax_published
				1580312467577274496	no_parallax_published
				1583434255965655808	no_parallax_published
				1584562080018709888	no_parallax_published
				1588936345294751872	no_parallax_published
				1589593582666787328	no_parallax_published
				1590702233985346048	no_parallax_published
				1591264496743403520	no_parallax_published
				1599559109384447104	no_parallax_published
				1602181444616617984	no_parallax_published
				1611052648027066752	no_parallax_published
				1614699350139238272	no_parallax_published
				1615226497244926464	no_parallax_published
				1615436740187994752	no_parallax_published
				1615820370962923264	no_parallax_published
				1619232602220070784	no_parallax_published
				1619783457546311296	no_parallax_published
				1619863584456080896	no_parallax_published
				1625232392359734400	no_parallax_published
				1625266859472282752	no_parallax_published
				1626067269576639488	no_parallax_published
				1628119301873489664	no_parallax_published
				1628644696632754304	no_parallax_published
				1629010524767238272	no_parallax_published
				1632097919057847552	no_parallax_published
				163299952292568320	refused_no_defensible_parallax
				1633455850276572928	no_parallax_published
				1633875721984729472	no_parallax_published
				1635379067914342272	no_parallax_published
				1636403056836335744	no_parallax_published
				1637384817640658816	no_parallax_published
				1641709162512150144	no_parallax_published
				1641864365451197056	no_parallax_published
				1642759230477879424	no_parallax_published
				1643183332727759616	no_parallax_published
				1645167057863032320	no_parallax_published
				1645713412062176768	no_parallax_published
				1649147393034356352	no_parallax_published
				1649200130936833280	no_parallax_published
				1649637397263385856	no_parallax_published
				1649875544610049024	no_parallax_published
				1650339572875383424	no_parallax_published
				1651188189695893504	no_parallax_published
				1653071343876173952	no_parallax_published
				1654669411010767616	no_parallax_published
				1654669415305713664	no_parallax_published
				1655043554202199424	no_parallax_published
				1655798888626719872	no_parallax_published
				1656139256194949888	no_parallax_published
				1659322651594291840	no_parallax_published
				1663731006027406080	no_parallax_published
				166465824228145408	no_parallax_published
				1665695008672352000	no_parallax_published
				1668055694496866304	no_parallax_published
				1668357815381221632	no_parallax_published
				1668357819676307840	no_parallax_published
				1669688224450384640	no_parallax_published
				1669688228745390720	no_parallax_published
				1669763304774449920	no_parallax_published
				1670760660604217216	no_parallax_published
				1670760664899978624	no_parallax_published
				1673664062792273920	no_parallax_published
				1673956910842948352	no_parallax_published
				1674655409963363712	no_parallax_published
				1676372847125685376	no_parallax_published
				1678506346359720320	no_parallax_published
				1678506346360698880	no_parallax_published
				16823936654644480	no_parallax_published
				1685416433344282496	no_parallax_published
				1685530438955419008	no_parallax_published
				1685675333972642048	no_parallax_published
				1689542625605165312	no_parallax_published
				169089465130413696	no_parallax_published
				1694269735331036672	no_parallax_published
				1695408417060088832	no_parallax_published
				1696715942543008128	no_parallax_published
				1698183069012034304	no_parallax_published
				1703749415347422592	no_parallax_published
				1704110089521720960	no_parallax_published
				1704143177949307904	no_parallax_published
				1705997882267469696	no_parallax_published
				170654035812544640	no_parallax_published
				1710707159286906496	no_parallax_published
				1711910265526717440	no_parallax_published
				1711910265527105408	no_parallax_published
				1712358625752371200	no_parallax_published
				1717516469158728960	no_parallax_published
				1718351994916865408	no_parallax_published
				1718710882384100736	no_parallax_published
				1720163264228667776	no_parallax_published
				1720163268524457984	no_parallax_published
				1723670504459247232	no_parallax_published
				1729643738815644288	no_parallax_published
				1729906006699707008	no_parallax_published
				1733397299714456064	no_parallax_published
				1734812989654767488	no_parallax_published
				1736053238773642496	no_parallax_published
				1737376256200104704	no_parallax_published
				1737575577042371072	no_parallax_published
				1737575581337423872	no_parallax_published
				1738643138409389056	no_parallax_published
				1740511586622063872	no_parallax_published
				1741199228066054400	no_parallax_published
				1741707958351511040	no_parallax_published
				1742192602461038336	no_parallax_published
				1742565298248090752	no_parallax_published
				1743421787743320192	no_parallax_published
				1743909455509280128	no_parallax_published
				1747812275110548736	no_parallax_published
				1747812275112494080	no_parallax_published
				1748839145959039360	no_parallax_published
				1748839150253789184	no_parallax_published
				1748846773818912000	no_parallax_published
				1749426873578238208	no_parallax_published
				1750354479139572096	no_parallax_published
				1750513225425462528	no_parallax_published
				1750728523545378176	no_parallax_published
				1754572828512657920	no_parallax_published
				1754617560596253568	no_parallax_published
				1755039708641829504	no_parallax_published
				1755785177523070464	no_parallax_published
				1755785177525557376	no_parallax_published
				1757475706714083456	no_parallax_published
				1757873802940505472	no_parallax_published
				1758095766848418944	no_parallax_published
				1759020971523515008	no_parallax_published
				1759638205566647040	no_parallax_published
				1759768330192439296	no_parallax_published
				1761361591264177408	no_parallax_published
				1761430242019478656	no_parallax_published
				1762075449186549888	no_parallax_published
				1762170625662137088	no_parallax_published
				1762643724900429440	no_parallax_published
				176429529873781632	no_parallax_published
				1765481289530554368	no_parallax_published
				17656889727341696	no_parallax_published
				1765701466733870720	no_parallax_published
				1765916249458304384	no_parallax_published
				1766257819616547584	no_parallax_published
				1766499712175653888	no_parallax_published
				1769171147474101632	no_parallax_published
				1771102748885414400	no_parallax_published
				1771939855192369280	no_parallax_published
				1772471847021257984	no_parallax_published
				1775657544522673792	no_parallax_published
				1775657544523509888	no_parallax_published
				1776306217728455296	no_parallax_published
				1776306325102413824	no_parallax_published
				1777353919165780608	no_parallax_published
				1777868765486172800	no_parallax_published
				1778257167968424192	no_parallax_published
				1778574785094366336	no_parallax_published
				1778797058242853504	no_parallax_published
				1778797062537552896	no_parallax_published
				1780375720717062272	no_parallax_published
				1780614928919432960	no_parallax_published
				1780614933214780800	no_parallax_published
				1780880705791912064	no_parallax_published
				1781979736383653888	no_parallax_published
				1782605083621506816	no_parallax_published
				178350548486556288	no_parallax_published
				1787669056222652160	no_parallax_published
				1788250354275947008	no_parallax_published
				178846634388758656	no_parallax_published
				1788503516828483968	no_parallax_published
				1789765962336699648	no_parallax_published
				1790323272997293056	no_parallax_published
				1790605027147414784	no_parallax_published
				1791367229222884480	no_parallax_published
				1792249552944789632	no_parallax_published
				1794850001023363968	no_parallax_published
				1795560491691751808	no_parallax_published
				1798703823636970752	no_parallax_published
				1800951603363799936	no_parallax_published
				1800966584209755648	no_parallax_published
				1801982189355677696	no_parallax_published
				1803950349530542976	no_parallax_published
				1804210379734014976	no_parallax_published
				1804320884946217344	no_parallax_published
				1805475543959512192	no_parallax_published
				1806098589104604416	no_parallax_published
				1806255544376285824	no_parallax_published
				1806308424020902912	no_parallax_published
				1806398858858762752	no_parallax_published
				1810653277354726016	no_parallax_published
				1811092673985291264	no_parallax_published
				181187425928539136	no_parallax_published
				1813533177481633024	no_parallax_published
				1816229661026574848	no_parallax_published
				181774255899785344	no_parallax_published
				1820831563913425408	no_parallax_published
				1823479703274798592	no_parallax_published
				1824408923735004160	no_parallax_published
				182464886638310144	no_parallax_published
				182484089440539904	no_parallax_published
				1826287512410707456	no_parallax_published
				1826324105535254400	no_parallax_published
				182638643839508608	no_parallax_published
				1828633457858931968	no_parallax_published
				1829846459716937344	no_parallax_published
				183188056055508352	no_parallax_published
				183346901126213504	no_parallax_published
				183368234226508544	no_parallax_published
				1834348684966184448	no_parallax_published
				1835491008828928640	no_parallax_published
				183644800056928128	no_parallax_published
				1837899832621439744	no_parallax_published
				1838294522936365824	no_parallax_published
				1839583734678955776	no_parallax_published
				1840073872049748224	no_parallax_published
				1840174309862514688	no_parallax_published
				184236577830224384	no_parallax_published
				184295161180869248	no_parallax_published
				184341817412298880	no_parallax_published
				1844483295934485888	no_parallax_published
				1844904649408425216	no_parallax_published
				1844964297912897792	no_parallax_published
				1845703371587960704	refused_no_defensible_parallax
				1845879980642338688	refused_no_defensible_parallax
				1846433211091617024	no_parallax_published
				1847805161079621120	no_parallax_published
				1850581153061599232	no_parallax_published
				1851146920513900416	no_parallax_published
				1851496633934730752	no_parallax_published
				1852129402873644544	no_parallax_published
				1853346149928007040	no_parallax_published
				1853633122464893312	no_parallax_published
				1854670133732112640	no_parallax_published
				1855320357421097984	no_parallax_published
				1856712201700234880	no_parallax_published
				1856712201711068672	no_parallax_published
				1857583564673721600	no_parallax_published
				1857715780943238016	no_parallax_published
				1858466438152379520	no_parallax_published
				1858542235725542912	no_parallax_published
				1858819724978567680	no_parallax_published
				1860564787367384576	refused_no_defensible_parallax
				1861543318366567424	no_parallax_published
				1862484981346361344	no_parallax_published
				1864607485469702144	no_parallax_published
				1866204594823504256	no_parallax_published
				1866774760320515072	no_parallax_published
				1867907807055698176	no_parallax_published
				1868519788356902272	no_parallax_published
				1869352462263173376	no_parallax_published
				1869353939721114496	no_parallax_published
				1869353939731983488	no_parallax_published
				1869726021336380544	no_parallax_published
				1869916477368079872	no_parallax_published
				1870188572135430912	no_parallax_published
				1870200975990931072	no_parallax_published
				1870264507156902400	no_parallax_published
				1870411876069216512	no_parallax_published
				1870552269967710208	no_parallax_published
				1870584087081184896	no_parallax_published
				1870713451500137472	no_parallax_published
				1870863083848743936	no_parallax_published
				1871114017328354304	no_parallax_published
				1871620131960932480	no_parallax_published
				1872438585229476608	no_parallax_published
				1872560042604861696	no_parallax_published
				187608676915171968	no_parallax_published
				1876247465302619904	no_parallax_published
				1878577330442151296	no_parallax_published
				1879461475228791680	no_parallax_published
				1879804763375944192	no_parallax_published
				1880789513477799424	no_parallax_published
				1881214406002541696	no_parallax_published
				1882500731528214144	no_parallax_published
				1883077700254562560	no_parallax_published
				188500243402155136	no_parallax_published
				1885185498404654976	no_parallax_published
				1887923518580396032	no_parallax_published
				1887953759446938496	no_parallax_published
				1887975680960886656	no_parallax_published
				1888078721518028928	no_parallax_published
				1889642265709028992	no_parallax_published
				1891961307530258560	no_parallax_published
				1892289924066198528	no_parallax_published
				1892647883822566784	no_parallax_published
				1893006805648528512	no_parallax_published
				189367826799954816	no_parallax_published
				1894430187873902976	no_parallax_published
				1894725166227827328	no_parallax_published
				1895318150889931520	no_parallax_published
				1896761328621643264	no_parallax_published
				1897090185676316672	no_parallax_published
				1898455332441340416	no_parallax_published
				1898890807769063424	no_parallax_published
				1900187200696298624	no_parallax_published
				1900447166477406720	no_parallax_published
				1900813338208692864	no_parallax_published
				1904838061863707776	no_parallax_published
				1905424689973246208	no_parallax_published
				190570486358494976	no_parallax_published
				1908155292740341760	no_parallax_published
				1908309430531307776	no_parallax_published
				1909173646671455104	no_parallax_published
				1909192613244573184	no_parallax_published
				191251977412131328	no_parallax_published
				191466863216040960	no_parallax_published
				1915186188565068672	no_parallax_published
				1915707357074603776	no_parallax_published
				1915707357076727936	no_parallax_published
				1918504510360207232	no_parallax_published
				1919850042012544384	no_parallax_published
				1921453233044435712	no_parallax_published
				1921753983832433408	no_parallax_published
				1922528933373853312	no_parallax_published
				1922795290066076288	no_parallax_published
				1922933484932978560	no_parallax_published
				1922986188474459904	no_parallax_published
				1922986192771503872	no_parallax_published
				1923030409457699200	no_parallax_published
				1923030413754946432	no_parallax_published
				1923465682921724928	no_parallax_published
				1923541789743387776	no_parallax_published
				1923980391802607360	no_parallax_published
				192514285480390272	no_parallax_published
				1926600596734260352	no_parallax_published
				1927118737287162240	no_parallax_published
				1927570159829285120	no_parallax_published
				1928623595046880128	no_parallax_published
				1929293953542400256	no_parallax_published
				1930077355577922560	no_parallax_published
				1930769841742726656	no_parallax_published
				1930784616432829568	no_parallax_published
				1931810838738723200	no_parallax_published
				1935037080729201152	no_parallax_published
				1935037080732477440	no_parallax_published
				1935066316571039360	no_parallax_published
				1936449162901919744	no_parallax_published
				1936599211877032448	no_parallax_published
				1937130516510859520	no_parallax_published
				1937696455758271488	no_parallax_published
				1937696455761648128	no_parallax_published
				1939352938751493760	no_parallax_published
				1939816142387709312	no_parallax_published
				1940021716696269056	no_parallax_published
				1940030684588373120	no_parallax_published
				1941570649403185664	no_parallax_published
				1942933086049872768	no_parallax_published
				1944486764701262080	no_parallax_published
				1944508342615105152	no_parallax_published
				1944724018687577216	no_parallax_published
				194498521714151808	no_parallax_published
				1945447566065194624	no_parallax_published
				1946894931382862720	no_parallax_published
				1946966163422984320	no_parallax_published
				1949292352068078848	no_parallax_published
				1949292352069737728	no_parallax_published
				1951273156627172224	no_parallax_published
				195257631413265280	no_parallax_published
				195285948138512000	refused_no_defensible_parallax
				1952866417693995392	no_parallax_published
				1953812100768604544	no_parallax_published
				1954085703068556800	no_parallax_published
				1955254522588951680	no_parallax_published
				1955593653202852864	no_parallax_published
				1955593653205485312	no_parallax_published
				1955943744580230272	no_parallax_published
				1958018243844851840	no_parallax_published
				1958335457247249536	no_parallax_published
				1958672251403515392	no_parallax_published
				1961654436176880896	no_parallax_published
				1961804691311247872	no_parallax_published
				1964117239149962112	no_parallax_published
				1964760659610055040	no_parallax_published
				1964797660741411072	no_parallax_published
				1965008358952924800	no_parallax_published
				1965074810699907072	no_parallax_published
				1965731665814710912	no_parallax_published
				1966536302167499008	no_parallax_published
				196676864702820224	no_parallax_published
				1967054653181476736	no_parallax_published
				1967259127974721664	no_parallax_published
				1968081116005823360	no_parallax_published
				1968108088404382848	no_parallax_published
				1968210166883097984	no_parallax_published
				1968398462551190272	no_parallax_published
				1968794973920602752	no_parallax_published
				196958404101552384	no_parallax_published
				196958442756417792	no_parallax_published
				1969696848346117504	no_parallax_published
				1970290618994612992	no_parallax_published
				1970996745971834112	no_parallax_published
				1971139201445342976	no_parallax_published
				197140411930956544	no_parallax_published
				1972197481391566208	no_parallax_published
				1973388733508526976	no_parallax_published
				1973606265014148864	no_parallax_published
				1973725184067624320	no_parallax_published
				1973761948980110208	no_parallax_published
				1973939520119587200	no_parallax_published
				1974427875075351296	no_parallax_published
				1974504359854776960	no_parallax_published
				1974724262178625280	no_parallax_published
				1974771506822248576	no_parallax_published
				1975139156023677952	no_parallax_published
				1975189596118801024	no_parallax_published
				1976156754040812032	no_parallax_published
				1976863018464879744	no_parallax_published
				1976972797810579840	no_parallax_published
				1976994513184406400	no_parallax_published
				1977095874393773312	no_parallax_published
				1977095874406327424	no_parallax_published
				1977294542406859136	no_parallax_published
				1977294542414001920	no_parallax_published
				1978044752940192000	no_parallax_published
				1978189063842785152	no_parallax_published
				197846126597462400	no_parallax_published
				1978557468965457408	no_parallax_published
				1978640344659132416	no_parallax_published
				1979013182170930048	no_parallax_published
				1979319980274328576	no_parallax_published
				1979412064373194112	no_parallax_published
				1979526615428444928	no_parallax_published
				1979606196897054592	no_parallax_published
				1980656127419080448	no_parallax_published
				1980701722795307648	no_parallax_published
				1980737422564061824	no_parallax_published
				1981162933543510528	no_parallax_published
				1981801509286920064	no_parallax_published
				1982145209749200384	no_parallax_published
				1982183830094357888	no_parallax_published
				1983096149870479616	no_parallax_published
				1983098314527781888	no_parallax_published
				1983672946793090432	no_parallax_published
				19843646556286592	no_parallax_published
				1984502219082773376	no_parallax_published
				1984635672306862336	no_parallax_published
				1984890999523321856	no_parallax_published
				1985405261726150528	no_parallax_published
				1985666460158439296	no_parallax_published
				1986512126338522112	no_parallax_published
				1987013671142661760	no_parallax_published
				1987013675443856512	no_parallax_published
				1987860642994147968	no_parallax_published
				1988082538189166336	no_parallax_published
				1988336697173373184	no_parallax_published
				1988484753271134848	no_parallax_published
				1988484753278984192	no_parallax_published
				1988532685117494400	no_parallax_published
				1988609135534543616	no_parallax_published
				1988616832115465088	no_parallax_published
				1988921431194432512	no_parallax_published
				1989518637809286144	no_parallax_published
				1990166525037580032	no_parallax_published
				1990661889378022272	no_parallax_published
				1991388288609655296	no_parallax_published
				1991449689460241664	no_parallax_published
				1991561702209221888	no_parallax_published
				1991878327196741504	no_parallax_published
				1992764808442656384	no_parallax_published
				1993097960472469248	no_parallax_published
				1993366653625554688	no_parallax_published
				1993373315112977792	no_parallax_published
				1993541029299309312	no_parallax_published
				1993555872698985344	no_parallax_published
				1993674448164581376	no_parallax_published
				1994145829412482176	no_parallax_published
				1994231282083780352	no_parallax_published
				1994835979117594240	no_parallax_published
				1995140951853543808	no_parallax_published
				1995909308618864768	no_parallax_published
				1996410995166042368	no_parallax_published
				1996902442504134784	no_parallax_published
				1997432991224802304	no_parallax_published
				1998111733495559808	no_parallax_published
				1998809751581446272	no_parallax_published
				1998837754766887552	no_parallax_published
				1999784846602313728	no_parallax_published
				1999803263422112512	no_parallax_published
				1999988737285134080	no_parallax_published
				2000258804831954816	no_parallax_published
				2000355149536910464	no_parallax_published
				2000612538338275328	no_parallax_published
				2000926620708681216	no_parallax_published
				2000974896142981632	no_parallax_published
				2001393947512338176	no_parallax_published
				2001831862379534080	no_parallax_published
				2003012252516486272	no_parallax_published
				2003223741016946304	no_parallax_published
				2003261399275540480	no_parallax_published
				2003261399291679104	no_parallax_published
				2003299779116682368	no_parallax_published
				2003304245873271808	no_parallax_published
				2003729172764778368	no_parallax_published
				2003834107406631296	no_parallax_published
				2004057754945954432	no_parallax_published
				2004133312018779648	no_parallax_published
				2004277554200370176	no_parallax_published
				2004315487337131520	no_parallax_published
				2004631803102662784	no_parallax_published
				2004723337440048768	no_parallax_published
				2005271650133711360	no_parallax_published
				2005424447912602240	no_parallax_published
				2005850027629284224	no_parallax_published
				2005989455128322944	no_parallax_published
				2005989459441093120	no_parallax_published
				2006037116402287104	no_parallax_published
				2006804884733991168	no_parallax_published
				2006853331983403520	no_parallax_published
				2007095018382166400	no_parallax_published
				2007116768081944448	no_parallax_published
				2007345500869931520	no_parallax_published
				2007556912042960640	no_parallax_published
				2007965144393638016	no_parallax_published
				2008306336583520256	no_parallax_published
				2008429928571188352	no_parallax_published
				200934757839223680	no_parallax_published
				2010244225836105344	no_parallax_published
				2010292432548858112	no_parallax_published
				2010415474768327552	no_parallax_published
				2011149879809239680	no_parallax_published
				2011758528215812736	no_parallax_published
				2011915792749611648	no_parallax_published
				2012363775015271936	no_parallax_published
				2013565403786493056	no_parallax_published
				2014158384143332736	no_parallax_published
				2014597948277846656	no_parallax_published
				2014804755242565632	no_parallax_published
				2014971816586222208	no_parallax_published
				2015276381313966080	no_parallax_published
				2015698250185879680	no_parallax_published
				2015806723876992128	no_parallax_published
				2016212134429046528	no_parallax_published
				2017064530821081344	no_parallax_published
				2017707057944900224	no_parallax_published
				2020544004102105344	no_parallax_published
				2020548195990377984	no_parallax_published
				2020659899481693696	no_parallax_published
				2021542601193962112	no_parallax_published
				2021862490368676736	no_parallax_published
				2022148535174530176	no_parallax_published
				2026221332411223424	no_parallax_published
				2026228238719020672	no_parallax_published
				2026514249141736448	no_parallax_published
				2027487454385295232	no_parallax_published
				2028052637740403968	no_parallax_published
				2029421907649400704	no_parallax_published
				2030294645035757184	no_parallax_published
				2030828457904883200	no_parallax_published
				2031095944153429888	no_parallax_published
				2031496686117509504	no_parallax_published
				2032252394224262272	no_parallax_published
				2032423608750456064	no_parallax_published
				2033031874899683072	no_parallax_published
				2033508654976166016	no_parallax_published
				2034389118941688832	no_parallax_published
				2034389123260508672	no_parallax_published
				2034397610081576704	no_parallax_published
				2036442873518939520	no_parallax_published
				2037483217664722944	no_parallax_published
				2038060495641446528	no_parallax_published
				2038121514226638848	no_parallax_published
				2039112796979644800	no_parallax_published
				2040685648358156032	no_parallax_published
				2040695303434330112	no_parallax_published
				2040810095025871616	no_parallax_published
				2040810099323009664	no_parallax_published
				2040992583897638656	no_parallax_published
				2041435755804974464	no_parallax_published
				2042411744165575808	no_parallax_published
				2042568493300688256	no_parallax_published
				2042642847777719936	no_parallax_published
				2043309220544041472	no_parallax_published
				2043931922080267008	no_parallax_published
				2043987859734688512	no_parallax_published
				2045257108492015872	no_parallax_published
				2045594727275748352	no_parallax_published
				2047181116392732800	no_parallax_published
				2047422905878396800	no_parallax_published
				2047612537282163328	no_parallax_published
				2048101643823622400	no_parallax_published
				2048101648129369984	no_parallax_published
				2048162980275442176	no_parallax_published
				2048268430310735104	no_parallax_published
				2048390579173312640	no_parallax_published
				2048408858554949888	no_parallax_published
				2048748951231345536	no_parallax_published
				2048821244141148288	no_parallax_published
				2048969575127299712	no_parallax_published
				2049244246872084096	no_parallax_published
				2049458892154285952	no_parallax_published
				2049756103892976896	no_parallax_published
				2050289779346243840	no_parallax_published
				2050321012348902400	no_parallax_published
				2050739204723432064	no_parallax_published
				2051053184013141120	no_parallax_published
				2051516971767622144	no_parallax_published
				2051902144429953792	no_parallax_published
				2052033295556626176	no_parallax_published
				2052841161716512384	no_parallax_published
				2053185927328350848	no_parallax_published
				2053618619515721088	no_parallax_published
				2053974414602656768	no_parallax_published
				2056647155583905024	no_parallax_published
				2056771950141344768	no_parallax_published
				2057630050245091328	no_parallax_published
				2059500697519084416	no_parallax_published
				2060381745599756288	no_parallax_published
				2060498229428532736	no_parallax_published
				2061178827114289920	no_parallax_published
				2061223391695436928	no_parallax_published
				2061455560448245888	no_parallax_published
				2061759334914423040	no_parallax_published
				2062371964722349184	no_parallax_published
				2062517860466728960	no_parallax_published
				2062631243311772800	no_parallax_published
				206326900305810304	no_parallax_published
				2063443580553357952	no_parallax_published
				2063884038031090432	no_parallax_published
				2064204098989217408	no_parallax_published
				2066029941128614912	no_parallax_published
				2066088176585285248	no_parallax_published
				2066155525969157632	no_parallax_published
				2066238298581368448	no_parallax_published
				2066385976735399552	no_parallax_published
				2066983045907770496	no_parallax_published
				2067033657808172672	no_parallax_published
				2067132338974895488	no_parallax_published
				2067134984671795584	no_parallax_published
				2067134984675459584	no_parallax_published
				2067773045016881408	no_parallax_published
				2067855302229202304	no_parallax_published
				2068459548290039296	no_parallax_published
				2070548487243983616	no_parallax_published
				2070581472594851072	no_parallax_published
				2070711180600574976	no_parallax_published
				207137893208526208	no_parallax_published
				2071484034200676096	no_parallax_published
				2071532790672400512	no_parallax_published
				2071597627500232448	no_parallax_published
				2071626249162686080	no_parallax_published
				2072286673386887808	no_parallax_published
				2073010976680552576	no_parallax_published
				2076787562895193600	no_parallax_published
				207718156172924544	no_parallax_published
				207749496551624192	no_parallax_published
				2077496541744090112	no_parallax_published
				2078835403305982848	no_parallax_published
				207934966123067648	no_parallax_published
				207934970416365696	no_parallax_published
				2079463121366847872	no_parallax_published
				2079863996432684160	no_parallax_published
				2080395060548466816	no_parallax_published
				2080504320216965248	no_parallax_published
				2080544697210939392	no_parallax_published
				2081078269585872000	no_parallax_published
				2081184441181857280	no_parallax_published
				2081273501623625088	no_parallax_published
				2081399189544486144	no_parallax_published
				2081730142547923200	no_parallax_published
				2081837379292425344	no_parallax_published
				2082035634981833344	no_parallax_published
				2083041791203097728	no_parallax_published
				2083252450756394496	no_parallax_published
				2083564849499934720	no_parallax_published
				2083913291592833280	no_parallax_published
				2083976199981834624	no_parallax_published
				2084279532054847872	no_parallax_published
				2084323993556580480	no_parallax_published
				2084674943924006400	no_parallax_published
				2084939097285535488	no_parallax_published
				208611170068883584	no_parallax_published
				2086157600990476544	no_parallax_published
				2087493645061656192	no_parallax_published
				2087850024264077824	no_parallax_published
				2088110333639037824	no_parallax_published
				2088711044946194304	no_parallax_published
				2090114674618704640	no_parallax_published
				2090295956597961856	no_parallax_published
				2090889830316413568	no_parallax_published
				2091337228468702720	no_parallax_published
				2091584889161703936	no_parallax_published
				2091584893458291712	no_parallax_published
				2091652238548803072	no_parallax_published
				2091949553366367232	no_parallax_published
				2092399356696887552	no_parallax_published
				2092591805596444416	no_parallax_published
				2092689249814095232	no_parallax_published
				2092740583260589824	no_parallax_published
				2092896473396555520	no_parallax_published
				209294035510375680	no_parallax_published
				2093758215632769792	no_parallax_published
				2094561168358305024	no_parallax_published
				2094823951633997824	no_parallax_published
				2095016194372081792	no_parallax_published
				2095016194373980288	no_parallax_published
				2095102780915103616	no_parallax_published
				2095368106813629568	no_parallax_published
				2097340974270989312	no_parallax_published
				2097349495487259904	no_parallax_published
				2098716252860948736	no_parallax_published
				2101270040417273472	no_parallax_published
				2101530800770844416	no_parallax_published
				2101842306158666880	no_parallax_published
				2103162922700851200	no_parallax_published
				2103620766212918272	no_parallax_published
				2103627947399353344	no_parallax_published
				2104025008534699776	no_parallax_published
				2105216329382190720	no_parallax_published
				2106704690166279936	no_parallax_published
				2106704690170367360	no_parallax_published
				2109124028067714432	no_parallax_published
				2109447623785074304	no_parallax_published
				2109447628083817472	no_parallax_published
				2109838126510657664	no_parallax_published
				2111989492807779072	no_parallax_published
				2114797989102161408	no_parallax_published
				2115694434674924032	no_parallax_published
				2115694434676059264	no_parallax_published
				2116494084570787456	no_parallax_published
				2117818003947022592	no_parallax_published
				211799891231403776	no_parallax_published
				2118794164114304896	no_parallax_published
				2118947202389070848	no_parallax_published
				211938498417061632	no_parallax_published
				2120451884051340544	no_parallax_published
				2120742326919542144	no_parallax_published
				2121470822092123136	no_parallax_published
				2122027587293079168	no_parallax_published
				2124837973372427904	no_parallax_published
				2125094056502802304	no_parallax_published
				2125835436580800384	no_parallax_published
				2126234284425413120	no_parallax_published
				2126410034488253824	no_parallax_published
				2131487750980933376	no_parallax_published
				2132711507422620160	no_parallax_published
				2133932515083226368	no_parallax_published
				213407853967317504	no_parallax_published
				2135687885401144832	no_parallax_published
				2136786469313727744	no_parallax_published
				2136923839547420032	no_parallax_published
				2137913017757384704	no_parallax_published
				2142489533046876032	no_parallax_published
				2142568972761481472	no_parallax_published
				2144993292820956544	no_parallax_published
				2145415505286137216	no_parallax_published
				2146141354759605760	no_parallax_published
				2147337172435854208	no_parallax_published
				2148744998290902144	no_parallax_published
				2149485175775969408	no_parallax_published
				2150795827996724352	no_parallax_published
				2151331908634641536	no_parallax_published
				2153171185430142976	no_parallax_published
				2155304066188809984	no_parallax_published
				2158519759742061568	no_parallax_published
				2158569753161442560	no_parallax_published
				2159609547564767744	no_parallax_published
				2159828522177244672	no_parallax_published
				2161832450846551168	no_parallax_published
				2161989681011651328	no_parallax_published
				2162724464030712960	no_parallax_published
				2163208798884878208	no_parallax_published
				2163545558698709248	no_parallax_published
				2163952859029440512	no_parallax_published
				2164080780341417344	no_parallax_published
				2164614352699357056	no_parallax_published
				2165278973130580864	no_parallax_published
				2165660980397234560	no_parallax_published
				2165689606346179968	no_parallax_published
				2165907069135312640	no_parallax_published
				2165907069141437952	no_parallax_published
				2166639790570445952	no_parallax_published
				216681447977357568	no_parallax_published
				2167502975908814464	no_parallax_published
				2167856640697177600	no_parallax_published
				2168254285950077312	no_parallax_published
				2169239517077805952	no_parallax_published
				2169957120218852352	no_parallax_published
				2171498944768922112	no_parallax_published
				2172443459610779008	no_parallax_published
				2175297723069628032	no_parallax_published
				2175918740985037696	no_parallax_published
				2176278075123528320	no_parallax_published
				2176332432238149504	no_parallax_published
				2176462552555915776	no_parallax_published
				2176892392892451456	no_parallax_published
				2178784510660943744	no_parallax_published
				2178784514967049856	no_parallax_published
				2179097600900564352	no_parallax_published
				2179531461318686848	no_parallax_published
				2179831799794306816	no_parallax_published
				2179860627616010880	no_parallax_published
				2179995141685084800	no_parallax_published
				2180237828820608384	no_parallax_published
				2180681035073721088	no_parallax_published
				2180939145442411648	no_parallax_published
				2181528449314895360	no_parallax_published
				2182327278869769600	no_parallax_published
				2182369296529610624	no_parallax_published
				2183984620849050624	no_parallax_published
				218439395273708672	no_parallax_published
				2185332862616626944	no_parallax_published
				2185332862620592896	no_parallax_published
				2186591558613075840	no_parallax_published
				2186923993383772160	no_parallax_published
				2189136966694265088	no_parallax_published
				2190340176012244608	no_parallax_published
				2190709818078870400	no_parallax_published
				2191307780608166784	no_parallax_published
				2192837166918189952	no_parallax_published
				2193224160646619648	no_parallax_published
				2194265226363335168	no_parallax_published
				2194881880586631424	no_parallax_published
				2197283866815430656	no_parallax_published
				2197420824732464896	no_parallax_published
				2197778131667314432	no_parallax_published
				2197909110991698048	no_parallax_published
				2198506283240113280	no_parallax_published
				2199032296478930176	no_parallax_published
				2199990516548776448	no_parallax_published
				2200702317183052160	no_parallax_published
				2201938683654011008	no_parallax_published
				2202363919783335296	no_parallax_published
				2202703050388170880	no_parallax_published
				2202706658177507456	no_parallax_published
				2202937761779281024	no_parallax_published
				2203735801054514048	no_parallax_published
				2204390663306116864	no_parallax_published
				2204899668475058944	no_parallax_published
				2205286868363186688	no_parallax_published
				2205373111302492672	no_parallax_published
				2205378643220352128	no_parallax_published
				2205415270700275200	no_parallax_published
				2205571916751449856	no_parallax_published
				2205904652155076608	no_parallax_published
				2206560412060987136	no_parallax_published
				2207369755696286592	no_parallax_published
				2207415007472876288	no_parallax_published
				2208269534167906304	no_parallax_published
				2208402845652104960	no_parallax_published
				2208487237464416128	no_parallax_published
				2208503283468667520	no_parallax_published
				2209252566276319744	no_parallax_published
				221225970051410688	no_parallax_published
				2212429536409446528	no_parallax_published
				2212429536410537216	no_parallax_published
				221593855476826752	no_parallax_published
				2216315107427765504	no_parallax_published
				2216921247570474368	no_parallax_published
				2218039141658405632	no_parallax_published
				2218526603267013888	no_parallax_published
				2219985311596406656	no_parallax_published
				2220506102151183360	no_parallax_published
				2220886258292389248	no_parallax_published
				2221993569582905600	no_parallax_published
				2222430969052205312	no_parallax_published
				2222846172131802880	no_parallax_published
				2223333736820829696	no_parallax_published
				2223335867124650368	no_parallax_published
				2223707566473598720	no_parallax_published
				222489167178841088	no_parallax_published
				2225778569644142336	no_parallax_published
				2226354954255158912	no_parallax_published
				2226579288987476864	no_parallax_published
				2227022357812972160	no_parallax_published
				2227596990072886528	no_parallax_published
				2228082836777238912	no_parallax_published
				2230476885904613888	no_parallax_published
				2231019048219846272	no_parallax_published
				2231854883214406144	no_parallax_published
				2232460954640686464	no_parallax_published
				2232823106278511104	no_parallax_published
				2232823106281271680	no_parallax_published
				2233252289475587456	no_parallax_published
				2237076940674206208	no_parallax_published
				2237987340601501824	no_parallax_published
				2237993181755956352	no_parallax_published
				2239073417568626688	no_parallax_published
				2240688703229359616	no_parallax_published
				2241046834782320256	no_parallax_published
				2241685101282242816	no_parallax_published
				2241784607085185536	no_parallax_published
				2244572934213430272	no_parallax_published
				2245122415151195776	no_parallax_published
				2248117313023929856	no_parallax_published
				2248326941787746432	no_parallax_published
				2250284656600145152	no_parallax_published
				2251580327974506240	no_parallax_published
				2252059229711039488	no_parallax_published
				2252059234005925120	no_parallax_published
				2252391870633377920	no_parallax_published
				2252778898728392448	no_parallax_published
				2252877030141918080	no_parallax_published
				2253300891872760064	no_parallax_published
				2253701079745795200	no_parallax_published
				2254114358677534336	no_parallax_published
				2254114358680609920	no_parallax_published
				2254849691441085824	no_parallax_published
				2255013754893592320	no_parallax_published
				2255198408424793216	no_parallax_published
				2256568606071163264	no_parallax_published
				2256649037921319552	no_parallax_published
				2257666949468663296	no_parallax_published
				2257936810852684544	no_parallax_published
				2259238460820601600	no_parallax_published
				2259601295361138304	no_parallax_published
				2261200642398288384	no_parallax_published
				2261818426199015936	no_parallax_published
				2262446526512491264	no_parallax_published
				2264960216252114304	no_parallax_published
				2267098903807183104	no_parallax_published
				2268166529599070976	no_parallax_published
				2268356813827458432	no_parallax_published
				2268356813829205376	no_parallax_published
				2268660622634249600	no_parallax_published
				2268660622635429120	no_parallax_published
				226955593867831936	no_parallax_published
				2269957599680525824	no_parallax_published
				2270329131531946624	no_parallax_published
				2270685442018922112	no_parallax_published
				2273615296908508416	no_parallax_published
				2274207383919773056	no_parallax_published
				2276026422829346304	no_parallax_published
				2276599989941937664	no_parallax_published
				2277242517047376512	no_parallax_published
				2277809792033305088	no_parallax_published
				22784565283042560	no_parallax_published
				2278881888887249792	no_parallax_published
				2279326057222184576	no_parallax_published
				2279517406608152320	no_parallax_published
				2279933915356255232	no_parallax_published
				2282164996247555968	no_parallax_published
				228272224677783168	no_parallax_published
				2283191115475177984	no_parallax_published
				2283270310374294144	no_parallax_published
				2283270314669021824	no_parallax_published
				2284342716462926976	no_parallax_published
				2285571936104478080	no_parallax_published
				2286464189791502464	no_parallax_published
				2286464189792209280	no_parallax_published
				228646608388073984	no_parallax_published
				228646608391352320	no_parallax_published
				2286467969362904320	no_parallax_published
				2286520505400084992	no_parallax_published
				2287177154362587904	no_parallax_published
				2287233504334063616	no_parallax_published
				2287347299490193152	no_parallax_published
				2287467116194839296	no_parallax_published
				2288179908966125696	no_parallax_published
				2288576798304055936	no_parallax_published
				2290852959172959232	no_parallax_published
				2292265556736724736	no_parallax_published
				2292518341331810688	no_parallax_published
				2294715504865187328	no_parallax_published
				2297494215563086976	no_parallax_published
				2300181937377384576	no_parallax_published
				2300220415988486016	no_parallax_published
				2301320241149248128	no_parallax_published
				2301354463446952320	no_parallax_published
				2301704314304264192	no_parallax_published
				2301912053281190144	no_parallax_published
				2302010661435431552	no_parallax_published
				2302039734071389568	no_parallax_published
				2303849839448221312	no_parallax_published
				2313889995515962112	no_parallax_published
				2314110928634084608	no_parallax_published
				231617145208116096	no_parallax_published
				2318911293320572416	no_parallax_published
				2318911293321301120	no_parallax_published
				232299873213865600	no_parallax_published
				233046475969077632	no_parallax_published
				2332452741089534464	no_parallax_published
				2336030792444273664	no_parallax_published
				234042702224649600	no_parallax_published
				2340928017235604096	no_parallax_published
				2341794535477715328	no_parallax_published
				2347260998051944448	no_parallax_published
				2347260998052761088	no_parallax_published
				2347272641708189440	no_parallax_published
				2349851756685863296	no_parallax_published
				2350821903897815168	no_parallax_published
				2357593864733380224	no_parallax_published
				2360178438613038336	no_parallax_published
				2362388594423841792	no_parallax_published
				2363594002765329536	no_parallax_published
				2364114518442089472	no_parallax_published
				2365734236508182272	no_parallax_published
				2366051583051992192	no_parallax_published
				23696885055365376	no_parallax_published
				237521660093941760	no_parallax_published
				2376079816292389632	no_parallax_published
				2377729289892884480	no_parallax_published
				238303172342060928	no_parallax_published
				238353200121109504	no_parallax_published
				2385498713931869312	no_parallax_published
				2385983323680895360	no_parallax_published
				238662506487062912	no_parallax_published
				2391133607944627712	no_parallax_published
				2392186905723677056	no_parallax_published
				239628152571121536	no_parallax_published
				2397116600467018240	no_parallax_published
				2400070404095237760	no_parallax_published
				2400112529134510592	no_parallax_published
				2400711999194518656	no_parallax_published
				2400733890642906880	no_parallax_published
				2401603123305120000	no_parallax_published
				240166466592261120	no_parallax_published
				2403086742447483648	no_parallax_published
				2404723704807561344	no_parallax_published
				2404723709102330880	no_parallax_published
				2405166056374606336	no_parallax_published
				2405809236317266048	no_parallax_published
				240744088151337472	no_parallax_published
				2408350860523978368	no_parallax_published
				240858987118814336	no_parallax_published
				2411070399456075904	no_parallax_published
				241353178938077056	no_parallax_published
				241409430131097472	no_parallax_published
				2417296933804651264	no_parallax_published
				241787318530134400	no_parallax_published
				241826419911125888	no_parallax_published
				2418314016420231040	no_parallax_published
				2418453139000273408	no_parallax_published
				2420632302326389632	no_parallax_published
				2421412955582216320	no_parallax_published
				2423177843543410304	no_parallax_published
				2423177843544053504	no_parallax_published
				2424560513776560512	no_parallax_published
				2425324399479111040	no_parallax_published
				2425656314551787904	no_parallax_published
				242777256954601088	no_parallax_published
				242973038745616256	no_parallax_published
				243170504160046592	no_parallax_published
				2431771385909033600	no_parallax_published
				2432851175046102528	no_parallax_published
				2433552216788969472	no_parallax_published
				2435752408275152896	no_parallax_published
				2438192636893880960	no_parallax_published
				2441378746714272256	no_parallax_published
				244160575720921600	no_parallax_published
				244489780674793728	no_parallax_published
				244643025107165952	no_parallax_published
				2446609604563060992	no_parallax_published
				2450113576322463104	no_parallax_published
				245176077789916160	no_parallax_published
				2452585656419125888	no_parallax_published
				2454680604026819200	no_parallax_published
				2462232152965291008	no_parallax_published
				246285626759067776	no_parallax_published
				2463665228933285376	no_parallax_published
				2463907499448419456	no_parallax_published
				2470049818078303744	no_parallax_published
				2470661936817752192	no_parallax_published
				2472713453716312448	no_parallax_published
				247458943103190656	no_parallax_published
				2474897839723253888	no_parallax_published
				2477253371586333952	no_parallax_published
				2477417439336561664	no_parallax_published
				2479271422099391232	no_parallax_published
				2479271422099897600	no_parallax_published
				247987803900329728	no_parallax_published
				247987808195431296	no_parallax_published
				2481965534825578752	no_parallax_published
				2488583357873700992	no_parallax_published
				2491061657083113088	no_parallax_published
				2496601855657408640	no_parallax_published
				2497286709667014912	no_parallax_published
				2498995629910168576	no_parallax_published
				2500465230279689984	no_parallax_published
				2500938157718522624	no_parallax_published
				250286612130933376	no_parallax_published
				250286612134249984	no_parallax_published
				2503325197461998720	no_parallax_published
				2503325197462492544	no_parallax_published
				2504978313195066880	no_parallax_published
				250625124276251392	no_parallax_published
				2507348173069539712	no_parallax_published
				250755622564526848	no_parallax_published
				2508431329462123648	no_parallax_published
				2508909135983121280	no_parallax_published
				250922228634361984	no_parallax_published
				250922232933905024	no_parallax_published
				2511741649735557504	no_parallax_published
				2513561410199124608	no_parallax_published
				251554074164657152	no_parallax_published
				251582214791076352	no_parallax_published
				2516671584996616192	no_parallax_published
				251674058371019776	no_parallax_published
				2518889746625819392	no_parallax_published
				2520246127362593920	no_parallax_published
				2520248433760648192	no_parallax_published
				2521992671519190400	no_parallax_published
				2523402107988638976	no_parallax_published
				2524105245674462208	no_parallax_published
				253071056607927552	no_parallax_published
				2533627119449095552	no_parallax_published
				253381050168268672	no_parallax_published
				2534043696916883712	no_parallax_published
				2534344516426105984	no_parallax_published
				2536369026570867072	no_parallax_published
				2537534165299421568	no_parallax_published
				253835762649815552	no_parallax_published
				2538514860951263744	no_parallax_published
				2539120996800628992	no_parallax_published
				2539121001095832576	no_parallax_published
				2539446628336174080	no_parallax_published
				254132291490852352	no_parallax_published
				254682356543074944	no_parallax_published
				2552212542450603776	no_parallax_published
				2553123728352123136	no_parallax_published
				2556898695367692800	no_parallax_published
				2559403172401949440	no_parallax_published
				2559403176696996608	no_parallax_published
				256189580826366592	no_parallax_published
				2562030768969366784	no_parallax_published
				2562610658273834752	no_parallax_published
				2564393752600774656	refused_no_defensible_parallax
				2564578234331606784	no_parallax_published
				2564999759601908864	no_parallax_published
				2568666699600009600	no_parallax_published
				2569837095368248448	no_parallax_published
				2571444130396089472	no_parallax_published
				2577250483798503296	no_parallax_published
				2578328069618926208	no_parallax_published
				2579632781899252608	no_parallax_published
				2582613248683573376	no_parallax_published
				2582613248684116608	no_parallax_published
				2583754473034242432	no_parallax_published
				2584078622806046208	no_parallax_published
				2585438649970084224	no_parallax_published
				2586661547418760704	no_parallax_published
				2587143099151741696	no_parallax_published
				258873523069120896	no_parallax_published
				2590532618622161280	no_parallax_published
				2591780426880905984	no_parallax_published
				259556972623424384	no_parallax_published
				2599178177335451776	no_parallax_published
				2599178181630000256	no_parallax_published
				260129302788636928	no_parallax_published
				2601913281229079680	no_parallax_published
				260581923620636544	no_parallax_published
				260630817529252608	no_parallax_published
				260680467350033280	no_parallax_published
				2607379331487602176	refused_no_defensible_parallax
				2608059899120886912	no_parallax_published
				260866216097338624	no_parallax_published
				2609994936506704256	no_parallax_published
				2610537717294006912	no_parallax_published
				2612357786994925824	no_parallax_published
				2618814737748075136	no_parallax_published
				2620370477981921408	no_parallax_published
				2622514903613203968	no_parallax_published
				262437796167752576	no_parallax_published
				2625014673363337600	no_parallax_published
				2625110919285750528	no_parallax_published
				2626204241865223936	no_parallax_published
				2626204246160331008	no_parallax_published
				2626778431748657792	no_parallax_published
				2628931447314443136	no_parallax_published
				263116637221492992	no_parallax_published
				263344927617603968	no_parallax_published
				263344927619212672	no_parallax_published
				2633584305645296640	no_parallax_published
				263784182515686400	no_parallax_published
				2638707514435088000	no_parallax_published
				2639748820666789632	no_parallax_published
				2645473049999168768	no_parallax_published
				264672313031581440	no_parallax_published
				264964783125142400	no_parallax_published
				2650056982693825664	no_parallax_published
				2654070303214801792	no_parallax_published
				2654070371934278912	refused_no_defensible_parallax
				265458700066637056	no_parallax_published
				2654640399993359744	no_parallax_published
				2656799497233381888	no_parallax_published
				2658145024588275840	no_parallax_published
				2660426373776268032	no_parallax_published
				2662114708240868480	no_parallax_published
				2663551735578624896	no_parallax_published
				2665379978602285440	no_parallax_published
				2665379982896804608	no_parallax_published
				2667348997768811776	no_parallax_published
				2669060872949499136	no_parallax_published
				2669533731669159680	no_parallax_published
				2669607983063428224	no_parallax_published
				2671349918719469184	no_parallax_published
				267209642273847808	no_parallax_published
				2674207652519637632	no_parallax_published
				2675748545050477184	no_parallax_published
				2676192545885241344	no_parallax_published
				2678143182591522048	no_parallax_published
				2680107631913412736	no_parallax_published
				2680107631913878400	no_parallax_published
				2680245616328194432	no_parallax_published
				2681893066998727296	no_parallax_published
				2682200827175109120	no_parallax_published
				2682710622613586944	no_parallax_published
				2682815763412729984	no_parallax_published
				268569703794972416	no_parallax_published
				2687770781282425344	no_parallax_published
				2690479840495006208	no_parallax_published
				2690972451768125568	no_parallax_published
				2690972456064112640	no_parallax_published
				2691806469993333248	no_parallax_published
				2692829771720784640	no_parallax_published
				2692829771721542016	no_parallax_published
				2693315480982803328	no_parallax_published
				2693678899640237312	no_parallax_published
				2694816898470365568	no_parallax_published
				2695471275391872768	no_parallax_published
				2696024540194655488	no_parallax_published
				2696171118838068864	no_parallax_published
				2696286082227515008	no_parallax_published
				2697572927444794240	no_parallax_published
				2698192089930348416	no_parallax_published
				2698567435712147072	no_parallax_published
				2699947730826347136	no_parallax_published
				2702896895889926912	no_parallax_published
				2703150337614688256	no_parallax_published
				270337031295928320	no_parallax_published
				2704978275696377088	no_parallax_published
				2706603487026403200	no_parallax_published
				2708361919651126400	no_parallax_published
				2708361919651558912	no_parallax_published
				2711999447714002048	no_parallax_published
				271758012641505408	no_parallax_published
				2719170256391932288	no_parallax_published
				2719588998522848000	no_parallax_published
				271959360708924416	no_parallax_published
				2723151965952474752	no_parallax_published
				272452560387176960	no_parallax_published
				2724678466048902784	no_parallax_published
				2726699952536556416	no_parallax_published
				2726699952537151360	no_parallax_published
				2726978610015229952	no_parallax_published
				2728495759967163776	no_parallax_published
				2729522570684334592	no_parallax_published
				2729761091692283648	no_parallax_published
				273102062522249728	no_parallax_published
				2732044712918952960	no_parallax_published
				2732044712919577600	no_parallax_published
				2732137862170234496	no_parallax_published
				2732977682895429376	no_parallax_published
				2733534722973837312	no_parallax_published
				2733866191369032576	no_parallax_published
				273389619176160768	no_parallax_published
				2733987270792130432	no_parallax_published
				2734426976659864448	no_parallax_published
				273659171319529472	no_parallax_published
				2737188361457816448	no_parallax_published
				2737188365752482816	no_parallax_published
				2737226298904301184	no_parallax_published
				2737858930407283456	no_parallax_published
				2742267628437857920	no_parallax_published
				2742993958946604544	no_parallax_published
				2743049862240892928	no_parallax_published
				2746276138594241152	no_parallax_published
				2747990517740202880	no_parallax_published
				2748609989462693888	no_parallax_published
				274911515072140928	no_parallax_published
				275041291805244672	no_parallax_published
				275079946509380480	no_parallax_published
				2754299652898830592	no_parallax_published
				275527413377987072	no_parallax_published
				2755469086594682496	no_parallax_published
				2757807438589480576	no_parallax_published
				2758042493558863616	no_parallax_published
				2758969003905589120	no_parallax_published
				276092012602771200	no_parallax_published
				2760940325173989760	no_parallax_published
				2763952505998599552	no_parallax_published
				2764763086587272064	no_parallax_published
				2769254935182454912	no_parallax_published
				2769864786179943552	no_parallax_published
				2771029718749765376	no_parallax_published
				2772013369339197568	no_parallax_published
				277375073947364864	no_parallax_published
				2776315586539168896	no_parallax_published
				2776824969660252800	no_parallax_published
				2780312105147176448	no_parallax_published
				2784681869298375552	no_parallax_published
				2784681873593888256	no_parallax_published
				2785935797885990912	no_parallax_published
				2787356190814905600	no_parallax_published
				2790383013182184064	no_parallax_published
				2791122022435691520	no_parallax_published
				2795389055264401920	no_parallax_published
				2797590999097710336	no_parallax_published
				2799341181091450112	no_parallax_published
				2800174301666690432	no_parallax_published
				2803261180561628288	no_parallax_published
				2803670989161794304	no_parallax_published
				2803936138967498624	no_parallax_published
				2807080506000477696	no_parallax_published
				280725560756371328	no_parallax_published
				2809977444261448320	no_parallax_published
				2810199270732417664	no_parallax_published
				2812288342824100992	no_parallax_published
				2814332128781815296	no_parallax_published
				2815866772136275968	no_parallax_published
				2815903227819173632	no_parallax_published
				2816506859703606144	no_parallax_published
				2817062078715853184	no_parallax_published
				2817878878416646912	no_parallax_published
				2818155714827700736	no_parallax_published
				282102114952935936	no_parallax_published
				2821120479213778176	no_parallax_published
				2821557741244628992	no_parallax_published
				2821581586902855808	no_parallax_published
				2822238476380896512	no_parallax_published
				2822921066943156224	no_parallax_published
				2824274565757235840	no_parallax_published
				2824749451700701696	no_parallax_published
				2825352052792800896	no_parallax_published
				2828109215638300544	no_parallax_published
				2828146083635646976	no_parallax_published
				2831005844659862400	no_parallax_published
				2831783405541330304	no_parallax_published
				2832553441636998144	no_parallax_published
				2833279394187843840	no_parallax_published
				2833279394188765952	no_parallax_published
				2834549433197141376	no_parallax_published
				2834957760033310208	no_parallax_published
				2835573284682523648	no_parallax_published
				283569344498318720	no_parallax_published
				283569344501400192	no_parallax_published
				2836875381327568256	no_parallax_published
				2837602261592769664	no_parallax_published
				2844351304482612352	no_parallax_published
				2845011698652483072	no_parallax_published
				2850167514834202880	no_parallax_published
				2851876808739187328	no_parallax_published
				2852925364875262080	no_parallax_published
				2854107442952835584	no_parallax_published
				2857778780998108800	no_parallax_published
				2858460546927421952	no_parallax_published
				2859154270044443008	no_parallax_published
				2859186224602422912	no_parallax_published
				2859232060491669632	no_parallax_published
				2859908706820354176	no_parallax_published
				2861064946376125440	no_parallax_published
				2861244991405661568	no_parallax_published
				286251774915643264	no_parallax_published
				2863668486830442368	no_parallax_published
				2863668486831283840	no_parallax_published
				2863763835106055040	no_parallax_published
				2866554258178199168	no_parallax_published
				2868373228366234496	no_parallax_published
				2868373228367372544	no_parallax_published
				2870638600279181952	no_parallax_published
				287148014331760768	no_parallax_published
				2871929048973659520	no_parallax_published
				2872235812717793408	no_parallax_published
				2872407886287692288	no_parallax_published
				2873756196779755520	no_parallax_published
				2874015058751756288	no_parallax_published
				2874015063047862016	no_parallax_published
				2875842382652891904	no_parallax_published
				2876941688123177600	no_parallax_published
				2877121286476279424	no_parallax_published
				2878019621834968832	no_parallax_published
				2878394555300821248	no_parallax_published
				288311572508993408	no_parallax_published
				2885270385625827072	no_parallax_published
				288694821031050624	no_parallax_published
				2888333418859513088	no_parallax_published
				2889439115242573312	no_parallax_published
				2894017893980327808	no_parallax_published
				2894117777738409728	no_parallax_published
				289518527038865536	no_parallax_published
				2895327751626675584	no_parallax_published
				2895327755926142592	no_parallax_published
				2895719216425547520	no_parallax_published
				289675413604450560	no_parallax_published
				2896799727117377664	no_parallax_published
				2897403462078610944	no_parallax_published
				2897586530764962944	no_parallax_published
				2898172192506499328	no_parallax_published
				2898534034910702848	no_parallax_published
				2898568910045290624	no_parallax_published
				2899450443493710208	no_parallax_published
				2900021880301574016	no_parallax_published
				2901635963369785600	no_parallax_published
				2904762459043367936	no_parallax_published
				290563166164339328	no_parallax_published
				2906222232525171200	no_parallax_published
				2907436368242891008	no_parallax_published
				2911199824745125760	no_parallax_published
				2911199824746651648	no_parallax_published
				2911632654368950784	no_parallax_published
				2913700320350329600	no_parallax_published
				2914540450310866944	no_parallax_published
				2914598174670306944	no_parallax_published
				2914964071524461312	no_parallax_published
				2916301455622370944	no_parallax_published
				2917082383756667520	no_parallax_published
				2917164228648208384	no_parallax_published
				2917164228653155584	no_parallax_published
				291748061741954688	no_parallax_published
				2918458216397102592	no_parallax_published
				2919502752447059200	no_parallax_published
				2920723313432516096	no_parallax_published
				2921085602517353984	no_parallax_published
				2921520528085443072	no_parallax_published
				292154709244988800	no_parallax_published
				2922379899503753600	no_parallax_published
				2922525859668927744	no_parallax_published
				2922525859673227520	no_parallax_published
				2922583584032345216	no_parallax_published
				2923203777304922752	no_parallax_published
				2923864034037340928	no_parallax_published
				2926060239798435328	no_parallax_published
				2926415519492996096	no_parallax_published
				2927041725727115904	no_parallax_published
				2927865156861337344	no_parallax_published
				2928106774540911616	no_parallax_published
				2928828775721097216	no_parallax_published
				2929601388794157824	no_parallax_published
				2929790637929410688	no_parallax_published
				2929790642235504896	no_parallax_published
				2930312738463566464	no_parallax_published
				2930314559524920448	no_parallax_published
				2930466498288441856	no_parallax_published
				2931178947460797824	no_parallax_published
				2931365757054974464	no_parallax_published
				2931378985559009664	no_parallax_published
				2931523541279665408	no_parallax_published
				2931523541281060480	no_parallax_published
				2931536116944782464	no_parallax_published
				2932054296149655424	no_parallax_published
				2932412977465058304	no_parallax_published
				2932771624415025920	no_parallax_published
				2933115427956304000	no_parallax_published
				2933396284455271424	no_parallax_published
				2933530661091587328	no_parallax_published
				2933530665393365888	no_parallax_published
				293358979420220032	no_parallax_published
				2933598457152136704	no_parallax_published
				2934047779456008704	no_parallax_published
				2934189169781765504	no_parallax_published
				2934316914983327616	no_parallax_published
				2934368763832710016	no_parallax_published
				2934373269260852992	no_parallax_published
				2934801421654087040	no_parallax_published
				2934950890823135488	no_parallax_published
				2935225768729440256	no_parallax_published
				2935760092717005312	no_parallax_published
				2935929593607991552	no_parallax_published
				2937449565350307840	no_parallax_published
				2937511550318250496	no_parallax_published
				2937665035272044800	no_parallax_published
				2939150063164612352	no_parallax_published
				2939372164515452160	no_parallax_published
				2943256154974975744	no_parallax_published
				2943453929625809152	no_parallax_published
				2944902570559375616	no_parallax_published
				2945934943258141056	no_parallax_published
				2946574618503346688	no_parallax_published
				2947400965916869376	no_parallax_published
				2947743261923853824	no_parallax_published
				2948997358019743744	no_parallax_published
				2949799035136605824	no_parallax_published
				2951299701008941952	no_parallax_published
				2952108524949601152	no_parallax_published
				2952920690387349120	no_parallax_published
				2953012087286102784	no_parallax_published
				2953152476884378496	no_parallax_published
				2954055111510539904	no_parallax_published
				2954225913771945472	no_parallax_published
				2954494332039723008	no_parallax_published
				2961676857389608960	no_parallax_published
				2961975993272772608	no_parallax_published
				296405352479035008	no_parallax_published
				2966261786517843712	no_parallax_published
				2968097043227107840	no_parallax_published
				2968355325378932992	no_parallax_published
				2968717202139908352	no_parallax_published
				2968976446366667776	no_parallax_published
				2969224901635916800	no_parallax_published
				2969450503379342592	no_parallax_published
				297150851426840832	no_parallax_published
				2973130916692359936	no_parallax_published
				2973300207122639744	no_parallax_published
				2980171639399498240	no_parallax_published
				298314757499985792	no_parallax_published
				298533319796087040	no_parallax_published
				298661344181074176	no_parallax_published
				2991961049750839040	no_parallax_published
				2992620241329996800	no_parallax_published
				2994137876614826112	no_parallax_published
				2995698152333387136	no_parallax_published
				2995796592984479104	no_parallax_published
				2996411769737787008	no_parallax_published
				2996721041745547264	no_parallax_published
				2997018287842043648	no_parallax_published
				2997508944903545472	no_parallax_published
				299765494373436672	no_parallax_published
				2999320252874027776	no_parallax_published
				2999409549536389888	no_parallax_published
				2999867397348367360	no_parallax_published
				2999951849287100544	no_parallax_published
				3000986219147836032	no_parallax_published
				3001339128018699520	no_parallax_published
				3001570609578527616	no_parallax_published
				3001662143925924352	no_parallax_published
				3002804429125585792	no_parallax_published
				3003511556842012928	no_parallax_published
				3003536295853616896	no_parallax_published
				300461760111643008	no_parallax_published
				3008932282305229312	no_parallax_published
				3009811792825343232	no_parallax_published
				3010359006016378880	no_parallax_published
				301043844143981184	no_parallax_published
				3010763076541341824	refused_no_defensible_parallax
				3011129832388978944	no_parallax_published
				3012357986877275776	no_parallax_published
				3014667854647463168	no_parallax_published
				3014811718873330560	no_parallax_published
				3015004305204924032	no_parallax_published
				3015514233787095552	no_parallax_published
				3015823407009970688	no_parallax_published
				3016172982988647040	no_parallax_published
				3018833663689059200	no_parallax_published
				3019956127619549952	no_parallax_published
				302429542328056320	no_parallax_published
				3024587133158077056	no_parallax_published
				302696620574476544	no_parallax_published
				3026983793635796480	no_parallax_published
				302775682332453632	no_parallax_published
				3027985139487343488	no_parallax_published
				3028745383064698368	no_parallax_published
				3029024074902117504	no_parallax_published
				3029224873202443392	no_parallax_published
				3029231573360477312	no_parallax_published
				3029592900368939008	no_parallax_published
				3029652789384183296	no_parallax_published
				3030268614681005056	no_parallax_published
				303031555008250112	no_parallax_published
				3030456223153870592	no_parallax_published
				3031213855386439168	no_parallax_published
				3031518420107491840	no_parallax_published
				3032060303238107776	no_parallax_published
				3032096419620186880	no_parallax_published
				3032364906624278912	no_parallax_published
				3032493618197065728	no_parallax_published
				3032799660393465856	no_parallax_published
				3033281487002166400	no_parallax_published
				3033281487008043264	no_parallax_published
				3033741770060097408	no_parallax_published
				3034277335298071168	no_parallax_published
				3034978789361743232	no_parallax_published
				3035348981178042496	no_parallax_published
				3035851045670064384	no_parallax_published
				3036219794387049216	no_parallax_published
				3036988043775815552	no_parallax_published
				303759882678228992	no_parallax_published
				3037806419724826880	no_parallax_published
				3038934832186519040	no_parallax_published
				3039144220437280256	no_parallax_published
				3039602613706799872	no_parallax_published
				3040095675953301760	no_parallax_published
				3040132440873640960	no_parallax_published
				3040233424146048512	no_parallax_published
				3041100732658452096	no_parallax_published
				3041575305067957376	no_parallax_published
				3041575309367225472	no_parallax_published
				3042194300052909056	no_parallax_published
				3042248313560795008	no_parallax_published
				3043479216828162048	no_parallax_published
				3044492176281213952	no_parallax_published
				3044559899324195584	no_parallax_published
				3044931053216146688	no_parallax_published
				3045529565496459904	no_parallax_published
				3045681877915553920	no_parallax_published
				3045838837503122304	no_parallax_published
				3045959508902711808	no_parallax_published
				3046121270253176320	no_parallax_published
				3046213874047932032	no_parallax_published
				3046285651540731648	no_parallax_published
				3046530911345696256	no_parallax_published
				3047542187175074688	no_parallax_published
				3047574554052715264	no_parallax_published
				3047770541987863936	no_parallax_published
				3047938767266665344	no_parallax_published
				3048046656852647296	no_parallax_published
				3048651938005391360	no_parallax_published
				3049198223481933056	no_parallax_published
				3049612533206910592	no_parallax_published
				3050001446784808192	no_parallax_published
				3050735405155490944	no_parallax_published
				3050824469901389952	no_parallax_published
				3050882503499293184	no_parallax_published
				3050975309153198592	no_parallax_published
				3051036744363550848	no_parallax_published
				3051268569518548736	no_parallax_published
				305149287418662272	no_parallax_published
				3051520563839445376	no_parallax_published
				3052121068980616576	no_parallax_published
				3052169138264044800	no_parallax_published
				3052407526118893312	no_parallax_published
				3052660891306112	no_parallax_published
				3052857226386154240	no_parallax_published
				3053171892868813824	no_parallax_published
				3053313317552125824	no_parallax_published
				305372694437554560	no_parallax_published
				3054225053200817408	no_parallax_published
				3054384448031838720	no_parallax_published
				305443475498611584	no_parallax_published
				3054832980058743040	no_parallax_published
				3055094869983058432	no_parallax_published
				3056117621954816384	no_parallax_published
				3056267464772864384	no_parallax_published
				3057119448844800384	no_parallax_published
				3057352510951470720	no_parallax_published
				3057436206972772992	no_parallax_published
				3057668002068180608	no_parallax_published
				3058037781573335296	no_parallax_published
				3058207209443577856	no_parallax_published
				3058715493054728832	no_parallax_published
				3058724151708747904	no_parallax_published
				3059260399842631040	no_parallax_published
				3059744567211768960	no_parallax_published
				3059744567217727488	no_parallax_published
				3059876439894834816	no_parallax_published
				3060121665346828032	no_parallax_published
				3060668565000134144	no_parallax_published
				3060703238278368000	no_parallax_published
				3060924755505142784	no_parallax_published
				3061163005935871360	no_parallax_published
				3061221692368576384	no_parallax_published
				3061414313063843840	no_parallax_published
				3062167100570001280	no_parallax_published
				306236051584013312	no_parallax_published
				3063075022292221440	no_parallax_published
				3063926353533218560	no_parallax_published
				3064270294510615040	no_parallax_published
				3065195808423208448	no_parallax_published
				3066621016012229504	no_parallax_published
				3068900750295142912	no_parallax_published
				3069150300776436864	no_parallax_published
				3072314493377124864	no_parallax_published
				3073335011966094464	no_parallax_published
				3073335011967115008	no_parallax_published
				3073671767471630336	no_parallax_published
				3073671771762496896	no_parallax_published
				3077063799495267456	no_parallax_published
				3077603178668033664	no_parallax_published
				3078125859007123328	no_parallax_published
				3079133423975916160	no_parallax_published
				3079211558019949824	no_parallax_published
				307961735083040768	no_parallax_published
				3080369515561876352	no_parallax_published
				3081596192583075840	no_parallax_published
				308209017825061760	no_parallax_published
				308209022119483136	no_parallax_published
				3082149556171607168	no_parallax_published
				3083285970157958400	no_parallax_published
				3086533824427958272	no_parallax_published
				3086688889925894016	no_parallax_published
				3087110002877526528	no_parallax_published
				3087403778644403584	no_parallax_published
				3087635638154063872	no_parallax_published
				3088280433005070720	no_parallax_published
				3089322495153419904	no_parallax_published
				3090190456500542592	no_parallax_published
				3090998357032728064	no_parallax_published
				3091425276779182592	no_parallax_published
				3095217904702259712	no_parallax_published
				3095869880735397376	no_parallax_published
				3096339337841539584	no_parallax_published
				3099181506683648000	no_parallax_published
				3099422643322450048	no_parallax_published
				3099422643327740288	no_parallax_published
				3099536889459245312	no_parallax_published
				3099551526709284992	no_parallax_published
				3100875201271830144	no_parallax_published
				3101016110555416320	no_parallax_published
				3101175848979111552	no_parallax_published
				3101180899859544448	no_parallax_published
				3101301914862778496	no_parallax_published
				3101420593397612032	no_parallax_published
				3102859991555473408	no_parallax_published
				3103174241421076608	no_parallax_published
				3103617142749562368	no_parallax_published
				3104075158060472960	no_parallax_published
				3104986648901745280	no_parallax_published
				3105827848316876544	no_parallax_published
				31082991854844416	no_parallax_published
				3108615213374186624	no_parallax_published
				3109525192381898112	no_parallax_published
				3109739292207406976	no_parallax_published
				3111044515593424256	no_parallax_published
				3111045443303294464	no_parallax_published
				3111531083846741760	no_parallax_published
				3112853487095367168	no_parallax_published
				3114757149746500992	no_parallax_published
				3115318454729714432	no_parallax_published
				3116016610253346560	no_parallax_published
				311726084939574016	no_parallax_published
				3117704562465965824	no_parallax_published
				3118504495828965248	refused_no_defensible_parallax
				3118601008033300992	no_parallax_published
				3119460310730655488	no_parallax_published
				3120763094570629248	no_parallax_published
				3121500561930751104	no_parallax_published
				3121859277602175488	refused_no_defensible_parallax
				312246252723125504	no_parallax_published
				3123098530286268928	no_parallax_published
				3126104732519599616	no_parallax_published
				3130630494174795776	no_parallax_published
				3134310628312254720	no_parallax_published
				3134779466941246848	no_parallax_published
				3134873509547432448	no_parallax_published
				3135009466733139200	no_parallax_published
				3135009471032220288	no_parallax_published
				3135747032876484224	no_parallax_published
				3136757488362080512	no_parallax_published
				3138178504059823616	no_parallax_published
				3138519833701553152	no_parallax_published
				3139730877038496128	no_parallax_published
				3140024824597979904	no_parallax_published
				3140266511001408256	no_parallax_published
				3140579906172852992	no_parallax_published
				3142040573010773504	no_parallax_published
				3142085137591211136	no_parallax_published
				3142540850800066048	no_parallax_published
				3142570675055647488	no_parallax_published
				3142658361107888640	no_parallax_published
				3144790520310719616	no_parallax_published
				3144828178586827776	no_parallax_published
				3146289085940193536	no_parallax_published
				3147410106761836416	no_parallax_published
				3147444707018723456	no_parallax_published
				3147697629052421504	no_parallax_published
				3147697629054795392	no_parallax_published
				3147746832200684160	no_parallax_published
				3149327826842203904	no_parallax_published
				3149951799689976192	no_parallax_published
				3150248358589805952	no_parallax_published
				3150248358591383680	no_parallax_published
				3151479223209626880	no_parallax_published
				3152421023631035392	no_parallax_published
				3152565888587687552	no_parallax_published
				3152584133608725248	no_parallax_published
				3153566272369527424	no_parallax_published
				3153604377320638592	no_parallax_published
				3153645883885008384	no_parallax_published
				3154655269917843328	refused_no_defensible_parallax
				3155625417130667008	no_parallax_published
				3160113211273964288	no_parallax_published
				316085614183913728	no_parallax_published
				3161570270342700800	no_parallax_published
				3164087396056001664	no_parallax_published
				3164114986925902336	no_parallax_published
				3164698552721666432	no_parallax_published
				3164704393877131648	no_parallax_published
				3164747785929041920	no_parallax_published
				3164937348605946496	no_parallax_published
				3165204328070214272	no_parallax_published
				3166376987284218368	no_parallax_published
				3167028589659331968	no_parallax_published
				3167322021823790720	no_parallax_published
				3167322021826074624	no_parallax_published
				3167852776704051072	no_parallax_published
				3168098723708657920	no_parallax_published
				316888635629500288	no_parallax_published
				3169271627740564352	no_parallax_published
				3169430575890012544	no_parallax_published
				3169739087683823104	no_parallax_published
				3169804822160247680	no_parallax_published
				3170138627017632896	no_parallax_published
				3173334907319595264	no_parallax_published
				317357439899715840	no_parallax_published
				3175970711569351040	no_parallax_published
				317642969325506560	no_parallax_published
				3177569160957635328	no_parallax_published
				3178192652770639744	no_parallax_published
				3181412744370427520	no_parallax_published
				3182486761073779968	no_parallax_published
				318653794172825600	no_parallax_published
				319023371813734400	no_parallax_published
				319023371814706432	no_parallax_published
				3191622225230686720	no_parallax_published
				319414729234886272	no_parallax_published
				3195417498849879168	no_parallax_published
				3195459280293355648	no_parallax_published
				319657373411079168	no_parallax_published
				319657377707389568	no_parallax_published
				3197620164240148992	no_parallax_published
				319917687085076864	no_parallax_published
				3200609014799140224	no_parallax_published
				3200737245343995392	no_parallax_published
				3206872451507268352	no_parallax_published
				3207262086645364608	no_parallax_published
				3207262090941609600	no_parallax_published
				3207374241127477248	no_parallax_published
				3207945334339403392	no_parallax_published
				3209579724015207424	no_parallax_published
				3209940496969694208	no_parallax_published
				3210571964538801280	no_parallax_published
				3212100972896623104	no_parallax_published
				3212316545893574144	no_parallax_published
				3213178391212584960	no_parallax_published
				3213864074150580480	no_parallax_published
				3213938016307164928	no_parallax_published
				3214064906821014912	no_parallax_published
				3214077512549609728	no_parallax_published
				3215469597348929408	no_parallax_published
				3216935216283452032	no_parallax_published
				3217181025851988608	no_parallax_published
				3217391754127203200	no_parallax_published
				3217408448666318080	no_parallax_published
				3217590662652676096	no_parallax_published
				3217602413685981568	no_parallax_published
				3220120982506117888	no_parallax_published
				3220283637211782656	no_parallax_published
				3220475746803981440	no_parallax_published
				3223614199668194560	no_parallax_published
				322407359367301760	no_parallax_published
				3225948119256137088	no_parallax_published
				3226493958061006848	no_parallax_published
				3227227882069929088	no_parallax_published
				3228725623067275776	no_parallax_published
				3229409996041555072	no_parallax_published
				3229468824207601536	no_parallax_published
				3230034316781700480	no_parallax_published
				3232288212540982528	no_parallax_published
				3232533437992369024	no_parallax_published
				3235522219834060544	no_parallax_published
				3235980230850005888	no_parallax_published
				3235980235146498048	no_parallax_published
				3237714611659033728	no_parallax_published
				3243417056919715328	no_parallax_published
				3244953246461939328	no_parallax_published
				3247089872432519680	no_parallax_published
				3248500408411157760	no_parallax_published
				3253606506051785472	no_parallax_published
				3255267352726102784	no_parallax_published
				3255467154605222272	no_parallax_published
				3258762253513126016	no_parallax_published
				326427307021954048	no_parallax_published
				326427311317731840	no_parallax_published
				326451187039615488	no_parallax_published
				326451191335784704	no_parallax_published
				3264826300657811200	no_parallax_published
				3266725535195725696	no_parallax_published
				3266941481859767680	no_parallax_published
				326785202353615232	no_parallax_published
				3269579111467166208	no_parallax_published
				3269651022104195200	no_parallax_published
				3269809871469588992	no_parallax_published
				3273969972497767552	no_parallax_published
				3276975216949425920	no_parallax_published
				3278345208439464320	no_parallax_published
				3281299699262527616	no_parallax_published
				328166326397896832	no_parallax_published
				3281776268832900864	no_parallax_published
				3281887525666042752	no_parallax_published
				3283837509538199808	no_parallax_published
				3284431898651995904	no_parallax_published
				3284713648505141632	no_parallax_published
				3284713648506830208	no_parallax_published
				3287140030151263744	no_parallax_published
				328788890495286144	no_parallax_published
				328867608654804864	no_parallax_published
				328867608655769728	no_parallax_published
				3290113109592381440	no_parallax_published
				32917080329012480	no_parallax_published
				3292296739686114304	no_parallax_published
				3292446479425992448	no_parallax_published
				329302426848860160	no_parallax_published
				329538993647729920	no_parallax_published
				3296881325217343872	no_parallax_published
				3298922637272182912	no_parallax_published
				3299310421279505152	no_parallax_published
				3299310421279819776	no_parallax_published
				3302095415513709952	no_parallax_published
				3302617374299708288	no_parallax_published
				330400293504291968	no_parallax_published
				3304885254470338176	no_parallax_published
				330612877206927360	no_parallax_published
				3306851902814510848	no_parallax_published
				3310108553177979264	no_parallax_published
				3310739294894292224	no_parallax_published
				3311104401474631040	no_parallax_published
				3312856576332395904	no_parallax_published
				3312903580454386048	no_parallax_published
				3315905758298395008	no_parallax_published
				331995199545902208	no_parallax_published
				33209516062092800	no_parallax_published
				3321245261639979264	no_parallax_published
				3321245265934979968	no_parallax_published
				3321343225551242880	no_parallax_published
				332198029379019264	no_parallax_published
				3322035711719536640	no_parallax_published
				3323016682246999680	no_parallax_published
				3323242253930496512	no_parallax_published
				3325850707827979520	no_parallax_published
				3326894591039911936	no_parallax_published
				3329037676645942016	no_parallax_published
				3329580388708617856	no_parallax_published
				3330018608518484096	no_parallax_published
				3331440036533364096	no_parallax_published
				3331602729893108096	no_parallax_published
				3331909257415126144	no_parallax_published
				3331932484597534464	no_parallax_published
				3332439256379542400	no_parallax_published
				3334669542701123584	no_parallax_published
				3334832171640236032	no_parallax_published
				3336798167148096128	no_parallax_published
				3340865810415006592	no_parallax_published
				3341875814927909504	no_parallax_published
				3342969073083293696	no_parallax_published
				3345750115942949120	no_parallax_published
				3346114947648426496	no_parallax_published
				3346368282000075776	no_parallax_published
				3347850835990422144	no_parallax_published
				3348090563887593088	refused_no_defensible_parallax
				3348484116030065280	no_parallax_published
				3348584309027024896	no_parallax_published
				3349264636143978624	no_parallax_published
				3351257638410091648	no_parallax_published
				335296418784932608	no_parallax_published
				3354267959509982720	no_parallax_published
				3356040303533934976	no_parallax_published
				3356250692511235072	no_parallax_published
				3356508661127227008	no_parallax_published
				3359976971774528640	no_parallax_published
				3360074312911857280	no_parallax_published
				3361700765490615040	no_parallax_published
				3362521276039977600	no_parallax_published
				3362521276041463680	no_parallax_published
				3363089242518078336	no_parallax_published
				3363580037019496576	no_parallax_published
				3363632573058767104	no_parallax_published
				3363632573061309952	no_parallax_published
				336707057842629760	no_parallax_published
				3368629853408601344	no_parallax_published
				3369749190606872192	no_parallax_published
				337145110147888384	no_parallax_published
				3373863494397701632	no_parallax_published
				337593917051314176	no_parallax_published
				3376919724402942080	no_parallax_published
				3377386467093079808	no_parallax_published
				3377933199249097984	no_parallax_published
				3379373387683984384	no_parallax_published
				3380260173872442240	no_parallax_published
				3380466778978158592	no_parallax_published
				338244381256011520	no_parallax_published
				3383882652368840064	no_parallax_published
				3385944618922660736	no_parallax_published
				338677378383681024	no_parallax_published
				3392582817295870848	no_parallax_published
				339384299937913856	no_parallax_published
				3397660701297803648	no_parallax_published
				3397818657309068288	no_parallax_published
				3398829623892868096	no_parallax_published
				3400651480299585152	no_parallax_published
				3404300587591514496	no_parallax_published
				3408027485335140992	no_parallax_published
				3409003748580757760	no_parallax_published
				3412845957603159424	no_parallax_published
				3415314601727178240	no_parallax_published
				3415631157997613824	no_parallax_published
				3423021559764454912	no_parallax_published
				3423084884761239936	no_parallax_published
				3424828160446298880	no_parallax_published
				342509215062237952	no_parallax_published
				3425277688904023296	no_parallax_published
				3425588816332866432	no_parallax_published
				3426266184218393472	no_parallax_published
				342868824084286848	no_parallax_published
				3429320318278792192	no_parallax_published
				3429929207206470144	no_parallax_published
				3430318361305213440	no_parallax_published
				343116695238197888	no_parallax_published
				3431777451889469440	no_parallax_published
				343262208730442624	no_parallax_published
				3432832467657658496	no_parallax_published
				3434654220985951744	refused_no_defensible_parallax
				3434957926713069440	no_parallax_published
				3437994606028166272	no_parallax_published
				3440415829422499072	no_parallax_published
				3441281286804180480	no_parallax_published
				3441342240981136128	no_parallax_published
				3444781478992724992	no_parallax_published
				3445050172144222080	no_parallax_published
				3446953113239545600	no_parallax_published
				3447783523693352960	no_parallax_published
				3449596618364517376	no_parallax_published
				3449998661666583936	no_parallax_published
				345043417564358528	no_parallax_published
				345043417566672640	no_parallax_published
				3451321923910943616	no_parallax_published
				3452262075070115968	no_parallax_published
				3452545405472411776	no_parallax_published
				3452929306829494016	no_parallax_published
				3453431508767202688	no_parallax_published
				3453556505199437952	no_parallax_published
				3453596469871615360	no_parallax_published
				3455180556889785216	no_parallax_published
				3455640977380006400	no_parallax_published
				3455640977382749952	no_parallax_published
				3456842228196516480	no_parallax_published
				3457133976735917312	no_parallax_published
				3457973350783550080	no_parallax_published
				3458320139324230784	no_parallax_published
				3460960277198685952	no_parallax_published
				346558815170274048	no_parallax_published
				346558819467880320	no_parallax_published
				3465990680334074624	no_parallax_published
				3467125582490588416	no_parallax_published
				3468054704176973184	no_parallax_published
				3468523645886169728	no_parallax_published
				3468887481155656960	no_parallax_published
				3470687897085132928	no_parallax_published
				3470687897086205312	no_parallax_published
				347143931449929984	no_parallax_published
				347143931451149440	no_parallax_published
				3472485976554030080	no_parallax_published
				3472965294905540736	no_parallax_published
				3474195098660628992	no_parallax_published
				3476618044330268544	no_parallax_published
				347774535731201152	no_parallax_published
				3478730859005864192	no_parallax_published
				3478737318635634816	no_parallax_published
				3478864037350722944	no_parallax_published
				3481592269296231552	no_parallax_published
				348361606220826880	no_parallax_published
				3485647474337764608	no_parallax_published
				3486830823726216704	no_parallax_published
				348718329024333824	no_parallax_published
				3487478676592191488	no_parallax_published
				3488695286208847104	no_parallax_published
				348901157192416512	no_parallax_published
				3489214908533152896	no_parallax_published
				349704384795780736	no_parallax_published
				349721152348075776	no_parallax_published
				3498534777110146432	no_parallax_published
				3498534781405351680	no_parallax_published
				3500412575468478336	no_parallax_published
				3502448561764685696	no_parallax_published
				3503090332957026304	no_parallax_published
				3503090431741184000	no_parallax_published
				3504674145097964672	no_parallax_published
				3505392813385613440	no_parallax_published
				3509506636140005248	no_parallax_published
				351086505271693312	no_parallax_published
				351340251939132544	no_parallax_published
				3514665166741352960	no_parallax_published
				351671789054754560	no_parallax_published
				3517076258301559424	no_parallax_published
				3518398798991565184	no_parallax_published
				351863344596756096	no_parallax_published
				3519220065458418048	no_parallax_published
				3520528999691296256	no_parallax_published
				3521286009151135744	no_parallax_published
				352165675933992704	no_parallax_published
				3521852777331435648	no_parallax_published
				352404819712683904	no_parallax_published
				3525003805856911488	no_parallax_published
				352649456753106304	refused_no_defensible_parallax
				352821500258134272	no_parallax_published
				352821500260368768	no_parallax_published
				3528816912182852736	no_parallax_published
				3529216584658796672	no_parallax_published
				3530359595715301504	no_parallax_published
				3531498449246439040	no_parallax_published
				3531778962149527552	no_parallax_published
				3533219013143073152	no_parallax_published
				3533873531800666624	no_parallax_published
				3537573250989055616	no_parallax_published
				3541458306606086272	no_parallax_published
				354625283446600576	no_parallax_published
				3547411406154682496	no_parallax_published
				3547411406156477440	no_parallax_published
				354756945666297216	no_parallax_published
				354756949962752512	no_parallax_published
				3548732538097146240	no_parallax_published
				3549061807467546624	no_parallax_published
				3549061807469078528	no_parallax_published
				3549115236862280448	no_parallax_published
				3551734136120822784	no_parallax_published
				3552398893979249280	no_parallax_published
				3552445382705678848	no_parallax_published
				3552919375294467712	no_parallax_published
				3553730608718027392	no_parallax_published
				3553898249881308928	no_parallax_published
				3555535731932684160	no_parallax_published
				3555544253148157568	no_parallax_published
				3555545730615661312	no_parallax_published
				355608929738371328	no_parallax_published
				355796160250498176	no_parallax_published
				356145942386699520	no_parallax_published
				3561665367522785792	no_parallax_published
				3562800548855261824	no_parallax_published
				3563730220295103104	no_parallax_published
				3565265619565137792	no_parallax_published
				356798296379906048	no_parallax_published
				35694171822948480	no_parallax_published
				357289125242623360	no_parallax_published
				357376635198543232	no_parallax_published
				3574538831915327104	no_parallax_published
				3576018018649630208	no_parallax_published
				3577917047030369792	no_parallax_published
				357798194828025216	no_parallax_published
				3579117404490864384	no_parallax_published
				3581293746022838528	no_parallax_published
				3584200893423182208	no_parallax_published
				3585895515720004608	no_parallax_published
				358712683563731328	no_parallax_published
				358785663649007360	no_parallax_published
				3591560405783300608	no_parallax_published
				3592092500691742464	no_parallax_published
				3595295584222503424	no_parallax_published
				3595883822943072768	no_parallax_published
				3600671783765613568	no_parallax_published
				3602404614090460288	no_parallax_published
				3603893077955953920	no_parallax_published
				3604406412447539456	no_parallax_published
				3607876677302009472	no_parallax_published
				360888269179321600	no_parallax_published
				360888273473999872	no_parallax_published
				3612493457908592896	no_parallax_published
				3612537094776507904	no_parallax_published
				3615291848144210432	no_parallax_published
				3615291852439876864	no_parallax_published
				3617965070149386752	no_parallax_published
				3618706042202774144	no_parallax_published
				3619280846264997248	no_parallax_published
				3623735689424430848	no_parallax_published
				3626317548884073472	no_parallax_published
				3630436005909393920	no_parallax_published
				3631037133827627520	no_parallax_published
				3631273150870655360	no_parallax_published
				3638131114130766464	no_parallax_published
				3639228358015901696	no_parallax_published
				3639854392448022656	no_parallax_published
				3641937206773636096	no_parallax_published
				3641937211069023232	no_parallax_published
				3644307483260112768	no_parallax_published
				364687425450263424	no_parallax_published
				3646908030125349760	no_parallax_published
				3647078145187653248	no_parallax_published
				3656657880762825088	no_parallax_published
				365878986817183744	no_parallax_published
				3660308570687360	no_parallax_published
				3662382629786942976	no_parallax_published
				3662382629787422848	no_parallax_published
				366434107045732480	no_parallax_published
				366703693552410496	no_parallax_published
				366733620885262080	no_parallax_published
				366785882046540160	no_parallax_published
				3668914725288899072	no_parallax_published
				3672314346522669824	no_parallax_published
				367444970549250176	no_parallax_published
				3674454511546379904	no_parallax_published
				3675763033462691456	no_parallax_published
				3676835057299963008	no_parallax_published
				367784303028890624	no_parallax_published
				367784307324322432	no_parallax_published
				3683686870165825536	no_parallax_published
				368842793425834240	no_parallax_published
				3688877870719141120	no_parallax_published
				3691292187800714880	no_parallax_published
				3694596430696957056	no_parallax_published
				3695639351835358464	no_parallax_published
				369591767002181760	no_parallax_published
				3701485798756713728	no_parallax_published
				370275250917792896	no_parallax_published
				3702955536566465664	no_parallax_published
				3704885694868307712	no_parallax_published
				3705969538455807104	no_parallax_published
				370844042026868352	no_parallax_published
				3708802464524486656	no_parallax_published
				3712273206123114496	no_parallax_published
				3717100410059797632	no_parallax_published
				371878854267291648	no_parallax_published
				3718938071946705792	no_parallax_published
				3720958080965322880	no_parallax_published
				3722959089048356992	no_parallax_published
				372623979554427008	no_parallax_published
				3727285358066044672	no_parallax_published
				3730013280774394240	no_parallax_published
				3732959216022176896	no_parallax_published
				3732959216022904576	no_parallax_published
				3734308660388329344	no_parallax_published
				3735409786921953792	no_parallax_published
				3735409786922980864	no_parallax_published
				3736134193287204992	no_parallax_published
				3738443614381976448	no_parallax_published
				3740596423788961024	no_parallax_published
				3741891030010613504	no_parallax_published
				3741891030011572864	no_parallax_published
				3742591968673317760	no_parallax_published
				3742591968674484224	no_parallax_published
				3748158830405407104	no_parallax_published
				3751979152275395712	no_parallax_published
				3752072572108786048	no_parallax_published
				3752671741521884928	no_parallax_published
				3757187332697857920	no_parallax_published
				3757759628500603648	no_parallax_published
				3758687783817159808	no_parallax_published
				3758687788112032256	no_parallax_published
				3759072960779076096	no_parallax_published
				3759187859745194624	no_parallax_published
				376097714743680512	no_parallax_published
				376554286947190272	no_parallax_published
				3767281639714198272	no_parallax_published
				3767688935757580160	no_parallax_published
				376863662029791104	no_parallax_published
				3770661057422284032	no_parallax_published
				3773630181198329600	no_parallax_published
				3773630185493626624	no_parallax_published
				3773692063087758336	no_parallax_published
				3773857750040818304	no_parallax_published
				377419671317188992	no_parallax_published
				3774299822434709888	no_parallax_published
				3775863327969643776	no_parallax_published
				3776610892796456192	no_parallax_published
				377710526503573504	no_parallax_published
				3780636788981849216	refused_no_defensible_parallax
				378104632703217920	no_parallax_published
				3781104420726094592	refused_no_defensible_parallax
				3783631171461686400	no_parallax_published
				3784641038532032000	no_parallax_published
				3784763599718800000	no_parallax_published
				3785991170091282432	no_parallax_published
				3786648471886438016	no_parallax_published
				3788674700016681088	no_parallax_published
				3792406751718933760	no_parallax_published
				3792406751719729792	no_parallax_published
				379760325414705280	no_parallax_published
				3798397440823033216	no_parallax_published
				3805559900084441856	no_parallax_published
				3805559900085272576	no_parallax_published
				38074717577489024	no_parallax_published
				3807871932520310912	no_parallax_published
				3807920998226978688	no_parallax_published
				381133649798203520	no_parallax_published
				381138185283669120	no_parallax_published
				3811481216877582720	no_parallax_published
				3814235527864558080	no_parallax_published
				382396095304461056	refused_no_defensible_parallax
				3824509570673252864	no_parallax_published
				3825220439300133632	no_parallax_published
				3826082318976556672	no_parallax_published
				3826630597322239488	no_parallax_published
				3827281164608074240	no_parallax_published
				382754639175264128	no_parallax_published
				3828108993785022080	no_parallax_published
				3828665308013967616	no_parallax_published
				3829897830483917312	no_parallax_published
				3831251020059947264	no_parallax_published
				383135001478503552	no_parallax_published
				3831419417137291904	no_parallax_published
				3832087988926876288	no_parallax_published
				3832780200216082304	no_parallax_published
				3832852110853014272	no_parallax_published
				3833818414071057920	no_parallax_published
				3835319002629118208	no_parallax_published
				383676231781071104	no_parallax_published
				3837054513013852032	no_parallax_published
				3837054517308842496	no_parallax_published
				3839534324051662080	no_parallax_published
				384053024967759616	no_parallax_published
				3841374086178067328	no_parallax_published
				3841374086178416768	no_parallax_published
				3842490708955950720	no_parallax_published
				3843583554794313600	no_parallax_published
				3845322260634708864	no_parallax_published
				3846869651452009472	no_parallax_published
				3847096597523571584	no_parallax_published
				3847749329473793152	no_parallax_published
				3849452782222516608	no_parallax_published
				3849452782222924544	no_parallax_published
				3850835761692077440	no_parallax_published
				385381028856337152	no_parallax_published
				3853912328370206336	no_parallax_published
				3853912332665164160	no_parallax_published
				3854327329586164736	no_parallax_published
				3855368670176351616	no_parallax_published
				3855744462634829056	no_parallax_published
				3857230693118165632	no_parallax_published
				385804856230839552	no_parallax_published
				385913673518832128	no_parallax_published
				385962361269907712	no_parallax_published
				3860333171333796096	no_parallax_published
				3862171726574660096	no_parallax_published
				3864095975001952128	no_parallax_published
				3866931512411292032	no_parallax_published
				3869089819376971648	no_parallax_published
				3869135998865289472	no_parallax_published
				3870368036004533632	no_parallax_published
				3870753861506490112	no_parallax_published
				3873866952585852800	no_parallax_published
				3874170044132942208	no_parallax_published
				3874780788483085696	no_parallax_published
				3874900665314893440	no_parallax_published
				3874900669609579264	no_parallax_published
				3875474236722797312	no_parallax_published
				3875750798256625664	no_parallax_published
				3876722182419980672	no_parallax_published
				3879286587134001152	no_parallax_published
				3879326135192600448	no_parallax_published
				3880628128757919744	no_parallax_published
				3881489458679313920	no_parallax_published
				3882183972071830144	no_parallax_published
				3883916695022492288	no_parallax_published
				3887325769479419392	no_parallax_published
				3888503174633773056	no_parallax_published
				3890250294314929792	no_parallax_published
				3890983466707494912	no_parallax_published
				3891347405055990528	no_parallax_published
				3891895030567185024	no_parallax_published
				389804604653771008	no_parallax_published
				389822815315222912	no_parallax_published
				3899897791590688384	no_parallax_published
				3902514457465944832	no_parallax_published
				390349962421742336	no_parallax_published
				390800865264974848	no_parallax_published
				3909662726155257472	no_parallax_published
				391318112471492608	no_parallax_published
				3913748167766404608	no_parallax_published
				3914979586429614464	no_parallax_published
				3927166225419040512	no_parallax_published
				3929963112418450432	no_parallax_published
				3931830735996195200	no_parallax_published
				3938345548550408704	no_parallax_published
				393977079487969920	no_parallax_published
				393995049632903168	no_parallax_published
				3941773894524873856	no_parallax_published
				3942331514422825088	no_parallax_published
				3942331518718305408	no_parallax_published
				3942331518718665344	no_parallax_published
				3944298613740380416	no_parallax_published
				394881668316838784	no_parallax_published
				3949357638538955264	no_parallax_published
				3958112980910237952	no_parallax_published
				3958514435798266496	no_parallax_published
				396257878914033664	no_parallax_published
				3962708939514714112	no_parallax_published
				396424420564402944	no_parallax_published
				3965573304744133504	no_parallax_published
				396624669122077440	no_parallax_published
				3966863615999041536	no_parallax_published
				3970054604901224960	no_parallax_published
				397053268201124480	no_parallax_published
				397190986329590784	no_parallax_published
				397357665418281472	no_parallax_published
				3979439589479035264	no_parallax_published
				3979514695572064640	no_parallax_published
				3980568581762120576	no_parallax_published
				3982038044693268608	no_parallax_published
				3983474006878939520	no_parallax_published
				3984586437768834560	no_parallax_published
				3984781566723181696	no_parallax_published
				3984898767790630400	no_parallax_published
				3985623723909966080	no_parallax_published
				3985693645978071552	no_parallax_published
				3986184612279124096	no_parallax_published
				3988162427538693888	no_parallax_published
				3989623472334201344	no_parallax_published
				3989628729374379776	no_parallax_published
				3990286168607839488	no_parallax_published
				399592319722897536	no_parallax_published
				3998360359232051840	no_parallax_published
				4000059315151105408	no_parallax_published
				4004107373366340480	no_parallax_published
				4008544143303712896	no_parallax_published
				4009092456008035712	no_parallax_published
				4010012300564222080	no_parallax_published
				4012517228570243456	no_parallax_published
				4013740572694929408	no_parallax_published
				4015661278330240	no_parallax_published
				401593980642821248	no_parallax_published
				4018195823874602368	no_parallax_published
				4018973595207763456	no_parallax_published
				402191633933128576	no_parallax_published
				402526847541543296	no_parallax_published
				4025949859046925440	no_parallax_published
				4027616890473609216	no_parallax_published
				4031871691235656960	no_parallax_published
				4036370063889127680	no_parallax_published
				403688996972583808	no_parallax_published
				4038010848863637632	no_parallax_published
				4038055447710652032	no_parallax_published
				4038318265394885760	no_parallax_published
				4040799034164255872	no_parallax_published
				4040813744515152256	no_parallax_published
				4043039465224688384	no_parallax_published
				404410139157679616	no_parallax_published
				4044214637074233984	no_parallax_published
				4046853739828247424	no_parallax_published
				4046865177252212992	no_parallax_published
				4047389442492233600	no_parallax_published
				4047604117785282816	no_parallax_published
				4048520840008291328	no_parallax_published
				405045278922873728	no_parallax_published
				405045278922873856	no_parallax_published
				4054255171001582464	no_parallax_published
				405566344355270144	no_parallax_published
				405578370263847936	no_parallax_published
				4055907462099328896	no_parallax_published
				4056614443779620608	no_parallax_published
				4058720798817394688	no_parallax_published
				4059263132927790208	no_parallax_published
				4059343332938835712	no_parallax_published
				405996631359323392	no_parallax_published
				4060103817034176000	no_parallax_published
				406154892314429056	no_parallax_published
				4062700348072191104	no_parallax_published
				406381834089483392	no_parallax_published
				4066068770631143936	no_parallax_published
				406678603446711040	no_parallax_published
				4067148113170840192	no_parallax_published
				406799377926715264	no_parallax_published
				4069017076687398016	no_parallax_published
				4069268658698561664	no_parallax_published
				4069749798095941120	no_parallax_published
				407107275542885248	no_parallax_published
				4071584642493701888	no_parallax_published
				4072177004404608640	no_parallax_published
				4072282488795113728	no_parallax_published
				4073031668522842880	no_parallax_published
				4073183023186358656	no_parallax_published
				4073907597020972800	no_parallax_published
				407627649481973632	no_parallax_published
				4076524713883251200	no_parallax_published
				4077740082235199232	no_parallax_published
				4078476480151166592	no_parallax_published
				4078758161286973184	no_parallax_published
				4079226110932981632	no_parallax_published
				407957335469422592	no_parallax_published
				407978638504746496	no_parallax_published
				408013887303433472	no_parallax_published
				4080673476188288128	no_parallax_published
				4082836112472857728	no_parallax_published
				408393910307519104	no_parallax_published
				4084232771423931008	no_parallax_published
				4085291841662893952	no_parallax_published
				4086425163286161664	no_parallax_published
				4087616827690492928	no_parallax_published
				4087839508853170048	no_parallax_published
				4088482345204228864	no_parallax_published
				4089202323479639680	no_parallax_published
				4090025337969182592	no_parallax_published
				409178686730813440	no_parallax_published
				4092450590120842368	no_parallax_published
				409272317018758400	no_parallax_published
				4093255359534224640	no_parallax_published
				409404808168777088	no_parallax_published
				4094436960905110656	no_parallax_published
				4094869240793644032	refused_no_defensible_parallax
				4095136800039531264	no_parallax_published
				4095508361938745472	no_parallax_published
				409587498899804800	no_parallax_published
				4096581077350969344	no_parallax_published
				4096957969266020992	no_parallax_published
				4097407497708666880	no_parallax_published
				4097540087630486272	no_parallax_published
				4097805486560217216	no_parallax_published
				4099305735848386560	no_parallax_published
				4101727955619998848	no_parallax_published
				4103953440256262656	no_parallax_published
				4105035394035458048	no_parallax_published
				4105839377514968192	no_parallax_published
				4106055534672800128	no_parallax_published
				4106197745266566656	no_parallax_published
				4106265850615348352	no_parallax_published
				4106544301965217536	no_parallax_published
				4106679644973158528	no_parallax_published
				4106776814253062528	no_parallax_published
				4107523004819786368	no_parallax_published
				4107648757020365184	no_parallax_published
				4107812485571331328	no_parallax_published
				4108782529688164352	no_parallax_published
				4111045320235113984	no_parallax_published
				411497110080910720	no_parallax_published
				4115810844145622528	no_parallax_published
				4116630152106999936	no_parallax_published
				411700107417483136	no_parallax_published
				4118177989601009152	no_parallax_published
				4120077606488311936	no_parallax_published
				412139843343021952	no_parallax_published
				4122264844294410240	no_parallax_published
				4122678569937565440	no_parallax_published
				4123528836047723008	no_parallax_published
				4123769246746491392	no_parallax_published
				4124787192726899456	no_parallax_published
				4124997371221660672	no_parallax_published
				412741276209295232	no_parallax_published
				4128120671388884352	no_parallax_published
				413230043488454656	no_parallax_published
				413349958979379200	no_parallax_published
				413531859422659200	no_parallax_published
				413531859433726592	no_parallax_published
				413559622093641216	no_parallax_published
				4137039428683427200	no_parallax_published
				4137215174444535680	no_parallax_published
				4137215178762083584	no_parallax_published
				414050828920920832	no_parallax_published
				4144735971423124352	no_parallax_published
				4145229759551354496	no_parallax_published
				4145937089150103296	no_parallax_published
				4146152073673767168	no_parallax_published
				4146307242251595264	no_parallax_published
				4146497736956562048	no_parallax_published
				4147336870473963008	no_parallax_published
				4153680846452118656	no_parallax_published
				4154011490162938496	no_parallax_published
				4154033544820416768	no_parallax_published
				4156012257766973952	no_parallax_published
				4156760681561363584	no_parallax_published
				415840314148993792	no_parallax_published
				4159298526195223040	no_parallax_published
				4159298526208894848	no_parallax_published
				416101933495840000	no_parallax_published
				4161414050980305152	no_parallax_published
				41615041939823232	refused_no_defensible_parallax
				416517823772552448	no_parallax_published
				417033288562062464	no_parallax_published
				417187834368710528	no_parallax_published
				417187838662984064	no_parallax_published
				4172309287806335232	no_parallax_published
				417270645635625216	no_parallax_published
				417341392339316736	no_parallax_published
				4173434534889039616	no_parallax_published
				417386472308845824	no_parallax_published
				4175129977500478592	no_parallax_published
				4176751314778368768	no_parallax_published
				417956431658331264	no_parallax_published
				4180284423595661824	no_parallax_published
				4181217943326406784	no_parallax_published
				418412213589037312	no_parallax_published
				4184163019589399296	no_parallax_published
				418432142226400256	no_parallax_published
				4186599949666377984	no_parallax_published
				4187384382495389184	no_parallax_published
				418784707512969472	no_parallax_published
				4187919054385426816	no_parallax_published
				4189113433240382336	no_parallax_published
				4189663979329730176	no_parallax_published
				4190490812071271808	no_parallax_published
				4192497798756637952	no_parallax_published
				419296461454032384	no_parallax_published
				4193001306359908864	no_parallax_published
				4193727327633063296	no_parallax_published
				419527496338691968	no_parallax_published
				4195563443326908800	no_parallax_published
				420017603643988736	no_parallax_published
				4202367633629225344	no_parallax_published
				4202507615210004352	no_parallax_published
				4205688669813970688	no_parallax_published
				4205774367352917632	no_parallax_published
				4208370657856749824	no_parallax_published
				4209026069863098624	no_parallax_published
				4211404210444571392	no_parallax_published
				4213439234661696896	no_parallax_published
				4213628419372547584	no_parallax_published
				421366738760910976	no_parallax_published
				4214164053345078016	no_parallax_published
				4217480420921856384	no_parallax_published
				421750605768296832	no_parallax_published
				4218894083638572928	no_parallax_published
				4220030909944750720	no_parallax_published
				4220622034882112768	no_parallax_published
				4223222689114365440	no_parallax_published
				4223222689116704768	no_parallax_published
				4223860165345970432	no_parallax_published
				4224102573294099072	no_parallax_published
				4224102573298065280	no_parallax_published
				4224745444000917888	no_parallax_published
				4225186623039735680	no_parallax_published
				4227221819062653312	no_parallax_published
				4227575690009983872	no_parallax_published
				4228025630782522112	no_parallax_published
				4229336420443901568	no_parallax_published
				4229855355573530624	no_parallax_published
				4230092540845885184	no_parallax_published
				4231234246231856768	no_parallax_published
				4232665294976819712	no_parallax_published
				4233330258993135360	no_parallax_published
				4233405296363455744	no_parallax_published
				4234984714763728000	no_parallax_published
				423714436609711872	no_parallax_published
				423714436615495168	no_parallax_published
				4239494533507247232	no_parallax_published
				4242511215446650496	no_parallax_published
				4242795988959821440	no_parallax_published
				4243801767224427648	no_parallax_published
				4245138601555857536	no_parallax_published
				4245371423144519808	no_parallax_published
				4246301468247906816	no_parallax_published
				4246894384189033856	no_parallax_published
				424773987859511040	no_parallax_published
				4248448200285038592	no_parallax_published
				4252366825457866240	no_parallax_published
				4252484679333344640	no_parallax_published
				4253295667875235840	no_parallax_published
				4253400366367971968	no_parallax_published
				4254066704776458368	no_parallax_published
				4255435699816742656	no_parallax_published
				4255970577821690624	no_parallax_published
				425615595296384256	no_parallax_published
				425816565407168384	no_parallax_published
				4258863014956500096	no_parallax_published
				4261460714244113536	no_parallax_published
				4262600731701564800	no_parallax_published
				4263203916913675264	no_parallax_published
				4265238975491061120	no_parallax_published
				4267076328135590912	no_parallax_published
				4268136674021109504	no_parallax_published
				426910029723235584	no_parallax_published
				4269296383908910336	no_parallax_published
				4272212146951126528	no_parallax_published
				4272212151249845120	no_parallax_published
				427309113777603072	no_parallax_published
				427309118076076928	no_parallax_published
				4274153476462813696	no_parallax_published
				4274153476471312000	no_parallax_published
				4274282321186476544	no_parallax_published
				4274749068183430784	no_parallax_published
				4277751147240512896	no_parallax_published
				4277859277338979072	no_parallax_published
				427918659840057344	no_parallax_published
				427923642002248320	no_parallax_published
				4280130490399573248	no_parallax_published
				4280142619389806464	no_parallax_published
				4280209346001857664	no_parallax_published
				4280451753974257408	no_parallax_published
				4281743954988363520	no_parallax_published
				4283666073144236032	no_parallax_published
				4283670471165926528	no_parallax_published
				4283763242477949056	no_parallax_published
				4283905801029639936	no_parallax_published
				4284104400316661504	no_parallax_published
				4284194354100528384	no_parallax_published
				4285283042432285568	no_parallax_published
				4286135851113015936	no_parallax_published
				4286952788264436608	no_parallax_published
				4287218079814248448	no_parallax_published
				4287918125114429312	no_parallax_published
				428861113108251904	no_parallax_published
				4289404664846829312	no_parallax_published
				4289870308006012544	no_parallax_published
				4291976044563684864	no_parallax_published
				4292058881587441920	no_parallax_published
				4293354759118687488	no_parallax_published
				4293354763416981760	no_parallax_published
				4293425608899177600	no_parallax_published
				429377746135830528	no_parallax_published
				4294110540257357184	no_parallax_published
				429503124821026432	no_parallax_published
				429531089342464	no_parallax_published
				4297812110539310464	no_parallax_published
				4299091980741560960	no_parallax_published
				4301005302767584768	no_parallax_published
				4301372333512205824	no_parallax_published
				4301592201474823040	no_parallax_published
				4301812584839095680	no_parallax_published
				4301859859521882368	no_parallax_published
				4302179203268546176	no_parallax_published
				430545393121244928	no_parallax_published
				4306948060032771200	no_parallax_published
				4306975685259704320	no_parallax_published
				4307263963468837504	no_parallax_published
				430785670775237760	no_parallax_published
				4308400686688106368	no_parallax_published
				430861876365530496	no_parallax_published
				430861880663121536	no_parallax_published
				4308654158520730368	no_parallax_published
				431086795221655424	no_parallax_published
				4311280857442923264	no_parallax_published
				4313467064472907008	no_parallax_published
				4314175287430480640	no_parallax_published
				4314578086664313600	no_parallax_published
				4316238452317614336	no_parallax_published
				4319859487637301888	no_parallax_published
				4322452376584922880	no_parallax_published
				4325952087728833408	no_parallax_published
				4327159592010410240	no_parallax_published
				4329204511837155072	no_parallax_published
				4330598830021919744	no_parallax_published
				4335382702036782464	no_parallax_published
				433996210354054400	no_parallax_published
				4340928776126560256	no_parallax_published
				434401135575443200	no_parallax_published
				434401139871273600	no_parallax_published
				4344499096537890944	no_parallax_published
				4344944226950326144	no_parallax_published
				4348683730417167104	no_parallax_published
				4348683734720633984	no_parallax_published
				4350976903654924160	no_parallax_published
				4351096166303575296	no_parallax_published
				4352718530072363392	no_parallax_published
				4353335489235801984	no_parallax_published
				4353339273104705024	no_parallax_published
				4353493269154387072	no_parallax_published
				435386263635129472	no_parallax_published
				435386267934225408	no_parallax_published
				435395991741151488	no_parallax_published
				4362323069081911808	no_parallax_published
				4364638232549916032	no_parallax_published
				4366940571240671104	no_parallax_published
				4366940575535619072	no_parallax_published
				4369507247996565760	no_parallax_published
				437140779252708224	no_parallax_published
				4373074613467596032	no_parallax_published
				4374763738207810048	no_parallax_published
				4375008276466633472	no_parallax_published
				4376527797238120320	no_parallax_published
				4376737327222758528	no_parallax_published
				4377208708472475520	no_parallax_published
				4378356701689806976	no_parallax_published
				4379229370326632064	no_parallax_published
				4387359468535763968	no_parallax_published
				4387359468539103232	no_parallax_published
				438762902503008128	no_parallax_published
				4389342781357435520	no_parallax_published
				4392760093557583104	no_parallax_published
				4393527763130794752	no_parallax_published
				4393799857900916480	no_parallax_published
				43939959276656000	no_parallax_published
				4393998594626423936	no_parallax_published
				4395254030745282048	no_parallax_published
				4396246821027751168	no_parallax_published
				4397560149007485696	no_parallax_published
				439760640586505856	no_parallax_published
				439869011195974528	no_parallax_published
				440111212992426880	no_parallax_published
				4401170159215810432	no_parallax_published
				4403082343078697856	no_parallax_published
				4405658395743360896	no_parallax_published
				440608776368945664	no_parallax_published
				4407714314987340672	no_parallax_published
				4408530732432777472	no_parallax_published
				4408530736728655104	no_parallax_published
				4408799464241264896	no_parallax_published
				4412341369155841152	no_parallax_published
				4416285214280639744	no_parallax_published
				442264091123490432	no_parallax_published
				442428571186801280	no_parallax_published
				4425253105998770816	no_parallax_published
				4427105783088725376	no_parallax_published
				4429755984068938624	no_parallax_published
				4429851538501435520	no_parallax_published
				4430199877529986048	no_parallax_published
				4430783615124394880	no_parallax_published
				4433728966257750528	no_parallax_published
				4437793379710339840	no_parallax_published
				4439862145198419456	no_parallax_published
				4441756500652453504	no_parallax_published
				444287566175694336	no_parallax_published
				4443457960536562944	no_parallax_published
				4443518124438642176	no_parallax_published
				4444135431498410240	no_parallax_published
				4444446249688882816	no_parallax_published
				4444446249691154176	no_parallax_published
				4444712125347727488	no_parallax_published
				4444717932143525504	no_parallax_published
				4446145815493081472	no_parallax_published
				4446316892630135936	no_parallax_published
				4446826486207252864	no_parallax_published
				4449234210513941888	no_parallax_published
				4449790490380426240	no_parallax_published
				4449790494678558208	no_parallax_published
				444980846914648704	no_parallax_published
				4452827208355316608	no_parallax_published
				4454475170127879680	no_parallax_published
				4456593516715562880	no_parallax_published
				445692879476206208	no_parallax_published
				4456946769187387136	no_parallax_published
				4461231462921616384	no_parallax_published
				4461734111533970304	no_parallax_published
				4465484270816843648	no_parallax_published
				4465866866503883264	no_parallax_published
				4468516586454640640	no_parallax_published
				4469759618707677312	no_parallax_published
				4469802740177971456	no_parallax_published
				4469870768164548608	no_parallax_published
				4470002988741764736	no_parallax_published
				4470459320428047360	no_parallax_published
				4470517835063218560	no_parallax_published
				4471859857718718720	no_parallax_published
				4474053727002561280	no_parallax_published
				447514087347816960	no_parallax_published
				4476925135995554304	no_parallax_published
				4477387308844829952	no_parallax_published
				4478204727005085184	no_parallax_published
				4478398030587894400	no_parallax_published
				4480743808610060160	no_parallax_published
				4481013292029467776	no_parallax_published
				4481224570049226112	no_parallax_published
				4482139191916699648	no_parallax_published
				4482139191925085696	no_parallax_published
				4483038764229235072	no_parallax_published
				4483079617959867264	no_parallax_published
				4483615419423260672	no_parallax_published
				4483950564312860800	no_parallax_published
				4484366321452887424	no_parallax_published
				4485090487292397568	no_parallax_published
				4485764419197089280	no_parallax_published
				4485781113729472384	no_parallax_published
				4485933572188823936	no_parallax_published
				4487064175079670272	no_parallax_published
				4487655235597021568	no_parallax_published
				4492260952367524864	no_parallax_published
				4493333697755699200	no_parallax_published
				4493903863258880384	no_parallax_published
				4494063704757470848	no_parallax_published
				4494585766625559040	no_parallax_published
				4494856860663876096	no_parallax_published
				4495291202115884800	no_parallax_published
				4495941842420348800	no_parallax_published
				4496608726282687872	no_parallax_published
				4497024689581888896	no_parallax_published
				4497813486095734912	no_parallax_published
				4499341704172019328	no_parallax_published
				4499613317903966720	no_parallax_published
				4500430083245989632	no_parallax_published
				4500890435016106496	no_parallax_published
				4500890435019443328	no_parallax_published
				450180536184797952	no_parallax_published
				4505532538762702976	no_parallax_published
				450579388326119808	no_parallax_published
				4506681837674516864	no_parallax_published
				4506685720356703232	no_parallax_published
				4506988532685732480	no_parallax_published
				4508633092827854720	no_parallax_published
				4508996378343925760	no_parallax_published
				4509014829523764480	no_parallax_published
				4509657455403222272	no_parallax_published
				4509800464942343296	no_parallax_published
				451088977605621248	no_parallax_published
				4513495786115703040	no_parallax_published
				4515882104294171648	no_parallax_published
				451853340045768704	no_parallax_published
				4520001802545961984	no_parallax_published
				4520064131134783104	no_parallax_published
				452128290972337920	no_parallax_published
				4521644404193962112	no_parallax_published
				4522757213037602176	no_parallax_published
				4523045796180005120	no_parallax_published
				4523973547775480576	no_parallax_published
				4525990253959030528	no_parallax_published
				4528879465579478400	no_parallax_published
				4529752443456393216	no_parallax_published
				452999924517088768	no_parallax_published
				452999928820536192	no_parallax_published
				4531995790778241408	no_parallax_published
				453215604894231808	no_parallax_published
				4540654169957271936	no_parallax_published
				4542712146484934400	no_parallax_published
				4547727774934378112	no_parallax_published
				454781996649838976	no_parallax_published
				454783577190861568	no_parallax_published
				454809209560875520	no_parallax_published
				454821853944586240	no_parallax_published
				4548764476962454528	no_parallax_published
				4550338664076426240	no_parallax_published
				4552987941644219904	no_parallax_published
				4553611089856593792	no_parallax_published
				4555855120071616128	no_parallax_published
				455605049822995456	no_parallax_published
				455620786584836224	no_parallax_published
				4557111866163061248	no_parallax_published
				4564886959556774784	no_parallax_published
				456504209816496768	no_parallax_published
				456619211853597952	no_parallax_published
				456642606540750080	no_parallax_published
				4568496278274046336	no_parallax_published
				4570443852666351872	no_parallax_published
				4571042060009811456	no_parallax_published
				4571050027170649728	no_parallax_published
				4571050031468126080	no_parallax_published
				457206729022060032	no_parallax_published
				457377496924425088	no_parallax_published
				4575376506643968128	no_parallax_published
				457651584562281472	no_parallax_published
				457813144050358784	no_parallax_published
				4579405014171174016	no_parallax_published
				4579703600293392384	no_parallax_published
				4582419290939565056	no_parallax_published
				4582495397758707968	no_parallax_published
				458336889547071488	no_parallax_published
				458421895536708992	no_parallax_published
				458503912233829248	no_parallax_published
				458532224657219328	no_parallax_published
				458568611620603904	no_parallax_published
				4585997617172287232	refused_no_defensible_parallax
				4586293695038145152	no_parallax_published
				4586517342569419008	no_parallax_published
				4587073661101746688	no_parallax_published
				4588285494712878720	no_parallax_published
				4588481551372978816	no_parallax_published
				4588891978453238400	no_parallax_published
				459206637600416768	no_parallax_published
				459217529637246592	no_parallax_published
				4592828814194893056	no_parallax_published
				4592883892853465984	no_parallax_published
				4592949515657624448	no_parallax_published
				4593438390314183296	no_parallax_published
				4595460495275037568	no_parallax_published
				4595791173397136256	no_parallax_published
				4598497926208575872	no_parallax_published
				4599855518128678144	no_parallax_published
				459996224382454272	no_parallax_published
				4600138779809801856	no_parallax_published
				4600138779811964288	no_parallax_published
				4600654244606646144	no_parallax_published
				4600771445673719424	no_parallax_published
				4601145240970377728	no_parallax_published
				4601170843273700864	no_parallax_published
				4603084710761996672	no_parallax_published
				4603084715058040704	no_parallax_published
				4603443258930719104	no_parallax_published
				4603539672356252416	no_parallax_published
				4603718274276965248	no_parallax_published
				4604026687287909888	no_parallax_published
				4604128563908777856	no_parallax_published
				4604963123301985664	no_parallax_published
				4605998558314294016	no_parallax_published
				4607703041853606400	no_parallax_published
				4607744509761953792	no_parallax_published
				4607744514058084352	no_parallax_published
				4608754793444282752	no_parallax_published
				4610863244427686144	no_parallax_published
				4612754816746114688	no_parallax_published
				4613316220511032448	no_parallax_published
				461375596083012864	no_parallax_published
				4614731876091471360	no_parallax_published
				4614848355605277440	no_parallax_published
				4615297055132450304	no_parallax_published
				4615297059428095744	no_parallax_published
				4615577160013715200	no_parallax_published
				4617092424476886016	no_parallax_published
				4619390747376975872	no_parallax_published
				4621317847663520000	no_parallax_published
				4623540609201467264	no_parallax_published
				4623639225947409664	no_parallax_published
				4624371565113574016	no_parallax_published
				4624371569408873600	no_parallax_published
				4625495029774048000	no_parallax_published
				4625617281724787840	no_parallax_published
				4625648205489034880	no_parallax_published
				4625667756180105600	no_parallax_published
				4627517066018470016	no_parallax_published
				4628096783525073664	no_parallax_published
				4628724157989207040	no_parallax_published
				4634081081716939520	no_parallax_published
				463618428002486528	no_parallax_published
				4636846177366045056	no_parallax_published
				4639097981475404160	no_parallax_published
				4641737049900430848	no_parallax_published
				4642571815448218368	no_parallax_published
				4642571819743697664	no_parallax_published
				4643929029409774592	no_parallax_published
				4644221018466348416	no_parallax_published
				464636953732957312	no_parallax_published
				464642176413096704	no_parallax_published
				4650428277014467328	refused_no_defensible_parallax
				4652097129542392448	no_parallax_published
				4655360342589756288	no_parallax_published
				4657765455536505344	no_parallax_published
				4658106269873047296	no_parallax_published
				4658487937792362112	no_parallax_published
				4660428060389257472	no_parallax_published
				466216402180680192	no_parallax_published
				466449013311146368	no_parallax_published
				4664639877112275712	no_parallax_published
				466494097589667840	no_parallax_published
				4665335730529319296	no_parallax_published
				4665663866029486848	no_parallax_published
				466620988101975936	no_parallax_published
				4666285811653914752	refused_no_defensible_parallax
				4667710710004176000	no_parallax_published
				4669434538076927872	no_parallax_published
				4673438444030880768	no_parallax_published
				467580930476214272	no_parallax_published
				4678083021664239872	no_parallax_published
				4679469574545095424	no_parallax_published
				468028328623463296	no_parallax_published
				468126219516170880	no_parallax_published
				4681725085211918848	no_parallax_published
				4681859328709572736	no_parallax_published
				4682259585302259968	no_parallax_published
				4683500315454104192	no_parallax_published
				4683980144904761728	no_parallax_published
				4689621227979558912	no_parallax_published
				4691041041075827968	no_parallax_published
				469211162620258944	no_parallax_published
				469449924142913536	no_parallax_published
				4694886273755705728	no_parallax_published
				4695874219313661440	no_parallax_published
				469600802053511680	no_parallax_published
				4703563791319741824	no_parallax_published
				4707726439263531776	no_parallax_published
				4708361201071248896	no_parallax_published
				4708742143194802432	no_parallax_published
				4709168414404521344	no_parallax_published
				4709611856891744768	no_parallax_published
				4710511605296793984	no_parallax_published
				4711384170853192832	no_parallax_published
				4712327551829702400	no_parallax_published
				4712466674410010752	no_parallax_published
				4713671498635685376	no_parallax_published
				471715643943866240	no_parallax_published
				4717315211450745216	no_parallax_published
				4717641800763649024	no_parallax_published
				4720455176140965760	no_parallax_published
				4720965040298059904	no_parallax_published
				4720965040299516160	no_parallax_published
				4722780986832356608	no_parallax_published
				4724069820618388480	no_parallax_published
				4725233443221672576	no_parallax_published
				4725233447517525376	no_parallax_published
				472733860430179584	no_parallax_published
				4732836497407915520	no_parallax_published
				4733513319831230464	no_parallax_published
				473393292525879424	no_parallax_published
				4736790345518072320	no_parallax_published
				4737095837950650624	no_parallax_published
				4737095837951376128	no_parallax_published
				4741383211744134912	no_parallax_published
				4741933792193863040	no_parallax_published
				474195042666983936	no_parallax_published
				4741977532141326208	no_parallax_published
				4743765544204139904	no_parallax_published
				4745015070449703424	no_parallax_published
				474972775338740480	no_parallax_published
				475103617222652800	no_parallax_published
				475103617228043776	no_parallax_published
				4755472181945084672	no_parallax_published
				4758071663654896512	no_parallax_published
				475863723355604096	no_parallax_published
				475863723359081728	no_parallax_published
				4758638397476880896	no_parallax_published
				4760816628892160	no_parallax_published
				4763091419568596864	no_parallax_published
				4763498994783675904	no_parallax_published
				476397123937214336	no_parallax_published
				4764266827561857920	no_parallax_published
				4765975919605308928	no_parallax_published
				4767004959409281280	no_parallax_published
				4767150850858849280	no_parallax_published
				4767326188603298944	no_parallax_published
				4767467166607957888	no_parallax_published
				4767467166609361408	no_parallax_published
				4767776331238804864	no_parallax_published
				4768330145798244352	no_parallax_published
				476862423510645760	no_parallax_published
				4769961133859608576	no_parallax_published
				4773708097687459968	no_parallax_published
				4773712255217308288	no_parallax_published
				477395343052395520	no_parallax_published
				4775451339013449344	no_parallax_published
				4777296903639458816	no_parallax_published
				4778035912892344704	no_parallax_published
				4778602917296644480	no_parallax_published
				4779853577413235968	no_parallax_published
				477999455974063488	no_parallax_published
				4780122644227818112	no_parallax_published
				4780128107427210880	no_parallax_published
				478028111993832576	no_parallax_published
				4783863393239468416	no_parallax_published
				47839171103979520	no_parallax_published
				4785024133922716672	no_parallax_published
				478627582054985344	no_parallax_published
				478627586353342592	no_parallax_published
				4787415125036551424	no_parallax_published
				4788533637599243008	no_parallax_published
				478902803558068352	no_parallax_published
				47912460427317632	no_parallax_published
				4791797366067925632	no_parallax_published
				4791819699897315584	no_parallax_published
				4793641006549374208	no_parallax_published
				479444420414738048	no_parallax_published
				4795801340739027200	no_parallax_published
				4797703289697612800	refused_no_defensible_parallax
				4798695736379207808	no_parallax_published
				4798745214402576384	no_parallax_published
				4799566171630256000	no_parallax_published
				4802377554144839296	no_parallax_published
				4802733039996228864	no_parallax_published
				4803411404313207168	no_parallax_published
				4806978907226605568	no_parallax_published
				4807485850808019584	no_parallax_published
				4812270856692437760	no_parallax_published
				4816470784952390784	no_parallax_published
				4817287103616114432	no_parallax_published
				4817496625003889024	no_parallax_published
				4817589812911310848	no_parallax_published
				481899183201827584	no_parallax_published
				4819016326169190912	no_parallax_published
				4819356212701891328	no_parallax_published
				4819764062795443968	no_parallax_published
				4824188360146791424	no_parallax_published
				4827183017504346112	no_parallax_published
				4828861318924286336	no_parallax_published
				4831581167093634816	no_parallax_published
				4832147862257400192	no_parallax_published
				4833519434295046400	no_parallax_published
				4834845170440296448	no_parallax_published
				4834906433853835008	no_parallax_published
				4837955894992164096	no_parallax_published
				4839354748662015488	no_parallax_published
				4839980233339247104	no_parallax_published
				4842690941818488960	no_parallax_published
				484967336037715328	no_parallax_published
				4850514241927801856	no_parallax_published
				4850878695673480448	no_parallax_published
				4850945422284891136	no_parallax_published
				4850945422285348992	no_parallax_published
				4851028401051949824	no_parallax_published
				4851687867511384576	no_parallax_published
				4851946184024989056	no_parallax_published
				4852656399815607168	no_parallax_published
				486115363617519488	no_parallax_published
				486558672963607424	no_parallax_published
				486682952138347520	no_parallax_published
				4868473871014819072	no_parallax_published
				4870575759290392064	no_parallax_published
				4871011440772074240	no_parallax_published
				4872585494745239680	no_parallax_published
				487543113826526080	no_parallax_published
				4875680310739721984	no_parallax_published
				4878352020918459008	no_parallax_published
				4879483315303363200	no_parallax_published
				4880181603969540992	no_parallax_published
				4880181608265034624	no_parallax_published
				489206640558106880	no_parallax_published
				4892103131810989184	no_parallax_published
				4894398774650894848	no_parallax_published
				4896225510140805632	no_parallax_published
				4896852884603485312	no_parallax_published
				489714168253459584	no_parallax_published
				4898174699441236480	no_parallax_published
				4900794908665639168	no_parallax_published
				4901680359123557120	no_parallax_published
				4906733611485637120	no_parallax_published
				4908246780003848704	no_parallax_published
				4909393020875363840	no_parallax_published
				4910345816419665792	no_parallax_published
				4918821195644678144	no_parallax_published
				4919161906810332416	no_parallax_published
				4921295474763537536	no_parallax_published
				4921295474764820352	no_parallax_published
				4921295474765265792	no_parallax_published
				4921447207367922176	no_parallax_published
				4921447207369578752	no_parallax_published
				492328325869953664	no_parallax_published
				4924895310192440576	no_parallax_published
				4928954775842028544	no_parallax_published
				4928954775843502080	no_parallax_published
				492922371385533440	no_parallax_published
				4933412161623693824	no_parallax_published
				4935073248814218752	refused_no_defensible_parallax
				4937112396207597312	no_parallax_published
				493957351125049728	no_parallax_published
				4945973291695885568	no_parallax_published
				4946234322628245888	refused_no_defensible_parallax
				4946577542055387008	no_parallax_published
				4947475739975363712	no_parallax_published
				4949495233598599552	no_parallax_published
				4950687482159929344	no_parallax_published
				4954097342594018944	no_parallax_published
				4955058728075196928	no_parallax_published
				4955880853535458304	no_parallax_published
				4955947717583980928	no_parallax_published
				4956851550503708288	no_parallax_published
				4956952499413447168	no_parallax_published
				495966609846084480	no_parallax_published
				496174348822385920	no_parallax_published
				4963415561905673216	no_parallax_published
				4963415566200243584	no_parallax_published
				4966306972545943808	no_parallax_published
				4970122965089348224	no_parallax_published
				4970527997682676480	no_parallax_published
				497370102079142016	no_parallax_published
				497455692186047360	no_parallax_published
				4974854919537840000	no_parallax_published
				4975763631536432384	no_parallax_published
				4975763631539273344	no_parallax_published
				4977995777583164544	no_parallax_published
				4981454257046289280	no_parallax_published
				4987085951307189376	no_parallax_published
				4987418935828027904	no_parallax_published
				4989615072865455360	no_parallax_published
				4990602468666847744	no_parallax_published
				4992772492303078784	no_parallax_published
				4993587226123183744	no_parallax_published
				4994581292009978112	no_parallax_published
				4996098858574040320	no_parallax_published
				4997554989926510464	no_parallax_published
				4998492632826816640	no_parallax_published
				500239621267037696	no_parallax_published
				5003012175371977984	no_parallax_published
				5004023416832527744	no_parallax_published
				500659737788606848	no_parallax_published
				5010454907021068032	no_parallax_published
				5014105491783410560	no_parallax_published
				5014917962157426560	no_parallax_published
				5017700997886872576	no_parallax_published
				5018320607048717312	no_parallax_published
				5024478937314740736	no_parallax_published
				5027838804331370880	refused_no_defensible_parallax
				5034740194004793088	no_parallax_published
				503673052484172160	no_parallax_published
				503791112544663680	no_parallax_published
				5038446205320921984	no_parallax_published
				5038639822447018624	no_parallax_published
				504023796691108608	no_parallax_published
				5048252165412360192	no_parallax_published
				5049392427691250176	no_parallax_published
				504957316432736512	refused_no_defensible_parallax
				5050390646810785536	no_parallax_published
				5051609386731385216	no_parallax_published
				505571840352524544	no_parallax_published
				505592146949074560	no_parallax_published
				505678149384682112	no_parallax_published
				505959521277788160	no_parallax_published
				506155371780708224	no_parallax_published
				507092877248179584	no_parallax_published
				507104697001078272	no_parallax_published
				507357412876966912	no_parallax_published
				507464512179223936	no_parallax_published
				5074991635364860544	no_parallax_published
				507765366048616448	no_parallax_published
				5077976637637800320	no_parallax_published
				5078851092978608512	no_parallax_published
				5079349068666737664	no_parallax_published
				508003479036093184	no_parallax_published
				508143013935803648	no_parallax_published
				508216578123799808	no_parallax_published
				5082428177964340480	no_parallax_published
				5085529320448955264	no_parallax_published
				5091025641635400576	no_parallax_published
				5091177339878906880	no_parallax_published
				5093144881577106432	no_parallax_published
				5094534355038466944	no_parallax_published
				5094797550635211904	no_parallax_published
				5095173407516635392	no_parallax_published
				5095173411813002624	no_parallax_published
				5100574586588641664	no_parallax_published
				5100800712322813952	refused_no_defensible_parallax
				5102034158210675456	no_parallax_published
				5105796687000990592	no_parallax_published
				510748306738071680	no_parallax_published
				511137155893367168	no_parallax_published
				511315070617358720	no_parallax_published
				511513223231510528	no_parallax_published
				5115462528079699328	no_parallax_published
				511559329694975104	no_parallax_published
				511675160677279744	no_parallax_published
				5117864548670585984	no_parallax_published
				5120169228121400320	no_parallax_published
				512120394168822656	no_parallax_published
				5121238434459873664	no_parallax_published
				5123282770173152384	refused_no_defensible_parallax
				512472925084132608	no_parallax_published
				512494125042454272	no_parallax_published
				512607787049238016	no_parallax_published
				512630808080446464	no_parallax_published
				5128806441713009152	no_parallax_published
				513303503036444800	no_parallax_published
				513306664133257856	no_parallax_published
				5134279707516537344	no_parallax_published
				513660947393773056	no_parallax_published
				513697334356959872	no_parallax_published
				51378872695922048	no_parallax_published
				513971868666994560	no_parallax_published
				514015780415041280	no_parallax_published
				5143081607335034240	no_parallax_published
				5147155435354691200	no_parallax_published
				514838455633921408	no_parallax_published
				5148457703798708096	no_parallax_published
				515080275167168256	no_parallax_published
				5151579904504563072	no_parallax_published
				5152152853141996928	refused_no_defensible_parallax
				5155370883158999808	refused_no_defensible_parallax
				5157042411415263360	no_parallax_published
				5157805747362675456	no_parallax_published
				5157976485198073728	no_parallax_published
				5162675523017422848	no_parallax_published
				5164543558913610752	no_parallax_published
				5169308120753318272	no_parallax_published
				5169496927515532928	no_parallax_published
				5170019259962840832	no_parallax_published
				5171933342202886272	no_parallax_published
				5173663556893204736	no_parallax_published
				5173663561188872960	no_parallax_published
				5177257452383240064	no_parallax_published
				5178245329220943232	no_parallax_published
				5179761173502999296	no_parallax_published
				5179761177798403840	no_parallax_published
				5180341750002092672	no_parallax_published
				5180341754297724160	no_parallax_published
				518325762918556544	no_parallax_published
				5183897781060297344	refused_no_defensible_parallax
				5184813468087426048	no_parallax_published
				5185023303010059520	no_parallax_published
				5185736439380085120	no_parallax_published
				5187523798610107648	no_parallax_published
				5190912940124310784	no_parallax_published
				5190912940126323968	no_parallax_published
				5190987638197222528	no_parallax_published
				5195266834372519552	no_parallax_published
				5197680880871581952	no_parallax_published
				5198989643307866496	no_parallax_published
				520038149193937024	no_parallax_published
				5203855600734633344	no_parallax_published
				520593368205201664	no_parallax_published
				5212914678896850176	no_parallax_published
				5213210761059105792	no_parallax_published
				5215929711577830912	no_parallax_published
				5216089248142374528	no_parallax_published
				5216901306198519040	no_parallax_published
				5218674303058576640	no_parallax_published
				5218964329312227584	no_parallax_published
				5222039083513559552	no_parallax_published
				522471192331961344	no_parallax_published
				522471196625555072	no_parallax_published
				5224742335936183808	no_parallax_published
				5225044151876335744	no_parallax_published
				5225963171801068800	no_parallax_published
				5226000108518913536	no_parallax_published
				5228255138152690432	no_parallax_published
				522986008584661120	no_parallax_published
				522986008591967488	no_parallax_published
				5231794736655724800	no_parallax_published
				5232829278330590720	no_parallax_published
				523722921903033728	no_parallax_published
				523968112997228800	no_parallax_published
				5240026127375805312	no_parallax_published
				5241117465690886784	no_parallax_published
				5242126572544595456	no_parallax_published
				5242968905833300608	no_parallax_published
				5243140429644514176	no_parallax_published
				5243232582465704448	no_parallax_published
				5243571541281452928	no_parallax_published
				5244215580212794752	no_parallax_published
				5244916072200521600	no_parallax_published
				5245795956383083264	no_parallax_published
				5249549444262633856	no_parallax_published
				525307043276642688	no_parallax_published
				5253172373774826496	no_parallax_published
				5253437802755201664	no_parallax_published
				5254379019058839680	no_parallax_published
				5254542090372414848	no_parallax_published
				5254760515255369984	no_parallax_published
				5254893349955428992	no_parallax_published
				525529728734748032	no_parallax_published
				5257747304205834624	no_parallax_published
				5258238407936497152	no_parallax_published
				5259180964276612864	no_parallax_published
				5262810104248410752	no_parallax_published
				5267176372297422976	no_parallax_published
				5268755820751031296	no_parallax_published
				5272785977542625664	no_parallax_published
				5272962174283409408	no_parallax_published
				5273069720266561152	no_parallax_published
				5276312076975946240	no_parallax_published
				5276784660820445952	no_parallax_published
				5276802356083818752	no_parallax_published
				5277009167349517440	no_parallax_published
				5278041814926509696	no_parallax_published
				5278091121152174080	no_parallax_published
				5280988742306236288	no_parallax_published
				5281491773175605760	no_parallax_published
				5283629189417624704	no_parallax_published
				5283646575450900992	no_parallax_published
				5284347892070807168	no_parallax_published
				5284445542445757696	no_parallax_published
				5284985368293688320	no_parallax_published
				5287191881968081920	no_parallax_published
				5287191881970036096	no_parallax_published
				5288624030225825920	no_parallax_published
				5289591291221105024	no_parallax_published
				5289654822378361856	no_parallax_published
				5290348992174637824	no_parallax_published
				5290542265703515904	no_parallax_published
				5290722379451898368	no_parallax_published
				5291006534485149056	no_parallax_published
				5292017775941674496	no_parallax_published
				5292616219506222592	no_parallax_published
				5294043179442099200	no_parallax_published
				5294413680501215104	no_parallax_published
				5295135303727008640	no_parallax_published
				5297869239393798656	no_parallax_published
				5299959204843474432	no_parallax_published
				5301069539782630656	no_parallax_published
				5301077889194127104	no_parallax_published
				5301255357250074112	no_parallax_published
				5301822808331608704	no_parallax_published
				5303235818218054656	no_parallax_published
				5304144220979805568	no_parallax_published
				5304637248865812608	no_parallax_published
				5306251950428773760	no_parallax_published
				530750862781153536	no_parallax_published
				5309457404766944768	no_parallax_published
				5310904258993704448	no_parallax_published
				5311395500181111936	no_parallax_published
				5312024386468791552	no_parallax_published
				5312161825419135488	no_parallax_published
				531282957689011072	no_parallax_published
				5313695850286283520	no_parallax_published
				5314438501665970560	no_parallax_published
				5315563886176034816	no_parallax_published
				5315863155196933376	no_parallax_published
				5315936208301298944	no_parallax_published
				5316011971525767040	no_parallax_published
				5316077839145253120	no_parallax_published
				5316077839148497408	no_parallax_published
				5316124293512430336	no_parallax_published
				5317481262666997760	no_parallax_published
				5318196288817511168	no_parallax_published
				5318390936737525376	no_parallax_published
				531841062920629504	no_parallax_published
				532031622030022528	no_parallax_published
				532106079582927488	no_parallax_published
				5321099514909364352	no_parallax_published
				5321120646149515520	no_parallax_published
				532117899334270080	no_parallax_published
				5321371059920035456	no_parallax_published
				5322926800150941440	no_parallax_published
				5323601556704346624	no_parallax_published
				5323881416771541504	no_parallax_published
				5324661966949283840	no_parallax_published
				5325055145434932352	no_parallax_published
				5325420080207895680	no_parallax_published
				5325423172584765824	no_parallax_published
				5325503574371256576	no_parallax_published
				5326688676099878784	no_parallax_published
				5326745919426983552	no_parallax_published
				5327811999039568128	no_parallax_published
				5328290870714043648	no_parallax_published
				5328611236609981952	no_parallax_published
				5329117943983304704	no_parallax_published
				5329134264857776768	no_parallax_published
				5329201369424534272	no_parallax_published
				5329737892426244480	no_parallax_published
				5329922202375348480	no_parallax_published
				533003899546981120	no_parallax_published
				5330651109854687872	no_parallax_published
				5330869255534073472	no_parallax_published
				5331414583239214848	no_parallax_published
				5331461037611640704	no_parallax_published
				5331822983086052480	no_parallax_published
				5331934201265190912	no_parallax_published
				5332095077855462912	no_parallax_published
				533213081628542208	no_parallax_published
				5332474237605058688	no_parallax_published
				5332528044959478656	no_parallax_published
				5333046911384177024	no_parallax_published
				5333952565329401344	refused_no_defensible_parallax
				5333999603812846080	no_parallax_published
				5334337463130944000	no_parallax_published
				5334572891730110080	no_parallax_published
				5334628558868281472	no_parallax_published
				5334730401129706112	no_parallax_published
				5335503082905625216	no_parallax_published
				5335684090022052352	refused_no_defensible_parallax
				5335780709606218112	no_parallax_published
				5337416920338033152	no_parallax_published
				5337817280019794304	no_parallax_published
				5337942315110354944	no_parallax_published
				5338665239650236288	no_parallax_published
				5338665243998865664	no_parallax_published
				5338711286035256832	no_parallax_published
				5339154595392400640	no_parallax_published
				5339677756763368192	no_parallax_published
				5341063038321230720	no_parallax_published
				5342322288347922176	no_parallax_published
				5342913138432265088	no_parallax_published
				5343494432160844672	no_parallax_published
				5343704718078830208	no_parallax_published
				5343825664354884480	no_parallax_published
				5343851636012047488	no_parallax_published
				5344277013873497600	no_parallax_published
				5346100656995295872	refused_no_defensible_parallax
				535018754605001856	no_parallax_published
				5350357862947802880	no_parallax_published
				5351851412034450304	no_parallax_published
				5353857127413306240	no_parallax_published
				535608951827520128	no_parallax_published
				5356555088435068288	refused_no_defensible_parallax
				5356769768076801664	no_parallax_published
				5361403934681415808	no_parallax_published
				5362162047957986048	no_parallax_published
				5362225750908709888	no_parallax_published
				5362225750912144128	no_parallax_published
				5363746341129314944	no_parallax_published
				5364063275362949376	no_parallax_published
				5365853104188557056	no_parallax_published
				5366418497977649792	no_parallax_published
				5369679752557691520	no_parallax_published
				5372100499197474816	no_parallax_published
				5373152761883931520	no_parallax_published
				5373334151248142464	no_parallax_published
				5374118480991756160	no_parallax_published
				5376362412424586240	no_parallax_published
				5380651607280886528	no_parallax_published
				5384358576376940416	no_parallax_published
				5385480245736375936	no_parallax_published
				538645287545211392	no_parallax_published
				538645287548454016	no_parallax_published
				5387926010573912448	no_parallax_published
				538840828820059008	no_parallax_published
				5389928599202942464	no_parallax_published
				539260704821650560	no_parallax_published
				5393852000287560064	no_parallax_published
				5394779163465739136	no_parallax_published
				5395711377529731328	no_parallax_published
				5396870949980084096	no_parallax_published
				5397317965878177920	no_parallax_published
				5398393155109531776	no_parallax_published
				539872132067235456	no_parallax_published
				539872136366384000	no_parallax_published
				5399069938875141888	no_parallax_published
				539910000797189888	no_parallax_published
				5399625226606912384	no_parallax_published
				5401352520717049472	no_parallax_published
				5401352525012118656	no_parallax_published
				5401364104245004544	no_parallax_published
				5401667775614532736	no_parallax_published
				5401800232405603968	no_parallax_published
				5401954404551499264	no_parallax_published
				5404484896228570880	refused_no_defensible_parallax
				5405656047906685184	no_parallax_published
				5405919174765671296	no_parallax_published
				540654026572868608	no_parallax_published
				5407028719444452224	no_parallax_published
				5408805873830637568	no_parallax_published
				5409573917056272512	no_parallax_published
				5413796454028141056	no_parallax_published
				5414458566184039424	no_parallax_published
				5415040963750972928	no_parallax_published
				5415268700095891456	no_parallax_published
				5415633944112751360	no_parallax_published
				5415733862231565824	no_parallax_published
				5418311083127639680	no_parallax_published
				5418581288110103552	no_parallax_published
				5418608294863900288	no_parallax_published
				5418612521111596672	no_parallax_published
				5420546046665694208	no_parallax_published
				5420546046668679680	no_parallax_published
				542142112481320832	no_parallax_published
				5423244042046619008	no_parallax_published
				5423390036575977984	no_parallax_published
				5425983784497824640	no_parallax_published
				5426587107149861120	no_parallax_published
				5429460818232521216	no_parallax_published
				5429472569263019136	no_parallax_published
				5432764232193721088	no_parallax_published
				5432771585177485824	no_parallax_published
				5434444801357502080	no_parallax_published
				5437534562169192704	no_parallax_published
				5440390513559671552	no_parallax_published
				5443024599823728384	no_parallax_published
				544311242762921600	no_parallax_published
				5443565593903975040	no_parallax_published
				5443864248746969856	no_parallax_published
				5443967534123614592	no_parallax_published
				5445928719269796224	no_parallax_published
				5446882202010944384	no_parallax_published
				5447499096750024960	no_parallax_published
				5449301299389982208	no_parallax_published
				5449520411440929664	no_parallax_published
				5449535564085627776	no_parallax_published
				5452321967068132352	no_parallax_published
				5454905200918277760	no_parallax_published
				5454908843051040384	no_parallax_published
				5456139226626605568	no_parallax_published
				5456647892488891520	no_parallax_published
				5457514307648815488	no_parallax_published
				5459765385908765312	no_parallax_published
				5460062391490910208	no_parallax_published
				5460176878134833536	no_parallax_published
				5461291130094947840	no_parallax_published
				5463293886227125120	no_parallax_published
				5463641782873289856	no_parallax_published
				5465844276461880320	no_parallax_published
				5467240828029146240	no_parallax_published
				5467366103634549888	no_parallax_published
				5467761068826496000	no_parallax_published
				5468741863261340160	refused_no_defensible_parallax
				5469125871995019136	no_parallax_published
				5470032247532501760	no_parallax_published
				5472134719924014208	no_parallax_published
				5474175688382728576	no_parallax_published
				5475129892676414720	no_parallax_published
				5475201429652044288	no_parallax_published
				5476506030272239744	no_parallax_published
				5476973808038273024	no_parallax_published
				5477851458835763328	no_parallax_published
				5479213650660162304	no_parallax_published
				5480094256396853760	no_parallax_published
				5480233512118938624	no_parallax_published
				5480233516415666048	no_parallax_published
				5480486640313882880	no_parallax_published
				5480877447976039296	no_parallax_published
				5481079453174041344	no_parallax_published
				5483439932840444800	no_parallax_published
				5483585893009048320	no_parallax_published
				5483819607950208512	no_parallax_published
				5485318242298224896	no_parallax_published
				5485492132637297280	no_parallax_published
				5485579135791500928	no_parallax_published
				5485764918896858240	no_parallax_published
				5486229874875253760	no_parallax_published
				5487672812087829376	no_parallax_published
				5488206487548183296	no_parallax_published
				5488408900767880448	no_parallax_published
				5488957282187387520	no_parallax_published
				5489504323586145536	no_parallax_published
				5489553389292109952	no_parallax_published
				549047904493904768	no_parallax_published
				5492325017586726912	no_parallax_published
				5493175038855780352	no_parallax_published
				5494055064774838528	no_parallax_published
				5494920410485080960	no_parallax_published
				5494920414780865536	no_parallax_published
				5495870495907858176	no_parallax_published
				5495998520292731648	no_parallax_published
				5497397369664236672	no_parallax_published
				5498032960401394944	no_parallax_published
				5501712025090279424	no_parallax_published
				5501724295812866688	no_parallax_published
				5505044610474475904	no_parallax_published
				5505044614769545088	no_parallax_published
				5505552760943893632	no_parallax_published
				5506729543324404352	no_parallax_published
				5507329021978780672	no_parallax_published
				5507430692444905216	no_parallax_published
				5509018696472695808	no_parallax_published
				5509590133279106816	no_parallax_published
				5512691438967593088	no_parallax_published
				5512764114115929600	no_parallax_published
				5512910177361592576	no_parallax_published
				5513415433016148864	no_parallax_published
				5514417058047738880	no_parallax_published
				5514568928096460416	no_parallax_published
				5516314746405815680	no_parallax_published
				5516845501286482560	no_parallax_published
				5516905115433302144	no_parallax_published
				551704870052263168	no_parallax_published
				5517832656563338496	no_parallax_published
				5517877766598213760	no_parallax_published
				5519109773681116288	no_parallax_published
				5519638359591937024	no_parallax_published
				551983085146329984	no_parallax_published
				5520237288491504768	no_parallax_published
				5520253781173983104	no_parallax_published
				5521104081619196032	no_parallax_published
				5521377104098739456	no_parallax_published
				5521869204271146752	no_parallax_published
				5522265956174496000	no_parallax_published
				5523175286648856320	no_parallax_published
				5523179238018625536	no_parallax_published
				5523685391310267008	no_parallax_published
				5523752152287052288	no_parallax_published
				5524079566232136960	no_parallax_published
				5524131552517278848	no_parallax_published
				5524606816414368000	no_parallax_published
				5525008722276983040	no_parallax_published
				5525089811259075712	no_parallax_published
				5526485843130329600	no_parallax_published
				5526527697597645696	no_parallax_published
				5526546629805523456	no_parallax_published
				5527067175543686400	no_parallax_published
				5527795675013142400	no_parallax_published
				5527846626211579648	no_parallax_published
				5527846630504410752	no_parallax_published
				5528160025677707264	no_parallax_published
				5528160025687953920	no_parallax_published
				5528383192183392768	no_parallax_published
				5528593405063900544	no_parallax_published
				5528644807232327424	no_parallax_published
				5529084714967947008	no_parallax_published
				5529908524054676352	no_parallax_published
				5530688799350277248	no_parallax_published
				5532012576988765824	no_parallax_published
				5532121085044193024	no_parallax_published
				5532595764833585280	no_parallax_published
				5533625010798002816	no_parallax_published
				5534675353635905664	no_parallax_published
				5535160925455647488	no_parallax_published
				5535394159359170816	no_parallax_published
				5535973120954964608	no_parallax_published
				5537120908012992384	no_parallax_published
				5538021889074155904	no_parallax_published
				5538516875468744448	no_parallax_published
				5539606147885715072	no_parallax_published
				5540313305665920256	no_parallax_published
				5540418377752266624	no_parallax_published
				5540419099303053824	no_parallax_published
				5540823444700858112	no_parallax_published
				5541999814763454208	no_parallax_published
				5542015452750429312	no_parallax_published
				5542136536470246656	no_parallax_published
				5542540263394631936	no_parallax_published
				5542823181478395392	no_parallax_published
				5542911863965856512	no_parallax_published
				5543387505808668288	no_parallax_published
				5543387505821526784	no_parallax_published
				5543606995823786752	no_parallax_published
				5543606995831185024	no_parallax_published
				5543633590269828224	no_parallax_published
				5543778210410859904	no_parallax_published
				5544625933867742464	no_parallax_published
				5544678401189747712	no_parallax_published
				5546040696098839936	no_parallax_published
				5546090311563159424	no_parallax_published
				5546234966048849152	no_parallax_published
				5546797331902990464	no_parallax_published
				5547912167974178048	no_parallax_published
				5548838609581843200	no_parallax_published
				5548934473252113536	no_parallax_published
				5549006834861464448	no_parallax_published
				5549098609723216896	no_parallax_published
				5549487184004017792	no_parallax_published
				5550790105283190784	no_parallax_published
				5553084098855435008	no_parallax_published
				5553422297463565056	no_parallax_published
				555495200162611200	no_parallax_published
				5555294151587250304	no_parallax_published
				5555361561096817792	no_parallax_published
				5555527935247116544	no_parallax_published
				5556333568032688640	no_parallax_published
				5556435719534131072	no_parallax_published
				5558063885800099200	no_parallax_published
				5558253895152575616	no_parallax_published
				5558691986115318016	no_parallax_published
				5558933054037388416	no_parallax_published
				5560783532106334976	no_parallax_published
				5562389987317669632	no_parallax_published
				5563658273979152768	no_parallax_published
				5564591136579103104	no_parallax_published
				5565889320512913024	no_parallax_published
				5566136294012104704	no_parallax_published
				5568271962207640064	no_parallax_published
				5568401670219713536	no_parallax_published
				5568534848565220480	no_parallax_published
				5572807241513204864	no_parallax_published
				5572948460038350464	no_parallax_published
				5573149223990244224	no_parallax_published
				5573248764152217472	no_parallax_published
				5573297554980313600	no_parallax_published
				5575912399790240896	no_parallax_published
				5576143950067887872	no_parallax_published
				5578102833112227200	no_parallax_published
				5578920040831182976	no_parallax_published
				5579456984760477056	no_parallax_published
				5580824021310558208	no_parallax_published
				5581120511493193600	no_parallax_published
				5581531316525577728	no_parallax_published
				5582829698021075584	no_parallax_published
				5583528613758578560	no_parallax_published
				5583767894975878528	no_parallax_published
				5584033250937896064	no_parallax_published
				5584791471583851264	no_parallax_published
				5585757014591065856	no_parallax_published
				5585975851758971392	no_parallax_published
				5586543096687999232	no_parallax_published
				5586583022703315712	no_parallax_published
				5587591343581400448	no_parallax_published
				5587612509188266368	no_parallax_published
				5588535480479500928	no_parallax_published
				5588593617153745408	no_parallax_published
				558982576169391616	no_parallax_published
				559004944355624320	no_parallax_published
				5591093283820810880	no_parallax_published
				5592162528821783808	no_parallax_published
				5592269215811567744	no_parallax_published
				5592346422133266048	no_parallax_published
				5594694566657694080	no_parallax_published
				5595240096227001088	no_parallax_published
				5595705803817312768	no_parallax_published
				5596202989233000960	no_parallax_published
				5596648639349099136	no_parallax_published
				5596914618078516480	no_parallax_published
				5596951108122766336	no_parallax_published
				5597008351446694016	no_parallax_published
				5597120948311595648	no_parallax_published
				559736978585924736	no_parallax_published
				5597637272102140544	no_parallax_published
				5597827796849724672	no_parallax_published
				5598149575782262144	no_parallax_published
				5598149575793755264	no_parallax_published
				5598356245313542912	no_parallax_published
				5598412943178525312	no_parallax_published
				5599364639225404672	no_parallax_published
				5599967515191492992	no_parallax_published
				5600220059270377088	no_parallax_published
				5600240984351069696	no_parallax_published
				5600341039911709824	no_parallax_published
				5600394744166997888	no_parallax_published
				5600394744181134080	no_parallax_published
				5600789434496542464	no_parallax_published
				5600877979544517120	no_parallax_published
				5601054107564157952	no_parallax_published
				5601680691749611008	no_parallax_published
				5601841460954879360	no_parallax_published
				5602252987541628288	no_parallax_published
				5602252987554731392	no_parallax_published
				5602303462013180160	no_parallax_published
				5602819579627573888	no_parallax_published
				5603408402459859072	no_parallax_published
				5603408402465345536	no_parallax_published
				5603814190975960320	no_parallax_published
				5604266743088589056	no_parallax_published
				5604292409813154432	no_parallax_published
				5604396657256693376	no_parallax_published
				5604396657260879872	no_parallax_published
				560499524257385728	no_parallax_published
				5606746210536664960	no_parallax_published
				5608379706849621888	no_parallax_published
				5608701142200122240	no_parallax_published
				5609466745897434752	no_parallax_published
				5610530179797371264	no_parallax_published
				5611396491887368192	no_parallax_published
				5611426350491040768	no_parallax_published
				5611960163386111360	no_parallax_published
				5612408042577496064	no_parallax_published
				5612408042583875968	no_parallax_published
				5612549192392166528	no_parallax_published
				5613084791981361536	no_parallax_published
				5613137328032023680	no_parallax_published
				5613222883781970304	no_parallax_published
				5613363037156337408	no_parallax_published
				5613503735976610176	no_parallax_published
				5613765041783361792	no_parallax_published
				5613798164571131008	no_parallax_published
				5613980928330712192	no_parallax_published
				5614143106290605952	no_parallax_published
				5614182207676928512	no_parallax_published
				5614204404071823360	no_parallax_published
				5614328820683698176	no_parallax_published
				5614584113544185856	no_parallax_published
				5614590092117005568	no_parallax_published
				5614761753382033408	no_parallax_published
				56150551297005184	no_parallax_published
				5615130605178047488	no_parallax_published
				5615568932354747136	no_parallax_published
				5615648887467421568	no_parallax_published
				5615654488107641728	no_parallax_published
				5616041413119404288	no_parallax_published
				561620304563701760	no_parallax_published
				5616630923148766848	no_parallax_published
				5616702391401898752	no_parallax_published
				5617764004242132224	no_parallax_published
				5618500054250464768	no_parallax_published
				5618839326612045568	no_parallax_published
				5619145781110124544	no_parallax_published
				5619360696975247104	no_parallax_published
				5619594038266551552	no_parallax_published
				5620284394132540544	no_parallax_published
				5620301677080980736	no_parallax_published
				5620340086962465536	no_parallax_published
				5620863080838852992	no_parallax_published
				5621675890506260736	no_parallax_published
				5621848037101151360	no_parallax_published
				5622177615708338176	no_parallax_published
				5622177615713528448	no_parallax_published
				5622699471414842880	no_parallax_published
				5622853746642948608	no_parallax_published
				5623451503008899584	no_parallax_published
				5623482942169278848	no_parallax_published
				5624079358501856256	no_parallax_published
				5624743978921700096	no_parallax_published
				5624801187889449984	no_parallax_published
				5625002054915658240	no_parallax_published
				562501631852929920	no_parallax_published
				5625285110450705664	no_parallax_published
				5626745949086195840	no_parallax_published
				5626856931033733888	no_parallax_published
				5626986432895793664	no_parallax_published
				562807429227035904	no_parallax_published
				562807433523649536	no_parallax_published
				5628127519802159104	no_parallax_published
				5629925633629820672	no_parallax_published
				5630564003204908160	no_parallax_published
				5631497832176063488	no_parallax_published
				5631705914750764032	no_parallax_published
				5632000132892343936	no_parallax_published
				5632605448404046080	no_parallax_published
				5632605452701356928	no_parallax_published
				563333309317591296	no_parallax_published
				5633475269477765888	no_parallax_published
				5636736970722104704	no_parallax_published
				5637553701703613056	no_parallax_published
				563770159034118656	no_parallax_published
				5638940082793348864	no_parallax_published
				5639017598365099648	no_parallax_published
				563966902893460608	no_parallax_published
				5639973451927264768	no_parallax_published
				5640098585787094400	no_parallax_published
				5640559315519139968	no_parallax_published
				5640559319820441216	no_parallax_published
				5641031182100944128	no_parallax_published
				5641134295680299136	no_parallax_published
				5641698138991221248	no_parallax_published
				564384614235478656	no_parallax_published
				5643947224383340800	no_parallax_published
				5644118129727866624	no_parallax_published
				5644326315383513472	no_parallax_published
				5644733851937331328	no_parallax_published
				5644733856237530240	no_parallax_published
				5644835148748667904	no_parallax_published
				564532154951362944	no_parallax_published
				5645445961817049472	no_parallax_published
				5646402330775409408	no_parallax_published
				5646714798237906688	no_parallax_published
				5647148211966893440	no_parallax_published
				564790711983157760	no_parallax_published
				5648287134210775552	no_parallax_published
				5650635003854873088	no_parallax_published
				565067032998617472	no_parallax_published
				5651754203612163840	no_parallax_published
				5652380066245693440	no_parallax_published
				5652425214944724224	no_parallax_published
				5652597047995359616	no_parallax_published
				5652622371120698368	no_parallax_published
				5653140206738914560	no_parallax_published
				5653373440643137152	no_parallax_published
				5653542146958945920	no_parallax_published
				5653837022232632192	no_parallax_published
				5654764082333372032	no_parallax_published
				5657043095061410944	no_parallax_published
				5657632295851604224	no_parallax_published
				565766494193035008	no_parallax_published
				5658087248853528064	no_parallax_published
				5658148718424143232	no_parallax_published
				5658148722723296512	no_parallax_published
				5659759163657955968	no_parallax_published
				566072570739864960	no_parallax_published
				5660732403246943232	no_parallax_published
				566126721689614720	no_parallax_published
				5661470858448048000	no_parallax_published
				566213170790619392	no_parallax_published
				5662467226436513152	no_parallax_published
				566452692526580736	no_parallax_published
				5668466368036691200	no_parallax_published
				5668606074732595200	no_parallax_published
				5669952873397733504	no_parallax_published
				5670064783065400704	no_parallax_published
				5671289364141164544	no_parallax_published
				5671924125946531840	no_parallax_published
				5673360878407007872	no_parallax_published
				5674600199811793920	no_parallax_published
				5674659642159192832	no_parallax_published
				5676993905342884992	no_parallax_published
				5678320466122804992	no_parallax_published
				5678413271776250880	no_parallax_published
				568183736146063616	no_parallax_published
				5682725212781877888	no_parallax_published
				568367590808759296	no_parallax_published
				5683998412886906240	no_parallax_published
				5686442043120756480	no_parallax_published
				568841072300194944	no_parallax_published
				5690031948585514368	no_parallax_published
				5690033426054600320	no_parallax_published
				5691057037020025600	no_parallax_published
				5691614214537121280	no_parallax_published
				5692502345054662912	no_parallax_published
				5692673009889896704	no_parallax_published
				5692835943767426304	no_parallax_published
				5692929574056041216	no_parallax_published
				5693503244249053568	no_parallax_published
				5694080002505583744	no_parallax_published
				5694135429075198976	no_parallax_published
				5694225211073554560	refused_no_defensible_parallax
				5695513490790357632	no_parallax_published
				5695920383112707712	no_parallax_published
				5696479209902048768	no_parallax_published
				5696486116210661376	no_parallax_published
				5697001615361591168	no_parallax_published
				5697018314192013312	no_parallax_published
				5697500724913965440	no_parallax_published
				5697612359719150080	no_parallax_published
				5697684373420169600	no_parallax_published
				5697862945287136128	no_parallax_published
				5698587282930623872	no_parallax_published
				5699402502074095360	no_parallax_published
				5699817121044715776	no_parallax_published
				5700739405136927232	no_parallax_published
				5700949514942016640	no_parallax_published
				5701051769523794688	no_parallax_published
				5701255041735640192	no_parallax_published
				5702581774306577920	no_parallax_published
				5705038564318908032	no_parallax_published
				5705678789323496320	no_parallax_published
				5705912572983406336	no_parallax_published
				5706278847793767040	no_parallax_published
				5706309015646475648	no_parallax_published
				5707436289942779136	no_parallax_published
				570784630899374848	no_parallax_published
				5708788139488034944	no_parallax_published
				5710923665956472704	no_parallax_published
				5711128312560909184	no_parallax_published
				5711344091714433920	no_parallax_published
				5711507059947243136	no_parallax_published
				5711603439020396672	no_parallax_published
				5711681779224075648	no_parallax_published
				5711799976726354432	no_parallax_published
				5712010464482259200	no_parallax_published
				571253606971568640	no_parallax_published
				5712745144404927104	no_parallax_published
				5712775445390953088	no_parallax_published
				5713888121099121664	no_parallax_published
				5714031469930691840	no_parallax_published
				5714235669853730816	no_parallax_published
				5714277245140744320	no_parallax_published
				5714284460682964224	no_parallax_published
				5714630050931369856	no_parallax_published
				5714795561789116288	no_parallax_published
				5715166440810646656	no_parallax_published
				5715356278357812608	no_parallax_published
				5715869750293440000	no_parallax_published
				5715984683618311424	no_parallax_published
				5716308730313535616	no_parallax_published
				5716310929336774528	no_parallax_published
				5716953142898247040	no_parallax_published
				5717019255342745344	no_parallax_published
				5717768400713273600	no_parallax_published
				5717795441831386368	no_parallax_published
				5718022697138315392	no_parallax_published
				5718202398568454144	no_parallax_published
				5718325028473580416	no_parallax_published
				571853081324204160	no_parallax_published
				5718949997758772096	no_parallax_published
				5719514940575094528	no_parallax_published
				5720102419078387200	no_parallax_published
				5720728595251537408	no_parallax_published
				5721766259344396544	no_parallax_published
				5724081555961046400	no_parallax_published
				5724173090303278720	no_parallax_published
				5724718482433253376	no_parallax_published
				5725582011376291200	no_parallax_published
				5725671449776538624	no_parallax_published
				5725818062779411712	no_parallax_published
				5726573014946293504	no_parallax_published
				5726593218471301120	no_parallax_published
				5728952358107362304	no_parallax_published
				5731774838814585856	no_parallax_published
				5733483960921090816	no_parallax_published
				5734457063069913728	no_parallax_published
				5734457063071364224	no_parallax_published
				5735015408820756864	no_parallax_published
				5735724078422129664	no_parallax_published
				5735868629843395584	no_parallax_published
				5737980619880546688	no_parallax_published
				5738215571770610560	no_parallax_published
				5738215571771466752	no_parallax_published
				5740482726092357760	no_parallax_published
				5740982183545260928	no_parallax_published
				5741401269274512640	no_parallax_published
				5741897320817050752	no_parallax_published
				574216378490248448	no_parallax_published
				5742936840341577600	no_parallax_published
				5748963641531991808	no_parallax_published
				5751656689106190848	no_parallax_published
				5752895082795560704	no_parallax_published
				5753658040786568448	no_parallax_published
				5754243358928542336	no_parallax_published
				575499508559184768	no_parallax_published
				5755294251527142144	no_parallax_published
				5756350023206235520	no_parallax_published
				5757592024669861248	no_parallax_published
				5758456790564969984	no_parallax_published
				5760384303166971008	no_parallax_published
				5761467940597822336	no_parallax_published
				5762064013338073344	no_parallax_published
				5762305729801932928	no_parallax_published
				5766341766407575296	no_parallax_published
				5767661833195573760	no_parallax_published
				5768038587728015616	no_parallax_published
				5768073149326683264	no_parallax_published
				5773034180150487040	no_parallax_published
				5773615546922725504	no_parallax_published
				5773615551217670912	no_parallax_published
				577433308993857664	no_parallax_published
				5774611433874570368	no_parallax_published
				5775352195477575168	no_parallax_published
				5776856499179518976	no_parallax_published
				577700902636050304	no_parallax_published
				5778033595101314944	no_parallax_published
				5778908325321798272	no_parallax_published
				5779032123454755200	no_parallax_published
				5779032123458757120	no_parallax_published
				5779144548524842240	no_parallax_published
				5779761610764519040	no_parallax_published
				5779761615066270080	no_parallax_published
				5779805251933136768	no_parallax_published
				5779970659714689920	no_parallax_published
				5780593704848844800	no_parallax_published
				5782966691454543360	no_parallax_published
				5784415504186355456	no_parallax_published
				5785309853818732928	no_parallax_published
				5785397780382764032	no_parallax_published
				5785511236243661440	no_parallax_published
				5786174482273355520	no_parallax_published
				5786555944085206528	no_parallax_published
				5786697781090605312	no_parallax_published
				5788524757098528512	no_parallax_published
				5790019023461486976	no_parallax_published
				5790076271087024256	no_parallax_published
				5790114307317664128	no_parallax_published
				5791575283395660160	no_parallax_published
				5791605485606623616	no_parallax_published
				579189847538509312	no_parallax_published
				5791939221739673088	no_parallax_published
				5792322057944963584	no_parallax_published
				5795237241231202304	no_parallax_published
				5795326026786156800	no_parallax_published
				579619172469572224	no_parallax_published
				5797288448881511424	no_parallax_published
				5798041648712460672	no_parallax_published
				5798262135164003584	no_parallax_published
				5798607450534223616	no_parallax_published
				5802739209057680128	no_parallax_published
				5803454338296249088	no_parallax_published
				5803875962345502848	no_parallax_published
				5803875966645049600	no_parallax_published
				5803993751825141120	no_parallax_published
				5804361469751556864	no_parallax_published
				5805310588801878016	no_parallax_published
				5806219369525918080	no_parallax_published
				5806403331564563968	no_parallax_published
				5808111800834620672	no_parallax_published
				5808855929696096896	no_parallax_published
				5809015152724901760	no_parallax_published
				5809309783180191488	no_parallax_published
				5809310165435708160	no_parallax_published
				5809398676121832064	no_parallax_published
				5809694032423611904	no_parallax_published
				5809966195906615040	no_parallax_published
				5811151469451379328	no_parallax_published
				5811820762796094464	no_parallax_published
				5811828665539287040	no_parallax_published
				5811912262778678912	no_parallax_published
				5812147008506909952	no_parallax_published
				5813042973052888832	no_parallax_published
				5813288262916416256	no_parallax_published
				5814021400948111488	no_parallax_published
				5814236011877762944	no_parallax_published
				5814350051856113664	no_parallax_published
				5814350051860470912	no_parallax_published
				5814694194691643648	no_parallax_published
				5814874450173834240	no_parallax_published
				5816874358747693312	no_parallax_published
				5818078457120168192	no_parallax_published
				5819124337506198144	no_parallax_published
				5820555592402622592	no_parallax_published
				582057270784887936	no_parallax_published
				5820626613991945728	no_parallax_published
				5820781542056451584	no_parallax_published
				5821022884852204288	no_parallax_published
				5821660773401934080	no_parallax_published
				5821864423572700288	no_parallax_published
				5822780488562953088	no_parallax_published
				5822839690379731968	no_parallax_published
				5823013516314320768	no_parallax_published
				5824161956209208192	no_parallax_published
				5825282942641016448	no_parallax_published
				5825505387620707968	no_parallax_published
				5825750471301723392	no_parallax_published
				5828186684153414528	no_parallax_published
				5829881924929049088	no_parallax_published
				5830218238050610560	no_parallax_published
				5830977519546148864	no_parallax_published
				5832323012551334784	no_parallax_published
				5833280652837541376	no_parallax_published
				5833547868532998272	no_parallax_published
				583393795888256640	no_parallax_published
				5834555880167948032	no_parallax_published
				5835122403476008576	no_parallax_published
				5835122403546771968	no_parallax_published
				5835605192193993088	no_parallax_published
				5835646904981514368	no_parallax_published
				58364654182735744	no_parallax_published
				5836727759175851648	no_parallax_published
				5837566377306445056	no_parallax_published
				5837890389640575104	no_parallax_published
				5839516051951998848	no_parallax_published
				5840777878987774208	no_parallax_published
				5842193912529290496	no_parallax_published
				5842195802311875328	no_parallax_published
				5843036241514229632	no_parallax_published
				5843812496731899264	no_parallax_published
				5844029444122850176	no_parallax_published
				5844257725903462528	no_parallax_published
				5845504915686800640	no_parallax_published
				5845504920016168576	no_parallax_published
				5845943522058372864	no_parallax_published
				5847677761145890688	no_parallax_published
				5848206729312716032	no_parallax_published
				5848480370285388672	no_parallax_published
				5850091292295290880	no_parallax_published
				5851726678392613120	no_parallax_published
				5852620306468645376	no_parallax_published
				5852970226063303552	no_parallax_published
				5853227855386328192	no_parallax_published
				5853711159437350528	refused_no_defensible_parallax
				5854053657296378880	no_parallax_published
				5854580976151757824	no_parallax_published
				5854580976168807040	no_parallax_published
				5854591692090427264	no_parallax_published
				5855363102583750144	no_parallax_published
				5855365890037893504	no_parallax_published
				5855435743388688384	no_parallax_published
				5855840775977123456	no_parallax_published
				5855870943831213568	no_parallax_published
				5856575490251768704	no_parallax_published
				5858276159914831872	no_parallax_published
				5858680127325592960	no_parallax_published
				5858798943357360896	no_parallax_published
				5860037332664592512	no_parallax_published
				5860240918477777152	no_parallax_published
				5860694810612126720	no_parallax_published
				5861165504635373312	no_parallax_published
				5862013262441292160	no_parallax_published
				5862035798128477568	no_parallax_published
				5862192414184325760	no_parallax_published
				5863426959533513344	no_parallax_published
				5863840410338687360	no_parallax_published
				5863979395468875008	no_parallax_published
				5865463392510217088	no_parallax_published
				5865493766512332928	no_parallax_published
				5865938450269086080	no_parallax_published
				5866614821704330880	no_parallax_published
				5866966150026305792	no_parallax_published
				5867876751815489664	no_parallax_published
				5867978555402482688	no_parallax_published
				5868284430134276480	no_parallax_published
				5868522302581467008	no_parallax_published
				5868728525410860032	no_parallax_published
				5868813810622052224	no_parallax_published
				5869679298071571712	no_parallax_published
				5870715106771681920	no_parallax_published
				587100657606232448	no_parallax_published
				5871341965768157952	no_parallax_published
				5871783316655281536	no_parallax_published
				5872430791543684864	no_parallax_published
				5873178150228564736	no_parallax_published
				5873454299428869760	no_parallax_published
				5874666094360395392	no_parallax_published
				5874871943549364352	no_parallax_published
				5875100474523747456	no_parallax_published
				5875667788178671360	no_parallax_published
				5875768805820985216	no_parallax_published
				5876120752622035328	no_parallax_published
				5876633812179203968	no_parallax_published
				5878200822387717248	no_parallax_published
				5878760679982193280	no_parallax_published
				5878872864526676352	no_parallax_published
				5879896612917668096	no_parallax_published
				5880499896893844480	no_parallax_published
				5880690563414900992	no_parallax_published
				5881345734913249152	no_parallax_published
				5882146454275300864	no_parallax_published
				588305589206857856	no_parallax_published
				5883458137237000192	no_parallax_published
				5883538332851887232	no_parallax_published
				5884279816039629184	no_parallax_published
				5884652791011932800	no_parallax_published
				5884987970229405696	no_parallax_published
				5885673275210540160	no_parallax_published
				5885734023231784832	no_parallax_published
				5885903829066718592	no_parallax_published
				5886132596231365760	no_parallax_published
				5886488631804955008	no_parallax_published
				5886610746318606208	no_parallax_published
				5886719666704230400	no_parallax_published
				5887165587409002624	no_parallax_published
				5887233069946742784	no_parallax_published
				5887256400211003648	no_parallax_published
				5887665006208232192	no_parallax_published
				5888373985008272256	no_parallax_published
				5888385014517026304	no_parallax_published
				5888512763983657216	no_parallax_published
				5888771355426871936	no_parallax_published
				5889245790339996032	no_parallax_published
				5889793695073809792	no_parallax_published
				5889898732780469376	no_parallax_published
				5891889054958572160	no_parallax_published
				589248867104201472	no_parallax_published
				5893169986050602496	no_parallax_published
				5893410813452080384	no_parallax_published
				5893911400455489920	no_parallax_published
				5894800389964769920	no_parallax_published
				5895497927025232768	no_parallax_published
				5898649024249893632	no_parallax_published
				5900156729579157888	no_parallax_published
				5900607598071347328	no_parallax_published
				5902173199550334976	no_parallax_published
				5902239101523198976	no_parallax_published
				5902780301757686400	no_parallax_published
				5902780301770909696	no_parallax_published
				5903068373812305280	no_parallax_published
				5903933552022209408	no_parallax_published
				5904099612623288576	no_parallax_published
				5905338723559757568	no_parallax_published
				5905729260653881088	no_parallax_published
				5906094470299460992	no_parallax_published
				5906342685057072896	no_parallax_published
				5906464455973314944	no_parallax_published
				5906708032161714816	no_parallax_published
				5906794962299216512	no_parallax_published
				5907665225748607232	no_parallax_published
				5908594313063449344	no_parallax_published
				5909043188686424448	no_parallax_published
				5909197395198573312	no_parallax_published
				5910220555185340800	no_parallax_published
				5910594908839820288	no_parallax_published
				5910818418939556608	no_parallax_published
				5911132707454770048	no_parallax_published
				5911224619760450304	no_parallax_published
				5911820726870873088	no_parallax_published
				5915175852241995520	no_parallax_published
				5915719075398466688	no_parallax_published
				5915719079708761856	no_parallax_published
				5916366554625976960	no_parallax_published
				5916665449986919040	no_parallax_published
				5917121334991252864	no_parallax_published
				5917322339475174528	no_parallax_published
				5918477067176708864	no_parallax_published
				5919445423384785536	no_parallax_published
				5920115854901932544	no_parallax_published
				5920578371337155968	no_parallax_published
				5922031375966900224	no_parallax_published
				5922360129945016576	no_parallax_published
				592277776825014144	no_parallax_published
				592277781120472064	no_parallax_published
				5923058079309372672	no_parallax_published
				5924356499475614336	no_parallax_published
				5925088808575540480	no_parallax_published
				5925173196093181312	no_parallax_published
				5925305309292296832	no_parallax_published
				5926138979639694336	no_parallax_published
				5926156984143974784	no_parallax_published
				5927198118531635584	no_parallax_published
				5927309753347698688	no_parallax_published
				5928959192620954496	no_parallax_published
				5930919175192747904	no_parallax_published
				5931324998027123968	no_parallax_published
				5931769436901830656	no_parallax_published
				5931888836994466560	no_parallax_published
				5931918390753705600	no_parallax_published
				5932595689980219648	no_parallax_published
				5932834451353218176	no_parallax_published
				5933119950719208192	no_parallax_published
				5934494752598438272	no_parallax_published
				5934845668634338304	no_parallax_published
				5935588904097908736	no_parallax_published
				5936079733004154112	no_parallax_published
				5936400854760160256	no_parallax_published
				5936400854781134336	no_parallax_published
				5937436736510413952	no_parallax_published
				5937595508506693632	no_parallax_published
				5937653340294607744	no_parallax_published
				5937823970733997824	no_parallax_published
				5937872727166713856	no_parallax_published
				5937992917575936896	no_parallax_published
				5938065622798090880	no_parallax_published
				5938875894097946752	no_parallax_published
				5939449186367579648	no_parallax_published
				5939626757488700032	no_parallax_published
				5939771201491586304	no_parallax_published
				5940212247391350144	no_parallax_published
				594068503309427712	no_parallax_published
				5940974449512082944	no_parallax_published
				5941477819665953792	no_parallax_published
				594232437916708480	no_parallax_published
				5942569084937842048	no_parallax_published
				5942680376142423680	no_parallax_published
				5942974255014308608	refused_no_defensible_parallax
				5944258725073366528	no_parallax_published
				5944872527433795328	no_parallax_published
				5945550960477066240	no_parallax_published
				5945871193239780608	no_parallax_published
				5946269864967666048	no_parallax_published
				5946410160108075776	no_parallax_published
				5949834451631635584	no_parallax_published
				5949835963471314432	no_parallax_published
				5950516389379811328	no_parallax_published
				5952022239287657984	no_parallax_published
				5952508189005176320	no_parallax_published
				5952544576039878528	no_parallax_published
				5952794577496048640	no_parallax_published
				5953206138414213760	no_parallax_published
				5953260873486173440	no_parallax_published
				5954679415242995968	no_parallax_published
				5954753872812028032	no_parallax_published
				5955592933297757824	no_parallax_published
				5956171070254952704	no_parallax_published
				5956579676263615104	no_parallax_published
				5957706851874027904	no_parallax_published
				5958373499482606208	no_parallax_published
				5958878415791860480	no_parallax_published
				5960331970193485824	no_parallax_published
				596086725621584384	no_parallax_published
				5962532917563870464	no_parallax_published
				5962857617113214592	no_parallax_published
				5962968289813299200	refused_no_defensible_parallax
				5963082123607309440	no_parallax_published
				5964958234041941248	no_parallax_published
				5965283105377481344	no_parallax_published
				5967220169987898624	refused_no_defensible_parallax
				5967407877263150976	no_parallax_published
				5969673420936964864	no_parallax_published
				5975044294736090496	no_parallax_published
				5975153215090484224	no_parallax_published
				5976157687704738560	no_parallax_published
				5976332093419914240	no_parallax_published
				5976332097723039104	no_parallax_published
				5976752970163441280	no_parallax_published
				5977488921439617152	no_parallax_published
				5980511646353732096	no_parallax_published
				5980884861833145344	no_parallax_published
				5980995160906607744	no_parallax_published
				5981052060634353408	no_parallax_published
				5981839517123047296	no_parallax_published
				5981968950250631936	no_parallax_published
				5982251593483766272	no_parallax_published
				5982315846186430720	no_parallax_published
				5985657914886790912	no_parallax_published
				5985820676955712896	no_parallax_published
				5986006769286691328	no_parallax_published
				598717685148782464	no_parallax_published
				5988020249954668672	no_parallax_published
				5989306128781091712	no_parallax_published
				5989756275721645824	no_parallax_published
				5995538779177305984	no_parallax_published
				5995968722577292416	no_parallax_published
				5996662303939118208	no_parallax_published
				5998914623460574080	no_parallax_published
				5999934970231479936	no_parallax_published
				600095308794489472	no_parallax_published
				6002583178360601088	no_parallax_published
				6003507730199019008	no_parallax_published
				6003932176039708672	no_parallax_published
				6004568965073578880	no_parallax_published
				6004589271681817088	no_parallax_published
				6004790138700938624	no_parallax_published
				6005646761351551360	no_parallax_published
				6007066638878890240	no_parallax_published
				6007066643173492224	no_parallax_published
				600764494763029376	no_parallax_published
				6008381384209677952	no_parallax_published
				600946468234277248	no_parallax_published
				6011100339026523648	no_parallax_published
				6011635526305280128	no_parallax_published
				6012091200851422080	no_parallax_published
				6012091205156006528	no_parallax_published
				6012826945931640448	no_parallax_published
				6012826950225228544	no_parallax_published
				6014435570099351424	no_parallax_published
				6015714164683913088	no_parallax_published
				6019299603416756096	no_parallax_published
				602164658396369024	no_parallax_published
				6022099372309438720	no_parallax_published
				6022782306469154304	no_parallax_published
				6023429953167950720	no_parallax_published
				6024149136853540480	no_parallax_published
				6024233627478683136	no_parallax_published
				6025093857873680640	no_parallax_published
				6025605474362083968	no_parallax_published
				6026153851498284672	no_parallax_published
				6028534676521195392	no_parallax_published
				6028862365363593856	no_parallax_published
				6028913419519232384	no_parallax_published
				6029548426204200704	no_parallax_published
				603064299428494976	no_parallax_published
				6032208797631093760	no_parallax_published
				6032613795881577728	no_parallax_published
				6032911626086933760	no_parallax_published
				6033410426448348160	no_parallax_published
				603418239092201472	no_parallax_published
				6037876642608151936	no_parallax_published
				6038258241870857344	no_parallax_published
				6038401247102199040	no_parallax_published
				6038584040912581120	no_parallax_published
				6048687075294324864	no_parallax_published
				604917663716360576	no_parallax_published
				6050232404523729280	no_parallax_published
				6050407948434871808	no_parallax_published
				6052855289563710848	no_parallax_published
				6053287947345226496	no_parallax_published
				6053898966588148608	no_parallax_published
				6053994761561649152	no_parallax_published
				6054096122784962304	no_parallax_published
				6054345849378767232	no_parallax_published
				6054755314351377280	no_parallax_published
				6054899625261099264	no_parallax_published
				6055045791609430912	no_parallax_published
				6056407468026882944	no_parallax_published
				605651725164109696	no_parallax_published
				6056637467780535808	no_parallax_published
				6056637472130765568	no_parallax_published
				6057136753477208576	no_parallax_published
				6057173140443426816	no_parallax_published
				6057285355002311168	no_parallax_published
				6057285359317440512	no_parallax_published
				6058126760621087488	no_parallax_published
				6058612160627794432	no_parallax_published
				6058864326754422400	no_parallax_published
				6059139788774673664	no_parallax_published
				6059299424116383232	no_parallax_published
				6060163743334276224	no_parallax_published
				6063514436305949568	no_parallax_published
				606361734798388992	no_parallax_published
				6063813567851999360	no_parallax_published
				6064800624371660928	no_parallax_published
				6065538362307401472	no_parallax_published
				6066796130581091328	no_parallax_published
				6066947420821903488	no_parallax_published
				6067201133128559744	no_parallax_published
				6070899168721029888	no_parallax_published
				6072105367311886720	no_parallax_published
				6072388422850042496	no_parallax_published
				6072719444554381056	no_parallax_published
				6073268238294257408	no_parallax_published
				6073496490037433216	no_parallax_published
				6074471585051390464	no_parallax_published
				6074721242904770688	no_parallax_published
				6075575219838309248	no_parallax_published
				6076163561652106880	no_parallax_published
				6076190053001313536	no_parallax_published
				6076326701687231872	no_parallax_published
				6076344293869975936	no_parallax_published
				6077085055468888960	no_parallax_published
				6077103472288858368	no_parallax_published
				6077202737569045760	no_parallax_published
				6078453500763531648	no_parallax_published
				6079045209814044800	no_parallax_published
				607916787837169152	no_parallax_published
				6079601597058496768	no_parallax_published
				6080481893554730624	no_parallax_published
				6080805149975174272	no_parallax_published
				6084387083977861632	no_parallax_published
				6085245699473940992	no_parallax_published
				6085409629793072768	no_parallax_published
				6086562295934198272	no_parallax_published
				6088058726960641280	no_parallax_published
				6089414768395636352	no_parallax_published
				6090772806996323712	no_parallax_published
				6091109154467234688	no_parallax_published
				6091138493386337664	no_parallax_published
				6091375614247824768	no_parallax_published
				6092198766195630720	no_parallax_published
				6093557182752874880	no_parallax_published
				6094058727550234240	no_parallax_published
				6094220080881636352	no_parallax_published
				6094220085183566464	no_parallax_published
				6095618350437526016	no_parallax_published
				6095655669406360960	no_parallax_published
				6096731472815198848	no_parallax_published
				6097148874921608448	no_parallax_published
				6097502745866125696	no_parallax_published
				6098339164973138944	no_parallax_published
				609976035676997120	no_parallax_published
				6099802129617750656	no_parallax_published
				6101533555494732800	no_parallax_published
				6102029641396419200	no_parallax_published
				6102214320691572352	no_parallax_published
				6103129389241772928	no_parallax_published
				6104937952730243072	no_parallax_published
				6105935828252026624	no_parallax_published
				6106817155536634496	no_parallax_published
				6108210271135457408	no_parallax_published
				6111324259866847744	no_parallax_published
				6112515267174581760	no_parallax_published
				6113297470912661504	no_parallax_published
				6113349972596047360	no_parallax_published
				6113727964074159360	no_parallax_published
				6114143407675907584	no_parallax_published
				611466045734086656	no_parallax_published
				6114771121438419584	no_parallax_published
				6117017256194936448	no_parallax_published
				6117359616630100992	no_parallax_published
				6117788804122279424	no_parallax_published
				6118574645696371840	no_parallax_published
				6118789561560245888	no_parallax_published
				6119447898449915264	no_parallax_published
				6120245078732474752	no_parallax_published
				6121072048915166848	no_parallax_published
				6121211545155674880	no_parallax_published
				6121293050752361088	no_parallax_published
				6121891150717475200	no_parallax_published
				6122586351303854848	no_parallax_published
				6122938676061633920	no_parallax_published
				61230432456960640	no_parallax_published
				6125278844824907648	no_parallax_published
				6126670624692410368	no_parallax_published
				6127229932514430976	no_parallax_published
				6128719461529747328	no_parallax_published
				6129442596590518656	no_parallax_published
				6129686928674798592	no_parallax_published
				6130109965780151808	no_parallax_published
				6130109965782613888	no_parallax_published
				6130160921272714368	no_parallax_published
				6132122278217239040	no_parallax_published
				613296762656001024	no_parallax_published
				6134206952265422336	no_parallax_published
				6134248149591876480	no_parallax_published
				6135138204254308992	no_parallax_published
				61351653616438400	no_parallax_published
				6135246162550796288	no_parallax_published
				6137150649828814592	no_parallax_published
				6137150654124430720	no_parallax_published
				6137893717827090048	no_parallax_published
				6137911962845784320	no_parallax_published
				6138274831747033216	no_parallax_published
				6138965398066659072	no_parallax_published
				6139671593767321344	no_parallax_published
				6140702111041993088	no_parallax_published
				6145121116994788864	no_parallax_published
				614549793594671488	no_parallax_published
				6147998264047306368	no_parallax_published
				6148904875806011264	no_parallax_published
				6149969963274300160	no_parallax_published
				6152363325207106048	no_parallax_published
				6153297527836783360	no_parallax_published
				6153297532133094784	no_parallax_published
				6153637556104494720	no_parallax_published
				6154608558014321536	no_parallax_published
				615493969140566528	no_parallax_published
				6154972118405628160	no_parallax_published
				6155922341266910592	no_parallax_published
				616180167475278848	no_parallax_published
				616180167475978880	no_parallax_published
				6163583222893619584	no_parallax_published
				6167083548224549760	no_parallax_published
				6167575171656567552	no_parallax_published
				6168587100311052288	no_parallax_published
				6168744811510305280	no_parallax_published
				616911308348293376	no_parallax_published
				617039367093749120	no_parallax_published
				6176576254877849344	no_parallax_published
				6177910477876750336	no_parallax_published
				6178150064037612928	no_parallax_published
				6182353157689281792	no_parallax_published
				6185201511279198848	no_parallax_published
				618526937605809920	no_parallax_published
				6186776492967556480	no_parallax_published
				6187629782710389888	no_parallax_published
				618835827358810752	no_parallax_published
				6192192309288767616	no_parallax_published
				6192474677617815424	no_parallax_published
				6194169987109691776	no_parallax_published
				6197512674262358400	no_parallax_published
				6200462457800329600	no_parallax_published
				6201553757451214592	no_parallax_published
				6202699551641654400	no_parallax_published
				6202764319752049664	no_parallax_published
				6205121432163080448	no_parallax_published
				6207870138216452736	no_parallax_published
				62079976990544768	no_parallax_published
				6208416393630670592	no_parallax_published
				6209267072038572160	no_parallax_published
				6209882180072601984	no_parallax_published
				6211689571031208832	no_parallax_published
				6212350407579346048	no_parallax_published
				6212974105550399872	no_parallax_published
				6213891480503916288	no_parallax_published
				621515410210607488	no_parallax_published
				6215723610475418752	no_parallax_published
				6216455369817065088	no_parallax_published
				6217133459256387840	no_parallax_published
				6217182181365427072	no_parallax_published
				621828358707764480	no_parallax_published
				6218696689912743552	no_parallax_published
				6218764997072716288	no_parallax_published
				621899998762449792	no_parallax_published
				6220836202101619328	no_parallax_published
				6221349021196546560	no_parallax_published
				6224316018963382912	no_parallax_published
				6227062221058007552	no_parallax_published
				6227163925885748480	no_parallax_published
				6228501271318664704	no_parallax_published
				6230286057863573632	no_parallax_published
				6230286057864964992	no_parallax_published
				6231380759127852416	no_parallax_published
				6234800373435479296	no_parallax_published
				6235928579749385600	no_parallax_published
				6237539055039818880	no_parallax_published
				6238804592922053376	no_parallax_published
				6238956703481340416	no_parallax_published
				6241294608801690240	no_parallax_published
				624228794454109056	no_parallax_published
				6251225157303128704	no_parallax_published
				6251575214323269248	no_parallax_published
				6251910805887744640	no_parallax_published
				6253347455267707136	no_parallax_published
				6253748192897162624	no_parallax_published
				6254209025703101824	no_parallax_published
				625571989641645312	no_parallax_published
				6258065768897122176	no_parallax_published
				6260590556838161792	no_parallax_published
				6265527016146835456	no_parallax_published
				6267694741979917440	refused_no_defensible_parallax
				6269883697827531520	no_parallax_published
				6270820069419316352	no_parallax_published
				6273917698615894528	no_parallax_published
				6276340442423285376	no_parallax_published
				6278621546797879296	no_parallax_published
				627893436645213824	no_parallax_published
				6280493057324172800	no_parallax_published
				6281203891589866752	no_parallax_published
				6282139369828265984	no_parallax_published
				6282494305924196864	no_parallax_published
				6283043340183276416	no_parallax_published
				6283624771381111424	no_parallax_published
				6284767168258648576	no_parallax_published
				6288846867498358400	no_parallax_published
				6292532503488886400	no_parallax_published
				629253768751865088	no_parallax_published
				629253773046868736	no_parallax_published
				6293424340562803072	no_parallax_published
				6293424344858141056	no_parallax_published
				6296353168956892288	no_parallax_published
				6299534738994498560	no_parallax_published
				630349225930020864	no_parallax_published
				6303643171566958080	no_parallax_published
				6303762674736087808	no_parallax_published
				6303762674736976896	no_parallax_published
				6303876611629568256	no_parallax_published
				6303883891598293248	no_parallax_published
				6306137482414632704	no_parallax_published
				6306895492601118208	no_parallax_published
				6306895492602444800	no_parallax_published
				6307814924841485440	no_parallax_published
				630840437044751616	no_parallax_published
				6308492361443732096	no_parallax_published
				6308840391232976640	no_parallax_published
				6308905571656735872	no_parallax_published
				6309938391032311680	no_parallax_published
				6309960381265284352	no_parallax_published
				6312932636072589568	no_parallax_published
				6318860275056486144	no_parallax_published
				6320098630090888448	no_parallax_published
				6320999649806701696	refused_no_defensible_parallax
				6321068403643224064	no_parallax_published
				6325740984463387264	no_parallax_published
				632759630296276224	no_parallax_published
				6327628949006393984	no_parallax_published
				6330672775149198080	no_parallax_published
				6330822136932956032	no_parallax_published
				6334011300472950016	no_parallax_published
				6334406098163252224	no_parallax_published
				6334914141253624960	no_parallax_published
				633595259133515136	no_parallax_published
				6340471966374103552	no_parallax_published
				6340579581074768768	no_parallax_published
				6341276705807813632	no_parallax_published
				6343506137432130048	no_parallax_published
				6346306937145156224	no_parallax_published
				6347251898670130432	no_parallax_published
				6348905254920055680	no_parallax_published
				6349469098227328384	no_parallax_published
				6357392866210862080	no_parallax_published
				6358182792299426816	no_parallax_published
				6358799072863961344	no_parallax_published
				6363971484797211648	no_parallax_published
				6363971484799457280	no_parallax_published
				636405134112352896	no_parallax_published
				6364466329455215872	no_parallax_published
				6367486417314979840	no_parallax_published
				6368732610665480064	no_parallax_published
				6369506907369526528	no_parallax_published
				6370185855799720832	no_parallax_published
				6370205131610464896	no_parallax_published
				6371169987423911168	no_parallax_published
				6371169987426204800	no_parallax_published
				6371962426071764224	no_parallax_published
				6374589365506727296	no_parallax_published
				6375207428480764416	no_parallax_published
				6375537453768177536	no_parallax_published
				6375537453769596288	no_parallax_published
				637626549796960256	no_parallax_published
				6376668572060434304	no_parallax_published
				637679296290624000	no_parallax_published
				6378030420291702272	no_parallax_published
				6378657764689215488	no_parallax_published
				6379177318293810048	no_parallax_published
				6381157160777861248	no_parallax_published
				638165142991179648	no_parallax_published
				6390202602421384832	no_parallax_published
				6391346090217877760	no_parallax_published
				6393549172217607936	no_parallax_published
				6393970972366578304	no_parallax_published
				6394302818719853696	no_parallax_published
				6394416682597462528	no_parallax_published
				639509983150955136	no_parallax_published
				6397448280968095360	no_parallax_published
				6398408051541284736	no_parallax_published
				6399257218115075200	no_parallax_published
				6402014209160285568	no_parallax_published
				6404569577263904768	no_parallax_published
				640794006573844096	no_parallax_published
				6408645569948223616	no_parallax_published
				6409677113716120960	no_parallax_published
				6414298812059971968	no_parallax_published
				6415409009569129856	no_parallax_published
				6415838197060712704	no_parallax_published
				6415959035963130112	no_parallax_published
				6416521543535805184	no_parallax_published
				6416932314209479296	no_parallax_published
				6417947880698443008	no_parallax_published
				6418300072316272640	no_parallax_published
				6421383721397344128	no_parallax_published
				6424656619614974848	no_parallax_published
				6427184985261320192	no_parallax_published
				642799580207248256	no_parallax_published
				6429850953062977152	no_parallax_published
				6430837631608052864	no_parallax_published
				643132358568266496	no_parallax_published
				6431370168895097856	no_parallax_published
				6432188519084725504	no_parallax_published
				6432988448151364480	no_parallax_published
				6434425990881240320	no_parallax_published
				6434646099369643136	no_parallax_published
				643468774766598528	no_parallax_published
				6436299249460927488	no_parallax_published
				643663143511431680	no_parallax_published
				6438377051560103808	no_parallax_published
				6438587092639703296	no_parallax_published
				6439350188069484544	no_parallax_published
				644014265677822080	no_parallax_published
				6442075877393075072	no_parallax_published
				644293236689401344	no_parallax_published
				6444724841420708736	no_parallax_published
				6445446052329348864	no_parallax_published
				6445446052331082368	no_parallax_published
				6446127165424984448	no_parallax_published
				6448449265264208256	no_parallax_published
				6449050801200435456	no_parallax_published
				6452035562953261568	no_parallax_published
				6453494988545836800	no_parallax_published
				6454367558396060288	no_parallax_published
				6456232811155784064	no_parallax_published
				6457374482181682688	no_parallax_published
				6460799387885899648	no_parallax_published
				6465017324945181184	no_parallax_published
				646530914650201344	no_parallax_published
				6466035232194682624	no_parallax_published
				6468076372452004608	no_parallax_published
				646831012605172608	no_parallax_published
				6468549162452130816	no_parallax_published
				6468864206892976128	no_parallax_published
				6477865629415120256	no_parallax_published
				6477865633710109568	no_parallax_published
				6482901912362564096	no_parallax_published
				6482951974502928256	no_parallax_published
				6484660581212209920	no_parallax_published
				6486399660712983040	no_parallax_published
				6486399665009677952	no_parallax_published
				648914587142166016	no_parallax_published
				6491386804938214272	no_parallax_published
				649251724894238592	no_parallax_published
				6493811782128339584	no_parallax_published
				6495841411875376512	no_parallax_published
				6500998087049670656	no_parallax_published
				6503671721371309184	no_parallax_published
				6504315824730277248	no_parallax_published
				6504315829027503232	no_parallax_published
				6510674579648632448	no_parallax_published
				6510949801153332480	no_parallax_published
				6511064562677817856	no_parallax_published
				651126289138753408	no_parallax_published
				6521575344085459328	no_parallax_published
				6524391914916679936	no_parallax_published
				6524934936225768192	no_parallax_published
				6525265919285921792	no_parallax_published
				6530706513273754112	no_parallax_published
				653263980264618496	no_parallax_published
				6537739092724832896	no_parallax_published
				654028243924606848	no_parallax_published
				6540497526881683712	no_parallax_published
				6544278884807327360	no_parallax_published
				655033197551140224	no_parallax_published
				655393837365804544	no_parallax_published
				6561089249364788736	no_parallax_published
				657244521593509376	refused_no_defensible_parallax
				6572966723726570368	no_parallax_published
				6574376057112716288	no_parallax_published
				6582793677618844160	no_parallax_published
				658330254964803712	no_parallax_published
				6590093296658811904	no_parallax_published
				6590093300955934208	no_parallax_published
				6590288704786108416	no_parallax_published
				6590352167224431872	no_parallax_published
				6595754102209424512	no_parallax_published
				6606528521592382208	no_parallax_published
				661194345320058880	no_parallax_published
				661310790473154560	no_parallax_published
				6614638076978153344	no_parallax_published
				661733312172217856	no_parallax_published
				662103160397667328	no_parallax_published
				6625144941373651840	no_parallax_published
				6625846086194313600	no_parallax_published
				6630829622655359872	no_parallax_published
				6631113434092412288	no_parallax_published
				663181437706849664	no_parallax_published
				6631916936572217088	no_parallax_published
				6632031560658419712	no_parallax_published
				6632689790166225280	no_parallax_published
				663434291018997248	no_parallax_published
				6640837549282438656	no_parallax_published
				6642258942938339456	no_parallax_published
				664450720801838720	no_parallax_published
				6645412892045527808	no_parallax_published
				6646482888657547520	no_parallax_published
				6648174001963381248	no_parallax_published
				6649095431362390656	no_parallax_published
				6650056473245943168	no_parallax_published
				6650410820934384256	no_parallax_published
				6650728790248051712	no_parallax_published
				665134234780044288	no_parallax_published
				6652128159310424448	no_parallax_published
				6653589650786374528	no_parallax_published
				6654979605281523328	no_parallax_published
				6655552279041895296	no_parallax_published
				6655554576851801600	no_parallax_published
				6657198965203573504	no_parallax_published
				6660821856018824576	no_parallax_published
				6662749132399996032	no_parallax_published
				6666799076102642816	no_parallax_published
				666748352209127936	no_parallax_published
				666748356505109632	no_parallax_published
				6668255246110077184	no_parallax_published
				6668471575024387328	no_parallax_published
				666863908307033344	no_parallax_published
				666882325126779904	no_parallax_published
				6668954363708393856	no_parallax_published
				6670871602747819392	no_parallax_published
				6673224626352879872	no_parallax_published
				6676167464927103872	no_parallax_published
				6682808210219189632	no_parallax_published
				6683701425977110144	no_parallax_published
				6684454247844778624	no_parallax_published
				6685304479570865792	no_parallax_published
				6686032081390962304	no_parallax_published
				6687053355895004928	no_parallax_published
				6688168363764443392	no_parallax_published
				6692842800010341760	no_parallax_published
				669309222166264576	no_parallax_published
				6693524359780577280	no_parallax_published
				6693867132530918656	no_parallax_published
				6694519761401019904	no_parallax_published
				6694588996272262912	no_parallax_published
				6694756255182906240	no_parallax_published
				6694756259479599616	no_parallax_published
				66975861752511232	no_parallax_published
				6698257894775814272	no_parallax_published
				6699789617554110848	no_parallax_published
				6700125106039105408	no_parallax_published
				6700902048444048256	no_parallax_published
				670171617239917824	no_parallax_published
				6702055363130685696	no_parallax_published
				6702384636800665344	no_parallax_published
				6703373372633602048	no_parallax_published
				670379012620500352	no_parallax_published
				6704497382749307392	no_parallax_published
				6705441176045375616	no_parallax_published
				6706742791661774720	no_parallax_published
				6708521870191257984	no_parallax_published
				6710238031737164672	no_parallax_published
				6710832150268813440	no_parallax_published
				6712937710741001728	no_parallax_published
				6714371370823722624	no_parallax_published
				6714371375119492864	no_parallax_published
				6716256006775739776	no_parallax_published
				6716941105599543680	no_parallax_published
				6718409984413758080	no_parallax_published
				671856859327738240	no_parallax_published
				6719152945029845376	refused_no_defensible_parallax
				6719152945032456832	no_parallax_published
				6721087157784921472	no_parallax_published
				6722352626953904000	no_parallax_published
				6722989823998562560	no_parallax_published
				6723611361616739456	no_parallax_published
				6725459022214246400	no_parallax_published
				672654791235375232	no_parallax_published
				672654795529572224	no_parallax_published
				6728139150526857728	no_parallax_published
				673152977378204160	no_parallax_published
				6731750702593119232	no_parallax_published
				6732668691727695744	no_parallax_published
				6733957972203399424	no_parallax_published
				6736162630451696384	no_parallax_published
				673663391290330880	no_parallax_published
				6737361231252000768	no_parallax_published
				6737372780452701184	no_parallax_published
				6737377281579198080	no_parallax_published
				6737981738062465408	no_parallax_published
				6739351793973069952	no_parallax_published
				6740776456097435776	no_parallax_published
				6741481724091905152	no_parallax_published
				6743927622063960704	no_parallax_published
				6744109488164566400	no_parallax_published
				6744826743403411968	no_parallax_published
				6748794266686074624	no_parallax_published
				6748794266689574784	no_parallax_published
				6751436083894047744	no_parallax_published
				675239094533340416	no_parallax_published
				6753464304891286400	no_parallax_published
				6753660425978543744	no_parallax_published
				6754617275972381056	no_parallax_published
				6755458372308684160	no_parallax_published
				6756928866042224896	no_parallax_published
				6757265591462516992	no_parallax_published
				6758432345097225600	no_parallax_published
				676020297544686464	no_parallax_published
				6761104433262785792	no_parallax_published
				6761997511580482176	no_parallax_published
				6762246447867959936	no_parallax_published
				676280572567113856	no_parallax_published
				6764162999712281856	no_parallax_published
				6764558892611961088	no_parallax_published
				6765925929158184960	no_parallax_published
				6767351823944565888	no_parallax_published
				6769742608900913024	no_parallax_published
				6769757452308800640	no_parallax_published
				6770346859254271232	no_parallax_published
				6773841691324533248	no_parallax_published
				6781634720505995392	no_parallax_published
				6781876338184772992	no_parallax_published
				6783431528662203776	no_parallax_published
				6783567490148835968	no_parallax_published
				6788784672820716160	no_parallax_published
				6789765334113168768	no_parallax_published
				6790302376822574976	no_parallax_published
				6790717300728540800	no_parallax_published
				6794472721350467840	no_parallax_published
				6795355526106476160	no_parallax_published
				6795355526108496128	no_parallax_published
				6795978983560729216	no_parallax_published
				6798093035183877376	no_parallax_published
				6798352279409762944	no_parallax_published
				6800305836691305728	no_parallax_published
				6801036599609043712	no_parallax_published
				6803536133134237824	no_parallax_published
				6803900586881489664	no_parallax_published
				6803994904361335936	no_parallax_published
				6806928057786495872	no_parallax_published
				6808728714237094272	no_parallax_published
				6809822006751736704	no_parallax_published
				6811269479450531584	no_parallax_published
				6812379092840168320	no_parallax_published
				6817080535841278720	no_parallax_published
				6818552988069173248	no_parallax_published
				6820853024659876096	no_parallax_published
				6820932052058116352	no_parallax_published
				6820932056353117952	no_parallax_published
				6822046205229813760	no_parallax_published
				6824222340605503104	no_parallax_published
				682566789776717312	no_parallax_published
				6826142912540161408	no_parallax_published
				6826142916835367424	no_parallax_published
				6826495099858376448	no_parallax_published
				683039403681090176	no_parallax_published
				6831818522843152640	no_parallax_published
				684013094243586944	no_parallax_published
				6842602021788237824	no_parallax_published
				6844220846501613056	no_parallax_published
				6847124003877620608	no_parallax_published
				684826281874892800	no_parallax_published
				684826286169854464	no_parallax_published
				6852319230679526912	no_parallax_published
				6854502860773068544	no_parallax_published
				6855228641522803456	no_parallax_published
				685598040254959360	refused_no_defensible_parallax
				6858493606942858112	no_parallax_published
				6859145445542487936	no_parallax_published
				6859419979851698304	no_parallax_published
				6860450668924085120	no_parallax_published
				6861998502118136064	no_parallax_published
				686206688660033024	no_parallax_published
				6862087566858014592	no_parallax_published
				6865632392349633792	no_parallax_published
				6866647207219041664	no_parallax_published
				686775995165206400	no_parallax_published
				6868829806521673600	no_parallax_published
				6869089806662296832	no_parallax_published
				6871266289928491776	no_parallax_published
				6871923007605806976	no_parallax_published
				6875225665656209536	no_parallax_published
				6880328705282150528	no_parallax_published
				6880358632613291136	no_parallax_published
				6880527132771662208	no_parallax_published
				6881529131458796928	no_parallax_published
				6883323362637209344	no_parallax_published
				6883765125791858944	refused_no_defensible_parallax
				6886070251919439616	no_parallax_published
				6889320408292524416	no_parallax_published
				6889630985967786624	no_parallax_published
				6893928491587580672	no_parallax_published
				6894027653792204416	no_parallax_published
				6895041540952770048	no_parallax_published
				6897529465183697280	no_parallax_published
				6903828120623254144	no_parallax_published
				6905648082948808960	no_parallax_published
				6907204274155684736	no_parallax_published
				6910722505205856128	no_parallax_published
				6915217343098979200	no_parallax_published
				6915284138432440576	no_parallax_published
				6916409557303146624	no_parallax_published
				6916786380554216960	no_parallax_published
				6917358126598942976	no_parallax_published
				694015901277671296	no_parallax_published
				696809863402376832	no_parallax_published
				696809863402841088	no_parallax_published
				699609185648901120	no_parallax_published
				700874070695989888	no_parallax_published
				701821677918586368	no_parallax_published
				702042748477256704	no_parallax_published
				702801720738101376	no_parallax_published
				70384657035240960	no_parallax_published
				704541869688131712	no_parallax_published
				704826196522942592	no_parallax_published
				705489786150391040	no_parallax_published
				705746384675641088	no_parallax_published
				707044151994193408	no_parallax_published
				709237231013084288	no_parallax_published
				709673530972440192	no_parallax_published
				712329087779343744	no_parallax_published
				712329087779595776	no_parallax_published
				715395660064787072	no_parallax_published
				716674602543255552	no_parallax_published
				717751402381863168	no_parallax_published
				717752055216862976	no_parallax_published
				720446752058485632	no_parallax_published
				725155646827144064	no_parallax_published
				730052016919061632	no_parallax_published
				730711719600457472	no_parallax_published
				731612150904367104	no_parallax_published
				736087128869441792	no_parallax_published
				738659161447539712	no_parallax_published
				738659165740108032	no_parallax_published
				741045071613150592	no_parallax_published
				742832911879444864	no_parallax_published
				744263410866269568	no_parallax_published
				744635075861878400	no_parallax_published
				746691647936936064	no_parallax_published
				748285355681406976	no_parallax_published
				748285355681690368	no_parallax_published
				752715734706390528	no_parallax_published
				766175406298227712	no_parallax_published
				77513890426575744	no_parallax_published
				77557733452876672	no_parallax_published
				776562595724999040	no_parallax_published
				779748671184184448	no_parallax_published
				783699972377675008	no_parallax_published
				784246841972893056	no_parallax_published
				78455415977440000	no_parallax_published
				786252900938452224	no_parallax_published
				788603519371394432	no_parallax_published
				789073629299422720	no_parallax_published
				789073629312643968	no_parallax_published
				791001554222619136	no_parallax_published
				796493924040231040	no_parallax_published
				798487613498594176	no_parallax_published
				802867827307525632	no_parallax_published
				803772519218316800	no_parallax_published
				804612889702891136	no_parallax_published
				805322899332745984	no_parallax_published
				805989306454922240	no_parallax_published
				808237773375826048	no_parallax_published
				808983345339473408	no_parallax_published
				809414491335883392	no_parallax_published
				810212771136842752	no_parallax_published
				811765728232084608	no_parallax_published
				814076832954854528	no_parallax_published
				815729398930949376	no_parallax_published
				81859980717966592	no_parallax_published
				819040062800126592	no_parallax_published
				824081903433834368	no_parallax_published
				824422893773698560	no_parallax_published
				82476776676785024	no_parallax_published
				825353252409654784	no_parallax_published
				825948912834045056	no_parallax_published
				828082893104126848	no_parallax_published
				828538228356419456	no_parallax_published
				830811743526337280	no_parallax_published
				832953970133374464	no_parallax_published
				833147793416672768	no_parallax_published
				833147793417568896	no_parallax_published
				833698923621059968	no_parallax_published
				83489426885917568	no_parallax_published
				835879323898361728	no_parallax_published
				8381237836724480	no_parallax_published
				843790413139643520	no_parallax_published
				845466515536839552	no_parallax_published
				84719088907082624	no_parallax_published
				84719093202725248	no_parallax_published
				849060849111891712	no_parallax_published
				849060853406804096	no_parallax_published
				850065218624031744	no_parallax_published
				852345708819679360	no_parallax_published
				85407383186081280	no_parallax_published
				85407387481747456	no_parallax_published
				863732560474749824	no_parallax_published
				864118321553720192	no_parallax_published
				866039473308958848	no_parallax_published
				866169632294541440	no_parallax_published
				867932630469909760	no_parallax_published
				868042547272796800	no_parallax_published
				868742352064209024	no_parallax_published
				869079592896070272	no_parallax_published
				870359424432578944	no_parallax_published
				870514283773127552	no_parallax_published
				871308406044697344	no_parallax_published
				87273155634279424	no_parallax_published
				873192625378121344	no_parallax_published
				874427308216771200	no_parallax_published
				874711738130438528	no_parallax_published
				879694621747082368	no_parallax_published
				88128369522313216	no_parallax_published
				88128369522870400	no_parallax_published
				883851016219705088	no_parallax_published
				885592711356714880	no_parallax_published
				886942396239759872	no_parallax_published
				887520086519874688	no_parallax_published
				888540227151910400	no_parallax_published
				888540227154586496	no_parallax_published
				890399673112886784	no_parallax_published
				891766056829306368	no_parallax_published
				892028427792242432	no_parallax_published
				894750852942229120	no_parallax_published
				895013292623775488	no_parallax_published
				896928401361520256	no_parallax_published
				898402880813500160	no_parallax_published
				898435522565368448	no_parallax_published
				898966964637396096	no_parallax_published
				898992906241122176	no_parallax_published
				899323618723121664	no_parallax_published
				901290713744416384	no_parallax_published
				901532365783962112	no_parallax_published
				902085660651628800	no_parallax_published
				902131908860263040	no_parallax_published
				90276162408388352	no_parallax_published
				908627720475687808	no_parallax_published
				911201127440733056	no_parallax_published
				914268902321571456	no_parallax_published
				914437608637124992	no_parallax_published
				914741245644649472	no_parallax_published
				91630417136711296	no_parallax_published
				916975109675224704	no_parallax_published
				918875752962196352	no_parallax_published
				919466328146411136	no_parallax_published
				925894760317220992	no_parallax_published
				929476453804027904	no_parallax_published
				929952989014241152	no_parallax_published
				934763936501266432	no_parallax_published
				93692753057572992	no_parallax_published
				940750364999819776	no_parallax_published
				940797747077051904	no_parallax_published
				942407947498647296	no_parallax_published
				944923007330412416	no_parallax_published
				945622472820859008	no_parallax_published
				945689641812519296	no_parallax_published
				945689646109207296	no_parallax_published
				945938891651369728	no_parallax_published
				946201984166771328	no_parallax_published
				946605539295582848	no_parallax_published
				946626631880185344	no_parallax_published
				947453640716099968	no_parallax_published
				947789709022296960	no_parallax_published
				948010199759258880	no_parallax_published
				948586103334091648	no_parallax_published
				950555603537291520	no_parallax_published
				950828866536231936	no_parallax_published
				950880955899874816	no_parallax_published
				953918562929553024	no_parallax_published
				95501071728057216	no_parallax_published
				955841230810438144	no_parallax_published
				956003958529620096	no_parallax_published
				960784532011248512	no_parallax_published
				961590130436199808	no_parallax_published
				962735821552255232	no_parallax_published
				963284615293693696	no_parallax_published
				963585022483346816	no_parallax_published
				964572658804294784	no_parallax_published
				965094651950161920	no_parallax_published
				965094651950664704	no_parallax_published
				966952723521920512	no_parallax_published
				9669934184133248	no_parallax_published
				967828072216523520	no_parallax_published
				967966748120901248	no_parallax_published
				968064432855233024	no_parallax_published
				969061724263248128	no_parallax_published
				969486200174609280	no_parallax_published
				969486204471119872	no_parallax_published
				969543516513119360	no_parallax_published
				970269331627750400	no_parallax_published
				971966530902804480	no_parallax_published
				971966530904471168	no_parallax_published
				972093352697231360	no_parallax_published
				972800579193948928	no_parallax_published
				973643251776826240	no_parallax_published
				973815875102365824	no_parallax_published
				975541283724272128	no_parallax_published
				978346137886723456	no_parallax_published
				982082415836602112	no_parallax_published
				982553212970831104	no_parallax_published
				984470933048009728	no_parallax_published
				984888369510654592	no_parallax_published
				985149503522195712	no_parallax_published
				985366931947422080	no_parallax_published
				985405277415464448	no_parallax_published
				986073436886899328	no_parallax_published
				986545264814552704	no_parallax_published
				986966790084572032	no_parallax_published
				987766719152464640	no_parallax_published
				988705358485867904	no_parallax_published
				989736803471215232	no_parallax_published
				990539550039421696	no_parallax_published
				992395525667431168	no_parallax_published
				992983141617274880	no_parallax_published
				995822188014940288	no_parallax_published
				997151635011923840	no_parallax_published
				998324161085332096	no_parallax_published
				998335465439954816	no_parallax_published
				999122681404330752	no_parallax_published
				999178825214762368	no_parallax_published
				999178825216025600	no_parallax_published
			GJ 10001		no_v_magnitude
			GJ 10005		no_v_magnitude
			GJ 10006	2340736324254735488	no_v_magnitude
			GJ 10008		no_v_magnitude
			GJ 10014B	429297859741477888	no_v_magnitude
			GJ 10018		no_v_magnitude
			GJ 10030		no_v_magnitude
			GJ 10034		no_v_magnitude
			GJ 10036		no_v_magnitude
			GJ 10043		no_v_magnitude
			GJ 10044		no_v_magnitude
			GJ 10053		no_v_magnitude
			GJ 10063		no_v_magnitude
			GJ 10065B		no_v_magnitude
			GJ 10067		no_v_magnitude
			GJ 10069		no_v_magnitude
			GJ 10072		no_v_magnitude
			GJ 10075		no_v_magnitude
			GJ 10079		no_v_magnitude
			GJ 10081		no_v_magnitude
			GJ 10089		no_v_magnitude
			GJ 10091		no_v_magnitude
			GJ 10106		no_v_magnitude
			GJ 10108B		no_v_magnitude
			GJ 10110		no_v_magnitude
			GJ 10112		no_v_magnitude
			GJ 10115B	4634695605636055552	no_v_magnitude
			GJ 10117		no_v_magnitude
			GJ 10120		no_v_magnitude
			GJ 10126		no_v_magnitude
			GJ 10130		no_v_magnitude
			GJ 10131		no_v_magnitude
			GJ 10133		no_v_magnitude
			GJ 10136		no_v_magnitude
			GJ 10150		no_v_magnitude
			GJ 10151		no_v_magnitude
			GJ 10154		no_v_magnitude
			GJ 10162		no_v_magnitude
			GJ 10166		no_v_magnitude
			GJ 10169		no_v_magnitude
			GJ 10181		no_v_magnitude
			GJ 10196		no_v_magnitude
			GJ 10206		no_v_magnitude
			GJ 10207		no_v_magnitude
			GJ 10213		no_v_magnitude
			GJ 10223C	4711216151731910656	no_v_magnitude
			GJ 10225		no_v_magnitude
			GJ 10229		no_v_magnitude
			GJ 10235	295725407616670848	no_v_magnitude
			GJ 10238		no_v_magnitude
			GJ 10248		no_v_magnitude
			GJ 10251		no_v_magnitude
			GJ 10260		no_v_magnitude
			GJ 10262		no_v_magnitude
			GJ 10264		no_v_magnitude
			GJ 10281B		no_v_magnitude
			GJ 10283		no_v_magnitude
			GJ 10291		no_v_magnitude
			GJ 10292		no_v_magnitude
			GJ 10293		no_v_magnitude
			GJ 10294		no_v_magnitude
			GJ 10298		no_v_magnitude
			GJ 10314ABC		no_v_magnitude
			GJ 10333		no_v_magnitude
			GJ 10336	5116817882319879936	no_v_magnitude
			GJ 10337		no_v_magnitude
			GJ 10343		no_v_magnitude
			GJ 10355B		no_v_magnitude
			GJ 10373		no_v_magnitude
			GJ 10375		no_v_magnitude
			GJ 10377		no_v_magnitude
			GJ 10380		no_v_magnitude
			GJ 10382		no_v_magnitude
			GJ 10389	5185493447310441728	no_v_magnitude
			GJ 10392	2499091523644792832	no_v_magnitude
			GJ 10400		no_v_magnitude
			GJ 10410B	141963104519359872	no_v_magnitude
			GJ 10413B	5044165796088003584	no_v_magnitude
			GJ 10416		no_v_magnitude
			GJ 10418		no_v_magnitude
			GJ 10422		no_v_magnitude
			GJ 10424		no_v_magnitude
			GJ 10426	5047423236725995136	no_v_magnitude
			GJ 10431		no_v_magnitude
			GJ 10435		no_v_magnitude
			GJ 10437		no_v_magnitude
			GJ 10442		no_v_magnitude
			GJ 10447		no_v_magnitude
			GJ 10448		no_v_magnitude
			GJ 10449		no_v_magnitude
			GJ 10462	5182151481717042944	no_v_magnitude
			GJ 10467		no_v_magnitude
			GJ 10469		no_v_magnitude
			GJ 10470		no_v_magnitude
			GJ 10472		no_v_magnitude
			GJ 10474		no_v_magnitude
			GJ 10475		no_v_magnitude
			GJ 10477		no_v_magnitude
			GJ 10478		no_v_magnitude
			GJ 10486	16386404041502592	no_v_magnitude
			GJ 10487		no_v_magnitude
			GJ 10488		no_v_magnitude
			GJ 10490		no_v_magnitude
			GJ 10492		no_v_magnitude
			GJ 10496		no_v_magnitude
			GJ 10499	4736655036868019072	no_v_magnitude
			GJ 10501		no_v_magnitude
			GJ 10507		no_v_magnitude
			GJ 10509		no_v_magnitude
			GJ 10510		no_v_magnitude
			GJ 10513	4860376345833699840	no_v_magnitude
			GJ 10527		no_v_magnitude
			GJ 10528		no_v_magnitude
			GJ 10529		no_v_magnitude
			GJ 10539		no_v_magnitude
			GJ 10542		no_v_magnitude
			GJ 10544		no_v_magnitude
			GJ 10553C		no_v_magnitude
			GJ 10556C	495091536024630656	no_v_magnitude
			GJ 10563		no_v_magnitude
			GJ 10567B	4883809068923718272	no_v_magnitude
			GJ 10569		no_v_magnitude
			GJ 10571		no_v_magnitude
			GJ 10573B	3188811632992226176	no_v_magnitude
			GJ 10578		no_v_magnitude
			GJ 10582		no_v_magnitude
			GJ 10599		no_v_magnitude
			GJ 10608		no_v_magnitude
			GJ 10614	3299496547982121216	no_v_magnitude
			GJ 10622		no_v_magnitude
			GJ 10647		no_v_magnitude
			GJ 10666B	4654969500557785344	no_v_magnitude
			GJ 10682		no_v_magnitude
			GJ 10704		no_v_magnitude
			GJ 10707		no_v_magnitude
			GJ 10711		no_v_magnitude
			GJ 10719		no_v_magnitude
			GJ 10721		no_v_magnitude
			GJ 10730		no_v_magnitude
			GJ 10740		no_v_magnitude
			GJ 10741		no_v_magnitude
			GJ 10744		no_v_magnitude
			GJ 10747		no_v_magnitude
			GJ 10751	4825880783419986432	no_v_magnitude
			GJ 10753B	2981583790285440000	no_v_magnitude
			GJ 10754		no_v_magnitude
			GJ 10757		no_v_magnitude
			GJ 10758		no_v_magnitude
			GJ 10772		no_v_magnitude
			GJ 10783	558122277038055808	no_v_magnitude
			GJ 10788		no_v_magnitude
			GJ 10791		no_v_magnitude
			GJ 10801		no_v_magnitude
			GJ 10802		no_v_magnitude
			GJ 10805		no_v_magnitude
			GJ 10808	287767756635519488	no_v_magnitude
			GJ 10816		no_v_magnitude
			GJ 10820		no_v_magnitude
			GJ 10829B	3347284175182472832	no_v_magnitude
			GJ 10834		no_v_magnitude
			GJ 10844		no_v_magnitude
			GJ 10850B	3022685630877620096	no_v_magnitude
			GJ 10852	2916399449592697088	no_v_magnitude
			GJ 10860		no_v_magnitude
			GJ 10862	3457493517036545280	no_v_magnitude
			GJ 10876B	5264749303457104384	no_v_magnitude
			GJ 10881		no_v_magnitude
			GJ 10882		no_v_magnitude
			GJ 10889		no_v_magnitude
			GJ 10892		no_v_magnitude
			GJ 10894		no_v_magnitude
			GJ 10895		no_v_magnitude
			GJ 10899		no_v_magnitude
			GJ 10902		no_v_magnitude
			GJ 10911	3369132776897491712	no_v_magnitude
			GJ 10916		no_v_magnitude
			GJ 10918B	3003146828214395904	no_v_magnitude
			GJ 10929		no_v_magnitude
			GJ 10934		no_v_magnitude
			GJ 10935B	3327170877694724096	no_v_magnitude
			GJ 10937		no_v_magnitude
			GJ 10939		no_v_magnitude
			GJ 10945B	5260451999698559872	no_v_magnitude
			GJ 10952		no_v_magnitude
			GJ 10956B	5484571124146626432	no_v_magnitude
			GJ 10966		no_v_magnitude
			GJ 10974		no_v_magnitude
			GJ 10986		no_v_magnitude
			GJ 10987		no_v_magnitude
			GJ 10988		no_v_magnitude
			GJ 10989B		no_v_magnitude
			GJ 10992		no_v_magnitude
			GJ 10994		no_v_magnitude
			GJ 11004		no_v_magnitude
			GJ 11006		no_v_magnitude
			GJ 11010		no_v_magnitude
			GJ 11028		no_v_magnitude
			GJ 11048		no_v_magnitude
			GJ 11053		no_v_magnitude
			GJ 11055		no_v_magnitude
			GJ 11056	898275195732381440	no_v_magnitude
			GJ 11068		no_v_magnitude
			GJ 11074	3136033356873855488	no_v_magnitude
			GJ 11075		no_v_magnitude
			GJ 11078		no_v_magnitude
			GJ 11085		no_v_magnitude
			GJ 11087		no_v_magnitude
			GJ 11101		no_v_magnitude
			GJ 11113		no_v_magnitude
			GJ 11114		no_v_magnitude
			GJ 11115		no_v_magnitude
			GJ 11118		no_v_magnitude
			GJ 11120		no_v_magnitude
			GJ 11122		no_v_magnitude
			GJ 11128		no_v_magnitude
			GJ 11129B		no_v_magnitude
			GJ 11138		no_v_magnitude
			GJ 11143		no_v_magnitude
			GJ 11144		no_v_magnitude
			GJ 11147B		no_v_magnitude
			GJ 11152		no_v_magnitude
			GJ 11154B	5534742080239454976	no_v_magnitude
			GJ 11164	5595785866305529216	no_v_magnitude
			GJ 11171		no_v_magnitude
			GJ 11174		no_v_magnitude
			GJ 11175B		no_v_magnitude
			GJ 11182		no_v_magnitude
			GJ 11184	5725122965265271680	no_v_magnitude
			GJ 11188		no_v_magnitude
			GJ 11191		no_v_magnitude
			GJ 11210		no_v_magnitude
			GJ 11211		no_v_magnitude
			GJ 11213		no_v_magnitude
			GJ 11215		no_v_magnitude
			GJ 11222		no_v_magnitude
			GJ 11225		no_v_magnitude
			GJ 11234		no_v_magnitude
			GJ 11237		no_v_magnitude
			GJ 11244		no_v_magnitude
			GJ 11247B	5223423952772029440	no_v_magnitude
			GJ 11250	5753687109122994048	no_v_magnitude
			GJ 11251		no_v_magnitude
			GJ 11265		no_v_magnitude
			GJ 11281		no_v_magnitude
			GJ 11286		no_v_magnitude
			GJ 11294		no_v_magnitude
			GJ 11297		no_v_magnitude
			GJ 11301		no_v_magnitude
			GJ 11303		no_v_magnitude
			GJ 11311		no_v_magnitude
			GJ 11325		no_v_magnitude
			GJ 11328		no_v_magnitude
			GJ 11332		no_v_magnitude
			GJ 11345		no_v_magnitude
			GJ 11370		no_v_magnitude
			GJ 11372		no_v_magnitude
			GJ 11388		no_v_magnitude
			GJ 11394		no_v_magnitude
			GJ 11395		no_v_magnitude
			GJ 11399	1022050415123922176	no_v_magnitude
			GJ 11401		no_v_magnitude
			GJ 11413		no_v_magnitude
			GJ 11414	3853943806185777664	no_v_magnitude
			GJ 11415B		no_v_magnitude
			GJ 11419		no_v_magnitude
			GJ 11422		no_v_magnitude
			GJ 11424		no_v_magnitude
			GJ 11447B	3836586468952863488	no_v_magnitude
			GJ 11451		no_v_magnitude
			GJ 11452		no_v_magnitude
			GJ 11458		no_v_magnitude
			GJ 11463		no_v_magnitude
			GJ 11471		no_v_magnitude
			GJ 11475		no_v_magnitude
			GJ 11479	1078021436789455872	no_v_magnitude
			GJ 11490		no_v_magnitude
			GJ 11491		no_v_magnitude
			GJ 11494		no_v_magnitude
			GJ 11496		no_v_magnitude
			GJ 11500	5229173470875537664	no_v_magnitude
			GJ 11519		no_v_magnitude
			GJ 11524		no_v_magnitude
			GJ 11525		no_v_magnitude
			GJ 11526B	5443030200460964480	no_v_magnitude
			GJ 11532		no_v_magnitude
			GJ 11534		no_v_magnitude
			GJ 11535		no_v_magnitude
			GJ 11536		no_v_magnitude
			GJ 11546		no_v_magnitude
			GJ 11547	5393446658454453632	no_v_magnitude
			GJ 11548	3808159454810609280	no_v_magnitude
			GJ 11551AB		no_v_magnitude
			GJ 11552		no_v_magnitude
			GJ 11554		no_v_magnitude
			GJ 11556		no_v_magnitude
			GJ 11564		no_v_magnitude
			GJ 11572		no_v_magnitude
			GJ 11582B		no_v_magnitude
			GJ 11592		no_v_magnitude
			GJ 11595		no_v_magnitude
			GJ 11600		no_v_magnitude
			GJ 11623B		no_v_magnitude
			GJ 11627B	764072693389251456	no_v_magnitude
			GJ 11630		no_v_magnitude
			GJ 11644		no_v_magnitude
			GJ 11656		no_v_magnitude
			GJ 11659		no_v_magnitude
			GJ 11660	3911082878569883264	no_v_magnitude
			GJ 11662	3540491079971287552	no_v_magnitude
			GJ 11663		no_v_magnitude
			GJ 11667		no_v_magnitude
			GJ 11686		no_v_magnitude
			GJ 11687		no_v_magnitude
			GJ 11693		no_v_magnitude
			GJ 11699		no_v_magnitude
			GJ 11702		no_v_magnitude
			GJ 11706		no_v_magnitude
			GJ 11708	5368479017141170304	no_v_magnitude
			GJ 11715		no_v_magnitude
			GJ 11720B	6148648281576023552	no_v_magnitude
			GJ 11730		no_v_magnitude
			GJ 11731		no_v_magnitude
			GJ 11737		no_v_magnitude
			GJ 11740B	3489338019474046720	no_v_magnitude
			GJ 11746		no_v_magnitude
			GJ 11756B	3489874340630661248	no_v_magnitude
			GJ 11759		no_v_magnitude
			GJ 11763		no_v_magnitude
			GJ 11764		no_v_magnitude
			GJ 11765		no_v_magnitude
			GJ 11768		no_v_magnitude
			GJ 11770B	3699797155055781760	no_v_magnitude
			GJ 11771		no_v_magnitude
			GJ 11778		no_v_magnitude
			GJ 11788		no_v_magnitude
			GJ 11789		no_v_magnitude
			GJ 11793B	3693536398408130944	no_v_magnitude
			GJ 11794		no_v_magnitude
			GJ 11801		no_v_magnitude
			GJ 11802	5856405272135505024	no_v_magnitude
			GJ 11803		no_v_magnitude
			GJ 11808	6128439395302574720	refused_no_defensible_parallax
			GJ 11819		no_v_magnitude
			GJ 11822		no_v_magnitude
			GJ 11825AB		no_v_magnitude
			GJ 11830B	3934198156329808896	no_v_magnitude
			GJ 11833		no_v_magnitude
			GJ 11836		no_v_magnitude
			GJ 11855		no_v_magnitude
			GJ 11856		no_v_magnitude
			GJ 11865		no_v_magnitude
			GJ 11867		no_v_magnitude
			GJ 11869C		no_v_magnitude
			GJ 11871B		no_v_magnitude
			GJ 11873		no_v_magnitude
			GJ 11876		no_v_magnitude
			GJ 11884B		no_v_magnitude
			GJ 11885		no_v_magnitude
			GJ 11886		no_v_magnitude
			GJ 11900		no_v_magnitude
			GJ 11906B		no_v_magnitude
			GJ 11908		no_v_magnitude
			GJ 11915		no_v_magnitude
			GJ 11918		no_v_magnitude
			GJ 11925		no_v_magnitude
			GJ 11926		no_v_magnitude
			GJ 11928		no_v_magnitude
			GJ 11931		no_v_magnitude
			GJ 11932		no_v_magnitude
			GJ 11945		no_v_magnitude
			GJ 11954		no_v_magnitude
			GJ 11959		no_v_magnitude
			GJ 11971B	1658968054798747008	no_v_magnitude
			GJ 11983		no_v_magnitude
			GJ 11984B		no_v_magnitude
			GJ 11992B	3728979327527368064	no_v_magnitude
			GJ 12010		no_v_magnitude
			GJ 12014		no_v_magnitude
			GJ 12015		no_v_magnitude
			GJ 12022		no_v_magnitude
			GJ 12023		no_v_magnitude
			GJ 12032		no_v_magnitude
			GJ 12039		no_v_magnitude
			GJ 12049B		no_v_magnitude
			GJ 12055		no_v_magnitude
			GJ 12066	6297076922485674240	no_v_magnitude
			GJ 12073B		no_v_magnitude
			GJ 12089B		no_v_magnitude
			GJ 12103		no_v_magnitude
			GJ 12104		no_v_magnitude
			GJ 12105		no_v_magnitude
			GJ 12110	1237730036208674048	no_v_magnitude
			GJ 12123	6281432246412503424	no_v_magnitude
			GJ 12128		no_v_magnitude
			GJ 12131		no_v_magnitude
			GJ 12146		no_v_magnitude
			GJ 12147B		no_v_magnitude
			GJ 12148		no_v_magnitude
			GJ 12150	1269789664970320512	no_v_magnitude
			GJ 12154	1262763648230973440	no_v_magnitude
			GJ 12155		no_v_magnitude
			GJ 12163		no_v_magnitude
			GJ 12166		no_v_magnitude
			GJ 12178B	5888257161906604800	no_v_magnitude
			GJ 12183		no_v_magnitude
			GJ 12192		no_v_magnitude
			GJ 12199		no_v_magnitude
			GJ 12201		no_v_magnitude
			GJ 12203	5792730526510790144	no_v_magnitude
			GJ 12204		no_v_magnitude
			GJ 12208B	6000386835153463680	no_v_magnitude
			GJ 12210		no_v_magnitude
			GJ 12213		no_v_magnitude
			GJ 12216		no_v_magnitude
			GJ 12228	1395761158842816256	refused_no_defensible_parallax
			GJ 12240		no_v_magnitude
			GJ 12244		no_v_magnitude
			GJ 12247	6265453524968112640	no_v_magnitude
			GJ 12253		no_v_magnitude
			GJ 12255		no_v_magnitude
			GJ 12260		no_v_magnitude
			GJ 12261		no_v_magnitude
			GJ 12263		no_v_magnitude
			GJ 12267		no_v_magnitude
			GJ 12269		no_v_magnitude
			GJ 12271		no_v_magnitude
			GJ 12287		no_v_magnitude
			GJ 12290	4346523537966269824	no_v_magnitude
			GJ 12310C	6036120928693496320	no_v_magnitude
			GJ 12319		no_v_magnitude
			GJ 12325		no_v_magnitude
			GJ 12329		no_v_magnitude
			GJ 12330		no_v_magnitude
			GJ 12334		no_v_magnitude
			GJ 12337		no_v_magnitude
			GJ 12341		no_v_magnitude
			GJ 12344		no_v_magnitude
			GJ 12345		no_v_magnitude
			GJ 12347		no_v_magnitude
			GJ 12354	5808812121015148160	no_v_magnitude
			GJ 12355		no_v_magnitude
			GJ 12358		no_v_magnitude
			GJ 12359		no_v_magnitude
			GJ 12360		no_v_magnitude
			GJ 12363		no_v_magnitude
			GJ 12367		no_v_magnitude
			GJ 12369		no_v_magnitude
			GJ 12371	5781043783061254272	no_v_magnitude
			GJ 12376		no_v_magnitude
			GJ 12379B	5930568568425533440	no_v_magnitude
			GJ 12381		no_v_magnitude
			GJ 12391		no_v_magnitude
			GJ 12393		no_v_magnitude
			GJ 12403		no_v_magnitude
			GJ 12414		no_v_magnitude
			GJ 12425		no_v_magnitude
			GJ 12430B	4561968267282882688	no_v_magnitude
			GJ 12435		no_v_magnitude
			GJ 12439B	1310513342280949376	no_v_magnitude
			GJ 12445	4364185165038935040	no_v_magnitude
			GJ 12446		no_v_magnitude
			GJ 12455		no_v_magnitude
			GJ 12457		no_v_magnitude
			GJ 12464		no_v_magnitude
			GJ 12469B	4548562269906020352	no_v_magnitude
			GJ 12474		no_v_magnitude
			GJ 12484		no_v_magnitude
			GJ 12501		no_v_magnitude
			GJ 12503		no_v_magnitude
			GJ 12523		no_v_magnitude
			GJ 12527		no_v_magnitude
			GJ 12528B		no_v_magnitude
			GJ 12529A	4594186745414679680	no_v_magnitude
			GJ 12533		no_v_magnitude
			GJ 12541		no_v_magnitude
			GJ 12543		no_v_magnitude
			GJ 12548		no_v_magnitude
			GJ 12549		no_v_magnitude
			GJ 12554		no_v_magnitude
			GJ 12558		no_v_magnitude
			GJ 12561	4123874907297370240	no_v_magnitude
			GJ 12565		no_v_magnitude
			GJ 12572		no_v_magnitude
			GJ 12573	4371611781971072768	no_v_magnitude
			GJ 12574		no_v_magnitude
			GJ 12578		no_v_magnitude
			GJ 12581		no_v_magnitude
			GJ 12582		no_v_magnitude
			GJ 12586		no_v_magnitude
			GJ 12594B		no_v_magnitude
			GJ 12599	4062783361232757632	no_v_magnitude
			GJ 12600	4145132555890838784	no_v_magnitude
			GJ 12609		no_v_magnitude
			GJ 12620		no_v_magnitude
			GJ 12625		no_v_magnitude
			GJ 12630		no_v_magnitude
			GJ 12634B	6364795328244240256	no_v_magnitude
			GJ 12635		no_v_magnitude
			GJ 12637		no_v_magnitude
			GJ 12639		no_v_magnitude
			GJ 12640	4094032443707053568	no_v_magnitude
			GJ 12649		no_v_magnitude
			GJ 12655B	4586421272742268544	no_v_magnitude
			GJ 12662	4588438567346043776	no_v_magnitude
			GJ 12668		no_v_magnitude
			GJ 12669		no_v_magnitude
			GJ 12673	4276948538120524288	no_v_magnitude
			GJ 12677	4159791176135290752	no_v_magnitude
			GJ 12682B		no_v_magnitude
			GJ 12692	2091177593123254016	no_v_magnitude
			GJ 12695	4283084190940885888	no_v_magnitude
			GJ 12706	4155202364362108544	no_v_magnitude
			GJ 12708		no_v_magnitude
			GJ 12724	6439125097427143808	no_v_magnitude
			GJ 12747		no_v_magnitude
			GJ 12772		no_v_magnitude
			GJ 12773		no_v_magnitude
			GJ 12782		no_v_magnitude
			GJ 12805C	6644846849713646208	no_v_magnitude
			GJ 12809		no_v_magnitude
			GJ 12825	4308488780772030336	no_v_magnitude
			GJ 12828		no_v_magnitude
			GJ 12839		no_v_magnitude
			GJ 12843B	1825387390333255808	no_v_magnitude
			GJ 12846B	2018474482692940288	no_v_magnitude
			GJ 12847		no_v_magnitude
			GJ 12854		no_v_magnitude
			GJ 12864C	2135550755684554112	no_v_magnitude
			GJ 12896		no_v_magnitude
			GJ 12897	2034222547258288000	no_v_magnitude
			GJ 12902		no_v_magnitude
			GJ 12904B	2059314708223067904	no_v_magnitude
			GJ 12908		no_v_magnitude
			GJ 12924		no_v_magnitude
			GJ 12931B	4250327781042868224	no_v_magnitude
			GJ 12935		no_v_magnitude
			GJ 12936		no_v_magnitude
			GJ 12941		no_v_magnitude
			GJ 12945		no_v_magnitude
			GJ 12949		no_v_magnitude
			GJ 12950		no_v_magnitude
			GJ 12951		no_v_magnitude
			GJ 12975	6476114936322488960	refused_no_defensible_parallax
			GJ 13000		no_v_magnitude
			GJ 13003B	6450595924275742848	no_v_magnitude
			GJ 13008		no_v_magnitude
			GJ 13009		no_v_magnitude
			GJ 13033		no_v_magnitude
			GJ 13046		no_v_magnitude
			GJ 13048B	2163558855915069824	no_v_magnitude
			GJ 13057B	6476864837613433472	no_v_magnitude
			GJ 13067		no_v_magnitude
			GJ 13071		no_v_magnitude
			GJ 13075		no_v_magnitude
			GJ 13084		no_v_magnitude
			GJ 13086		no_v_magnitude
			GJ 13092	1798588409277193984	no_v_magnitude
			GJ 13106		no_v_magnitude
			GJ 13107		no_v_magnitude
			GJ 13111		no_v_magnitude
			GJ 13124		no_v_magnitude
			GJ 13128	6558741070485093632	no_v_magnitude
			GJ 13141		no_v_magnitude
			GJ 13144		no_v_magnitude
			GJ 13151B	2617720998555821312	no_v_magnitude
			GJ 13153		no_v_magnitude
			GJ 13156B		no_v_magnitude
			GJ 13159		no_v_magnitude
			GJ 13166		no_v_magnitude
			GJ 13167		no_v_magnitude
			GJ 13173B	2617043665033973376	no_v_magnitude
			GJ 13176		no_v_magnitude
			GJ 13180		no_v_magnitude
			GJ 13181		no_v_magnitude
			GJ 13183		no_v_magnitude
			GJ 13202		no_v_magnitude
			GJ 13203		no_v_magnitude
			GJ 13204		no_v_magnitude
			GJ 13209		no_v_magnitude
			GJ 13210		no_v_magnitude
			GJ 13213		no_v_magnitude
			GJ 13216		no_v_magnitude
			GJ 13218B	1878388180081101440	no_v_magnitude
			GJ 13224		no_v_magnitude
			GJ 13237		no_v_magnitude
			GJ 13238C	6357834388848708224	no_v_magnitude
			GJ 13242		no_v_magnitude
			GJ 13247		no_v_magnitude
			GJ 13256		no_v_magnitude
			GJ 13257		no_v_magnitude
			GJ 13258		no_v_magnitude
			GJ 13262		no_v_magnitude
			GJ 13278		no_v_magnitude
			GJ 13280		no_v_magnitude
			GJ 13287B		no_v_magnitude
			GJ 13297		no_v_magnitude
			GJ 13300		no_v_magnitude
			GJ 13311		no_v_magnitude
			GJ 13315		no_v_magnitude
			GJ 13317		no_v_magnitude
			GJ 13319		no_v_magnitude
			GJ 13335		no_v_magnitude
			GJ 13345		no_v_magnitude
			GJ 13349		no_v_magnitude
			GJ 13350		no_v_magnitude
			GJ 13353		no_v_magnitude
			GJ 13364		no_v_magnitude
			GJ 13367B	1941668716392322432	no_v_magnitude
			GJ 13370		no_v_magnitude
			GJ 13376		no_v_magnitude
			GJ 13382		no_v_magnitude
			GJ 13386	2331849006126794880	no_v_magnitude
			GJ 13387		no_v_magnitude
			GJ 13390		no_v_magnitude
			GJ 13392		no_v_magnitude
			GJ 13393		no_v_magnitude
			GJ 13394		no_v_magnitude
			GJ 13397		no_v_magnitude
			GJ 13401		no_v_magnitude
			GJ 13404		no_v_magnitude
			GJ 13408		no_v_magnitude
			GJ 13410		no_v_magnitude
			GJ 13412		no_v_magnitude
			GJ 13413		no_v_magnitude
			GJ 13424		no_v_magnitude
			GJ 13426		no_v_magnitude
			GJ 13427	2769753357547997440	no_v_magnitude
			GJ 13431		no_v_magnitude
			GJ 13432	2337628932595588608	no_v_magnitude
			GJ 13441		no_v_magnitude
			GJ 13448	2847644410525542016	no_v_magnitude
			GJ 13453		no_v_magnitude
			GJ 13454		no_v_magnitude
			GJ 13459		no_v_magnitude
			GJ 9681B	1807953087254264064	no_v_magnitude
	105296				no_parallax_published
	108652			1975343768268150272	no_parallax_published
	108802				no_parallax_published
	109105				refused_no_defensible_parallax
	111126			1987860638689066368	refused_no_defensible_parallax
	112465				no_parallax_published
	112777			6353558663006436608	refused_no_defensible_parallax
	113373				refused_no_defensible_parallax
	114818				refused_no_defensible_parallax
	117566			2327846543283781376	refused_no_defensible_parallax
	11829				no_parallax_published
	120229				no_parallax_published
	120412				no_v_magnitude
	13287			140462030629908096	no_parallax_published
	16216				no_parallax_published
	18031				no_parallax_published
	18377				no_parallax_published
	18404				no_parallax_published
	20488				no_parallax_published
	24078				no_parallax_published
	26218			4657280639705543296	refused_no_defensible_parallax
	27996				no_parallax_published
	30195			3008341024227026432	no_parallax_published
	31157				no_parallax_published
	31825				no_parallax_published
	32000				no_parallax_published
	34226				no_parallax_published
	34993			2928395018382746496	refused_no_defensible_parallax
	35488			5511716210812918656	no_parallax_published
	36649				no_parallax_published
	38562				no_parallax_published
	39410			671032466124830848	no_parallax_published
	4004			4689033539046230400	refused_no_defensible_parallax
	40272				no_parallax_published
	43283				no_parallax_published
	43708				no_parallax_published
	44197				no_parallax_published
	45538			593799608292315264	refused_no_defensible_parallax
	45792				no_parallax_published
	47386				no_parallax_published
	47579			794709687248802048	refused_no_defensible_parallax
	4768			4690499772138161536	refused_no_defensible_parallax
	4773			4690499806497887360	no_parallax_published
	48307				no_parallax_published
	48665				no_parallax_published
	50572				no_parallax_published
	51496				no_parallax_published
	51595			5392354396734357760	no_parallax_published
	53198			3989734145051357440	no_parallax_published
	54948				no_parallax_published
	55110				refused_no_defensible_parallax
	55987				refused_no_defensible_parallax
	5734				no_parallax_published
	5877			5039919757059571840	no_parallax_published
	59018				no_parallax_published
	59154				no_parallax_published
	60450				no_parallax_published
	60798				no_parallax_published
	60936			3700386905605055360	refused_no_defensible_parallax
	61231				no_parallax_published
	6132				no_parallax_published
	63830			3957174444657466624	refused_no_defensible_parallax
	66182				refused_no_defensible_parallax
	66747				no_parallax_published
	67616				no_parallax_published
	69189			1226239997963666560	no_parallax_published
	69782				no_parallax_published
	74791			5890004320261840768	no_parallax_published
	81694				no_parallax_published
	82196			1356673486115493632	no_parallax_published
	8470			4638467544702324864	refused_no_defensible_parallax
	86257				no_parallax_published
	87122				no_parallax_published
	88330				no_parallax_published
	88759				no_position
	89044			6703014725675220096	no_parallax_published
	90724			6734055175911885440	no_parallax_published
	91256				no_parallax_published
	92836				no_parallax_published
	94961				no_parallax_published
	95024			2051292671388139904	refused_no_defensible_parallax
	95493				no_parallax_published
	95723				no_parallax_published
	96073				no_parallax_published
100-109-1		290282		3221659233634173696	no_parallax_published
100-1142-1		287794		3222133054426118144	no_parallax_published
100-1221-1		287790		3222118657695124736	no_parallax_published
100-882-1		287651		3233705379949054848	refused_no_defensible_parallax
100-890-1		287799		3222115079986636672	refused_no_defensible_parallax
1001-170-1		161075		4493333693461205504	no_parallax_published
1018-659-1		167693			no_parallax_published
1019-920-1		163400			no_parallax_published
102-1128-1		287483		3229007166764507392	refused_no_defensible_parallax
102-530-1		240687		3238308966414059904	no_parallax_published
1025-3151-1		173551			no_parallax_published
103-2864-2		33884			no_parallax_published
1030-134-1		229514		4503747034980592128	no_parallax_published
1030-3922-1		229575		4503857948220927744	refused_no_defensible_parallax
1034-282-1		229582		4504238413600509696	no_parallax_published
1038-2527-1		229543		4507378172118438656	refused_no_defensible_parallax
104-2148-1		243089		3236191611961521792	refused_no_defensible_parallax
104-486-1		287617		3235280808312951680	no_parallax_published
1040-280-1		178216		4307263959167161216	no_parallax_published
1041-521-1		179466		4308898421867032064	no_parallax_published
1044-287-1		230602		4312585634153212672	no_parallax_published
1045-340-1		230878		4312784538334849920	refused_no_defensible_parallax
1045-475-1		178894			no_parallax_published
1047-392-1		230382		4506031064229587584	no_parallax_published
1048-1056-1		177027		4313799048297102464	no_parallax_published
1048-1131-1		230652		4313529667964466944	refused_no_defensible_parallax
1048-1438-1		230636			no_parallax_published
1048-564-1		230555		4313387143781747072	no_parallax_published
1049-1071-1		230771		4313950570425246720	refused_no_defensible_parallax
1049-1428-1		230803		4314048122070356864	no_parallax_published
1049-620-1		230799			no_parallax_published
1049-892-1		230840			no_parallax_published
105-1222-1		287892		3223767474164048000	refused_no_defensible_parallax
1051-1808-1		176483		4506490453936072064	no_parallax_published
1051-1845-1		230305		4506507874307297280	no_parallax_published
1051-837-1		230370		4506765984668290560	no_parallax_published
1052-2416-1		230756			no_parallax_published
1052-668-1		230567			refused_no_defensible_parallax
1053-2027-1		230948		4319311930881349632	no_parallax_published
1054-595-1		231263		4319859487650510336	no_parallax_published
1057-184-1		185666			no_parallax_published
1058-2482-1		188123		4298560641753220224	no_parallax_published
1059-517-1		231657		4314688106554919296	no_parallax_published
1059-541-1		231574		4314890932033511680	no_parallax_published
106-241-1		240864		3239169987098490240	refused_no_defensible_parallax
1060-1102-1		232043		4303037921846653824	refused_no_defensible_parallax
1060-1145-1		231853		4302586366164960384	no_parallax_published
1061-1778-1	97162	186587		4302823310903478272	no_parallax_published
1061-246-2		186571		4302834580897873664	no_parallax_published
1061-303-1		355699		4302660651907345152	refused_no_defensible_parallax
1061-435-1		186620			no_parallax_published
1061-526-1		355768			no_parallax_published
1061-65-1		185623		4302241016429301376	no_parallax_published
1062-357-1		188286		4303427801768003072	no_parallax_published
1063-1577-1		231584		4316144993827843968	no_parallax_published
1063-450-1		231610		4316196567790870016	refused_no_defensible_parallax
1065-2055-1		355654		4316704164191151744	no_parallax_published
1065-2087-1		355675		4303152855164360576	refused_no_defensible_parallax
1065-2261-1		355593			no_parallax_published
1065-3144-2		186204			no_parallax_published
1065-756-1		355744		4316736183127733888	no_parallax_published
1066-1256-1		187447		4305160151071351424	refused_no_defensible_parallax
1066-2545-1		356100		4304898020622214912	no_parallax_published
1066-547-1		356021		4304367265745849600	no_parallax_published
1068-1043-1		231951		4318251486277708032	no_parallax_published
1068-1593-1		231705		4316604005542037120	refused_no_defensible_parallax
1069-1005-1		353390		4318417787423920128	no_parallax_published
1069-3237-1		353699		4317390156359252864	no_parallax_published
1069-3884-1	96840	185936		4317157059905694592	refused_no_defensible_parallax
1069-501-1		353676		4317709633203753728	no_parallax_published
1070-1093-1		353852			no_parallax_published
1070-1342-1		356047		4305310955958958848	no_parallax_published
1070-1493-1		354044		1807443218795606528	no_parallax_published
1070-452-1		355927		4305274603363153152	no_parallax_published
1072-1922-1		190923		4298836481713297280	no_parallax_published
1076-2086-1		356813		4299760174570571392	refused_no_defensible_parallax
1076-327-1		190848		4299563361995138304	no_parallax_published
1076-526-1		356770		4300642738819923584	no_parallax_published
1077-808-1		357034		1801832140386416512	refused_no_defensible_parallax
1077-873-1		357150		1801772285718980480	no_parallax_published
1078-1005-1		357333		1802030430431255552	refused_no_defensible_parallax
1079-167-1		356205		4305035940608980992	no_parallax_published
1079-2962-1		356489		4304018720554299136	no_parallax_published
1079-3462-1		356499		4303934917152651136	refused_no_defensible_parallax
1079-85-1		356237		4304062116900425856	refused_no_defensible_parallax
108-1232-1		242853			no_parallax_published
108-1282-1		242128			no_parallax_published
108-908-1		242129		3240369107608511616	no_parallax_published
1080-109-1		356752		1802848192215140480	no_parallax_published
1080-713-1		356735		1802870560410680064	no_parallax_published
1081-560-1		356998		1802823418837564928	no_parallax_published
1082-1900-1		357234		1802286960240783744	no_parallax_published
1082-601-1		357295		1802537270933450496	no_parallax_published
1083-1702-1		354597		1806355634311951616	refused_no_defensible_parallax
1083-2706-1		189018		1807194355532092416	no_parallax_published
1083-2877-1		356441		1806308419717937280	no_parallax_published
1083-3402-1		356312		4305070850104115840	refused_no_defensible_parallax
1083-3487-1		356451			no_parallax_published
1084-2247-1		355022		1806620066856536704	refused_no_defensible_parallax
1085-1087-1		355305		1803684130283711232	no_parallax_published
1085-1677-1		355289		1805188880665625472	no_parallax_published
1085-1962-1		355421		1805179294297092096	no_parallax_published
1085-968-1		357072		1803558133119969152	refused_no_defensible_parallax
1086-1009-1		355531		1805149882360346112	no_parallax_published
1086-1108-1		357284		1804824736149165056	no_parallax_published
1086-2049-1		355429		1805138608067075328	no_parallax_published
1086-2191-2		193350			no_v_magnitude
109-291-1		243277		3236230167883717504	no_parallax_published
1092-823-1		196493		1754574374700068608	no_parallax_published
1094-904-1		198740		1750728519249317632	no_parallax_published
1107-1250-1		199630			no_parallax_published
111-1516-1		241308		3241476934292840448	no_parallax_published
111-217-1		240930		3239980773843233792	no_parallax_published
111-741-1		241681		3241666840566151808	refused_no_defensible_parallax
1112-2519-1	104066				no_parallax_published
112-413-1		242209		3240552210653791232	no_parallax_published
113-1707-1		243915		3237770579378917888	no_parallax_published
1143-700-1		208879		2728447694988895104	no_parallax_published
115-1582-1	27033	288218		3222898280159162112	refused_no_defensible_parallax
115-657-1		290827			no_parallax_published
1159-236-1		215911		2732045812431202688	refused_no_defensible_parallax
118-1951-1		244542			no_parallax_published
118-301-1		288021		3223662681258923520	refused_no_defensible_parallax
118-396-1		36511		3223587467791895168	no_parallax_published
118-448-1		288027			no_parallax_published
118-698-1		287938		3223797371432679040	no_parallax_published
119-1304-1		288171		3223205387500563456	refused_no_defensible_parallax
120-1008-1		288232		3319226493867155712	no_parallax_published
122-334-1		245592		3332745367289282944	no_parallax_published
1225-1859-1		19788			no_parallax_published
1227-883-1		18190		84043718185402880	no_parallax_published
123-630-1		246020		3224500646557676032	no_parallax_published
1230-1424-2		18520			no_parallax_published
124-1383-1		247714		3320454854515940864	refused_no_defensible_parallax
124-1392-1		247830		3319661277702437888	no_parallax_published
1249-24-1		285337			no_parallax_published
1250-354-1		285332		39400385003536640	no_parallax_published
1251-858-1		285477		45969485941941760	no_parallax_published
1253-64-1		285240		49988269660180224	no_parallax_published
1255-19-1		285532		47708982055297792	no_parallax_published
126-10-1		245217		3332974787262814720	no_parallax_published
1260-800-1		23743			no_parallax_published
1263-544-1		26802			no_parallax_published
1265-566-1		285814			no_v_magnitude
1265-971-1		285805			no_v_magnitude
1266-1167-1		285922		3309956202097520896	refused_no_defensible_parallax
1270-779-1		285901		3313485355247771264	no_parallax_published
1270-871-1		285948		3313224225531417088	no_parallax_published
1272-1127-1		284402		48401536943284992	no_parallax_published
1272-345-1		284342		49026093907867520	refused_no_defensible_parallax
1272-747-1		285628			no_parallax_published
1272-814-1		284416			no_parallax_published
1273-740-1		284468		48096216308510208	refused_no_defensible_parallax
1275-371-1		286012		3409880540383987968	refused_no_defensible_parallax
1279-249-1		284675			no_parallax_published
1279-471-1		284603		3411360654833535232	no_parallax_published
1279-642-1		284768		3412845957602188032	no_parallax_published
1279-730-1		284666		3413052116033844864	no_parallax_published
128-1099-1		247570			no_parallax_published
128-362-1		38338		3321204309127032448	no_parallax_published
128-443-1		247867		3334935693235265792	no_parallax_published
128-696-1		248540		3322820385064476928	refused_no_defensible_parallax
128-905-1		248615		3322870344124769920	no_parallax_published
1281-1288-1		286178			no_parallax_published
1281-262-1		286333		3393403018612089344	no_parallax_published
1282-450-1		240978		3394716350890910080	no_parallax_published
1284-1376-1		31121		3405664153809260544	refused_no_defensible_parallax
1285-1154-1		286229		3405519224431524608	no_parallax_published
1285-300-1		32004		3405535751467406208	refused_no_defensible_parallax
1285-760-1		286232		3405534926833655040	refused_no_defensible_parallax
1286-1423-1		240756		3394978373960340736	no_parallax_published
1287-1149-1	24317	241630		3395550296101425408	refused_no_defensible_parallax
1287-1724-1		241983		3395178317572931328	no_parallax_published
129-1578-1		249842		3321918884312215040	no_parallax_published
129-45-1		249175		3322767402347601408	no_parallax_published
129-931-1		39772		3322541143470604416	no_parallax_published
1290-1532-1		285219		3407841216897133824	no_parallax_published
1290-882-1		285211		3408817828036287232	no_parallax_published
1292-1937-1		284882		3412324342415692416	no_parallax_published
1292-705-1		284871		3412451640949606912	refused_no_defensible_parallax
1293-2113-1		285010		3412276582380529152	no_parallax_published
1293-2672-1		285201		3409085146801072896	no_parallax_published
1294-1211-1		240584		3415273400103577344	no_parallax_published
1294-33-1		241142		3414864626593863424	no_parallax_published
1294-631-1		32864		3415257220963752320	no_parallax_published
1296-1113-1		243451		3390775460697937408	no_parallax_published
1296-327-1		243419		3391170219733563136	no_parallax_published
1296-784-1		243139		3390963614626849280	no_parallax_published
1298-136-1		246207		3347816338812961408	no_parallax_published
1298-318-1		245995		3395928218865042176	no_parallax_published
1299-1178-1		247926		3348098088668354176	refused_no_defensible_parallax
1299-1769-1		247460		3348259579438618496	no_parallax_published
1299-943-1		248382			refused_no_defensible_parallax
1299-981-1		247051		3396316037232054784	no_parallax_published
13-257-1		2758			no_parallax_published
130-1089-1		291071		3314715987933683840	no_parallax_published
130-1188-1		291076		3314792197834648064	refused_no_defensible_parallax
130-269-1		291199		3122581656741671552	no_parallax_published
130-381-1		291081		3122534339084048768	no_parallax_published
130-598-1		288424		3315250144427855360	no_parallax_published
1300-788-1		242985		3394485174275152256	refused_no_defensible_parallax
1301-1627-1		36796		3397818657308098048	no_parallax_published
1303-809-1		247650			no_parallax_published
1306-1000-1		246521		3399411231183781376	refused_no_defensible_parallax
1307-65-1		248093		3399870930123527808	no_parallax_published
1307-829-1		247385			no_parallax_published
1308-2061-1		243168		3414435954497646208	no_parallax_published
1308-266-1		243011		3402287794119186304	no_parallax_published
1309-1092-1		245158		3402872901806859648	no_parallax_published
1309-1203-1		244746		3403657304572626688	no_parallax_published
131-1816-1		288465		3123072760481872896	no_parallax_published
1310-16-1		246543		3402662590146045952	no_parallax_published
1310-2576-1		246811		3400025926902795392	no_parallax_published
1311-1642-1		38493		3403213754709441152	refused_no_defensible_parallax
1311-264-1		247310		3403208012335843456	no_parallax_published
1312-1440-1		250057		3348870078972704384	refused_no_defensible_parallax
1312-148-1		249144		3347219063482549888	no_parallax_published
1312-1760-1		249859		3348922688030054528	no_parallax_published
1312-2887-1		248608		3348119357343393024	no_parallax_published
1313-276-1		251497		3345579721706291712	refused_no_defensible_parallax
1313-779-1		250202		3348958456513207168	no_parallax_published
1313-844-1		251704		3345530999596461440	refused_no_defensible_parallax
1314-247-1		253051		3346152812076705536	no_parallax_published
1314-664-1		252561		3346135700930388864	no_parallax_published
1315-2056-1		255927		3368829724007298048	no_parallax_published
1315-47-1		254762			no_parallax_published
1316-1318-1		249188		3349986701750101632	no_parallax_published
1316-618-1		249187		3350091812487146112	no_parallax_published
1317-718-1		250270		3350130565973032960	refused_no_defensible_parallax
1317-867-1		250722		3350264264013555712	no_parallax_published
1317-929-1		250838		3350269757274176384	no_parallax_published
1318-622-1		253530		3373369160838771712	no_parallax_published
1318-830-1		254049		3373782371052724864	no_parallax_published
132-483-1		288610			no_parallax_published
132-545-1		288566			no_parallax_published
132-712-1		288550			no_parallax_published
132-720-1		291514			no_parallax_published
132-726-1		291452		3121796708518852736	no_parallax_published
132-889-1		288529		3124395984067551488	refused_no_defensible_parallax
1320-1983-1		248841		3398874806949418880	no_parallax_published
1320-219-1		249206		3398598241116874880	no_parallax_published
1321-1214-1		251018			no_parallax_published
1321-417-1		250136		3422871197249962752	no_parallax_published
1321-95-1		250354			no_parallax_published
1322-1381-1		253158		3373674618915273216	no_parallax_published
1322-1497-1		252812		3375023066846718976	no_parallax_published
1322-356-1		253652		3374072088070461056	no_parallax_published
1322-443-1		253595		3375053505277762816	no_parallax_published
1322-546-1		252265		3374467121984047616	no_parallax_published
1323-1047-1		254369		3373899572122935808	no_parallax_published
1323-1717-1		256112		3375570069585919872	no_parallax_published
1323-2018-1		256114		3370861411039813376	no_parallax_published
1323-585-1		255138		3375743968519324800	no_parallax_published
1324-1930-1		249614		3424117841575923712	no_parallax_published
1325-1176-1		251648			no_parallax_published
1325-1593-1		250899		3423695281216886400	no_parallax_published
1326-1012-1		252262		3423547328182688640	no_parallax_published
1326-1323-1		252433		3375395865711902848	no_parallax_published
1326-1536-1		253076		3375336462021218944	no_parallax_published
1326-1623-1		253801		3376864095990202880	refused_no_defensible_parallax
1326-188-1		253182		3375121060822523520	no_parallax_published
1326-323-1		252380		3375288324026898560	no_parallax_published
1326-652-1		253913		3376910515996531456	refused_no_defensible_parallax
1326-820-1		43207		3376919720107704704	no_parallax_published
1327-1339-1		256219		3375926380073328256	no_parallax_published
1327-1451-1		255918		3375982317727378560	no_parallax_published
1327-216-1		43509			no_parallax_published
1327-606-4		255094			no_v_magnitude
1328-855-1		258814			no_parallax_published
1329-129-1		259739		3357415796879078400	refused_no_defensible_parallax
1329-456-1		260657		3358655633678131456	no_parallax_published
133-2046-1		45318		3120363392034180608	no_parallax_published
133-385-1		44975		3120261274890618240	no_parallax_published
1332-841-1		257141		3372146774490744192	no_parallax_published
1332-90-1		257445		3369701911606815872	no_parallax_published
1333-1372-1		260653		3371201233146234112	refused_no_defensible_parallax
1333-513-1		260010		3371014281814268544	no_parallax_published
1334-1691-1		262100		3359431781510132992	refused_no_defensible_parallax
1334-1971-1		262008		3358811317653696896	no_parallax_published
1334-733-1		48884		3359353961001686016	no_parallax_published
1335-604-1		265481		3364557021820862976	no_parallax_published
1336-1031-1		257523		3372512332048573056	no_parallax_published
1336-1422-1		257260		3372417086852403968	refused_no_defensible_parallax
1336-1720-1		257939		3372305555141977728	no_parallax_published
1336-833-1		258095		3372532604293502336	no_parallax_published
1337-1834-1		260355		3371870659633967360	no_parallax_published
1338-1617-1		261872		3371776479590448128	no_parallax_published
1338-2007-1		261834			no_parallax_published
1338-855-1		263057		3365690240353310976	no_parallax_published
1339-226-1		265540		3366165298096441472	no_parallax_published
1339-383-1		264126		3365612102010069504	refused_no_defensible_parallax
1339-560-1		265066		3365778544880899456	no_parallax_published
134-1006-1		288354		3316350480689253888	no_parallax_published
134-468-1		288357		3315592539219940480	no_parallax_published
134-853-1		288386		3315548863696520576	no_parallax_published
1340-1730-1		45486		3376126323687684736	no_parallax_published
1340-796-1		258221		3376076605147373312	refused_no_defensible_parallax
1341-1539-1		46882		3379114761934025984	no_parallax_published
1342-1453-1		262784		3378253565152112000	no_parallax_published
1342-1706-1		263191		3378230376625151872	no_parallax_published
1342-316-1		263860			no_parallax_published
1342-577-1		263088			no_parallax_published
1343-591-1		266223		3366380802374565888	no_parallax_published
1344-1055-1		266497		3355045623467670912	no_parallax_published
1348-1169-1		266699		3364625015445132160	no_parallax_published
1348-915-1		267500		3364382882368875264	no_parallax_published
1352-1162-1		266945			no_parallax_published
1352-1414-1		266580		3365881967693586944	no_parallax_published
1352-1418-1		267756		3365098393858801536	refused_no_defensible_parallax
1352-558-1		267229		3364657451038163456	no_parallax_published
1356-1049-1		267583		3367859989108634112	no_parallax_published
1356-206-1		266913		3366117434979328896	no_parallax_published
136-1715-1		254567		3317466244475050496	no_parallax_published
136-836-1		43482		3124904821732344192	no_parallax_published
1365-1109-1		60634		671412725349885696	no_parallax_published
1381-1641-1		68255			no_parallax_published
139-2039-1		253586		3317166490115927552	refused_no_defensible_parallax
139-475-1		253092		3318623068145520896	no_parallax_published
1396-895-1		75034		660224644781143040	no_parallax_published
1398-128-1		73574			no_parallax_published
140-115-1		255187		3317933738776124800	refused_no_defensible_parallax
140-1283-1		254309			no_parallax_published
140-1827-1		254623		3317493899766087040	refused_no_defensible_parallax
140-546-1		255357		3125349058785517184	no_parallax_published
1401-114-1		79427		607697985023089408	refused_no_defensible_parallax
1401-813-1		78608		607916783542120448	no_parallax_published
141-1216-1		256332		3125472994366833920	refused_no_defensible_parallax
141-1515-1		256485			no_v_magnitude
141-2231-1		256302			no_parallax_published
141-2453-1		258044			no_parallax_published
1413-34-1		83840		621235034745819008	no_parallax_published
142-1810-1		250677			no_parallax_published
142-1904-1		41080		3321560791415192448	no_parallax_published
1423-1349-2		89485			no_parallax_published
143-1366-1		253012		3318917771621708544	no_parallax_published
143-1369-1		253065		3319151624000730240	no_parallax_published
143-1548-1		253863		3318760850697464064	no_parallax_published
1430-1349-1		97017		3968711688886250240	no_parallax_published
1430-386-1		96130		3969851500192285440	no_parallax_published
1435-559-1		94234		3989628729373726976	no_parallax_published
1440-1494-1		100869			no_parallax_published
1442-1630-1		105566			no_parallax_published
145-2187-1		257581		3324349221625295872	refused_no_defensible_parallax
1454-1134-2		114379			no_parallax_published
146-1525-1		288853		3120700529786642688	refused_no_defensible_parallax
146-1576-1		291858		3119820503869716608	no_parallax_published
146-660-1		291787			no_parallax_published
146-968-1		288804		3120763098867947776	no_parallax_published
147-188-1		292057			no_parallax_published
147-649-1		288979		3125885616165280384	refused_no_defensible_parallax
148-11-1		292549		3113339535659141376	no_parallax_published
148-1140-1		292380		3113632491087031424	no_parallax_published
148-1326-1		289208		3126065287538942592	no_parallax_published
148-2517-1		50086		3113548618967228288	no_parallax_published
148-82-1		289099			no_parallax_published
1485-199-1		132951		1186760933456742912	no_parallax_published
1485-838-1		133188		1186866112911670016	refused_no_defensible_parallax
149-2575-1		292825		3112925191574050816	no_parallax_published
149-2727-1		292911		3112944506045760896	refused_no_defensible_parallax
149-2938-1		289374			no_parallax_published
149-3328-1		289384		3113815040078156416	no_parallax_published
149-46-1		289363		3114186881167876096	refused_no_defensible_parallax
1490-762-1		137740		1208832705967347456	refused_no_defensible_parallax
150-828-1		260543		3130173509652449024	refused_no_defensible_parallax
1501-1085-1	76761	139952		1217154050488751872	refused_no_defensible_parallax
151-2081-1		288908			no_parallax_published
151-2203-1		289013		3126022299206041600	no_parallax_published
152-1921-1		265526		3128130857569257344	no_parallax_published
152-360-1		289069			no_v_magnitude
153-2186-1		266021		3128033653869521920	no_parallax_published
153-2407-1		50278			no_parallax_published
153-2501-2		51565			no_parallax_published
1532-1226-1		150731		4565881777060622976	no_parallax_published
154-2299-1		260702		3130907021348440704	refused_no_defensible_parallax
154-2492-1		259012			no_parallax_published
155-1648-1		261975		3131036523205313536	no_parallax_published
155-2909-1		262414			no_parallax_published
155-2941-1		47890		3130728522509614208	no_parallax_published
155-3182-1		262380			no_parallax_published
156-1111-1		263775		3132413283560802816	refused_no_defensible_parallax
156-1673-1		49410		3127444040759715456	no_parallax_published
156-569-1		264537			no_parallax_published
156-616-1		265313		3129118150286546944	no_parallax_published
1562-1486-1		347829		4503573140308976000	no_parallax_published
1566-2339-1		341528		4577381912780963712	no_parallax_published
1566-985-1		341595		4576290303894927232	no_parallax_published
157-1017-1		267286		3128724593846360320	no_parallax_published
157-1129-1		266929		3129554106651391872	no_parallax_published
157-2000-1		267355		3128600069856346880	no_parallax_published
1571-121-1		348047		4526619659946919296	no_parallax_published
1571-365-1	88875	166157		4526532111332222080	refused_no_defensible_parallax
1572-1191-1		348537		4523538931448231296	no_parallax_published
1572-980-1		348418		4523663584273636992	refused_no_defensible_parallax
1574-1293-1	90996	171365		4523973547779600384	refused_no_defensible_parallax
1574-309-1		349125		4524454790265068544	no_parallax_published
1574-337-1		349018		4524129540988758272	no_parallax_published
1575-1767-1		348020		4527492740897315584	refused_no_defensible_parallax
1576-279-1		348205		4527176150265412352	no_parallax_published
1577-1867-1		348606		4525379062933017984	no_parallax_published
1577-477-1		348761			no_parallax_published
1578-124-1		348898		4524420121299232768	no_parallax_published
1578-1297-1		348977		4524779799044201728	refused_no_defensible_parallax
1578-264-1		349005		4524710632889554688	no_parallax_published
1579-1176-1		341849		4529810373974953472	no_parallax_published
1579-1465-1		341686			no_parallax_published
1579-1525-1		341684		4528306620020554624	no_parallax_published
1579-718-1		341651		4577984062891831424	no_parallax_published
158-330-1		258492		3132059859291462400	no_parallax_published
158-598-1		259832		3132143284737470592	no_parallax_published
1580-733-1		342069		4529672076029901056	refused_no_defensible_parallax
1580-902-1		342051		4529752439151590272	no_parallax_published
1581-108-1		348737		4525949404531793408	no_parallax_published
1581-155-1		342389		4529198598834099584	no_parallax_published
1581-218-1		342408		4525976857967427840	refused_no_defensible_parallax
1581-2432-1		348655			no_parallax_published
1581-572-1		342273		4529373004561051136	no_parallax_published
1582-169-1		342712		4532196314206081024	refused_no_defensible_parallax
1582-224-1		348839		4525990258260745856	no_parallax_published
1582-308-1		349041			no_parallax_published
1583-1533-1		229505		4510528650882605568	no_parallax_published
1584-15-1		229860		4507444417674875392	no_parallax_published
1585-253-1		230329			no_v_magnitude
1585-577-1		230235		4508024066483953664	no_parallax_published
1585-677-1		230432		4513864534826587648	refused_no_defensible_parallax
1586-2411-1		230761			no_parallax_published
1586-3643-1	94173	178995		4512880815542100608	no_parallax_published
1586-4437-1		230598		4512909918222325632	no_parallax_published
1587-424-1		349227		4512460973841555200	no_parallax_published
1588-1266-1		230078		4517238661123000960	refused_no_defensible_parallax
1589-1526-1		230511		4514277676315455104	no_parallax_published
1589-2372-1		230159		4517125170909401600	no_parallax_published
159-1076-1		261714		3133611545076451712	no_parallax_published
159-1203-1		48533		3132694552379959296	no_parallax_published
159-2660-1		261786		3133447202448030208	refused_no_defensible_parallax
159-48-1		262681		3133589481825117568	no_parallax_published
1590-2194-1		179168		4513512656748010624	no_parallax_published
1591-169-1		349261		4530748223039158784	no_parallax_published
1592-1150-1		229991		4517621291162707200	no_parallax_published
1592-350-1		349473		4518346831385763968	no_parallax_published
1592-547-1		349338			no_parallax_published
1592-965-1		349509		4518511311461931520	no_parallax_published
1593-1210-1		349666		4517972516404993664	refused_no_defensible_parallax
1593-1641-1		349649		4518119404288484992	refused_no_defensible_parallax
1593-1672-1		349645		4518090778311203072	no_parallax_published
1594-400-1		179071		4519530180791229952	no_parallax_published
1594-900-1		349789		4519467920947930368	refused_no_defensible_parallax
1595-1285-1		342954		4531171569376708608	no_parallax_published
1595-1997-1		349253		4530760317667220480	no_parallax_published
1595-2040-1		349245		4531047565075958656	no_parallax_published
1595-2052-1	91916	349248		4530955343539786624	refused_no_defensible_parallax
1595-793-1		342934		4531995790772599808	no_parallax_published
1596-1725-1		343074		4531523069496586496	refused_no_defensible_parallax
1596-1987-1		343315		4531409270049450752	no_parallax_published
1596-337-1		343182		4531622334767453696	no_parallax_published
1596-48-1		343226		4531268738708682880	no_parallax_published
1596-563-1		343176			no_parallax_published
1597-1905-1		343538		4520800318571564544	refused_no_defensible_parallax
1598-231-1		349731			no_parallax_published
1598-899-1		343979		4520014137692435456	no_parallax_published
160-1554-1		263622		3132499389064451328	no_parallax_published
160-2044-1		264386		3133141194618768896	no_parallax_published
160-317-1		264661		3133256570318622464	no_parallax_published
160-6-1		265143		3129808299997985408	no_parallax_published
160-782-1		264571			no_parallax_published
160-841-1		264892		3132898855379205248	refused_no_defensible_parallax
1600-451-1		231360		4322452372278667136	no_parallax_published
1601-2-1		231558			no_parallax_published
1601-483-1		231518		4321716390990101760	refused_no_defensible_parallax
1601-874-1		231837			no_parallax_published
1602-1502-1		353360		4318885182954071296	refused_no_defensible_parallax
1602-1553-1		185307		4321811361346487680	refused_no_defensible_parallax
1602-2802-1		353359		4318834605414814080	no_parallax_published
1602-2844-1		353355		4318825431375102592	no_parallax_published
1602-2894-1		353472		4318605803916149120	no_parallax_published
1604-1203-1		231479			no_parallax_published
1604-263-1		231213		4515019503042452352	no_parallax_published
1604-552-1		231486		4322589918619568384	no_parallax_published
1605-130-1		350098		4323338617332209280	refused_no_defensible_parallax
1605-818-1		350140			no_parallax_published
1606-24-1		353309		4322018619293946368	no_parallax_published
1606-484-1		350310			no_parallax_published
1607-528-1		179912			no_parallax_published
1608-455-1		350040			no_parallax_published
1608-525-1		350041		2017894181083647360	no_parallax_published
1608-665-1		350043			no_parallax_published
1609-958-1		231530		4515625643219607424	no_parallax_published
161-1020-1		266372		3133009180204945280	refused_no_defensible_parallax
161-1044-1		265623		3132989221494175360	no_parallax_published
161-212-1		267030		3153998861476101760	refused_no_defensible_parallax
161-2633-1	33031	265698		3129800088019323136	refused_no_defensible_parallax
1610-61-1		350202		1825740986389264896	no_parallax_published
1611-434-1		349944		4516793084028191360	no_parallax_published
1611-632-1		180215		4520193564272524160	refused_no_defensible_parallax
1612-1097-1		344334		2018876457308041856	refused_no_defensible_parallax
1613-660-1		344596		2018457405903432704	no_parallax_published
1614-1169-1		350252		1825877497650739584	no_parallax_published
1614-142-1		344735		2018353364610350848	no_parallax_published
1614-652-1		344817		1827741410360046976	no_parallax_published
1614-744-1		344745		1826099805129647488	refused_no_defensible_parallax
1614-761-1		344659		2018245264567284352	no_parallax_published
1615-2203-1		353579		1820717863202200320	no_parallax_published
1615-2304-1		353797			no_parallax_published
1615-2980-1		353789		1819792589806344832	no_parallax_published
1615-3490-1		353775		1820618563558670720	no_parallax_published
1615-3805-1		353614		1820593691400740352	no_parallax_published
1616-2268-1		354165		1819622204182950784	no_parallax_published
1616-3539-1		353935			no_parallax_published
1616-479-1		354290		1820149901046404352	refused_no_defensible_parallax
1617-2086-1		354497		1808026960709556608	no_parallax_published
1617-2753-1		354701		1807714046555885440	no_parallax_published
1617-50-1		354784		1809618572504023296	no_parallax_published
1618-669-1		192562		1808335953523608704	refused_no_defensible_parallax
1618-829-1		355090			no_parallax_published
1618-999-1		355227		1808626641210100224	refused_no_defensible_parallax
1619-1122-1		353564		1821012467934976896	no_parallax_published
1619-1269-2		350670			no_parallax_published
1619-158-1		187484			no_parallax_published
1619-263-1		350549		1824556159517073792	no_parallax_published
1619-3088-1		350424		1824158922274020096	refused_no_defensible_parallax
1619-3362-1		350465			no_parallax_published
1619-603-1		350557		1824526575821216768	no_parallax_published
162-1751-1		53880		3112742878802151296	no_parallax_published
162-2324-1		289504		3113109089193427456	no_parallax_published
162-2398-1		289657		3114341882246005376	no_parallax_published
162-3512-1		53451			no_parallax_published
162-448-1		53450		3114642736114698752	no_parallax_published
162-794-1		289478			no_parallax_published
1620-2227-1		351125		1820455943233344640	no_parallax_published
1620-245-1		351121		1820473501067829760	no_parallax_published
1620-599-1		354081		1820426325149265664	no_parallax_published
1621-1665-1		189615		1822011958340021504	no_parallax_published
1621-207-1		351398		1809706327268811008	no_parallax_published
1621-306-1		351069		1822112769818530688	no_parallax_published
1621-667-1		351262		1820271156548478336	no_parallax_published
1622-1396-1		351521		1809853696188856576	no_parallax_published
1622-1476-1		351797		1809905785540734592	no_parallax_published
1622-1575-1		351790		1809974814260744704	no_parallax_published
1622-1646-1		351763		1810231962554697856	refused_no_defensible_parallax
1622-2065-1		351809			no_parallax_published
1622-362-1		351485			no_parallax_published
1622-821-1		351470		1822303122764285312	no_parallax_published
1623-1359-1		350474		1825067191934816128	refused_no_defensible_parallax
1623-1394-1		350507			no_parallax_published
1623-1828-1		350368		1825035649708222080	no_parallax_published
1623-2089-1		350386		1824650167812159616	no_parallax_published
1623-800-2		187322			no_parallax_published
1625-1073-1		351155		1823492038439768192	no_parallax_published
1625-1194-1		351335		1822190354100953600	refused_no_defensible_parallax
1625-1441-1		351431		1822784605765774208	no_parallax_published
1625-256-1		351049		1822977982388644864	refused_no_defensible_parallax
1625-464-1		351195		1822984064069088128	no_parallax_published
1625-986-1		351332			no_parallax_published
1626-1401-1		351602		1822389056467759872	no_parallax_published
1626-990-1		351574		1822738872963789056	refused_no_defensible_parallax
1627-144-1		345053		1827476977828604928	no_parallax_published
1627-1767-1		344912		1827751683920120448	refused_no_defensible_parallax
1627-1864-1		345039		1827452444978116224	no_parallax_published
1627-2208-1		344931		1827462203137642752	no_parallax_published
1627-2729-1		345059		1826591389944812288	refused_no_defensible_parallax
1627-2862-1		350603		1826525414895801344	no_parallax_published
1628-1155-1		345381			no_parallax_published
1628-150-1		350840		1826404404236158720	refused_no_defensible_parallax
1628-1556-1		345347		1826911657053296000	no_parallax_published
1629-1075-1		345781		1823663527892826112	no_parallax_published
1629-2149-1		345476			no_parallax_published
1629-3345-1		345747			no_parallax_published
1629-346-1		345896		1829678268794828928	no_parallax_published
1629-709-1		345760		1829870889508220544	no_parallax_published
1629-8-1		345762		1823867899616105728	refused_no_defensible_parallax
1629-812-1		351136		1823721458413316992	no_parallax_published
163-1281-1		289816			no_parallax_published
163-1391-1		289802			no_parallax_published
163-671-1		289807		3111409553452328192	no_parallax_published
163-769-1		289872		3111332931237266048	no_parallax_published
1630-2185-1		345867		1829937581755735040	no_parallax_published
1631-1187-1		355397		1808241296734985216	refused_no_defensible_parallax
1631-1739-1		355472		1808871587483103616	refused_no_defensible_parallax
1631-742-1		193141		1808338225566753664	no_parallax_published
1635-287-1		351897		1810128299211543808	refused_no_defensible_parallax
1637-300-1		352599		1811849309785711488	no_parallax_published
1638-583-1		352894			no_parallax_published
1639-1132-1		352105		1816343013807348352	no_parallax_published
1639-1685-1		352141		1815467007983283840	no_parallax_published
1639-204-1		351829		1828618713237423872	no_parallax_published
1639-232-1		351836			no_parallax_published
164-1042-1		55950		3111732019597786624	no_parallax_published
164-299-1		56668		3111430233716805248	refused_no_defensible_parallax
1640-1030-1		352224		1815897505437704832	no_parallax_published
1641-1214-1		352641		1817204824765954816	refused_no_defensible_parallax
1641-1571-1		352456		1815748349819542528	no_parallax_published
1641-553-1		352632		1817259078793784192	no_parallax_published
1642-1331-1		352967		1813982534142549760	no_parallax_published
1642-186-1		197229		1814168351609119104	no_parallax_published
1642-2969-1		352961		1814014037722275968	no_parallax_published
1642-363-1		352720		1817374630588464896	no_parallax_published
1642-890-1		352784		1814147804483192064	refused_no_defensible_parallax
1642-939-1		352767			no_parallax_published
1643-1328-1		346209			no_parallax_published
1643-1481-1		351826		1828655207589004160	no_parallax_published
1643-275-1		346537		1829275400864748160	no_parallax_published
1644-1252-1		352183		1817070684354231808	no_parallax_published
1644-1524-1		352406		1816832296489658752	no_parallax_published
1644-878-1		346808		1818620239835417088	no_parallax_published
1646-131-1		347276		1818107936132929280	no_parallax_published
1651-135-1		353081		1813200815730077696	no_parallax_published
1651-2047-1		353126			no_parallax_published
1655-1860-1		353080		1813227783829090816	no_parallax_published
1655-484-2		198811			no_parallax_published
1659-1012-1		347721		1838702613549412480	no_parallax_published
1659-469-1		347533		1841981391584782464	no_parallax_published
1659-863-1		347626		1814875165783892096	refused_no_defensible_parallax
166-1143-1		289535		3115621713774989440	no_parallax_published
167-1704-1		289695		3114729387073788928	no_parallax_published
167-3468-1		55681		3139392880294245760	no_parallax_published
167-627-1		289822			no_parallax_published
167-655-1		289823		3115023373291123328	no_parallax_published
168-2989-1		57072		3139240323055057024	no_parallax_published
169-2110-1	35991	58275		3136114063601619584	refused_no_defensible_parallax
170-757-1		267970		3128815784593307008	no_parallax_published
1711-2067-1		217949			no_parallax_published
1724-1309-1		223402		2822061592447904768	refused_no_defensible_parallax
174-341-1		54000			no_parallax_published
1741-416-1		3432		2809461154832609024	refused_no_defensible_parallax
1753-396-1		7255		309754626231138560	refused_no_defensible_parallax
176-2209-1		57560		3142681966247708160	refused_no_defensible_parallax
1772-495-1		16486		126322169360859648	no_parallax_published
1799-978-1		282969			no_v_magnitude
18-1177-1		5706		2553138812277275520	refused_no_defensible_parallax
1800-1683-1		282973			no_v_magnitude
1800-1718-1		282972			no_v_magnitude
1800-1816-1		282974			no_v_magnitude
1800-1846-1		23778		66718610389577088	refused_no_defensible_parallax
1800-1984-1		282970			no_parallax_published
1803-431-1		22850		70172897966208512	no_parallax_published
1803-944-1		23386		69816346960886784	refused_no_defensible_parallax
1807-591-1		282918		71551543811486336	no_parallax_published
1808-210-1		24104			no_parallax_published
1812-872-1		281273		71772378147285376	no_parallax_published
1813-596-1		24632		65756743873605888	refused_no_defensible_parallax
1814-1652-1		284132		53596179629678208	no_parallax_published
1814-409-1		284135		53581782899290240	no_parallax_published
1817-1492-1		283251			no_parallax_published
1818-6-1		283329		162511877333394048	no_parallax_published
1819-1517-1		283551		149937587478307968	refused_no_defensible_parallax
1822-1657-1		25488		163527619919911040	no_parallax_published
1822-1939-1		283378		163864104838114176	no_parallax_published
1825-1589-1		281445			no_parallax_published
1826-516-1		281597		167363712908822656	no_parallax_published
1829-834-1		284480		145842903096007552	no_parallax_published
183-359-1		61999			no_parallax_published
1830-1132-1		29538		146496116082607616	no_parallax_published
1830-1223-1		284573		146799306414420992	no_parallax_published
1831-1136-1		284641		146939047471307392	refused_no_defensible_parallax
1831-1597-1		284756		3413268513666777344	no_parallax_published
1831-1723-1		284751		3413478589106110592	no_parallax_published
1834-504-1		283812		148200943220970240	refused_no_defensible_parallax
1836-1741-1		284019		3419631043859709312	no_parallax_published
1840-1032-1		283992		153950938062645888	refused_no_defensible_parallax
1840-816-1		284006		153711764219057664	no_parallax_published
1841-380-1		282178		153108853890242048	no_parallax_published
1843-530-1		283820		158209660129315712	no_parallax_published
1844-120-1		283892		155046571337098880	no_parallax_published
1844-1400-1		282757		156669622297915008	refused_no_defensible_parallax
1844-185-1		282747			no_parallax_published
1844-506-1		283982		155732112538871424	no_parallax_published
1845-1059-1		285162		3418281354679808384	no_parallax_published
1845-1458-1		284109		3418770057536633600	no_parallax_published
1845-2726-1		285134		3418569358006328832	no_parallax_published
1848-1899-1		243956			no_parallax_published
1849-1732-1		240974		3419235666350273920	no_parallax_published
1849-2169-1		240946			no_parallax_published
1850-1338-1		241438		3420796904141501056	refused_no_defensible_parallax
1850-657-1		241453		3420799412402376448	refused_no_defensible_parallax
1852-886-2		243834		3417913400538465408	no_parallax_published
1856-862-1		243832		3442258202885931520	refused_no_defensible_parallax
1857-1108-1		240790		155558428359087104	no_parallax_published
1857-1596-1		284058		155474796755680384	no_parallax_published
1858-138-1		33706		156133301143534464	no_parallax_published
1858-384-1		241508		156088732263770496	no_parallax_published
1860-208-1		244828		3442800296477501568	no_parallax_published
1860-229-1		244694		3445878688517984384	no_parallax_published
1860-234-1		244893		3442755280923347328	no_parallax_published
1861-1126-1		246199		3404358896069406464	no_parallax_published
1861-1935-1		246054		3404304092286818048	no_parallax_published
1861-2064-1		245428		3404190430273799424	no_parallax_published
1862-458-1		38190		3427539762280259072	no_parallax_published
1863-490-1		249121		3427859410927113856	no_parallax_published
1864-1282-1		252051		3425351287463529856	no_parallax_published
1864-408-1		41419			refused_no_defensible_parallax
1864-746-1		251149		3426139259341265920	no_parallax_published
1865-1984-1		245975			no_v_magnitude
1866-552-1		247236		3429315233040509952	refused_no_defensible_parallax
1867-1700-1	28238	40132		3427999358142350720	refused_no_defensible_parallax
1867-2050-1		249935			no_parallax_published
1868-1986-1		250472		3429711091583612544	no_parallax_published
1869-1171-1		37241		3441288571069642880	no_parallax_published
1869-1187-1		245524			no_parallax_published
1870-1577-1		247875		3443019301152654720	refused_no_defensible_parallax
1872-1154-1		250284		3430433402007286400	no_parallax_published
1872-1240-1		250151		3430425258745508352	no_parallax_published
1872-137-1		250219		3430034962181524736	no_parallax_published
1872-1402-1		251842			no_parallax_published
1872-2028-1		250422		3430416050339392256	no_parallax_published
1873-139-1		245839		3442664300630826368	no_parallax_published
1874-1160-1		246742		3444244023964135424	no_parallax_published
1874-625-1		247798		3443134651093807744	no_parallax_published
1874-71-1		38153		3443302360974956288	no_parallax_published
1874-729-1		246662		3441854063642746624	no_parallax_published
1875-1598-1		39451		3443585794458703488	refused_no_defensible_parallax
1875-2356-1		249279		3431548753476455040	no_parallax_published
1876-1586-1		251914		3436654537576916736	refused_no_defensible_parallax
1876-1638-1		251875		3436658252723923328	no_parallax_published
1876-2047-1		250751		3437663618673460992	no_parallax_published
1876-243-1		40628		3431665714021714304	no_parallax_published
1876-462-1		250027		3431319569720886656	no_parallax_published
1877-1418-1		252919			no_parallax_published
1877-1559-1		252205		3425376743731526272	no_parallax_published
1877-1703-1		253103		3425204193423568896	refused_no_defensible_parallax
1877-1716-2		253820			no_parallax_published
1877-261-1		252374			no_parallax_published
1877-41-1		253550		3425148874245009536	no_parallax_published
1878-140-1		255453		3425726873763722752	refused_no_defensible_parallax
1878-40-1		255947		3377665193289172224	refused_no_defensible_parallax
1878-529-1		254317		3425664304677006592	no_parallax_published
1879-2091-1		257437		3376570698183515904	no_parallax_published
1879-2151-1		258637		3382487410771621888	no_parallax_published
1879-2318-1		258219		3376482324937806976	no_parallax_published
1879-598-1		257436		3377325714776314112	no_parallax_published
1880-1720-1		261131			no_parallax_published
1881-1236-1		252403			no_parallax_published
1881-1286-1		253752		3426066038740326912	refused_no_defensible_parallax
1881-1490-1		252754		3426802230495196288	no_parallax_published
1881-996-1		253491		3426721038434796288	no_parallax_published
1882-1017-1		254598		3432115208118950016	no_parallax_published
1882-1312-1		256069		3431804011970260224	no_parallax_published
1882-1482-1		255517			no_parallax_published
1883-1437-1		257714		3383810398137856256	no_parallax_published
1883-1566-1		258768		3383586200840449152	no_parallax_published
1883-2066-1		257255		3383882656665992832	no_parallax_published
1883-561-1		257229		3431947944913396736	refused_no_defensible_parallax
1884-1265-1		261604		3384814802008473728	refused_no_defensible_parallax
1885-360-1		252071		3430227896413388544	no_parallax_published
1886-1138-1		255275		3433527324645513984	refused_no_defensible_parallax
1886-41-1		254493		3432910017588031872	refused_no_defensible_parallax
1887-1239-1		257598		3432541097077499392	no_parallax_published
1887-147-1		257045		3432407953090560896	no_parallax_published
1887-721-1		257495			no_parallax_published
1888-1029-1		261751		3385846521871856000	no_parallax_published
1888-1615-1		260264		3385893934013098880	no_parallax_published
1888-310-1		261668		3385644486611125760	no_parallax_published
1888-361-1		260401		3385675513453917056	refused_no_defensible_parallax
1890-1320-1		256243		3433501623559680640	no_parallax_published
1891-1187-1		256837		3433632156209262848	no_parallax_published
1891-204-1		258562		3434411263275760896	no_parallax_published
1891-483-1		257105			no_parallax_published
1892-326-1		260426		3434647653979325696	no_parallax_published
1892-900-1		46610		3434157997644740096	no_parallax_published
1893-1016-1		263784		3379655343695354624	no_parallax_published
1893-1748-1		262163			no_parallax_published
1893-37-1		262991		3379447192400463232	refused_no_defensible_parallax
1894-1236-1		266749		3380006809458821120	no_parallax_published
1894-1942-1		265676			no_parallax_published
1894-211-1		266189		3380393042980988160	no_parallax_published
1894-2341-1		265706		3380342847699240192	no_parallax_published
1894-2744-1		265764		3380466783273358336	no_parallax_published
1895-1807-1		267499		3368091088413332992	no_parallax_published
1897-62-1		263271		3384700551580182016	no_parallax_published
1898-538-1		267067		3380883395102833408	no_parallax_published
1901-1018-1		262423		3386222864086396928	refused_no_defensible_parallax
1901-754-1		263725		3385425443279138816	no_parallax_published
1902-1350-1		266025		887292796852247424	no_parallax_published
1903-1567-1		267320		884349571726795776	no_parallax_published
1905-381-1		262951		3386599927856255616	no_parallax_published
1905-668-1		262723		3386598480448334208	no_parallax_published
1906-803-1		265637		887520082224439424	no_parallax_published
1907-340-1		267697		887871586645128576	no_parallax_published
1952-1501-1		80293		687511186190916736	no_parallax_published
1953-945-1		76720		691400987748470912	no_parallax_published
1954-1156-1		79213		688634169816674688	no_parallax_published
1958-854-1		80101			no_parallax_published
1989-3224-1		107701			no_v_magnitude
2013-959-2		124588			no_parallax_published
2021-481-1		129411			no_parallax_published
2036-148-1		139838		1224087708250606720	refused_no_defensible_parallax
2039-6-1	77147	140889		1224952302344443776	refused_no_defensible_parallax
2078-691-1		157256			no_parallax_published
2091-361-1		341548			no_parallax_published
2092-309-1		335885		4578599278309452672	no_parallax_published
2092-780-1		167921		4530028730110592896	no_parallax_published
2092-842-1		341828		4530012409234368000	refused_no_defensible_parallax
2093-540-1		341897			no_parallax_published
2093-894-1		342110		4530296667342590592	refused_no_defensible_parallax
2095-2241-1		335552		4582661149137121408	no_parallax_published
2096-787-1		335712			no_parallax_published
2097-555-1		335936		4584999599912095488	refused_no_defensible_parallax
2097-809-1		335931		4585031107792520448	no_parallax_published
2099-827-1		335611			no_parallax_published
2100-1405-1		335660		4583236159358641024	no_parallax_published
2100-2021-1		335762		4579865400306113536	refused_no_defensible_parallax
2100-2078-1		335687		4580111553471268096	no_parallax_published
2101-880-1		336084		4586391482853149440	refused_no_defensible_parallax
2106-1136-1		342198		4536534746571189760	no_parallax_published
2106-1189-1		342226			no_parallax_published
2106-1991-1		342231		4529495157734293760	no_parallax_published
2106-2547-1		342234			no_parallax_published
2106-832-1		342338		4535530239620818176	refused_no_defensible_parallax
2107-659-1		342452		4535548553361758592	refused_no_defensible_parallax
2108-1379-1		343145		4532518363729214976	refused_no_defensible_parallax
2108-1395-1		343160		4532467511319410688	no_parallax_published
2108-1806-1		343053		4532369624719956352	no_parallax_published
2108-20-1		342919		4532389003622543104	no_parallax_published
2108-514-1		342863			no_parallax_published
2108-602-1		342858			no_parallax_published
2108-667-1		342879		4532757885465940736	no_parallax_published
2108-752-1		342866		4532832038087557760	no_parallax_published
2109-1236-1		343379		4533206387430356608	no_parallax_published
2109-1650-1		343171		4531667449117761408	no_parallax_published
2109-2086-1		343283		4533162681851088128	refused_no_defensible_parallax
2109-441-1		343358		4533398733249143040	no_parallax_published
2110-126-1		336396		4536907274844738816	no_parallax_published
2110-1994-1		336282			no_parallax_published
2110-851-1		336139		4584861959095122304	no_parallax_published
2113-1513-1		337147		4534201685982227200	no_parallax_published
2113-1711-1		337034		4534476323367778432	refused_no_defensible_parallax
2113-19-1		337355		4534724808688024064	no_parallax_published
2113-2133-1		174932		4534216868679403264	no_parallax_published
2114-508-1		336235			no_parallax_published
2115-458-1		336549			no_parallax_published
2116-1023-1		336768		4539125264681844480	no_parallax_published
2116-2004-1		336908		4537848766037986688	no_parallax_published
2116-2291-1		336795			no_parallax_published
2117-1910-1		337065		4538204217535079168	no_parallax_published
2117-2791-1		337086		4538101310121427968	no_parallax_published
2122-490-1		343577			no_parallax_published
2122-917-1		343626		4521030361322770816	no_parallax_published
2123-1063-1		343787			no_parallax_published
2123-1549-1		343913		4521250572891148544	no_parallax_published
2123-1867-1		344015		2023256052611413760	no_parallax_published
2123-1927-1		343814		4521268336860630656	no_parallax_published
2124-1066-1	94736	180713		2023393835160870016	no_parallax_published
2124-642-1		344138		2022148535146090240	no_parallax_published
2125-594-1		344290		2022718563256349568	no_parallax_published
2125-847-1		344459		2019761667251608192	no_parallax_published
2126-947-1		337630		4533698002269409536	no_parallax_published
2127-2429-1		337728		2035847522316913152	no_parallax_published
2127-741-1		337917		2023630676835070336	no_parallax_published
2129-1310-1		338300		2023235127556102912	no_parallax_published
2129-1654-1		338402		2022958428598495744	no_parallax_published
2129-2489-1		338387			no_parallax_published
2129-874-1		338336			no_parallax_published
2130-1118-1		337456			no_parallax_published
2131-22-1		337696		2036131333755088128	no_parallax_published
2132-2692-1		338193		2024269767976313344	no_parallax_published
2132-3896-1		338103		2024312369726945664	no_parallax_published
2132-944-1		338065		2025868698385948288	no_parallax_published
2133-2964-2		183913			no_parallax_published
2138-188-1		344678		2021146845738383360	no_parallax_published
2138-194-1		344527		2021076270817062784	refused_no_defensible_parallax
2138-980-1	96443	185058		2021046927632673280	refused_no_defensible_parallax
2139-1366-1		344754		2020729645447513984	no_parallax_published
2139-1990-1		344762		2020713260185007104	no_parallax_published
2139-478-1		344769		2020327675200893568	no_parallax_published
2139-676-1		344872		2020526205756598912	no_parallax_published
2139-798-1		344766		2020127323546684416	no_parallax_published
2140-2637-1		345176		1828171319424583040	no_parallax_published
2140-517-1		187689		2020576955082875520	no_parallax_published
2141-1390-1		345460		1833250032305057664	no_parallax_published
2141-148-1		345400		1834258181415939456	no_parallax_published
2141-1569-1		345278			no_parallax_published
2141-722-1		345447		1827255804160397696	no_parallax_published
2141-82-1		345539		1833506355976147840	no_parallax_published
2141-841-1		345432		1833328853574939392	no_parallax_published
2141-922-1		345468			no_parallax_published
2142-1167-1		338480			no_parallax_published
2142-1575-1		338760		2021199313062685184	no_parallax_published
2142-1636-1		338663		2021244289968694528	refused_no_defensible_parallax
2142-52-1		338548		2021542601208142848	no_parallax_published
2142-779-1		338648		2021852422964723968	refused_no_defensible_parallax
2143-1926-1		338755		2021555383015224192	refused_no_defensible_parallax
2143-422-1		338898			no_parallax_published
2143-431-1		338915		2020947868461446912	no_parallax_published
2144-730-1		339218		1834507770547103872	refused_no_defensible_parallax
2145-1086-1		339431		1834291750875069056	no_parallax_published
2145-125-1		339303		1835012068437829376	no_parallax_published
2145-1413-1		339320		1834569343209457408	no_parallax_published
2145-161-1		339392			no_parallax_published
2145-622-1		339440		1834260689651035904	no_parallax_published
2145-63-1		339492		1834981831844472832	no_parallax_published
2146-185-1		185819		2025114261655081856	refused_no_defensible_parallax
2146-2707-1		338517		2025064165168789760	refused_no_defensible_parallax
2146-2803-1		338606		2025102682422150144	no_parallax_published
2147-425-1		332761		2028221412805163776	no_parallax_published
2148-1084-1		339158		2027587406868878080	no_parallax_published
2148-1456-1		339177		2027470377595028992	no_parallax_published
2148-398-1		338971		2027925025673002752	no_parallax_published
2148-556-1		339070			no_parallax_published
2148-605-1		339099		2026866024146959360	no_parallax_published
2149-530-1		339251			no_parallax_published
2149-945-1		339267		2027290092054172416	no_parallax_published
2151-5569-1		332583		2031346396657702400	refused_no_defensible_parallax
2152-176-1		332975			no_parallax_published
2153-1576-1		333270		2030164765220390784	no_parallax_published
2153-2279-1		333314		2029253407507251968	no_parallax_published
2153-989-1		333591		2029083498578048000	refused_no_defensible_parallax
2154-1080-1		345679		1833821709647860096	refused_no_defensible_parallax
2154-2671-1		345707			no_parallax_published
2154-2751-1		346003		1830435145122443520	refused_no_defensible_parallax
2154-3403-1		345843		1830108212214615808	refused_no_defensible_parallax
2154-4072-1		345847		1830100859217460224	no_parallax_published
2155-1425-1		346257		1831929862455966976	no_parallax_published
2155-1852-1		346141		1830469985898116864	no_parallax_published
2155-207-1		346101		1830630411512539136	refused_no_defensible_parallax
2155-932-1		346134		1830366528719442560	no_parallax_published
2156-1015-2		194360			no_parallax_published
2156-1208-1		346496		1831063138053073920	no_parallax_published
2156-1260-1		346608		1831178380618060416	no_parallax_published
2156-639-1		346601		1831191226846557824	no_parallax_published
2156-869-1		346483			no_parallax_published
2157-429-1		347094		1819430854779397120	no_parallax_published
2158-1025-1		339614		1833928946388950400	no_parallax_published
2158-1046-1		339591			no_parallax_published
2158-1114-1		339720		1833796523967915264	refused_no_defensible_parallax
2158-870-2		339700			no_parallax_published
2159-1417-1		340162		1832290914587021056	refused_no_defensible_parallax
2160-183-1		340125		1832794044238733184	no_parallax_published
2160-877-1		340498		1831789056244209792	no_parallax_published
2161-1367-1		346704		1831413504300069120	refused_no_defensible_parallax
2162-1154-1		339777			no_parallax_published
2163-157-1		193095			no_parallax_published
2163-267-1		339900			no_parallax_published
2163-40-1		339868		1836162157597266176	no_parallax_published
2164-129-1		340339			no_parallax_published
2164-194-1		340342		1856900458715685888	no_parallax_published
2164-247-1		340332		1856949833664250240	no_parallax_published
2164-941-1		340350		1832683126691741440	no_parallax_published
2166-1089-1		333849		1837416322397216128	no_parallax_published
2166-1123-1		333729			no_parallax_published
2166-114-1		333744		2029048829615171712	refused_no_defensible_parallax
2166-1370-1		333839		2029593019133561600	no_parallax_published
2166-1539-1		333853		1837322520311218176	no_parallax_published
2166-162-1		333600		2029025705492347648	no_parallax_published
2166-1789-1		333702		2029493650791659392	no_parallax_published
2166-234-1		333889		1837215352283605376	no_parallax_published
2167-1120-1		334205		1861121483853731712	no_parallax_published
2167-701-1		334203		1861124473151313664	refused_no_defensible_parallax
2167-91-1		333997		1837033108235735040	refused_no_defensible_parallax
2167-944-1		334104		1837183088496529664	no_parallax_published
2168-1044-1		334409		1860126013519341952	no_parallax_published
2168-1251-1		334367		1860513896289386624	no_parallax_published
2168-1374-1		334496		1860240740680758912	refused_no_defensible_parallax
2168-175-1		334491		1860261150368182016	no_parallax_published
2168-47-1		334274			no_parallax_published
2168-589-1		334399		1860223835691378048	no_parallax_published
2169-1017-1		334587		1860608802196758272	no_parallax_published
2169-110-1		334716			no_parallax_published
2169-408-1		334814			no_parallax_published
2169-480-1		334819		1857715776641070336	no_parallax_published
2169-835-1		334749		1857474300706633600	no_parallax_published
2169-848-1		334839		1857625758426468096	refused_no_defensible_parallax
2170-1093-1		347327		1843216761616489472	no_parallax_published
2170-1127-1		347263		1818246268431373696	no_parallax_published
2170-1709-1		347367		1843134092088234880	refused_no_defensible_parallax
2170-1982-1		347362		1842369690990177536	no_parallax_published
2171-772-1		347481			no_parallax_published
2172-1783-1		347769		1839252506802978560	no_parallax_published
2174-2064-1		340991		1843235968715502080	no_parallax_published
2175-1195-1		341267		1842949511571228800	no_parallax_published
2175-786-1		341245		1843864614485618688	refused_no_defensible_parallax
2175-907-1		341321			no_parallax_published
2176-546-1		341316		1844576032867633792	no_parallax_published
2178-1319-1		341027			no_parallax_published
2178-1323-1		340924			no_parallax_published
2178-154-1		340775		1856556620813338112	no_parallax_published
2178-1641-1		340915		1856258133457503744	no_parallax_published
2178-2085-1		340930		1856083281051364096	no_parallax_published
2178-483-1		335202		1857829477316374144	no_parallax_published
2179-1684-1		341147		1844108362469460992	no_parallax_published
2179-2032-1		341234		1845430215966152192	no_parallax_published
2179-532-1		335277		1857796320168036480	refused_no_defensible_parallax
2182-1268-1		334939		1859149745956651520	no_parallax_published
2182-1378-1		334978		1857392215286437760	refused_no_defensible_parallax
2182-161-1		335071		1858905589966625280	no_parallax_published
2182-1639-1		335181			no_parallax_published
2182-1727-1		334985			no_parallax_published
2182-436-1		335046		1859079587679297536	refused_no_defensible_parallax
2182-73-1		334924		1859197956980342912	no_parallax_published
2183-1178-1		335368		1846296906008493184	refused_no_defensible_parallax
2184-1071-1		335351		1858470698756173824	no_parallax_published
2184-1475-1		335432		1846433211083317888	no_parallax_published
2184-298-1		335444		1846340061837814144	no_parallax_published
2189-1566-1	107254	206719		1794621989799247360	refused_no_defensible_parallax
2194-965-1		203302		1847864431629278464	no_parallax_published
2201-2078-2		206826			no_parallax_published
2207-93-1		209376			no_parallax_published
2211-504-1		208838			no_parallax_published
2232-977-1		215126		1887923522877930240	no_parallax_published
2233-1497-1	112386	215567		1887668642337294720	refused_no_defensible_parallax
2234-1292-1		216624			no_parallax_published
2247-1943-1		218131		1884967760742679680	no_parallax_published
2271-540-1		225219		2877007796259724416	no_parallax_published
2285-663-1		5398		362665874539251584	no_parallax_published
2290-389-1		6964		321275790104366464	no_parallax_published
2306-1267-1	8072			319414729233831936	refused_no_defensible_parallax
2314-828-1		14312		325269967954376832	no_parallax_published
2317-864-1		13702			no_parallax_published
2318-401-1		13942		327990541974758016	refused_no_defensible_parallax
2321-1327-1		13496		331404594300321024	no_parallax_published
2343-254-1		278318		135901222037992576	refused_no_defensible_parallax
2344-194-1		278423		125475240466730496	no_parallax_published
2349-1024-1		21093		125814302364751104	refused_no_defensible_parallax
2349-1058-1		278593		125798428165687040	no_parallax_published
2349-1839-1		278466		125950435648346240	no_parallax_published
2350-65-1		278801		221225970053011968	no_parallax_published
2354-1305-1		278619		222311737785723520	no_parallax_published
2354-1631-1		278718		222067508765749760	no_parallax_published
2354-892-1		278783		222489171472924928	no_parallax_published
2356-558-1		281181		168128148365711232	no_parallax_published
2356-690-1		281179		168167455908149120	no_parallax_published
2357-1902-1		281418		167559769576033920	no_parallax_published
2359-678-1		278936			no_parallax_published
2361-1113-1		24641		218439395271402112	no_parallax_published
2362-3079-1		281570		169395953996501632	no_parallax_published
2363-1240-1		278983		218179257693454208	no_parallax_published
2363-1483-1		278798		221600937878417280	no_parallax_published
2365-1709-1		279184		218851883933884928	no_parallax_published
2366-1916-1		25976		170802912262384256	no_parallax_published
2366-2865-1		279402		170922935128206720	no_parallax_published
2366-3202-1		279413		170940286796285568	no_parallax_published
2366-615-1		279466		170810613145612928	refused_no_defensible_parallax
2367-1162-1		22734		221484733244041088	refused_no_defensible_parallax
2368-327-1		275840		223146881289583744	no_parallax_published
2368-699-1		275954		220510669018172928	no_parallax_published
2369-1560-1		279230		219484377997532544	no_parallax_published
237-709-1		85399		3846677958471978624	no_parallax_published
2371-944-2		281874		166503448136619648	no_parallax_published
2373-2434-1		282314		159304498834418944	no_parallax_published
2373-34-1		282219		171771655021512704	no_parallax_published
2373-840-1		282310		159675687088041856	no_parallax_published
2375-530-1		281720		169722989984424320	refused_no_defensible_parallax
2375-809-1		281846		175712098537255424	no_parallax_published
2375-915-1		281859		166557702165280768	refused_no_defensible_parallax
2375-92-1		281702		169938322468226432	no_parallax_published
2377-1887-1		282293		171819071461954944	refused_no_defensible_parallax
2377-38-1		282200			no_parallax_published
2378-398-1		282400		161411128751309696	no_parallax_published
238-1066-1		83512		3847749329473297152	no_parallax_published
2380-2296-1		279837		176294186866327808	refused_no_defensible_parallax
2383-1635-1		279592		177218944869247616	no_parallax_published
2383-1985-1		279742		177391018432897536	no_parallax_published
2388-1920-1		282854		157130798703848192	no_parallax_published
2388-79-1		282843		157503601868190848	no_parallax_published
2389-1459-1		241523		180482054858215808	refused_no_defensible_parallax
2389-1749-1		241187		156426320990720512	no_parallax_published
2389-468-1		32810		156279364390032896	no_parallax_published
2389-992-1		240658		156339012895813120	no_parallax_published
2390-1132-1		242659		3446940365777246080	no_parallax_published
2390-1401-1		242974		3447230160105278592	no_parallax_published
2390-834-1		242197		3446798842311580928	no_parallax_published
2392-1655-1		282676		160921536839652352	no_parallax_published
2393-1155-1		33800		180645847731687040	no_parallax_published
2393-1502-1		241763		181944778984398208	refused_no_defensible_parallax
2393-163-1		240953			no_parallax_published
2394-1294-1		242926		181167218106890368	refused_no_defensible_parallax
2394-1349-2		242192		181112143738001408	no_parallax_published
2394-1526-1		241943			no_parallax_published
2394-361-1		243091		180956322328517376	no_parallax_published
2396-542-1	23584	280410		185079697091441920	no_parallax_published
2397-1155-1		280629		185214627786082176	no_parallax_published
2398-121-1		281055		182810610029837568	no_parallax_published
2398-944-1		280938			no_parallax_published
2399-733-1		280249			no_parallax_published
2400-1340-1		280387		186339256379897344	no_parallax_published
2400-2537-1		280381		186442743613661952	no_parallax_published
2400-2861-1		280310		186240540848531840	no_parallax_published
2401-1274-1		280485		185662713128798208	no_parallax_published
2401-38-1		33153		185685871596958848	no_parallax_published
2401-572-1		280688			no_parallax_published
2401-596-1		280494			no_parallax_published
2401-647-1		280571			no_parallax_published
2401-71-1		280455		186544177859226496	no_parallax_published
2401-829-1	24398	33749		187218384646272000	refused_no_defensible_parallax
2402-1019-1		280895		184062163501649664	no_parallax_published
2402-502-1		280808		183914042965926272	no_parallax_published
2403-1171-1		243464		3447075678724952704	no_parallax_published
2403-1249-1		244024		3446207923530280192	no_parallax_published
2403-1443-1		35557		3446953117534676352	no_parallax_published
2403-392-1		244098		3447198549146219776	no_parallax_published
2403-592-1		243774		3447154431244091008	no_parallax_published
2403-597-1		243526		3447078186985819776	no_parallax_published
2403-711-1		243495		3446950265680036864	no_parallax_published
2404-1143-1		245707		3447549258994609792	no_parallax_published
2404-128-1		244913		3447800531763888768	refused_no_defensible_parallax
2404-1350-1	26536	37269		3447545341986921216	refused_no_defensible_parallax
2404-633-1		244891		3447820907088436992	refused_no_defensible_parallax
2404-759-1		244936		3447845817898715136	refused_no_defensible_parallax
2405-128-1	27179	38231		3444379401333488000	refused_no_defensible_parallax
2405-1825-1		247041		3445054810712014080	no_parallax_published
2405-76-1		247440		3444781474694357888	no_parallax_published
2405-856-1		247477		3444787766825658368	no_parallax_published
2406-295-1		248662		3444006117138258816	refused_no_defensible_parallax
2406-476-1		248524		3444948055005785600	refused_no_defensible_parallax
2407-1303-1		243773		3447415324738173568	no_parallax_published
2407-1379-1		243711		3447420444340038272	no_parallax_published
2407-767-1		244128			no_parallax_published
2407-800-1		244275		3448712198699589632	no_parallax_published
2408-227-1		245784		3447992121665387008	no_parallax_published
2408-511-1		245282		3448051009958708992	no_parallax_published
2408-666-1		245061		3448888945196716160	no_parallax_published
2409-291-1		247283		3445202140972704000	no_parallax_published
2411-2040-1		243741		182464882342794880	no_parallax_published
2413-1366-1		247870			no_parallax_published
2414-850-1		248244		3454422095728569856	refused_no_defensible_parallax
2415-1-1		281109		184324641839757312	no_parallax_published
2415-903-1		281114		184315261630898304	refused_no_defensible_parallax
2416-789-1		37405		3455793809498664832	no_parallax_published
2419-156-1		249985		3449869915727298688	no_parallax_published
2419-341-1		250114		3449818857156501504	refused_no_defensible_parallax
2423-324-1		251009		3450407302035818496	no_parallax_published
2423-366-1		251171		3450446162895820800	refused_no_defensible_parallax
2423-813-1		251872		3450542885559546624	no_parallax_published
2423-936-1		250348		3451497845769872768	refused_no_defensible_parallax
2424-1076-1		253037		3452050487801803136	no_parallax_published
2424-58-1		254144			no_parallax_published
2425-29-1		256712		3439373015655206656	no_parallax_published
2426-1168-1		259141		941273354578603776	no_parallax_published
2426-187-1		258729			no_parallax_published
2426-225-1		259640		3436172646544702080	no_parallax_published
2426-54-1		259538		3436222227647164544	no_parallax_published
2427-526-1		249984		3451566256009870208	no_parallax_published
2428-830-1		253672		3452203560434831488	no_parallax_published
2429-880-1		254490		3440570383817071104	no_parallax_published
2430-594-1		259053			no_parallax_published
2433-987-1		44793		942765426216995200	no_parallax_published
2435-270-1		261400		937133384059089792	no_parallax_published
2435-61-1		260834		3435110964987496064	no_parallax_published
2437-469-1		266963		888962508338435072	no_parallax_published
2438-12-1		268281		888257755744679936	no_parallax_published
2441-1537-1		266022		889400766801389568	refused_no_defensible_parallax
2441-1972-1		267622			no_parallax_published
2445-807-1		267640		939192215287112320	no_parallax_published
2446-1278-1		52655		891516742568722560	no_parallax_published
2453-1087-1	36530	59372		891766056828534400	refused_no_defensible_parallax
2457-2407-2		60178			no_parallax_published
246-6-1		90265		3831419412842627456	no_parallax_published
2463-1195-1		55994		898227577428358528	no_parallax_published
2481-751-1		68660		907582084918527872	no_parallax_published
2483-202-1		72170		710563791791732480	no_parallax_published
2494-727-1		81656			no_parallax_published
2498-1009-1	44640			715395664360039936	refused_no_defensible_parallax
2515-329-1		91949		751013278390345856	refused_no_defensible_parallax
2519-720-1		94192		738030932283694848	refused_no_defensible_parallax
2531-990-1		109928		1514419835236108032	refused_no_defensible_parallax
2535-507-1		115038		1466525727206437888	no_parallax_published
2539-995-1	65566			1469466199256717440	refused_no_defensible_parallax
254-1235-1		93569		3809138226317839616	no_parallax_published
2549-768-2	69819				refused_no_defensible_parallax
2563-1366-2		137108			no_parallax_published
2600-654-1		156712			no_parallax_published
2607-766-1		161675		4597328050134913536	no_parallax_published
2639-389-1		175612		2041919953238914560	no_parallax_published
2656-1190-1		332361			no_parallax_published
2656-418-1		331309		2034511650082459264	refused_no_defensible_parallax
2656-4241-1		331101		2033031879213319808	no_parallax_published
2656-4629-1		331100		2033139047260578304	no_parallax_published
2656-4841-1		331099		2033142689388971904	no_parallax_published
2656-5255-2		186098			no_parallax_published
2657-590-1	94737				refused_no_defensible_parallax
2659-327-1		184470		2045712375004610944	no_parallax_published
2660-219-1		225389		2046913076083419648	no_parallax_published
2661-2669-1		181724			no_parallax_published
2663-458-1		185696			no_parallax_published
2668-371-1		225671		2047943352831284224	refused_no_defensible_parallax
2668-459-1		225686		2048784444859313408	refused_no_defensible_parallax
2668-694-1		225562		2048748882528982784	no_parallax_published
2669-1233-1		332928		2033522467575561728	no_parallax_published
2669-1757-1		331319			no_parallax_published
2669-2687-1		331546		2033572323558503808	no_parallax_published
2669-2965-1		331446			no_parallax_published
2669-313-1		332951			no_parallax_published
2669-3933-1		332773		2033508654963891840	no_parallax_published
2670-1360-1		331810		2030696035478059264	no_parallax_published
2670-1615-1		333222		2030276537457664512	no_parallax_published
2670-3539-1		333225		2030456921741532288	no_parallax_published
2670-4390-1		333238		2030221390073267072	no_parallax_published
2671-2155-1		333785			no_parallax_published
2671-244-1		331850			no_parallax_published
2671-315-1		333792		2053714895519824384	no_parallax_published
2671-882-1		192559		2053974414608297216	no_parallax_published
2672-1447-1		334133			no_parallax_published
2672-1474-1		334139		1861601111451756288	refused_no_defensible_parallax
2672-1489-1		334171		1861543314058379008	no_parallax_published
2672-1569-1		332161		2053901194016955776	no_parallax_published
2672-667-1		332179		2053821303326394240	no_parallax_published
2672-724-1		334045		2053787669437474560	no_parallax_published
2673-1581-1		331377			no_parallax_published
2673-3251-1		226554		2034325866971203712	no_parallax_published
2673-583-1		226711			no_parallax_published
2674-1807-1		331727		2055131547539454976	no_parallax_published
2674-2293-1		331654		2034115344826240768	no_parallax_published
2674-4531-1		331755			no_parallax_published
2674-738-1		189336			no_parallax_published
2675-2309-2		331988		2054158376650056960	no_parallax_published
2675-2812-1		228025		2055247580349916416	no_parallax_published
2675-2958-1		228232		2055237543007387392	no_parallax_published
2675-3060-1		228166		2055253455875678720	refused_no_defensible_parallax
2675-415-1		331892		2054990329000528512	no_parallax_published
2676-1242-1		332114		2054520562653109504	no_parallax_published
2676-1322-1		332065		2054108967337251584	no_parallax_published
2676-172-1		332048		2054558972534800512	no_parallax_published
2676-41-1		229166		2056180859571396992	no_parallax_published
2676-414-1		192992		2054113674621472768	no_parallax_published
2676-46-1		332239		2054467614304638080	refused_no_defensible_parallax
2676-463-1		332063		2054107043192001024	no_parallax_published
2676-509-1		228858		2054704937002858368	refused_no_defensible_parallax
2677-1555-1		226693		2034464371092713216	refused_no_defensible_parallax
2678-2028-1		189705		2058514293824162560	no_parallax_published
2678-2371-1		227587		2058606446640935040	no_parallax_published
2678-869-1		227072		2059431874955215488	no_parallax_published
2679-1346-1		227712		2058406545995592320	no_parallax_published
2679-1826-1		228056		2055312588987471360	no_parallax_published
2679-2044-1		228204			no_parallax_published
2679-343-1		227777		2059043197596053760	no_parallax_published
2679-476-1		228238		2055750641304613888	refused_no_defensible_parallax
2679-625-1		227878		2058835974005349504	no_parallax_published
2679-965-1		227983		2058840814416063616	no_parallax_published
2680-1216-1		229009		2057131902769860224	refused_no_defensible_parallax
2680-599-1		228605		2055805651234020096	refused_no_defensible_parallax
2680-908-1		228849		2057121423049163136	refused_no_defensible_parallax
2681-1027-1		226091		2071750562722631168	refused_no_defensible_parallax
2681-359-1		226705		2071833438382064384	no_parallax_published
2681-497-1		226612		2071826154152558464	refused_no_defensible_parallax
2681-548-1		226465		2059652052148365440	no_parallax_published
2681-894-1		226602		2059672079568589696	no_parallax_published
2682-3126-1		227244		2059924765417549312	no_parallax_published
2682-3167-1		227522		2060053580048298368	no_parallax_published
2682-3412-1		227144		2059532102319870592	no_parallax_published
2683-763-1		228523		2060820523778873088	no_parallax_published
2684-1291-1		193635		2060977783980777344	refused_no_defensible_parallax
2684-608-1		193636		2057520545771535232	no_parallax_published
2685-1143-1		334337		1861756932846560640	refused_no_defensible_parallax
2685-1639-1		334528		1861039948183793664	refused_no_defensible_parallax
2685-449-1		334516		1862614551928661248	no_parallax_published
2685-721-1		332261		1862012049601626240	no_parallax_published
2685-772-1		332330		1861896158521072896	no_parallax_published
2686-1510-1		334631		1862580123471313664	no_parallax_published
2686-166-1		334871			no_parallax_published
2686-704-1		334677		1860755518280264832	no_parallax_published
2687-224-1		335146		1859070615485042816	no_parallax_published
2687-713-1		335144		1859062064214425856	no_parallax_published
2688-1580-1		335403		1864604354422513024	no_parallax_published
2688-1624-1		335335		1858576664193876736	no_parallax_published
269-1041-1		97195		3817166310468370048	no_parallax_published
2693-1271-1		194540		2056213570045866368	no_parallax_published
2693-169-1		194721		2056428765082488704	refused_no_defensible_parallax
2697-541-1		229245		2057930904121068032	no_parallax_published
2700-1100-1		198960		1870863088159117952	no_parallax_published
2709-544-1		200121		1866412333805600896	no_parallax_published
2709-545-1		201155		1867923131502267264	no_parallax_published
2711-746-1		202974			no_parallax_published
2727-1675-1		208972		1948658930291705216	refused_no_defensible_parallax
275-887-1		102181			no_parallax_published
2760-524-1		219982		1912930265582347520	refused_no_defensible_parallax
2783-1698-1		2209		379163153160980992	refused_no_defensible_parallax
2788-1627-1	3077			381138872478430592	refused_no_defensible_parallax
28-250-1		9239		2558162446544644736	no_parallax_published
2802-1117-1		4926			no_parallax_published
2815-957-1	8282	10815		343828629014574976	no_parallax_published
2824-1581-1		11748		346185432191377408	no_parallax_published
2826-1057-1		9345		397053272495930112	no_parallax_published
2833-2190-1	9667	12592		344580145214507392	refused_no_defensible_parallax
2836-703-1		15981			no_parallax_published
2837-2311-2		12534			no_v_magnitude
2848-1325-1		275107		235806147072657280	no_parallax_published
2848-1434-1		275134		235390875274721536	no_parallax_published
2848-2074-1		275136		235394448685990656	no_parallax_published
2848-696-1		275115			no_parallax_published
2852-531-1		275088		235847275679349888	no_parallax_published
2859-2231-2		19092			no_parallax_published
2861-1378-1		275417		234822668281155584	no_parallax_published
2861-800-1		275396		234988282220274816	no_parallax_published
2863-423-1		275894			no_v_magnitude
2863-510-1		275666		224176062831398400	refused_no_defensible_parallax
2864-398-1		275897		223522678046134016	no_parallax_published
2864-796-1		275895		223546729862887296	no_parallax_published
2867-1921-1		275786		224855079981398656	no_parallax_published
2867-2215-1		275790			no_parallax_published
2869-3051-1		275156			no_parallax_published
2876-2264-1		24868		231922053531410176	refused_no_defensible_parallax
2876-2813-1		24969		231617145213488256	no_parallax_published
2877-906-1		279326		225582063326236544	no_parallax_published
2878-358-1		279640		227435633769523328	refused_no_defensible_parallax
2878-653-1		279650		177864220751969792	no_parallax_published
2879-540-1		279791		179255858875247744	no_parallax_published
2879-896-1		279789		179243386290217344	no_parallax_published
288-393-1		107777			no_parallax_published
2880-1052-1		279933		178423219334422272	refused_no_defensible_parallax
2881-28-1		276063		226955589569364992	no_parallax_published
2881-351-1		276049		227305719602478848	refused_no_defensible_parallax
2882-1899-1		276289			no_parallax_published
2882-1916-1		276141		227814552966921472	no_parallax_published
2882-407-1		276079			no_parallax_published
2882-564-1		276213		227543832588121216	no_parallax_published
2883-2206-1		276433		180088567135219968	no_parallax_published
2884-1168-1		276447		180019813299691904	no_parallax_published
2884-1288-1		276548		179843066804881664	no_parallax_published
2884-1586-1		276646		203806235534872448	no_parallax_published
2888-1339-1		276601		204217624685274112	refused_no_defensible_parallax
2888-663-1		28803		252342801957854336	no_parallax_published
2892-360-1		276574		252475121308216448	refused_no_defensible_parallax
2893-144-1		276961		199742303122580480	no_parallax_published
2893-457-1		280079		199672862090699264	no_parallax_published
2895-2648-1		280448		186613550167479680	no_parallax_published
2895-494-1		277435		198975084524855680	no_parallax_published
2895-620-1		277433		198931069701730944	no_parallax_published
2895-825-1		280345			no_parallax_published
2896-1064-1		280664		187341839189152000	no_parallax_published
2896-1076-1		280772		187369155178957696	no_parallax_published
2896-2039-1		280547		188195025849650688	no_parallax_published
2897-1033-1		276704		203190955699205888	no_parallax_published
2897-1827-1		276715		203087670330475904	refused_no_defensible_parallax
2898-2118-1		276942		199948491614542848	no_parallax_published
2898-2372-1		31519		201564881085128576	no_parallax_published
2898-629-1		277020		200332564772408064	no_parallax_published
2899-1464-1		277273		200804259557500800	no_parallax_published
2899-299-1		277555		200976504929284352	no_parallax_published
2900-1228-1		277797		188804945568596736	no_parallax_published
2900-1272-1		277969			no_v_magnitude
2900-149-1		277902		189072775426613120	no_parallax_published
2900-1520-1		277952		188799959104219520	no_parallax_published
2900-550-1		277941		188808037938801024	no_parallax_published
2901-872-1		276897		203371894082842624	no_parallax_published
2901-977-1		276852		203705046111534720	no_parallax_published
2902-1306-1		276858		203685113165329664	no_parallax_published
2902-2273-1		30674		203430649240817280	no_parallax_published
2903-1425-1		277478		201387172519903488	no_parallax_published
2904-1364-1		33543		201131364267303936	no_parallax_published
2904-1482-1		277868		195178500937144320	refused_no_defensible_parallax
2904-493-1		277634			no_parallax_published
2904-886-1		277866		195188057241146112	no_parallax_published
2905-1252-1	22255	30196		204550119581671936	refused_no_defensible_parallax
2905-1774-1		276748		204517482123492992	refused_no_defensible_parallax
2905-938-1		276823		204611662165967744	refused_no_defensible_parallax
2905-984-1		30255		204603931226877056	no_parallax_published
2906-1814-1		277071		205258789180804224	no_parallax_published
2907-362-1		277437		202496992063190144	no_parallax_published
2907-476-1		277316			refused_no_defensible_parallax
2908-28-1		277605		202306845276156160	refused_no_defensible_parallax
2909-1573-1		35088		187619878189672704	refused_no_defensible_parallax
2909-1580-1		281005		184483349471496576	no_parallax_published
2909-1609-1		281080		190647314736045312	no_parallax_published
2910-740-1		36069		190608625670738304	refused_no_defensible_parallax
2913-1048-1		278235		194089954364664064	no_parallax_published
2913-1897-1		278062		194809997040222592	no_parallax_published
2913-2305-1		277959		187971103435814272	no_parallax_published
2917-2223-1		34874			refused_no_defensible_parallax
2917-231-1		278015		195257635714088576	no_parallax_published
2917-2395-1		278038		194942930568406016	no_parallax_published
2917-2489-1		278033			no_parallax_published
2917-730-1		278203		194583562066794624	refused_no_defensible_parallax
2918-411-1		36053		195412769930246016	no_parallax_published
292-822-1		109097		3706861448545070464	refused_no_defensible_parallax
2922-2012-1		36928		197038672748747264	no_parallax_published
2922-35-1		36640		207915763325485696	no_parallax_published
2936-281-1		46983		958005997405254784	no_parallax_published
2951-339-1		51612		951267296798836096	no_parallax_published
2951-463-1		53585		952563689726594304	no_parallax_published
2953-749-1		49239		952444938175112704	refused_no_defensible_parallax
2954-692-1		50866		953645849686969600	no_parallax_published
2986-502-1		76024		912981374206458240	no_parallax_published
3012-1939-1		97857			no_parallax_published
308-1008-1		119498			no_parallax_published
308-1257-1		119519			no_parallax_published
3096-692-1		162051		1345718261493893120	no_parallax_published
3106-845-1		165311		4611379808736923264	refused_no_defensible_parallax
3128-1528-1		178474		2100926344252059904	no_parallax_published
3128-750-1		177485			no_parallax_published
3136-530-1		225685		2072856293436547328	no_parallax_published
3136-736-1		226037		2072929720211236352	no_parallax_published
3137-2287-1		226950		2072286677716898048	no_parallax_published
3137-27-1		226352		2072200537851851392	no_parallax_published
3137-3778-1		226531			no_parallax_published
3137-494-1		226630		2072621685161351552	no_parallax_published
3139-1170-1		185525			no_parallax_published
3140-1229-1		225843		2076738703343340800	no_parallax_published
3140-488-1		225987			no_parallax_published
3141-2426-1		226264			refused_no_defensible_parallax
3144-1299-1		225531			no_parallax_published
3144-1769-1		225373		2076719324462818304	refused_no_defensible_parallax
3145-2553-1		226668			no_parallax_published
3148-2241-1		186995		2078790662622330368	no_parallax_published
3150-1715-1		228051			no_parallax_published
3150-2766-1		227595		2060295266468043904	no_parallax_published
3151-1432-1		192744		2060847324369028224	no_parallax_published
3151-2624-1		228409			no_parallax_published
3151-3306-1		228624		2060878660452356608	refused_no_defensible_parallax
3152-2010-1		229014			no_parallax_published
3152-961-1		229109		2061178827112535296	no_parallax_published
3154-2558-1		228015		2062084481118353408	no_parallax_published
3154-304-1		228012		2074504392637139712	no_parallax_published
3155-103-1		228927		2068355786178023680	refused_no_defensible_parallax
3155-1436-1		228655		2062520231301856768	no_parallax_published
3155-1635-1		228541		2062527859163580032	no_parallax_published
3155-2052-1		228242		2062371969033522816	no_parallax_published
3156-936-1		229177			no_parallax_published
3158-1559-1		227855		2074817787830234624	no_parallax_published
3159-678-1		228193		2074741921524263040	refused_no_defensible_parallax
3159-733-1		228496		2062631247614868608	no_parallax_published
3160-1697-1		229170		2068502158662425856	no_parallax_published
3160-551-1		229286			no_parallax_published
3160-75-1		229266		2068431411960929792	no_parallax_published
3168-1425-1		201562		1868941244908471424	refused_no_defensible_parallax
3172-880-1		200222		1873150381577372416	no_parallax_published
3172-905-1		200890		1873126742076980096	no_parallax_published
3173-2060-1		202797		1965252892916759296	refused_no_defensible_parallax
3173-904-1	105009			1968720275854224640	no_parallax_published
3176-798-1		201272			no_parallax_published
3177-617-1		202520			no_parallax_published
318-636-1		126534		3654234046034912256	no_parallax_published
3181-5289-1		202384		1970222208754917632	no_parallax_published
3191-239-1		205731			no_parallax_published
3191-427-1		205797		1967674640297751424	refused_no_defensible_parallax
3204-1320-1		212900		1909370184372777216	refused_no_defensible_parallax
3224-2276-2		218258			no_parallax_published
3229-1667-1		219040		1938043248601243136	no_parallax_published
3244-492-1		223310			refused_no_defensible_parallax
3254-1052-1		224993			no_parallax_published
3258-656-1		232109		395421562891964672	no_parallax_published
3265-1414-1		9031			no_parallax_published
3267-860-1		6113		402539045247728256	refused_no_defensible_parallax
3268-280-1		7759		398500745197062528	no_parallax_published
3276-155-1		232389			no_parallax_published
3276-474-1		232385		404805276151751168	no_parallax_published
3276-733-1		232396		403949714368137344	no_parallax_published
328-1133-1		127668		3656327687972943488	no_parallax_published
3281-2019-1		13293		353090154757859712	refused_no_defensible_parallax
3282-1701-1		9571		398834550052070272	no_parallax_published
3286-1296-1		10071		405802666339748096	refused_no_defensible_parallax
3287-1245-1		10764		405940693705695104	refused_no_defensible_parallax
3287-1923-1	7979			405578335904111744	refused_no_defensible_parallax
3295-1009-1		16052		341713993279608960	no_parallax_published
330-180-1		131954		1154515251007422464	refused_no_defensible_parallax
3301-1614-1		17670		437763858748901504	no_parallax_published
3323-121-1		232765		439869011200119680	no_parallax_published
3328-2304-1		25891		233523938898073856	no_parallax_published
3335-1922-1		25500		247169290513377280	no_parallax_published
3340-227-1		26513		271758008340449280	no_parallax_published
3340-288-1	19833	232923		271672422537693568	refused_no_defensible_parallax
3353-1474-1		33502		261349412796629120	no_parallax_published
3368-1116-1		37198		214254585295614848	no_parallax_published
3371-1240-1		36227		263468652741349888	refused_no_defensible_parallax
3371-1543-1		233134		263480541210823424	no_parallax_published
3372-374-1		233145		215182465735768704	refused_no_defensible_parallax
3389-4-1		47660		991313258332183040	no_parallax_published
3393-1776-1		58856			no_parallax_published
3404-272-1		233352			no_parallax_published
3418-864-1		70335		930921693118955776	no_parallax_published
3420-1311-1		75214			no_parallax_published
3425-664-1		79519		819040062801174784	no_parallax_published
3428-442-1		233633			no_parallax_published
3435-391-1		90223		833492662112297600	no_parallax_published
3462-1392-1		234040			no_parallax_published
3469-803-1		234055			no_parallax_published
3472-1219-1		125261			no_parallax_published
3474-1192-1		130212		1493769048361817984	refused_no_defensible_parallax
3482-763-1		138303		1395763048628014336	refused_no_defensible_parallax
3497-757-1		144345		1403956128241855488	no_parallax_published
35-278-1		10568			no_parallax_published
3503-1298-1		153536		1409386891049470976	no_parallax_published
3532-1520-1	88713	234561		2123317486230511360	no_parallax_published
3549-446-1		177430		2131925768924347904	refused_no_defensible_parallax
3552-1632-1		234745		2145982917707426048	refused_no_defensible_parallax
3554-1892-1		234812		2134205743720651648	no_parallax_published
3556-3216-1		186019		2080474672063272064	no_parallax_published
3558-2151-1		189373		2079182604157868544	refused_no_defensible_parallax
3558-759-1		189654		2085399625164719616	no_parallax_published
3559-2662-1		192420		2082515193848349568	refused_no_defensible_parallax
3564-982-1		185456		2135109439204739200	no_v_magnitude
3565-1246-1		187980		2086759755403523456	refused_no_defensible_parallax
3575-3879-1	102722	198479			refused_no_defensible_parallax
3578-3166-1		197117		2167457999017893504	no_parallax_published
3592-1620-1	104485			2165260350157354368	refused_no_defensible_parallax
3593-2963-1		202300		2164412489256823936	no_parallax_published
361-140-1		143294		4425036914524284928	no_parallax_published
3616-1721-1		235606		2173147215778022912	refused_no_defensible_parallax
3618-3030-1	109345	210415			refused_no_defensible_parallax
3618-340-1		211404		2001223351413817344	no_parallax_published
3621-708-1	112279	215458		1982387445905256704	refused_no_defensible_parallax
3621-78-1		215160		1982654558509908864	no_parallax_published
3624-1180-1		214431		1983672942498428288	no_parallax_published
3646-2408-1		222938		1940408160675871616	no_parallax_published
3652-110-1		236297		396085663608391936	no_parallax_published
3652-1747-1		236285		396257874619721216	no_parallax_published
3653-1091-1		232166		419266804695700992	no_parallax_published
3653-1448-1		232169			no_parallax_published
3656-1751-1		246		420842954614145024	refused_no_defensible_parallax
3658-1826-1		232193		421256753245613056	no_parallax_published
3658-2378-1		3367		418561575368499712	refused_no_defensible_parallax
3660-1946-1		816		422281635522553344	refused_no_defensible_parallax
3663-2675-1		236538		423900666397110016	refused_no_defensible_parallax
3671-1604-1		10273		408740359547733376	refused_no_defensible_parallax
3674-1054-1		232441			no_parallax_published
3675-808-1		232477		409185970992485120	no_parallax_published
3684-391-1		11649			no_parallax_published
3688-1779-1		12016		504621759227868416	no_parallax_published
3690-385-1		14261		456741292010992256	refused_no_defensible_parallax
3692-1400-1		236885			no_parallax_published
3694-3598-1		13900		458344517406391040	no_parallax_published
3695-1563-1		15571		458019199401130880	refused_no_defensible_parallax
3698-3073-1	11093	14528		459101393719884800	refused_no_defensible_parallax
3698-942-1		13644			no_parallax_published
3708-1261-1		16881			no_parallax_published
3715-1199-1		237149		450123984353401984	refused_no_defensible_parallax
3715-526-1		237130		461822513196862592	no_parallax_published
3731-976-1		237239			no_parallax_published
3732-43-1		28062		272452560391532032	no_parallax_published
3736-852-1		232981		274021082448331904	refused_no_defensible_parallax
3738-485-1		30807		274408007457679872	no_parallax_published
3740-1275-1		237285		278293475396613760	no_parallax_published
3746-1966-1		237344		283901431371695872	no_parallax_published
3754-841-1		233176		264462856065855488	refused_no_defensible_parallax
376-67-1		146993		4437793379707330944	no_parallax_published
3763-2369-1		237458		999679412243481216	no_parallax_published
3766-404-1		49445		993927592043284992	no_parallax_published
3774-998-1		49707		1000855752247574016	no_parallax_published
3775-105-1		52334		988395502364059008	no_parallax_published
3775-481-1		237556		1000285346230287488	refused_no_defensible_parallax
3778-438-1		47123		1001813392516449536	no_parallax_published
3783-1341-1		233452		984470933049069056	no_parallax_published
3786-1288-1		233427		985405277413204480	no_parallax_published
3795-764-1		64123		1082712984185812480	refused_no_defensible_parallax
3797-764-1		233533			no_parallax_published
3799-1208-1	39807	66772		1033431945315664000	refused_no_defensible_parallax
3801-667-1		237735		1031181485530495232	no_parallax_published
3801-908-1		237749		1030933476940337408	no_parallax_published
3806-1760-1		81180			no_parallax_published
3813-1474-1	46575	81772		1026350575036151680	refused_no_defensible_parallax
3814-250-1		233697			no_parallax_published
3821-93-1		87208		1050060443779005312	no_parallax_published
3826-161-1		237956		849982381591240832	no_parallax_published
3829-321-1		237931			no_parallax_published
3842-938-1		112430			no_parallax_published
3848-105-1		112569		1577255825252090368	refused_no_defensible_parallax
3848-622-1		111795			no_parallax_published
3873-989-1		238507		1598331878313687808	refused_no_defensible_parallax
3876-1214-1		142844		1626038201239063936	no_parallax_published
3879-2176-1		151670		1425585755343070080	no_parallax_published
3903-1928-1		167651		2125319353307281536	no_parallax_published
3923-1079-1		238985		2141265433007311744	no_parallax_published
3923-1497-1		238964		2152891806397430784	no_parallax_published
3923-810-1		176868		2152737668611032192	no_parallax_published
3924-1533-1		181044		2140943001221916416	refused_no_defensible_parallax
3925-993-1		234906			no_parallax_published
3926-1331-1		238943		2153696923787542272	no_parallax_published
3928-124-1		182030		2142790764872177152	no_parallax_published
3932-406-1		239033		2143633368735934464	refused_no_defensible_parallax
3933-1044-1		183725			no_parallax_published
3933-1100-1		239093		2238668453693152000	no_parallax_published
3937-2123-1	100588	194523		2181426710130287104	refused_no_defensible_parallax
3943-772-1		239238			no_parallax_published
3947-2564-1		239239		2235898332926976128	refused_no_defensible_parallax
3954-1140-1		235303		2183595015775971840	refused_no_defensible_parallax
3958-1088-1		239434		2187373865436648064	no_parallax_published
3960-1303-1		239546		2189238774600763392	no_parallax_published
3963-1193-1		239496		2193421763505386880	refused_no_defensible_parallax
3967-2992-1		235561		2174142342521158528	refused_no_defensible_parallax
3969-1175-1		235726			no_parallax_published
397-2199-1		153252		4392691618894632064	no_parallax_published
3971-2054-1		206222			no_parallax_published
3977-443-1		210875		2198717694404844672	no_parallax_published
3978-464-1		239668		2191674776970221952	no_parallax_published
3982-991-1		211113		2004315487348329216	no_parallax_published
3983-1138-1		214221			no_parallax_published
3984-1148-1		235945		2002412335795166976	no_parallax_published
3985-538-1		235988		2002624232298542208	no_parallax_published
3986-3146-1		211821		2005058207445489408	no_parallax_published
3988-1338-1		215563		2003616404097953280	no_parallax_published
3989-930-1		217175			no_parallax_published
3997-2074-2		217507		2013621547592001664	no_v_magnitude
4006-1016-1		240225		2009469997845366784	refused_no_defensible_parallax
4007-607-1		240313			no_parallax_published
4009-423-1		240398		1999052640574034176	no_parallax_published
4016-1197-1		236553		426910025421200768	no_parallax_published
4020-1492-1		4116		427626189747246720	no_parallax_published
403-54-1		155660		4387827207654189952	refused_no_defensible_parallax
4035-573-1	6844	8768			refused_no_defensible_parallax
4037-3147-1		13196		514557805288939520	refused_no_defensible_parallax
4038-1304-1		7415		524756119233053056	no_parallax_published
4038-166-1		6822			no_parallax_published
404-1982-1		156207		4388413762751033856	no_parallax_published
4040-1517-1		10541		512242474319783552	no_parallax_published
4040-36-1		10663			no_parallax_published
4043-727-1		9736		519374422129311360	refused_no_defensible_parallax
405-753-1		158318			no_parallax_published
4050-26-1		14218		513971868672257920	no_parallax_published
4058-946-1		14060			no_parallax_published
4075-1712-1		22776			no_parallax_published
4083-653-1		32001		478028111996000384	no_parallax_published
4088-934-1		33149		479251868438691584	no_parallax_published
4095-985-1		41827		1006117155905426816	no_parallax_published
4102-517-1		38669		288102974540061056	refused_no_defensible_parallax
4104-1074-1		45204		1103709189510300288	no_parallax_published
4113-1103-1		61804		1087703663167706368	refused_no_defensible_parallax
4135-230-1		81807		1039134081336667264	refused_no_defensible_parallax
4141-1353-3	46653			1067989664496102016	refused_no_defensible_parallax
4146-845-1		96015			no_parallax_published
4147-863-1		90344		1053444431330615296	refused_no_defensible_parallax
4182-1048-1		140811		1627440971919013376	no_parallax_published
4182-1293-1		142738			no_parallax_published
4189-174-1		147585			no_parallax_published
4189-578-1		145475		1629190707234763904	refused_no_defensible_parallax
4217-1249-1		239065		2239552083084151936	no_parallax_published
4233-372-1		195890			no_parallax_published
4235-2265-1		188792		2241133421323845120	no_parallax_published
4236-2125-1		190445		2238167729225904000	no_parallax_published
424-1384-1		162627		4473026881928156160	refused_no_defensible_parallax
4246-492-1		196788			no_parallax_published
4248-1324-1		239639		2191877911745286912	no_parallax_published
4250-1425-1		198180		2197018403478229120	refused_no_defensible_parallax
4262-1985-1		209216		2203165738637823872	no_parallax_published
428-536-1	87423	162670		4475843525780198272	no_parallax_published
4280-469-1		240305		2012363775005596288	no_parallax_published
4284-572-1		221392			no_parallax_published
4286-80-1		218179			no_parallax_published
4288-785-1		220907		2209077331620174336	refused_no_defensible_parallax
4295-555-1		2549		529716187981171840	no_parallax_published
4306-865-1		1593		539394810880609152	refused_no_defensible_parallax
4312-843-1		16096		541919633175525376	no_parallax_published
4315-796-1		12300		521940166868664448	refused_no_defensible_parallax
4321-479-1	14167	18424		544194007336135808	refused_no_defensible_parallax
4330-1256-1	15851	20633		542781237974052352	no_parallax_published
4337-188-1		27625		500435952812810496	no_parallax_published
434-384-1		165110		4469450415421218816	refused_no_defensible_parallax
438-1224-1		164311		4469802735877962240	no_parallax_published
4381-778-1		72557			no_parallax_published
4385-382-1		96852		1074133494953915648	no_parallax_published
4395-279-1		97972		1075465725089782656	no_parallax_published
4399-1176-1		105300		1690468551833654144	no_parallax_published
443-1482-1		166802			no_v_magnitude
4451-460-1		196847		2274434845389046912	no_parallax_published
4457-720-1		188648			no_parallax_published
4458-131-1		194648		2276519583856729088	no_parallax_published
446-199-1		170794		4273051731455153152	no_parallax_published
4461-477-1		202614		2270380430621259136	no_parallax_published
4461-6-1		203024		2270445507966189312	no_parallax_published
4476-387-2		214606			no_parallax_published
4487-1144-1	118093	224395		2227866542226049920	no_parallax_published
4497-1879-1		7490			no_parallax_published
4497-93-1		3871		563333309319897600	no_parallax_published
4509-346-1		22121		550931264835399168	refused_no_defensible_parallax
4510-1668-1		28081		550216616636736384	refused_no_defensible_parallax
4522-1564-2		25008			no_parallax_published
453-184-1		176137		4268589672752936320	no_parallax_published
453-423-1		176180		4280846409901194368	no_parallax_published
4532-1383-1	26878				refused_no_defensible_parallax
4540-2028-1		67445		1137490035006862592	no_parallax_published
4548-850-2		86456		1132580028393447296	refused_no_defensible_parallax
455-2021-1		173195			no_parallax_published
455-402-1		173112		4283670471191049216	no_parallax_published
4556-386-1		103261		1133689676144258944	no_parallax_published
4557-67-1		114974		1718564265084200576	no_parallax_published
4578-934-1		169507		2294326488202643968	refused_no_defensible_parallax
4584-1630-1		187090			no_parallax_published
4585-1017-1		194400		2290405973337129856	no_parallax_published
4588-473-1		188926		2289779045550913408	no_parallax_published
4600-1379-1		213112		2280652274405833728	no_parallax_published
4600-474-1		214793		2280695945634332288	no_parallax_published
4613-1176-1		219208		2286520505402568704	no_parallax_published
4618-1895-1		58334		1148748243800408704	no_parallax_published
4620-2185-1		17694		574226033577206784	no_parallax_published
4621-1064-1		30569		570784630900753152	no_parallax_published
4631-1614-1		77291		1147591282690404736	no_parallax_published
4631-2037-1		81974			no_parallax_published
465-361-1		182083			no_parallax_published
4650-74-1		223384			no_parallax_published
4673-994-1		4434		2529743506940795264	refused_no_defensible_parallax
4679-213-1		3994			no_parallax_published
4679-604-1		4466		2523867373204809472	refused_no_defensible_parallax
4679-897-1		4019			no_parallax_published
4683-413-1		6991		2475705705891319168	no_parallax_published
4685-1733-1		9240			no_parallax_published
4688-919-1		11488		2491991569042484992	no_parallax_published
4689-1207-1		12253		2506620502530460800	refused_no_defensible_parallax
469-2419-1		182994		4289404664813689088	no_parallax_published
469-5324-1		183060		4288801479638205696	refused_no_defensible_parallax
469-996-1		183386		4289435245021865600	no_parallax_published
4700-888-1		18497		5187688381757000064	no_parallax_published
4715-447-1		21544		5168893089473804800	no_parallax_published
4719-952-1		22581			no_parallax_published
472-117-1		181306		4292409527051807872	no_parallax_published
4724-289-1		24781		3244851782154578432	no_parallax_published
4745-519-1		31725		3212520814538871424	no_parallax_published
4751-1248-1		289938		3227520833200759424	no_parallax_published
4751-890-1	24127	33546		3214916444216532736	refused_no_defensible_parallax
4752-600-1		34264			no_parallax_published
4752-937-1		290149		3215484067094846848	refused_no_defensible_parallax
4753-162-1		290419		3220998908182475008	no_parallax_published
4753-289-1		290497		3220947883970364032	no_parallax_published
4753-858-1		290435			no_parallax_published
4754-1314-1		32565			no_parallax_published
4754-727-1		293757		3214749623392242048	no_parallax_published
4755-226-1		33754		3214697293514063616	no_parallax_published
4755-561-1		293879		3213864074148510080	no_parallax_published
4756-364-1		294006			no_parallax_published
4757-481-1		294057		3211017606048663296	refused_no_defensible_parallax
4757-562-1		294048		3214061848804432128	no_parallax_published
4757-672-1		294044			no_v_magnitude
4759-10-1		293857			no_parallax_published
4759-725-1		293919		3211819223041094400	refused_no_defensible_parallax
476-521-1		181571			no_parallax_published
4760-1116-1		293951		3213370290348745600	no_parallax_published
4761-298-1		35883		3210571964536252800	no_parallax_published
4766-1893-1		37285		3217341348393766528	no_parallax_published
4766-365-1		290599			no_v_magnitude
4766-797-1		290588			no_v_magnitude
4766-889-1		290579		3220689807975233664	no_parallax_published
4767-563-1		290810			no_parallax_published
4767-689-1		37825		3217467414273064448	refused_no_defensible_parallax
4768-436-1		290870		3218263735568701056	no_parallax_published
4769-365-1		290967			no_parallax_published
4769-812-1		291032		3218573110653843200	refused_no_defensible_parallax
4770-1559-1		294247		3216018051787826560	no_parallax_published
4770-316-1		294185		3216935216285259392	no_parallax_published
4770-579-1		294194		3216743660745286528	no_parallax_published
4770-662-1		294210		3209940501264413952	no_parallax_published
4771-1188-2		37743			no_parallax_published
4771-393-1	27074	38272		3216195932153903104	refused_no_defensible_parallax
4772-245-1		290933		3025697330663064448	no_parallax_published
4772-742-1		294416		3023848398783888000	no_parallax_published
4774-954-1		37021			no_v_magnitude
4775-637-1		294288		3215782103465174016	refused_no_defensible_parallax
4777-1059-1		294498		3022695492121289344	refused_no_defensible_parallax
4777-975-1		294545		3022636393373201536	no_parallax_published
4778-1331-1		36919			no_v_magnitude
4779-177-1		38293		3015939130609950976	no_parallax_published
4781-707-1		40576		3019433309840462848	no_parallax_published
4782-1234-1		291111			no_parallax_published
4782-440-1		291140		3122339729823422208	no_parallax_published
4782-667-1		291058		3025991896700755584	no_parallax_published
4783-122-1		291314		3121430742944287232	no_parallax_published
4783-2338-1		291238			no_parallax_published
4784-1749-1		291489		3121174689877492096	no_parallax_published
4784-1770-1		291547			no_parallax_published
4785-2366-1		291709		3117591317061125760	no_parallax_published
4785-978-1		291643		3118419867792466432	no_parallax_published
4786-1249-1		294601		3024376984702429312	no_parallax_published
4787-1212-1		291335		3121025950867500032	refused_no_defensible_parallax
4787-1673-1		291257		3025001305446703232	no_parallax_published
4787-353-1		294746		3021811828373336832	no_parallax_published
4787-917-1		42878		3117922407499833088	no_parallax_published
4788-1254-1		294952		3116946487851193856	refused_no_defensible_parallax
4788-2641-1		294803		3117716489586789760	no_parallax_published
4788-2735-1		294927			no_parallax_published
4791-2597-1		42073			no_parallax_published
4791-652-1		42826		3021395006089528832	refused_no_defensible_parallax
4792-1141-1		43991		3020696305106185216	no_parallax_published
4793-1847-1		295036			no_parallax_published
4794-663-1		41364		3019283913699820416	refused_no_defensible_parallax
4795-1776-1		42261		3019956123325675136	no_parallax_published
4798-1220-1		291927		3118810744176792576	no_parallax_published
4798-128-1		46676			no_parallax_published
4798-1432-1		291922		3118903030134116608	no_parallax_published
4798-1596-1		291908		3118964778884464512	no_parallax_published
4798-1640-1		291898			no_parallax_published
4798-541-1		291836		3118862627380740096	no_parallax_published
4799-1203-1		47634		3119332840400914688	refused_no_defensible_parallax
4799-1368-2		292017		3106909046197163776	no_parallax_published
4799-145-1		292086		3119523227707533568	no_parallax_published
4799-1631-1		292102			no_parallax_published
4799-2061-1		292227		3107264119741205504	refused_no_defensible_parallax
4799-2094-1		292107		3107333182814177024	refused_no_defensible_parallax
4799-384-1		292010			no_parallax_published
4799-713-1		292097		3119348267923262336	refused_no_defensible_parallax
48-443-1		17780		2499215497875778688	no_parallax_published
4800-1465-1		292619		3112342626511703424	no_parallax_published
4800-1647-1		292589		3113171005442924416	no_parallax_published
4800-2390-1		292471		3106330531288771328	no_parallax_published
4801-3435-1		292707			no_parallax_published
4801-3582-1		292855		3112208314291723392	no_parallax_published
4801-560-1		292732		3112334105295148032	refused_no_defensible_parallax
4802-1453-1		295187		3106666466450103552	no_parallax_published
4802-539-1		295162		3105111310332521472	no_parallax_published
4803-1921-1		47275		3104851207111370496	refused_no_defensible_parallax
4804-1779-1		292365		3106174641149504640	no_parallax_published
4804-1820-1		295512		3106086199188760704	refused_no_defensible_parallax
4804-1968-1		295407		3105776755384895232	no_parallax_published
4804-2339-1		49249		3106158114120744192	refused_no_defensible_parallax
4804-2764-1		295534		3105478890807624192	no_parallax_published
4804-3459-1		49453			no_parallax_published
4804-387-1		295542		3105437246805623424	no_parallax_published
4805-3805-1	33568	51756		3102885211604655232	no_parallax_published
4806-180-1		295128		3104972015952913024	refused_no_defensible_parallax
4807-1001-1		295251		3104070686997155584	no_parallax_published
4807-1182-1		295385		3103734343816750464	refused_no_defensible_parallax
4807-1589-1		48474		3105303449988571136	no_parallax_published
4807-313-1		295312		3104027118846085376	refused_no_defensible_parallax
4808-1181-1		295548		3102404480202622080	no_parallax_published
4808-622-1		295684			no_parallax_published
4808-835-1		295701		3101990793253614080	no_parallax_published
4809-1547-1		50774			no_parallax_published
4809-1560-1		296019		3101604040037081728	refused_no_defensible_parallax
4809-2102-1		296018			no_parallax_published
4809-2677-1		295791			no_parallax_published
4809-881-1		295958			no_parallax_published
481-2426-1		357636		4237098727722500096	no_parallax_published
4811-2040-1		47967		3099828122599779584	no_parallax_published
4811-2768-1		47342		3099947419612193408	refused_no_defensible_parallax
4814-1661-1		293092		3109587250369284096	no_parallax_published
4814-1688-1		293109		3109484922768528768	no_parallax_published
4814-2327-1		293221		3109672771757791744	refused_no_defensible_parallax
4814-2338-1		292988		3109162937660502144	refused_no_defensible_parallax
4814-630-1		293122		3109525196682731392	no_parallax_published
4815-1263-1		55058		3110964354323501824	no_parallax_published
4815-2126-1		55682		3110108556322574208	no_parallax_published
4815-3249-1		54358			no_parallax_published
4815-3520-1		293393		3109606182586146176	no_parallax_published
4815-527-1		293532			no_v_magnitude
4816-1745-1		293716		3110020732830701440	no_parallax_published
4816-2726-1		293687		3110041859767777920	no_parallax_published
4816-703-1		293641		3111075404998825984	no_parallax_published
4818-1530-1		296095		3101853182502124800	no_parallax_published
4818-1941-1		296079		3108621604286789632	no_parallax_published
4818-1989-1		296255		3107928637082523392	refused_no_defensible_parallax
4818-2333-1		296051		3108726568983532928	refused_no_defensible_parallax
4818-2619-1		54022		3107987460954550912	no_parallax_published
4818-3802-1		53567		3108810239250312320	no_parallax_published
4819-1422-1		293474		3108409364179658496	no_parallax_published
4819-2770-1		293464		3108428124596672256	no_parallax_published
4819-3257-1		296574		3107740654957939200	refused_no_defensible_parallax
4819-3475-1		296365		3108011925086379008	refused_no_defensible_parallax
4819-862-1		296539		3108358030726846208	no_parallax_published
482-814-1		184220		4289314573607176448	no_parallax_published
4820-1720-1		293747		3108220523060079616	no_parallax_published
4820-3432-1		56765		3059960964852202624	no_parallax_published
4822-2093-1		296300		3107563289986966016	refused_no_defensible_parallax
4822-3209-1		296154		3101731166770249088	no_parallax_published
4822-3661-1		296109		3107788788644703488	no_parallax_published
4825-948-1		58339			refused_no_defensible_parallax
4828-1833-1		56229		3051951057002286336	no_parallax_published
4828-3436-2		56304		3058037777277261696	no_parallax_published
4829-1809-1		57957		3058531153056987392	no_parallax_published
4831-864-1		61809		3085099270994300928	refused_no_defensible_parallax
4840-1002-1		63354		3056480976186076288	no_parallax_published
4840-391-2		63024			no_parallax_published
4841-2664-1		64770			no_parallax_published
4843-2098-1		61201		3054472993078961664	no_parallax_published
4845-1655-1		64919		3043269313185513472	no_parallax_published
4846-2428-2		66980		3082764629848647808	refused_no_defensible_parallax
4846-608-1		66878			no_parallax_published
4847-2334-1		67664		3083304764933979136	no_parallax_published
485-197-1		188292		4242041620910420736	no_parallax_published
485-593-1		357687		4247273509551453568	no_parallax_published
4850-921-1	39337				no_parallax_published
4856-820-1		69458		3064610696440332800	refused_no_defensible_parallax
4858-1252-1		66882			no_parallax_published
4858-807-1		66178		3067295566397993344	refused_no_defensible_parallax
4859-1879-1		68259		3063739814510335872	no_parallax_published
4859-889-1		68957			refused_no_defensible_parallax
4860-1610-1		69155		3063387867711386624	no_parallax_published
4860-717-1		69584			no_parallax_published
4860-922-1		69415		3063419783612094848	no_parallax_published
4863-945-1		74113		3073334943247645824	no_parallax_published
4864-371-1		75751		3073956785793354752	no_parallax_published
4866-1631-1		72947		3072733746609761152	no_parallax_published
4869-72-1		76119		5763621368480263168	no_parallax_published
4872-745-1		75599		5760575205874520320	refused_no_defensible_parallax
4896-1029-1		86222		3832780195921303680	no_parallax_published
4898-1212-1		84723			no_parallax_published
49-77-1		15719			no_parallax_published
490-3204-1		184764		4294878205535958400	no_parallax_published
4913-40-1		92484			no_parallax_published
4917-631-1		94836		3801698346529116160	no_parallax_published
4919-1223-1		92673		3776804922239509248	no_parallax_published
4920-39-1		95192		3763536634391378304	no_parallax_published
4928-103-1		98079		3786701901279811072	no_parallax_published
4928-1701-1		97157			no_parallax_published
4929-1083-1		99917		3785426983187269632	refused_no_defensible_parallax
493-1126-1		188952		4297326130707307520	refused_no_defensible_parallax
494-179-1		189678			no_parallax_published
494-659-2		357887			no_parallax_published
4946-154-1		107072			no_parallax_published
4951-631-1		108836		3680834084169471872	no_parallax_published
4954-1062-1		109686		3676378549520209152	no_parallax_published
4954-193-1		108947		3680708121368678656	refused_no_defensible_parallax
4955-696-1		111427		3676835057299210624	no_parallax_published
4967-465-1		119934		3658492007892429568	refused_no_defensible_parallax
4970-1372-1		118927		3633914727556550400	no_parallax_published
4971-157-1		121783		3657597830061181568	no_parallax_published
4976-1076-1		124700			no_parallax_published
4979-60-1		124116		3646935212971600000	no_parallax_published
498-1519-1		357851			no_parallax_published
498-1686-1		357835			no_parallax_published
4989-14-1		129782			no_parallax_published
4997-610-1		129482			no_parallax_published
50-606-1		16721		5972070421436672	refused_no_defensible_parallax
5015-3-1		137513		6321708181971639552	no_parallax_published
5019-723-1	77756			4410199073829458944	refused_no_defensible_parallax
502-2370-1		190889		4247170189818800000	no_parallax_published
503-1084-1		192083		4249248988343871104	no_parallax_published
5030-380-1		141896		4398137190753121792	no_parallax_published
5034-1308-1		146193		4405554977233796224	refused_no_defensible_parallax
5053-651-1		150051		4358068444415976320	no_parallax_published
5060-1001-1		149106		4351462303679053568	no_parallax_published
5061-479-1		149975			no_parallax_published
5073-966-1		155801		4366367901778717952	no_parallax_published
5082-25-1		162008		4370777287009435264	no_parallax_published
5091-117-1		162693		4175492099086443136	no_parallax_published
5092-499-1		158698		4362323073375158016	no_parallax_published
5097-107-1		166687			no_parallax_published
51-143-1		17737		4668633746451328	no_parallax_published
51-351-1		17862		4760820923834112	no_parallax_published
5107-97-1		169473		4257313562529726080	no_parallax_published
5113-1016-1		172525		4259745029430295936	no_parallax_published
5114-346-1		174588		4266092613177007104	refused_no_defensible_parallax
5114-989-1		174130		4266106219627348480	refused_no_defensible_parallax
5127-1076-1		175106		4253984172700036480	no_parallax_published
5129-2043-1		179919		4261460709945591680	no_parallax_published
5133-782-1		178895		4261283692890997888	refused_no_defensible_parallax
5140-2554-1		176901			no_parallax_published
5140-4384-1		176780		4205688674113230080	no_parallax_published
5145-440-1		185460		4238405879550398848	no_parallax_published
5147-1109-1		357663		4235222312353883520	refused_no_defensible_parallax
5149-1971-1		185610		4210802017355965952	refused_no_defensible_parallax
5149-2667-1		185358			no_parallax_published
5150-119-1		187005			no_parallax_published
5152-298-1		184791		4209792906203185280	refused_no_defensible_parallax
5160-1772-1		357906		4236556397915919744	no_parallax_published
5160-1968-1		357933		4235905933708568192	no_parallax_published
5174-471-1		193739			no_parallax_published
5174-739-1		193519		4216368745946822272	refused_no_defensible_parallax
5178-1334-1		198348		4226745249492768128	no_parallax_published
518-1727-1		195823		4245690075360952960	no_parallax_published
5182-50-1		198372			no_parallax_published
5190-389-1		198072		6913050480558823552	refused_no_defensible_parallax
5197-68-1		201823		2688661935457652224	no_parallax_published
5204-1171-1		200357			no_parallax_published
5219-43-1		208192		2668883267461870336	no_parallax_published
5226-1605-2		213051			no_parallax_published
5227-26-1		209473		2676422756132584832	no_parallax_published
5229-203-1		212903		2628368733583738624	refused_no_defensible_parallax
5230-313-1		209129		2669070734194141952	no_parallax_published
5232-446-1		212191		2622514903612657280	no_parallax_published
5232-973-1		212639			no_parallax_published
5233-724-1		213706		2628931447314035072	no_parallax_published
5236-1073-1		214101		2625014677658241664	no_parallax_published
5245-452-1		217375		2636701004497700352	refused_no_defensible_parallax
5260-985-1		225263		2428696189325150080	refused_no_defensible_parallax
5265-21-1	2362	2659		2423660013752634240	refused_no_defensible_parallax
5270-2412-1		4554		2377615043762332800	no_parallax_published
5276-570-1		8421			no_parallax_published
5284-2321-1		15046		5147155435354069120	no_parallax_published
5286-1111-1		17386			no_parallax_published
5290-689-1		18628		5161064463604548608	no_parallax_published
5298-376-1		20864		5162914872955797632	no_parallax_published
5299-194-1		22078			no_parallax_published
5302-152-1		22118			no_parallax_published
5305-868-1		24891		3194970543078480128	refused_no_defensible_parallax
5312-1801-1		26067			no_parallax_published
5312-251-1		26600		3192372156584565632	no_parallax_published
5325-297-1		31456		3181404669831932800	refused_no_defensible_parallax
5326-1339-1		32076		3180570587183507328	no_parallax_published
5348-706-1	28319				refused_no_defensible_parallax
5361-1637-1		40864		2994139594601732864	no_parallax_published
5364-208-1		44857		3003161431105621504	no_parallax_published
5366-2106-1		42241		3004242006219199616	no_parallax_published
5367-1134-1	30089	44179		3001477146793228288	refused_no_defensible_parallax
5368-779-1		45731		3002804433423160320	no_parallax_published
5369-1499-1		46244		3002971043795474176	no_parallax_published
537-363-1	105996	204390		2698920928700374144	refused_no_defensible_parallax
5371-937-1		43893		3000534835265258368	refused_no_defensible_parallax
5373-390-1		46579		3001657848959414784	no_parallax_published
5374-1628-1		43053		2993623820571028096	no_parallax_published
5375-1939-1		44115			no_parallax_published
5378-1877-1		48216		3098785579415991296	no_parallax_published
5379-1251-1		49717			no_parallax_published
5380-2160-1		51378		3050735409458493312	no_parallax_published
5380-28-1		51816		3050853332082924544	no_parallax_published
5383-1808-1		49437		3050373189098374912	no_parallax_published
5385-1522-1		53159		3046531701624225536	refused_no_defensible_parallax
5385-679-1		52590			no_parallax_published
5386-638-1		48314		2952625505867677568	no_parallax_published
5387-345-1		49572		2952963193383316352	no_parallax_published
5387-91-1		49506			no_parallax_published
5393-1761-1		53571		2948429632066678656	no_parallax_published
5397-2025-1		60323		3053640800215780736	no_parallax_published
5397-221-1		60758		3054007212466974464	no_parallax_published
5398-1591-1		56253		3047105165663174016	no_parallax_published
5398-2314-1		55340		3047938762972266880	no_parallax_published
5398-2416-1		56109		3047046719748341120	no_parallax_published
5399-762-1		58030		3047270264207883520	no_parallax_published
5401-2546-1		61130		3041101041896077312	no_parallax_published
5402-197-1		55658		3045129034030401536	no_parallax_published
5402-231-1		55441		3045323441428054784	no_parallax_published
5403-2455-1		57476		3034713257301701760	no_parallax_published
5404-3397-1		58998		3034445354422699520	no_parallax_published
5406-234-1		55293		3032393287765196160	no_parallax_published
5409-1854-1		61098			no_parallax_published
5409-330-1		60049		3030208077128466816	no_parallax_published
5410-937-1		62528			no_parallax_published
5411-297-1		63779		3042691794703934592	no_parallax_published
5413-262-1		66689			no_parallax_published
5414-103-1		62725		3040569634183378304	no_parallax_published
5419-2351-1		64196		3037142593879820800	no_parallax_published
542-364-1		204738		2687770781283212032	no_parallax_published
5421-1004-1		66535		5726326655626890752	no_parallax_published
5421-1995-1		67813			no_parallax_published
5422-2819-1		61819			no_parallax_published
5425-1214-1		67454		5725958216150861184	refused_no_defensible_parallax
5427-1499-1		70437		5753157449460779648	no_parallax_published
5430-1287-1		68751		3038418164804296192	refused_no_defensible_parallax
5434-3423-1		69616			refused_no_defensible_parallax
5435-1304-1		70096			refused_no_defensible_parallax
5440-307-1		72077		5723694940180300544	refused_no_defensible_parallax
5445-285-1		78983		5744312363747645312	no_parallax_published
5448-176-1		77197			no_parallax_published
5452-318-1		76759			no_parallax_published
5456-1295-1		76931		5730789848195140352	no_parallax_published
5458-318-1		79502		5744027212279101312	refused_no_defensible_parallax
5459-108-1		80615			no_parallax_published
5460-154-1		82230		5741891307863204480	no_parallax_published
5467-142-1		81627		5738486360869968896	no_parallax_published
5467-530-1		80717		5739371841391179776	no_parallax_published
5468-1003-1		82092			no_parallax_published
5475-623-1		86061		3771232970971546240	refused_no_defensible_parallax
5476-392-1		86733		3772995934788451328	no_parallax_published
5483-1156-1		85882			no_parallax_published
5485-913-1		87572		3765533038269407488	no_parallax_published
55-888-1		19333		3266725535195228160	no_parallax_published
5501-1155-1		97493		3759072956483944064	no_parallax_published
5503-1669-1	53568	94941		3757117135752936576	no_parallax_published
551-931-1		205825			no_parallax_published
5512-1314-1		99667		3589581009975257344	refused_no_defensible_parallax
5513-744-1		101114			no_parallax_published
5514-31-1		98973		3562198875476362240	no_parallax_published
5520-1270-1		102164			no_parallax_published
5541-358-1		111546			no_parallax_published
5542-820-1		112418		3525003805857852928	no_parallax_published
5547-50-1		116547		3623735689423720960	no_parallax_published
5548-886-1		117590		3611359998858500096	no_parallax_published
5553-1020-1		121167			no_parallax_published
5558-627-1		125023			no_parallax_published
5564-417-1		128829			no_parallax_published
5566-272-1		125378			no_parallax_published
557-409-1		208504			no_parallax_published
5570-777-1		125295			no_parallax_published
5578-56-1		131849		6333224363681401216	no_parallax_published
560-285-1		212811		2678230765565265408	no_parallax_published
5602-765-1		136600		6314549124324036480	no_parallax_published
5619-748-1	78569	143745		4342657414565829248	refused_no_defensible_parallax
563-1191-1		212923		2707383560461675136	no_parallax_published
5630-23-1		148131			no_parallax_published
5638-740-1		148232		4330499633458507392	no_parallax_published
5667-1020-1		158937		4162513395119802368	refused_no_defensible_parallax
5667-1319-1		159565		4162659522776674048	refused_no_defensible_parallax
5671-348-1		159451		4161414055314215168	no_parallax_published
5673-66-1		162433		4148772145518440448	no_parallax_published
5673-93-1		162473		4149652506378506880	no_parallax_published
5675-662-2		164765		4170583776109015808	refused_no_defensible_parallax
5676-292-1		166050		4158853911189506688	no_parallax_published
5679-367-1		164434			no_parallax_published
5685-3940-1		168745		4154033549116738432	no_parallax_published
5685-503-1		168326		4153491730422164736	no_parallax_published
5686-218-1		163156		4148595330303367424	no_parallax_published
5698-5478-1		170452		4104877992100805376	no_parallax_published
5699-6333-1		171638			no_parallax_published
5699-6512-1		172000		4106679640598972928	no_parallax_published
5702-2648-1		170517		4104125612525955712	no_parallax_published
5704-187-1		173350			no_parallax_published
5706-5050-1		175136		4203888700560919680	no_parallax_published
5709-1601-1		182173		4207493797332875648	no_parallax_published
5709-1636-1		181782		4207778605206583552	no_parallax_published
5710-1466-1		175729		4202396049162080896	no_parallax_published
5711-493-1		177882		4199551921781427968	no_parallax_published
5715-61-1		176743		4198599813441619072	no_parallax_published
5719-126-1		177884		4197680995354607104	no_parallax_published
5725-2328-1		187245		4196276820222903040	no_parallax_published
5734-824-1		183348		4186177427957537152	no_parallax_published
5738-445-1		189535		4192710313733957760	no_parallax_published
5741-1000-1		193431		6905594451695366400	no_parallax_published
5745-1221-1		194266		6904517961089019136	no_parallax_published
5746-150-1		189154		4189146487312376832	no_parallax_published
5746-883-1		189815		4189113433245979776	no_parallax_published
5748-50-1		191576		6880410240942906368	no_parallax_published
5748-841-1		192066		6880527132768178432	no_parallax_published
5760-931-1		197741		6903034754264383872	no_parallax_published
5765-34-1		199142		6889627103316162688	no_parallax_published
5769-1691-1		198128		6887818990804567424	no_parallax_published
5769-872-1		358095		6886630929834585472	no_parallax_published
5771-35-1		200897			no_parallax_published
5774-1407-1		358109		6890156621245090688	no_parallax_published
5777-50-1		204072		6892348836976029696	no_parallax_published
5778-1137-1		358021			no_parallax_published
5778-356-1		199270		6889856282773684352	no_parallax_published
5778-834-1		358132		6888716776407758208	no_parallax_published
5778-968-1		358034		6889531063553005056	no_parallax_published
5779-1290-1		358127		6888917299842161408	no_parallax_published
5779-1772-1		200950		6888862289900020864	no_parallax_published
5779-595-1		201124			no_parallax_published
5779-9-1		358213			no_parallax_published
5779-995-1		358223		6889034122951427584	no_parallax_published
5780-244-1		201926		6895050100822940416	refused_no_defensible_parallax
5780-383-1		201691			no_parallax_published
5781-372-1		203223			no_parallax_published
5782-700-1		199526		6888357167386290816	no_parallax_published
5784-1049-1		358415		6884756434308705920	no_parallax_published
5785-761-1		203428		6890929715356369920	no_parallax_published
5790-324-1		205105		6893263222628797312	no_parallax_published
5793-377-1		208084		2616883789171570176	no_parallax_published
5795-473-1		205957		6844471118540050944	no_parallax_published
5795-972-1		206285		6844813483269093760	no_parallax_published
5797-58-1		207747		6844220846500996096	no_parallax_published
5798-931-1		204199			no_parallax_published
5800-887-1		206544		6841680974641365632	no_parallax_published
5806-251-1		211101		2615530286061984384	refused_no_defensible_parallax
5809-174-1		210230			no_parallax_published
5809-489-1		211198		2600629468259944448	no_parallax_published
5814-199-1		213842			no_parallax_published
5816-358-2		216051			no_parallax_published
5819-500-1		216788			no_parallax_published
5821-1486-1		219430			no_parallax_published
5822-1158-1		220836		2438192636893423872	no_parallax_published
5822-711-1		220374		2438452018558939520	no_parallax_published
583-803-1		219541		2664345239376797696	no_parallax_published
5832-185-1		221483			no_parallax_published
5841-579-1		49		2366051578756074368	no_parallax_published
5848-2137-1		5668		2371410632789460608	no_parallax_published
5849-1428-1		3423		2362388594422948480	no_parallax_published
5851-2175-1		6775		2359376551038843008	no_parallax_published
5857-1996-1	7838	10369		5139051308807915648	no_parallax_published
5858-2056-1		12677			no_parallax_published
5858-866-1		12888		5137286081545150848	no_parallax_published
5862-1364-1		15610		5129781639808256640	no_parallax_published
5863-577-2		17404		5157020665995407616	no_v_magnitude
5866-209-1		16936			no_parallax_published
5866-285-1		17739		5129509613758718464	no_parallax_published
5869-863-1		17262		5128522114877507584	no_parallax_published
5870-612-1		17844			no_parallax_published
5873-99-1		21891		5105654231525805184	no_parallax_published
5875-652-1		20207		5103450157388737536	no_parallax_published
5880-376-1		23305		5088095511868104448	refused_no_defensible_parallax
5882-852-1		25660		5097877076545962368	no_parallax_published
5884-357-1		23434		5107408124372973440	refused_no_defensible_parallax
5894-89-1		28637		3170985216611124992	refused_no_defensible_parallax
591-1410-1		221559		2756562928865610752	refused_no_defensible_parallax
591-62-1		221628			no_parallax_published
592-1296-1		222798		2756819802270040064	no_parallax_published
5921-1510-1		37221		2970222880235147904	refused_no_defensible_parallax
5930-488-1		39206		2965675914321267456	refused_no_defensible_parallax
5937-201-1		42693		2943020275370339200	no_parallax_published
5938-2780-1		43973		2943456059932486784	no_parallax_published
5939-1392-1		40401		2918160661063441408	no_parallax_published
5945-1715-1	29732	43517		2937793020994949248	refused_no_defensible_parallax
5953-1091-1		48259		2945761048623697280	no_parallax_published
5956-1717-1		47902		2939597804914811520	no_parallax_published
5958-1556-1		49549		2945495615343201408	refused_no_defensible_parallax
5960-1060-1		47460		2926564812552940416	refused_no_defensible_parallax
5965-1022-1		56598		3031270926912270592	no_parallax_published
5967-1335-1		52750		2935359943502356224	refused_no_defensible_parallax
5967-1586-1		51628		2935578334001970688	no_parallax_published
5969-656-1	35451	57117		2931705029416771840	no_parallax_published
5969-981-1		56406			no_parallax_published
5970-200-1		58562		3027764137652986112	refused_no_defensible_parallax
5970-516-1		59004			no_parallax_published
5970-770-1		58006		3027862475225888000	no_parallax_published
5971-979-1		52214		2932742075039154816	no_parallax_published
5973-1221-1		56112			no_parallax_published
5973-1374-1		57010		2931313465831350912	no_parallax_published
5973-1491-1		56806			no_parallax_published
5973-2117-1		56502		2930974060333375872	no_parallax_published
5973-2554-1		56407		2930005802918286976	no_parallax_published
5975-1808-1		51381		2932266467545159936	no_parallax_published
5976-1571-1	34117	53269		2929318092743373184	refused_no_defensible_parallax
5976-74-1	34537	54787		2927826673950856960	no_parallax_published
5981-2123-1		62675			no_parallax_published
5983-103-1		59963		3026659918734786176	no_parallax_published
5983-219-1		59571		3026841544319075456	refused_no_defensible_parallax
5984-2327-1		61867			no_parallax_published
5984-2364-1		61822		5717203457896984192	no_parallax_published
5984-3239-1		61939		5716868794036654848	no_parallax_published
5985-1206-1		63959			no_parallax_published
5985-2418-1		62589		5718832693614313856	refused_no_defensible_parallax
5985-555-1		62840			no_parallax_published
5988-2512-1		62242		5715987191879297664	no_parallax_published
5989-860-1		62635		5715343908859018880	no_parallax_published
5991-626-1		60343		5619145776812535552	no_parallax_published
5993-1356-1	37743	62678			no_parallax_published
5993-3017-1		62794		5715221141506053888	no_parallax_published
5999-1859-1		66375		5715001892018576896	refused_no_defensible_parallax
5999-2578-1		66146			no_parallax_published
60-1312-1	15711			3269187509233902208	refused_no_defensible_parallax
6001-1885-1		70552		5708135235740354176	no_parallax_published
6004-505-1		68818		5719650627181506944	refused_no_defensible_parallax
6005-2612-1		70846			no_parallax_published
6007-1360-1		66595		5712820662807466112	no_parallax_published
6009-3604-1		70885		5706356706964126592	no_parallax_published
6009-5732-1		70711			no_parallax_published
6010-1067-1		71853			no_parallax_published
6011-1286-1		73138		5710104976461079808	no_parallax_published
6011-664-1		73147		5710086937598213376	no_parallax_published
6011-936-1		72533		5709914142474596352	refused_no_defensible_parallax
6016-1568-1		74818		5705912568688164480	no_parallax_published
6037-137-1		81711		5678413267480742016	no_parallax_published
6037-707-1		81364			refused_no_defensible_parallax
6038-118-1		82808		5678506077429427584	no_parallax_published
6038-610-1		81969			no_parallax_published
6038-864-1		82233		5678073660121288192	no_parallax_published
6047-1391-1		83195		5678623175417769344	no_parallax_published
6049-323-1		86326		5672209621013571840	refused_no_defensible_parallax
6051-972-1		83497		5676993901047617408	no_parallax_published
6064-50-1		89491		5669999705720749568	refused_no_defensible_parallax
6065-378-1		90462			no_parallax_published
6086-375-1		101706		3547275646533746944	refused_no_defensible_parallax
6088-1148-1		100247		3545424451205746560	refused_no_defensible_parallax
6092-670-1	56515	100707		3541908453536988928	no_parallax_published
6094-1088-1		103648			no_parallax_published
6098-1080-1		106227			no_parallax_published
6098-1388-1		106467			no_parallax_published
6099-1235-1		103329			no_parallax_published
6106-851-1		109404		3516870237310861312	refused_no_defensible_parallax
6108-421-1		107368		3514844318417307008	refused_no_defensible_parallax
6134-867-1		118446		6195504003951751680	no_parallax_published
6137-480-1		122853		6300657825699138176	no_parallax_published
6149-488-1		122580		6289407176046875904	refused_no_defensible_parallax
6156-678-1		126919		6284680616077492864	refused_no_defensible_parallax
6158-475-1		129343		6284961575657976704	refused_no_defensible_parallax
6159-1522-1		130921		6306528461877162112	no_parallax_published
6163-1129-1		130587		6281203887295092736	no_parallax_published
6167-700-1		130775		6232160312873506560	no_parallax_published
6176-85-1		132312		6281037590457798784	no_parallax_published
618-395-1		6759		2584991698493493120	refused_no_defensible_parallax
6185-442-1		139818		6262044283005302912	refused_no_defensible_parallax
6193-1618-1		139328		6254311039771163520	no_parallax_published
6197-49-1		140033		6241708506211106816	no_parallax_published
6199-1786-1		143191		6246650463081491584	refused_no_defensible_parallax
6205-534-1		145427		6249600560155853184	no_parallax_published
6205-849-1		145790			no_parallax_published
6231-275-1		153705		4127871735103893504	refused_no_defensible_parallax
6236-927-1		155232			no_parallax_published
6239-1058-1		158442		4122740932859187712	no_parallax_published
6239-1762-1		159123		4124386317654937984	no_parallax_published
6242-1183-1		157610			no_parallax_published
6242-476-1		157733		4122488251325174144	refused_no_defensible_parallax
6251-371-1		165704		4144142617415812736	refused_no_defensible_parallax
6254-1188-1		312292			no_parallax_published
6254-1751-1		163535		4143702091268026496	no_parallax_published
6254-3171-1		163701		4143709886550586624	no_parallax_published
6254-3434-1		312313		4144522842368751488	no_parallax_published
6258-1082-1		163515		4119384261279658624	no_parallax_published
6258-466-1		313414		4071075190714425216	no_parallax_published
6258-976-1		312366		4119178721320333440	no_parallax_published
6259-2107-1	88762	312644			refused_no_defensible_parallax
6259-2438-1		165481		4095136800025272320	no_parallax_published
6259-2499-1		312562		4095326362699835392	no_parallax_published
6259-393-1		165267		4094901912558731264	refused_no_defensible_parallax
6259-455-1		312692		4094154248959346176	no_parallax_published
6260-1809-1		159663		4118110374071433216	no_parallax_published
6262-261-1		163159		4070197643001378688	refused_no_defensible_parallax
6263-1491-1		165287		4069795286090778112	no_parallax_published
6263-2572-1		313767		4094127242193443200	no_parallax_published
6263-2722-1		313531		4070863461638729856	no_parallax_published
6263-3066-1		313770		4070104248861188096	refused_no_defensible_parallax
6263-423-1		313810		4069786528673721728	no_parallax_published
6263-471-1		313647		4070838658226587392	no_parallax_published
6264-297-1		167431			no_parallax_published
6265-5-1		167567		4097576788149816704	no_parallax_published
6266-2462-1		170083		4097129149531233536	no_parallax_published
6268-1809-1		312878		4094857966451171584	no_parallax_published
6268-408-1		312717		4095956344209690752	no_parallax_published
6268-484-1		312826			no_parallax_published
6268-883-1		312886		4095608112575853440	no_parallax_published
6269-1332-1		313047		4096375812307993344	no_parallax_published
6269-2379-1		313056			refused_no_defensible_parallax
6269-574-1		168304			no_parallax_published
6270-1220-1		170330		4096655500556640640	refused_no_defensible_parallax
6270-321-1		313246			no_parallax_published
6272-1065-1		312764		4095473250610026880	refused_no_defensible_parallax
6272-1173-1		312786		4094708368477369472	no_parallax_published
6272-1395-1		312760		4095501219443452288	no_parallax_published
6272-1512-1		167377		4094666071633514240	no_parallax_published
6272-1900-1		167068		4094630200072116992	refused_no_defensible_parallax
6272-2167-1		312960		4094636247379443456	no_parallax_published
6272-2221-1		167315			no_parallax_published
6272-2234-1		167378		4094462833789690240	no_parallax_published
6272-2277-1		312790		4095076155103170304	refused_no_defensible_parallax
6273-1327-1		167501		4094775851026114688	no_parallax_published
6273-218-1		313082		4094580172321801472	no_parallax_published
6273-351-1		168050		4094605358007605248	no_parallax_published
6273-496-1		313215		4094480185469985152	no_parallax_published
6273-536-1		313220		4091471543697455488	no_parallax_published
6273-626-1		312939		4094668923492402048	no_parallax_published
6273-739-1		167864		4094376281605718272	no_parallax_published
6274-1663-2		169421			no_parallax_published
6274-260-1		313365			no_parallax_published
6276-1828-1		314061		4093888613855333632	no_parallax_published
6276-188-1		166054		4069749793797276800	no_parallax_published
6276-2303-1		314091		4090779946545559552	no_parallax_published
6276-3093-1	89341	166937		4093933487636355968	refused_no_defensible_parallax
6276-366-1		314113		4090705802535300480	no_parallax_published
6277-1135-1		314326		4091270470495365376	no_parallax_published
6277-1391-1		314432		4091186838887554944	no_parallax_published
6277-2459-1		169037		4090997722871308800	no_parallax_published
6277-815-1		314235		4090820834633355136	refused_no_defensible_parallax
6278-1482-1		314574		4090280703918282368	no_parallax_published
6278-362-1		314568		4090179922439963264	refused_no_defensible_parallax
6278-966-1		314576		4090255415127429760	no_parallax_published
6283-474-1		178362		4088775335009928704	no_parallax_published
6283-475-1		179004		4088912357326840576	refused_no_defensible_parallax
6284-876-2		173806			no_parallax_published
6286-326-1		176658		4088249081261018240	no_parallax_published
6291-1820-1		178899		4083727889431155712	refused_no_defensible_parallax
6291-687-1		178416		4084048049169351808	no_parallax_published
6291-988-1		178145		4087070336064843520	no_parallax_published
6293-368-1		174168		4078709993247119488	no_parallax_published
6295-279-1		177661		4081973000153916544	refused_no_defensible_parallax
6295-329-1		177732		4081968121070878592	refused_no_defensible_parallax
6297-105-1		182599		4180706120667399424	no_parallax_published
6297-560-1		182284		4180902898890655360	no_parallax_published
6298-273-1		183820			no_parallax_published
6301-1254-1		182225		4180493055930382848	no_parallax_published
6305-410-1		182647		4083340277217595008	no_parallax_published
6310-399-1		183976		6772065224136794240	no_parallax_published
632-1078-1		15366			no_parallax_published
6320-16-1		187171		6868829806517998080	no_parallax_published
6322-379-1		190667			no_parallax_published
6329-222-1		194471		6875225665658321152	no_parallax_published
6330-1336-1		195839		6863287443281355648	no_parallax_published
6332-1518-1		193149		6872669782161006208	no_parallax_published
6335-1148-1		197782			no_parallax_published
6335-1378-1		196933			no_parallax_published
6336-1116-1		192998			no_parallax_published
6343-1660-1		197256		6855603265750858496	refused_no_defensible_parallax
6345-1008-1		358715			no_parallax_published
6346-144-1		358299		6884927034703821952	no_parallax_published
6347-1338-1		358963		6836320202621001344	no_parallax_published
6348-1367-1		198748		6857819468876112896	refused_no_defensible_parallax
6349-927-1		358772		6881762812037905024	no_parallax_published
6350-403-1		358864		6834068608965256320	no_parallax_published
6350-79-1		201419		6834200722160307328	no_parallax_published
6351-1431-1		201808		6833862656694564096	refused_no_defensible_parallax
6353-437-1		199841			no_parallax_published
6354-1088-1		200650		6833212291270320256	no_parallax_published
6354-223-1		358940		6833706800921601280	no_parallax_published
6356-619-1		198448		6808728714236109696	no_parallax_published
6362-1055-1		206006		6838039765791602688	refused_no_defensible_parallax
6366-835-1		205587		6837872575600582912	no_parallax_published
6369-1169-1		359083		6830864425925033088	refused_no_defensible_parallax
6374-820-1		206072		6818244300179664512	refused_no_defensible_parallax
6375-295-1		206996		6817120255699187328	no_parallax_published
6377-382-1		210046			no_parallax_published
6380-1565-1		209362		6823585899466117376	no_parallax_published
6381-1059-1		212144		6822584931567330816	no_parallax_published
6384-748-1		211939		6628460548751193600	no_parallax_published
6387-356-1		216267		2404860941898343808	no_parallax_published
6387-770-1		215962			no_parallax_published
6390-314-1		216389		2403096157015966208	no_parallax_published
6393-989-1		215529			no_parallax_published
6395-728-1		218899		2407019588165306240	refused_no_defensible_parallax
6397-823-1		218062			no_parallax_published
64-1173-2		22405		3271022048679591936	no_parallax_published
64-939-1		22445			no_parallax_published
6411-301-1		224469			no_parallax_published
6414-130-1		2968		2348087074882349696	no_parallax_published
6425-1326-1		7058		5040993017848061696	refused_no_defensible_parallax
6429-771-1		11435		5134531598758358656	no_parallax_published
643-249-1		17294		31600002837712128	no_parallax_published
643-409-1		17585		28530509970254208	no_parallax_published
6431-965-1		11628			no_parallax_published
6432-2310-1		13806		5117878533083550976	refused_no_defensible_parallax
6433-1796-1		14085			no_parallax_published
6433-367-1		15601		5118522778178041984	no_parallax_published
6434-207-1		17050		5125717260715906048	refused_no_defensible_parallax
6436-34-1		16914		5069449203409227776	refused_no_defensible_parallax
6438-904-1		19023		5077976637636056192	no_parallax_published
6441-599-1		19351		5074539048892676224	no_parallax_published
6463-118-1		28195		4891267846571222528	no_parallax_published
6480-4-1		35932		2957548088148334336	no_parallax_published
6486-832-1		34434			no_parallax_published
6489-1860-1		37275		2963454252295652736	no_parallax_published
6493-104-1		37918		2915350992239625472	refused_no_defensible_parallax
6503-1562-1		39598			no_parallax_published
6505-427-1	29343	42695		2913719733602418560	refused_no_defensible_parallax
6507-2542-1		45587		2924516147510200576	no_parallax_published
6509-267-1		43177		2911827886404536576	no_parallax_published
651-258-1		19137		27209682972135040	no_parallax_published
6514-1233-1		44802		2898595160884907520	no_parallax_published
6520-2376-1		47788			no_parallax_published
6523-3342-1		52808		2921703081379147008	no_parallax_published
6524-2455-1		55244		2927496884874462336	no_parallax_published
6526-1619-1		51430			no_parallax_published
6529-1956-1		49094		2920137686052224896	no_parallax_published
6529-2346-1	32591	49575		2920162803020899456	refused_no_defensible_parallax
6530-2232-1		50564		2920883532893373440	no_parallax_published
6530-2507-1		50614		2920886865789343744	no_parallax_published
6531-2790-1		53249		5610843025217457536	no_parallax_published
6531-2953-1		53492		5611223799836616704	no_parallax_published
6534-136-1		51578			no_parallax_published
6534-2169-1		50713			no_parallax_published
6534-420-1		50234		5609040994374729472	no_parallax_published
6535-1262-1		53185		5609616382555038976	refused_no_defensible_parallax
6538-2716-1		59701		5618475555755139584	refused_no_defensible_parallax
6540-1461-1		63191		5711710778844664960	refused_no_defensible_parallax
6540-3667-1		62606		5615587349174604032	refused_no_defensible_parallax
6540-4080-1		62411		5615475473873396608	no_parallax_published
6542-2418-1		58282		5616576669119079936	no_parallax_published
6542-2538-1	36532	59841		5615234818264147072	refused_no_defensible_parallax
6543-777-1		60974		5614892075564826752	no_parallax_published
6544-1032-1		63273		5614328820666196608	no_parallax_published
6544-1387-1		62130		5615426545605704192	no_parallax_published
6544-3876-1		62908		5614378260034023424	no_parallax_published
6546-2740-1		58934		5613084787685695232	no_parallax_published
6547-1739-1		61446		5612321868361508992	no_parallax_published
6547-248-1		60836		5612079804005907072	refused_no_defensible_parallax
6548-2157-1		63421		5601841460965892992	no_parallax_published
6551-1959-1	36738	60463		5611679959729448832	refused_no_defensible_parallax
6551-2203-1		61449			no_parallax_published
6552-2517-1	38015	63373		5598970326863846016	no_parallax_published
6552-2690-1		62890			no_parallax_published
6553-3833-1		63942		5710886694877230720	refused_no_defensible_parallax
6557-910-1		64436		5602354211345628416	refused_no_defensible_parallax
6558-3167-1		65650		5698302543787460224	no_parallax_published
6559-1749-1		68150		5697684377717993088	no_parallax_published
6559-2480-1		67333			no_parallax_published
6563-501-1		68022		5694113301402427904	no_parallax_published
6564-188-1		70000		5693626355190391552	no_parallax_published
6565-1691-1		64774		5597217155578541056	no_parallax_published
6565-1981-1		64924		5600375468372411264	no_parallax_published
6567-1059-1		67754			refused_no_defensible_parallax
6570-299-1		72992		5701897465759874304	no_parallax_published
6571-3130-1		74140		5653543143391368064	no_parallax_published
6572-936-1	43428	75690		5653934432090860544	refused_no_defensible_parallax
6573-109-1		71893		5695074789953655808	no_parallax_published
6574-3158-1		72397		5646950299883971712	no_parallax_published
6575-1201-1		74526		5653373436345492224	no_parallax_published
6576-82-1		76355		5652597043698488832	no_parallax_published
6578-2059-1		73052		5645780934905039488	refused_no_defensible_parallax
6581-1831-1		71400			no_parallax_published
6581-2376-1		71177		5644784124536795648	no_parallax_published
6583-28-1		74233		5645896314900766208	no_parallax_published
6584-588-1		75883		5642595374837018624	no_parallax_published
6585-1389-1		77073		5654294453429739008	refused_no_defensible_parallax
6585-637-1		77461		5654428800006253568	no_parallax_published
6592-1096-1		81982		5662576730923740288	no_parallax_published
6594-1545-1		78877		5648287134215084288	no_parallax_published
6598-1301-1		78857		5636040052149518592	no_parallax_published
6606-581-1		84622		5658685559273262336	no_parallax_published
6609-649-1		82725		5661042396809024128	no_parallax_published
6611-1022-1		85321			no_parallax_published
6613-695-1		82679			no_parallax_published
6618-104-1		89473		5473987328296405120	no_parallax_published
6619-86-1		89748			no_parallax_published
662-1148-1		25101			no_parallax_published
662-1439-1		286525		3304555366623187072	refused_no_defensible_parallax
662-1464-1		286367		3304893019771223552	no_parallax_published
6632-460-1		91817		5455434100372232960	no_parallax_published
6635-1033-1		94691		3536872621563490432	refused_no_defensible_parallax
665-736-1		286479		39007859350396288	refused_no_defensible_parallax
6655-1005-1		99779		3533301167279978752	no_parallax_published
6659-744-1		99887			no_parallax_published
6671-694-1		105093		3489166839258488576	no_parallax_published
6681-742-1		107455		3512912957523503744	refused_no_defensible_parallax
6691-845-1		109558			no_parallax_published
6693-914-1		107587			no_parallax_published
6694-199-1		108665			no_parallax_published
670-319-1		26547		3300345817635357568	no_parallax_published
6701-594-1		111668		3498305705030535424	refused_no_defensible_parallax
6703-1310-1		114794			no_parallax_published
6703-845-1		114404			no_parallax_published
671-724-1		286628			no_v_magnitude
6718-16-1		118364		6191539680418187648	no_parallax_published
6723-957-1		119691		6178150068332552832	no_parallax_published
6724-465-1		121380		6177342545762581120	no_parallax_published
6727-1390-1		119571		6176278940061436288	no_parallax_published
6731-355-1		125696		6276340442423727872	refused_no_defensible_parallax
6732-910-1		127036		6272344366195479936	no_parallax_published
6735-1229-1		124646			no_parallax_published
6735-84-1		125614		6272510843424682368	no_parallax_published
6738-396-1		124142		6270292063317782144	no_parallax_published
674-400-1		286549		3305238369500971008	no_parallax_published
6746-158-1		129925		6278721950250084992	no_parallax_published
6747-1349-1		130489			no_parallax_published
6747-1790-1		130507			no_parallax_published
6749-1649-1		128487			no_parallax_published
6749-742-1		127965		6223802237796007424	refused_no_defensible_parallax
675-366-1		286645			no_parallax_published
6754-165-1		130115		6222466399887913216	no_parallax_published
6757-712-1		127190		6220527411132752384	no_parallax_published
6758-121-1		129160		6218696685616997888	no_parallax_published
6760-518-1		133074		6211979773380432640	refused_no_defensible_parallax
6762-944-1		134947			no_parallax_published
6765-1122-1		134663			no_parallax_published
6772-1438-1		138674		6210438017560530432	no_parallax_published
6779-1945-1	78510	143518		6236239191782561664	no_parallax_published
678-198-1		286580		3311362030791951872	no_parallax_published
678-627-1		286584		3305283002800937472	refused_no_defensible_parallax
6788-572-1		144379			no_parallax_published
679-281-1		286576		3311397971078214528	no_parallax_published
6792-739-1		144050		6041968337704085760	no_parallax_published
6794-549-2		147934			no_v_magnitude
6796-1347-1		150515		6047888451892505856	no_parallax_published
6796-1375-1		150602		6047820660128618240	refused_no_defensible_parallax
680-108-1		285711			no_parallax_published
680-419-1		286738		3310740841082213632	no_parallax_published
680-719-1		286737		3310739294892846976	no_parallax_published
6808-944-1		150606		6032054453663464832	no_parallax_published
681-513-1		28648			no_parallax_published
6811-557-1		153872		4113805751557168384	refused_no_defensible_parallax
6816-288-1		155252			no_parallax_published
6818-1942-1		152454		6033441418895545600	no_parallax_published
6818-1950-1		152266		6033035527309235328	refused_no_defensible_parallax
6818-750-1		152988		6033667883922416000	no_parallax_published
6826-276-1		159253			no_parallax_published
6830-96-1		158019		4110021782305228160	no_parallax_published
6836-135-1		316277			no_v_magnitude
6837-247-1		156352		4059380922523066240	no_parallax_published
6838-584-1		158154		4058720803214198784	no_parallax_published
6838-666-1		315918		4058702214633777408	no_parallax_published
6838-835-1		316004		4058574774315143808	no_parallax_published
6840-1301-1		316335		4056874340839698688	no_parallax_published
6841-1344-1		313499		4069518144754425984	no_parallax_published
6841-1557-1		313444		4067855507062388608	no_parallax_published
6841-1624-1		314692		4067771982868050304	refused_no_defensible_parallax
6841-1683-1		313524		4069100880077705088	no_parallax_published
6842-1165-1		313725		4069645275793636480	no_parallax_published
6842-1272-1		165705		4066502351844819840	no_parallax_published
6842-1716-1		165245		4069624350712069376	no_parallax_published
6842-1853-1		313617		4069124657032539904	no_parallax_published
6842-670-1		313583		4069475018971679616	no_parallax_published
6843-1459-1		314032		4066293002318795136	no_parallax_published
6843-1739-1		313988		4066641444427576320	no_parallax_published
6843-197-1		315250		4066264552455531520	refused_no_defensible_parallax
6843-2080-1		314141		4090468995278943360	no_parallax_published
6844-1206-1		314286		4089650237027750656	no_parallax_published
6844-1818-1		168491		4089343988720731776	no_parallax_published
6844-3188-1		167723		4065544441062002688	no_parallax_published
6844-764-1		314507		4089731910169519104	no_parallax_published
6844-814-1		314410		4089562860233942912	no_parallax_published
6845-284-1		163849		4064263063294361088	no_parallax_published
6845-941-1		314634		4067403302850874112	no_parallax_published
6846-1102-1		164471		4064156406348005376	no_parallax_published
6846-419-1		315055		4065730773933138304	no_parallax_published
6846-743-1		315081		4064141219343637504	no_parallax_published
6846-771-1		164317			no_parallax_published
6848-140-1		315556		4065252864270866688	no_parallax_published
6848-3273-1		168836		4053129374227233408	no_parallax_published
6849-597-1		316652		4063440181996047872	no_parallax_published
6849-750-1		162437		4063776288878441984	no_parallax_published
685-1390-1		32753		3290046382980612480	no_parallax_published
685-614-1		240683		3290349676390676864	refused_no_defensible_parallax
6850-2412-1		316798			no_parallax_published
6850-2782-1		316962		4062733195998535040	no_parallax_published
6850-818-1		315122		4063207291699357568	no_parallax_published
6851-3031-1		165952		4064791172502017536	no_parallax_published
6851-4500-1		166022		4062985774473790464	refused_no_defensible_parallax
6851-5892-1		166395		4050983230591309824	no_parallax_published
6852-137-1		168767		4052703210405547264	no_parallax_published
6852-1422-1		317437		4051489349574223616	no_parallax_published
6852-2138-1		317354		4052346075294625408	no_parallax_published
6852-777-1		315517		4052643385733889024	no_parallax_published
6853-13-1		316817		4062741201820657664	no_parallax_published
6854-1645-1		316980		4062429318531835136	refused_no_defensible_parallax
6854-2880-1		164996		4050194777696813184	no_parallax_published
6854-3139-1		317074		4062820057386843648	no_parallax_published
6855-1526-1		317316		4049851661409514624	no_parallax_published
6855-2083-1		166080		4050512158618057600	no_parallax_published
6855-2139-1		317184		4050069119776222208	no_parallax_published
6855-2152-1		317239		4050644512355715584	no_parallax_published
6856-1887-1		317454		4051074524535884800	no_parallax_published
6857-2726-1		170765		4077960744874174592	refused_no_defensible_parallax
6859-198-1		173643		4078476484454848768	no_parallax_published
6859-44-1		172966		4078517132065384832	no_parallax_published
686-1343-1		286952		3293913777691784064	no_parallax_published
6861-104-1		170979		4076261720133162624	no_parallax_published
6861-1067-1		170637		4076054878899673600	no_parallax_published
6861-1351-1		315668		4077314987890016896	no_parallax_published
6861-2179-1		170398		4076169503008294528	refused_no_defensible_parallax
6861-564-1		315618			no_parallax_published
6863-282-1		172968		4076506812497225728	no_parallax_published
6863-312-1		174031		4074979041074740224	no_parallax_published
6863-92-1	91858	172893		4076524709573265920	refused_no_defensible_parallax
6863-951-1		173015		4073382756350623744	no_parallax_published
6865-1013-1		170841		4048669548929228928	refused_no_defensible_parallax
6865-1738-1		169918		4052000966151531776	no_parallax_published
6865-2811-1		170181		4052028041600862976	no_parallax_published
6866-1163-1		172296		4072592276218004864	refused_no_defensible_parallax
6867-1366-1		173428		4071738127447745920	no_parallax_published
6867-1671-1		173299		4072959856688322176	no_parallax_published
687-841-1		287174		3292889857489012992	no_parallax_published
6873-764-1		176456		4074628743518378752	no_parallax_published
6876-1701-1		183310		6771605078521083008	no_parallax_published
6878-287-1		178964		6770141452444996096	refused_no_defensible_parallax
6881-1517-1		177686			no_v_magnitude
6882-1903-1		179611		6763203087395110272	no_parallax_published
6882-393-1		179667		6762935974793920896	refused_no_defensible_parallax
6889-1323-1	96274	184268		6768305615921978240	refused_no_defensible_parallax
6896-960-1		189363		6850368628333282688	no_parallax_published
6899-1807-1		187441		6754927205111981568	no_parallax_published
6900-2234-1		189053		6753943245283232640	refused_no_defensible_parallax
6905-1373-1		190822			no_parallax_published
6908-52-1		196429		6854955172368793856	no_parallax_published
691-559-1		287122		3296362630605550976	no_parallax_published
6914-1503-1		193280		6846141929538210560	refused_no_defensible_parallax
6921-1308-1		197539			no_parallax_published
6923-347-1		199856		6807306702104996224	refused_no_defensible_parallax
6924-566-1		200606		6807836323111936640	refused_no_defensible_parallax
6928-225-1		201288		6803994904362461696	no_parallax_published
693-74-1		32644		3391275699833669248	refused_no_defensible_parallax
6932-327-1		200682		6801428025747931008	refused_no_defensible_parallax
6933-1475-1		196698		6795213208072307072	no_parallax_published
6937-144-1		202469			no_parallax_published
694-930-1		286970		3308131940509405440	refused_no_defensible_parallax
6952-651-1		206118			no_parallax_published
6953-342-1		207210		6816342553085162752	refused_no_defensible_parallax
6954-1126-1		208955		6813564190280657664	refused_no_defensible_parallax
6955-516-1		210612		6626239883155910528	no_parallax_published
6956-246-1		207820		6812859888660278528	no_parallax_published
6957-1438-1		209982		6620154464252817408	no_parallax_published
6958-1348-1		211292			no_parallax_published
6958-821-1		210664		6626008676476520320	no_parallax_published
696-1498-1		287183		3296303974235961344	refused_no_defensible_parallax
6960-1868-1		209969			no_parallax_published
6962-333-1		212230		6628243738802010240	no_parallax_published
6964-504-1		215480		6623627718406235648	no_parallax_published
6973-618-1		220201			no_parallax_published
698-1074-1		241267		3290558514881556096	no_parallax_published
698-1132-1		241582		3242311016941561344	no_parallax_published
698-1215-1		241118		3290474196081380352	no_parallax_published
698-2320-1		241083		3290068545011889024	refused_no_defensible_parallax
6980-581-1		220862		2381910900115760640	refused_no_defensible_parallax
6980-855-1		221329		2381043286657383808	no_parallax_published
6989-1194-1		117		2320600177541728256	no_parallax_published
6989-692-1		224976		2320786304244317568	no_parallax_published
6989-91-1		225284		2313603126060528512	refused_no_defensible_parallax
699-1461-1		34958		3241366605171865728	refused_no_defensible_parallax
699-668-1		242288		3242191685569921792	no_parallax_published
6992-417-1		224811		2313538014356283648	no_parallax_published
6997-840-1	2530			5004023416831936640	refused_no_defensible_parallax
70-1280-1		22063		3276367633696401408	refused_no_defensible_parallax
700-1112-1		243789		3337184061371151104	no_parallax_published
700-1561-1		243387		3337516526197789184	no_parallax_published
701-778-1		37052		3334669546996726400	no_parallax_published
701-867-1		245571		3334854505470011008	refused_no_defensible_parallax
7012-241-1		18467		5052892890460871552	no_parallax_published
7013-214-1		15369		5063525653237013120	refused_no_defensible_parallax
702-2135-1		241656		3290637336121584000	no_parallax_published
703-1449-1		242563		3338641567111309184	no_parallax_published
703-2175-1		242771		3338825391713309440	no_parallax_published
7038-174-1		28041		4872273130365626752	no_parallax_published
7042-163-1		29467		4871450283349329280	no_parallax_published
7042-669-1		30499		4874134947148597376	no_parallax_published
7047-1076-1		32625		4875680310741648768	no_parallax_published
7047-382-1		33484			no_parallax_published
7048-1080-1		35387		2905998997307241600	no_parallax_published
7049-859-1		31687		4873808495272637440	no_parallax_published
705-222-1		245141			no_v_magnitude
7050-120-1		33526		4826872371109646592	no_parallax_published
7052-1488-1		30746		4866866758675404544	no_parallax_published
706-1781-1		241445		3387885222587427072	no_parallax_published
707-895-1		241936		3388423635390733184	refused_no_defensible_parallax
7073-1173-1		44970		2895061433592812800	refused_no_defensible_parallax
7073-2296-1		45305		2893172056000593792	refused_no_defensible_parallax
7074-266-1		45630		2894789407544211712	refused_no_defensible_parallax
708-1383-1		243855			no_parallax_published
7083-206-1		41212		2884206539404168192	no_parallax_published
7084-1264-1		43490		2884810751108252544	no_parallax_published
7085-1345-1		44589		5575407582216149120	no_parallax_published
709-993-1		245330		3340721155919280128	refused_no_defensible_parallax
7094-3196-1		54915		5602965608516644096	no_parallax_published
7096-2272-1		49110		5582239127135765632	refused_no_defensible_parallax
710-391-1		240696		3391483580547616512	no_parallax_published
7101-2010-1		52195		5577974602569015680	no_parallax_published
7109-1613-1		60927		5591895583708173824	refused_no_defensible_parallax
7110-3481-1		62736			no_parallax_published
7111-740-1		57300		5591093288116624256	no_parallax_published
7116-1361-1		58488		5589538613039251328	no_parallax_published
7119-1710-1		65107		5596944717202993408	no_parallax_published
712-1666-1		243533		3389505799647931904	refused_no_defensible_parallax
7120-1406-1		66076		5596024460340271232	no_parallax_published
7120-1546-1		66206			no_parallax_published
7120-340-1		66127		5596032363079959424	refused_no_defensible_parallax
7121-1246-1		68414		5596449936978731776	no_parallax_published
713-1036-1		244281		3389843762034525184	refused_no_defensible_parallax
713-373-1		244588		3389528300979391104	no_parallax_published
713-633-1		244962			no_v_magnitude
713-774-1		244256		3389860117270458240	no_parallax_published
713-935-1		36086		3389220510739737856	no_parallax_published
713-942-1		244342			no_parallax_published
7133-3924-1		68390		5544529554805765760	no_parallax_published
7133-4514-1		67840			refused_no_defensible_parallax
7134-2450-1		70504		5542835482264384896	refused_no_defensible_parallax
7137-2507-1		75566		5641247992057448192	no_parallax_published
7138-874-1		76686			refused_no_defensible_parallax
714-247-1		37300			no_parallax_published
714-358-1		37590		3333646451428457216	no_parallax_published
7145-2570-1		75209			no_parallax_published
7148-985-1		73365		5530305722630867328	no_parallax_published
7149-1997-1		74661		5626174851572070016	no_parallax_published
715-1604-1		39080		3335129245936005632	no_parallax_published
7150-1214-1		76253			no_parallax_published
7156-1391-1		78923			no_parallax_published
716-1379-1		250003		3323645121865403392	refused_no_defensible_parallax
7167-36-1		84476		5440213801426139008	no_parallax_published
7168-1452-1		85680			no_parallax_published
717-1033-1		41792		3322454282052560256	refused_no_defensible_parallax
717-116-1		41058			no_parallax_published
717-1567-1		251934		3322458126046608256	no_parallax_published
717-1931-1		40982		3323242249635473280	no_parallax_published
717-868-1		251830		3329325847471266688	no_parallax_published
7170-2010-1		88480		5460227593111863296	refused_no_defensible_parallax
7170-284-1		87232			no_parallax_published
7171-1983-1		84378		5438647375315159936	refused_no_defensible_parallax
7172-909-1		85384		5438799760750306560	no_parallax_published
7175-1300-1		84088		5436881250403702144	refused_no_defensible_parallax
7178-801-1		87673		5458701058657267968	no_parallax_published
719-1006-1		248144		3336614170749405568	no_parallax_published
719-670-1		248611		3336798167151474304	no_parallax_published
719-773-1		248082		3336618362639913856	no_parallax_published
7197-623-1		91792			no_parallax_published
720-596-1		249099		3335901274899859584	no_parallax_published
721-1004-1		250532		3341707069953700736	no_parallax_published
721-1930-1		250804		3329602202847340672	refused_no_defensible_parallax
721-2221-1		250317		3329664089034573568	refused_no_defensible_parallax
721-2412-1		250728		3329649383066921472	no_parallax_published
7216-655-1		101286		3478737318632954496	no_parallax_published
7217-1053-1		102932		3479189183552778240	no_parallax_published
722-492-1		245894		3341171195474589824	no_parallax_published
7225-1732-1		102813		3465012664741151872	no_parallax_published
7225-824-1		102768			no_parallax_published
723-280-1		247451		3340181639308204032	no_parallax_published
7232-934-1		106358		3473123452781345408	refused_no_defensible_parallax
7239-1214-1		104715		3465671615803578368	no_parallax_published
724-2738-2		40370			no_parallax_published
7247-684-1		109774			no_parallax_published
7249-1369-1		112530		6183688067884700800	no_parallax_published
725-1756-1		252007		3342461957704444288	refused_no_defensible_parallax
725-1907-1		250433		3342159729445424896	no_parallax_published
725-1908-1		250906		3342629701946591104	refused_no_defensible_parallax
7251-88-1		109696		6160219129628693888	no_parallax_published
7253-593-1		113206			no_parallax_published
7257-1439-1		112506		6155927529587346048	no_parallax_published
726-214-1		246263		3347611554772348160	no_parallax_published
726-455-1		246825			no_parallax_published
726-552-1		246574		3347318363125252608	no_parallax_published
726-712-1		246244		3341367492659837824	no_parallax_published
7261-1823-1		112436		6154608562310717568	no_parallax_published
727-1103-1		247140			no_parallax_published
7279-1110-1		120923			no_v_magnitude
728-1634-1		249394		3343765978495753856	refused_no_defensible_parallax
728-3069-1	28345	40427		3343861292410165376	no_parallax_published
7284-1469-1		122554			no_parallax_published
7286-923-1		125996			no_parallax_published
7287-1393-1		121526		6121916576924133120	no_parallax_published
729-1096-1		250249		3343811195911557760	no_parallax_published
729-1620-1		250798		3345333710277880192	no_parallax_published
7296-1574-1		128515			no_parallax_published
7299-1023-1	71059	127378		6216524364174433408	refused_no_defensible_parallax
7299-2000-1		126522		6120268580793498112	no_parallax_published
73-115-1		25628			no_parallax_published
73-515-1		25607		3256937888845046656	refused_no_defensible_parallax
730-1951-1		253033			no_parallax_published
730-2125-1		252308			no_parallax_published
730-2182-1		253862		3328301583671107712	refused_no_defensible_parallax
730-223-1		252418		3328676792012736128	no_parallax_published
730-254-1		254033		3329017232600672640	refused_no_defensible_parallax
730-7-1		253630		3328633846639278976	refused_no_defensible_parallax
7300-1091-1		127671		6216312124072555136	no_parallax_published
7300-2578-1		128973			no_parallax_published
7300-323-1		128177			no_parallax_published
7301-1501-1		129762			no_parallax_published
7301-459-1		129682		6215744260677065088	no_parallax_published
7309-1763-1		130627		6201941227922732672	no_parallax_published
731-1130-1		255078		3325755084675153024	no_parallax_published
731-1318-1		255936		3325427911252265856	no_parallax_published
731-208-1		255116		3325750927153601664	no_parallax_published
731-3050-1		254189		3328339761636589312	no_parallax_published
7315-756-1		134015		6204471277194160384	no_parallax_published
732-12-1		256394		3325460724802352896	no_parallax_published
732-1819-1		258363		3326289928366302720	no_parallax_published
732-2076-1		256743		3324630765321436928	no_parallax_published
732-3275-1		258175		3327155896852583296	refused_no_defensible_parallax
7320-51-1		134309		6201220639786064896	no_parallax_published
7324-803-1		135009		6200051412246992512	no_parallax_published
7325-1092-1		136552		6007695941781892736	no_parallax_published
733-1254-1		260359		3326173105254366720	no_parallax_published
733-2111-1		258978		3326207258837387264	no_parallax_published
733-260-1		259009		3326249486955815168	no_parallax_published
733-2790-1		259595			no_parallax_published
7330-2616-1		144926		6036781288524608896	refused_no_defensible_parallax
7331-420-1		140216		6016344219211245312	no_parallax_published
7332-1110-1		140970		6015541816246180224	no_parallax_published
7335-937-1		140075			no_parallax_published
734-1547-1		253793		3329110519290294400	no_parallax_published
734-391-1		253582			no_parallax_published
7340-1440-1		141112		6009691555393320192	no_parallax_published
7345-696-1		149584			no_parallax_published
735-1774-1		255395		3330722536477411840	no_parallax_published
735-183-1		254964		3330794112110420864	no_parallax_published
735-2706-1		255346		3330697320728435200	no_parallax_published
735-989-1		255076		3330719414040857472	no_parallax_published
7350-1089-1		150688		6027336204448630272	refused_no_defensible_parallax
7350-1281-1		150896		6027290304171349760	refused_no_defensible_parallax
7350-368-1		150224		6021298996588208384	no_parallax_published
7353-310-1		149333		6024149136877036032	no_parallax_published
7354-1128-1		151095		6020937703948333440	no_parallax_published
7356-223-1		147999		6022099372319552640	no_parallax_published
7356-708-1		148370		6019049498865251328	no_parallax_published
736-1480-1		257619		3327542821869361024	no_parallax_published
7360-3041-1		152883		6026932481923064960	refused_no_defensible_parallax
7362-437-1		156230		5980464126837699968	no_parallax_published
7366-688-1		319561		5979478625172539648	refused_no_defensible_parallax
7367-287-1		151725		6026153855801677696	no_parallax_published
7369-1044-1		155016		5979667088434379648	no_parallax_published
7369-1223-1		319602		5978666704524001536	no_parallax_published
7369-809-1		155551		5978551839924841216	no_parallax_published
737-709-1		260019		3326828345466157952	no_parallax_published
737-911-1		259857		3327607212015854208	no_parallax_published
7370-254-1		319677		5978725425312387072	refused_no_defensible_parallax
7370-443-1		319616		5978675878568150272	no_parallax_published
7371-42-1		152489			no_parallax_published
7371-921-1		152620		5977701402009557376	no_parallax_published
7372-237-1		322626		5976522313279657728	no_parallax_published
7372-614-1		322615		5976752965855863808	no_parallax_published
7373-1239-1		319470		5976906008461077504	refused_no_defensible_parallax
7374-1175-1		322961		5973729897298323584	no_parallax_published
7374-119-1		156740		5975153210796430336	no_parallax_published
7374-356-1		322984		5973682549569817472	no_parallax_published
7375-261-1		317511		4058263371983047936	no_parallax_published
7375-677-1		317524		4058139539462079360	no_parallax_published
7376-13-1		316036			no_parallax_published
7376-167-1		317780		4058341574788408960	no_parallax_published
7376-194-1		158982		4058371227224306304	no_parallax_published
7376-243-1		317783		4055313863260875264	no_parallax_published
7376-750-1		318035		4055201094604886528	no_parallax_published
7376-858-1		159291		4058477364475360384	refused_no_defensible_parallax
7376-942-1		316041		4058375174213865344	no_parallax_published
7377-258-1		318289		4055907462112913152	no_parallax_published
7378-1199-1		318493		4055751224077319424	no_parallax_published
7378-135-1		316609		4056189104579821824	no_parallax_published
7378-1479-1		162346		4056150351177094784	no_parallax_published
7378-2183-1		316764		4056209720418053760	no_parallax_published
7378-3001-1		318705			no_parallax_published
7378-473-1		318496		4055738648411001984	no_parallax_published
7378-920-1		163137		4043597536140109696	refused_no_defensible_parallax
7379-164-1		317820		4054844333138129280	refused_no_defensible_parallax
7379-297-1		158072		4054784792020729856	refused_no_defensible_parallax
7379-362-1		157641		4057763540826488192	no_parallax_published
7379-410-1		158270		4054761908436522496	no_parallax_published
7379-534-1		317751		4054594267275275136	no_parallax_published
738-380-1		252874		3330397703809838592	no_parallax_published
738-770-1		254029		3331862699974791808	no_parallax_published
7380-157-1		318122			no_parallax_published
7380-289-1		317861		4054593751881416960	no_parallax_published
7380-306-1		317989		4054929068555150080	refused_no_defensible_parallax
7380-312-1		317874		4054564408661544832	refused_no_defensible_parallax
7380-554-1		318017		4053744031238725120	no_parallax_published
7381-72-1		318340		4055562898345006592	no_parallax_published
7382-704-1		318650			no_parallax_published
7383-21-1		319886		5975146411866823936	no_parallax_published
7383-423-1		320004		5975043160864645376	no_parallax_published
7383-7-1		319718		5976051202557751552	no_parallax_published
7383-81-1		157384		5976113943440007040	no_parallax_published
7384-260-1		320150		4053318799461503104	no_parallax_published
7384-413-1		320315			no_parallax_published
7384-500-1		320013		5974830680289427968	no_parallax_published
7384-716-1		320117		4053473727522514432	no_parallax_published
7384-852-1		320155		4053256848901255168	no_parallax_published
7385-41-1		320414			no_parallax_published
7385-909-1		320468		4041131434675973888	refused_no_defensible_parallax
7386-1012-1		321019		4042424700818313216	no_parallax_published
7386-1532-1		321042		4042112233365036928	refused_no_defensible_parallax
7387-125-1		320081			no_v_magnitude
7387-139-1		157643			no_parallax_published
7388-230-1		320208		5962532917628807680	no_parallax_published
7388-486-1		320178		5962709762831874432	refused_no_defensible_parallax
7388-758-1		320362		5962660353523575424	refused_no_defensible_parallax
7389-1796-1		320697		4040178050611389952	no_parallax_published
739-1216-1		255198		3332390980947632384	refused_no_defensible_parallax
739-1940-1		255291		3331705744689314432	no_parallax_published
739-535-1		254879		3331602734192221184	no_parallax_published
739-702-1		254934		3331807930549990528	no_parallax_published
7390-1114-1		163163		4037283281444695552	no_parallax_published
7391-1753-1		164149		4050218348435394944	no_parallax_published
7391-1931-1		165467		4050075785571153920	refused_no_defensible_parallax
7391-2060-1		165208		4049864718031557376	no_parallax_published
7391-462-1		318798		4043915054532659456	no_parallax_published
7392-1190-1		319086		4049013764863234944	no_parallax_published
7392-1994-1		317198		4050015278071913088	no_parallax_published
7392-2185-1		318998		4049065677976274176	no_parallax_published
7392-947-1		319180		4045909293754200576	no_parallax_published
7393-1456-1		319249		4046271995142668288	no_parallax_published
7393-575-1		319242		4049347393477273472	no_parallax_published
7393-82-1		317469		4047966514356452864	refused_no_defensible_parallax
7394-1174-1		170400		4046787288089226496	refused_no_defensible_parallax
7395-1621-1		318845		4042942914426521088	no_parallax_published
7395-2106-1		318960		4042662642051003904	no_parallax_published
7395-456-1		318944		4042986276381326336	no_parallax_published
7395-861-1		318749			no_parallax_published
7396-102-1		319117			no_parallax_published
7396-634-1		319215		4045681591758273536	no_parallax_published
7397-1012-1		319369		4045550337551159168	no_parallax_published
7397-1970-1		319386		4044712681405238272	no_parallax_published
7397-3287-1		319322		4044752469995789312	no_parallax_published
7397-613-1		319271		4045830609857692544	no_parallax_published
7398-1006-1		170994		6736634355323364736	no_parallax_published
7399-1213-1		321283		4039056381328841472	no_parallax_published
7399-605-1		164998		4039138496731986048	refused_no_defensible_parallax
7399-773-1		321030		4042224039968600960	refused_no_defensible_parallax
740-1074-1		257342			no_parallax_published
740-1311-1		257341		3331468353255998592	refused_no_defensible_parallax
740-718-1		258070		3331217905122708864	no_parallax_published
740-872-1		257859			no_parallax_published
7400-1136-1		321460		4039377163811871872	no_parallax_published
7400-1267-1		321377		4039256801665739392	no_parallax_published
7400-41-1		321373		4039252644187482112	no_parallax_published
7400-412-1		321466		4039328647918089600	no_parallax_published
7401-1487-1		321673		4038231850663964928	refused_no_defensible_parallax
7403-5991-1		321185		4038923855871987328	no_parallax_published
7403-6481-1		321091			no_parallax_published
7404-5154-1		321406			no_parallax_published
7404-5594-1		167149		4038117535817449216	no_parallax_published
7404-5637-1		321400			no_parallax_published
7404-5681-1		321601		4038093514003761152	no_parallax_published
7404-5809-1		167600			no_v_magnitude
7405-1331-1		325297			no_parallax_published
7406-224-1		169922		6733257097943032064	refused_no_defensible_parallax
7408-853-1		173379		6737067421128942080	refused_no_defensible_parallax
7411-210-1		173043		6735692761033530240	no_parallax_published
7411-6292-1		171418		6736560825482467200	no_parallax_published
7412-1226-1		173283			no_parallax_published
7412-264-1		174315		6736178676454042240	no_parallax_published
7413-891-1		176017		6756822557013313152	no_parallax_published
7415-627-1		172951			no_parallax_published
7418-215-1		177022		6755764036543247360	no_parallax_published
7421-430-1		175323		6731187374684466304	no_parallax_published
7422-1737-2		177475			no_v_magnitude
7423-1413-1		180571		6758078164921724544	refused_no_defensible_parallax
7423-1510-1		179697		6758060572737266688	no_parallax_published
7423-684-1		179431		6756501087292837120	refused_no_defensible_parallax
7424-226-1		182433		6758432340804744576	no_parallax_published
7427-426-1		179860		6756429168061907456	no_parallax_published
743-1339-1		255466		3332439252084078464	refused_no_defensible_parallax
743-1955-1		254688			no_parallax_published
743-214-1		254326			no_parallax_published
743-2324-1		255681		3332545084374449280	refused_no_defensible_parallax
7433-2429-1		184817		6741625175995052800	no_parallax_published
7437-1775-1	96407	184479		6740881528181241856	refused_no_defensible_parallax
744-597-1		258004		3356543059525938560	no_parallax_published
745-1485-1		258945		3356508665422786048	no_parallax_published
745-285-1		260853			no_parallax_published
745-674-1		260014		3356098478870378112	refused_no_defensible_parallax
745-696-1		260634			no_parallax_published
7457-837-1		197931		6793999965707654656	no_parallax_published
7458-86-1		199147		6782161798892512128	no_parallax_published
746-1801-1		262405		3326625275115281024	refused_no_defensible_parallax
746-257-1		263337			no_parallax_published
746-461-1		261265		3133939092162039040	refused_no_defensible_parallax
746-77-1		262934		3134489711269985024	no_parallax_published
7462-436-1		198869			no_parallax_published
747-157-1		264229		3134198993523896832	refused_no_defensible_parallax
747-1861-1		265175		3158158451405977984	no_parallax_published
747-2112-1		263712		3133990842229663104	no_parallax_published
7470-389-1		198775		6778486097157695360	no_parallax_published
7479-321-1		200382		6777312574655610624	refused_no_defensible_parallax
748-1045-1		266680		3157552895370747136	no_parallax_published
7482-754-1		204766			no_parallax_published
749-639-1		267992		3157697854811138688	no_parallax_published
7495-787-1		210020		6599268794206519808	no_parallax_published
7496-75-1		211025		6612314980707303168	no_parallax_published
750-1119-1		47469		3326894586745352704	no_parallax_published
750-429-1		263041		3350683658980906752	no_parallax_published
750-716-1		263160			no_parallax_published
751-1007-1		264625			no_parallax_published
751-198-1		265138		3158612412267097600	refused_no_defensible_parallax
7519-825-1		223516			no_parallax_published
752-1630-1		266629		3158336915885876608	no_parallax_published
752-1634-1		266203		3158358150203261312	no_parallax_published
752-2665-1		266628			no_parallax_published
7523-7-1		306			refused_no_defensible_parallax
755-783-1		263736		3352525821994896512	no_parallax_published
7550-136-1		12385		4961530590954877952	refused_no_defensible_parallax
756-2300-1		267560		3160743811259378816	no_parallax_published
756-951-1		266063		3353032868652772224	no_parallax_published
757-2285-1		52428		3160844008554010880	no_parallax_published
7578-646-1		27439		4868473871014398976	no_parallax_published
7579-25-1		29111		4864968731024383872	no_parallax_published
758-137-1		263277		3357443868786069504	no_parallax_published
758-205-1		262930		3352808667062955776	no_parallax_published
7582-142-1		28903			no_parallax_published
7582-1777-1		29689		4816333449077725440	refused_no_defensible_parallax
7587-282-1		31941			no_parallax_published
7587-937-1		31824		4817287099319327360	no_parallax_published
7588-956-1		34207		4819371262266778112	no_parallax_published
7589-1214-1		272203		4816679481706406528	no_parallax_published
759-1253-1		49638		3354496078112798976	no_parallax_published
759-1763-1		265325		3354267963805562240	no_parallax_published
759-2323-1		264821		3354194433963815808	refused_no_defensible_parallax
7590-57-1		272267		4813604736095552896	no_parallax_published
7591-1135-1		34089			no_parallax_published
7591-1942-1		273140		4813131087100717568	no_parallax_published
7591-2186-1		273136		4813140463013984256	no_parallax_published
7592-224-1		272413			no_parallax_published
7593-1120-1		272401		4812482650118284800	no_parallax_published
7593-406-1		272289		4812038069465521152	no_parallax_published
7593-861-1		273027		4812511581017492864	no_parallax_published
7593-919-1		272650			no_parallax_published
7594-410-1		273631			no_parallax_published
760-732-1		267716		3353571113953174656	no_parallax_published
760-838-1		51563		3353200441092672512	refused_no_defensible_parallax
7600-159-1		37362		4807697609875543680	no_parallax_published
7603-119-1		274043		4800549787860570240	no_parallax_published
7604-1656-1		274230		4806330848202881408	no_parallax_published
7604-390-1		274234		4806035594970845440	refused_no_defensible_parallax
7605-932-1		38434		4804344683525953664	no_parallax_published
7607-237-1		274285		4805635677679017216	no_parallax_published
7607-504-1		274458		4799525214824398592	refused_no_defensible_parallax
7607-725-1		274535			no_parallax_published
7608-1004-1		274590		4805464703620882176	no_parallax_published
7609-432-1		38773			no_parallax_published
761-1906-1		268240			no_parallax_published
761-2227-1		52374			no_parallax_published
761-456-1		54164		3161398712168569600	no_parallax_published
7617-82-1		44507		5573297550683031936	no_parallax_published
7620-240-1		44361		5568659196459352192	no_parallax_published
763-586-1		56686			no_parallax_published
7630-2125-1		56976		5564950578100446848	no_parallax_published
7631-1651-1		48728			no_parallax_published
7631-956-1		48798		5575794477168746880	no_parallax_published
7633-1453-1		53702		5564497063914024576	no_parallax_published
7633-2003-1		54286		5564298322887576192	no_parallax_published
7634-1124-1		55988		5564817880790315520	no_parallax_published
7634-1809-1		56754		5561893076782780672	no_parallax_published
7635-116-1		50125			no_parallax_published
7636-1783-1		52247		5562822576422797952	refused_no_defensible_parallax
7639-1880-1		49577		5556008902865552512	no_parallax_published
7641-456-1		53276		5559451405052654336	no_parallax_published
7642-1392-1		55767		5559796101948066176	refused_no_defensible_parallax
7643-237-1		58890		5586048728771481856	no_parallax_published
7646-441-1		64547		5538972760476353664	no_parallax_published
7648-1423-1		60398			no_parallax_published
7651-1212-1		59125			no_parallax_published
7653-1661-1		62416		5536629220158029440	no_parallax_published
7654-3131-1		65534		5534245719467398784	refused_no_defensible_parallax
7658-3954-1		64460		5532270859147238272	no_parallax_published
7659-193-1		68030		5541082826369919488	no_parallax_published
7662-1331-1		72956			no_parallax_published
7662-2063-1		73216			no_parallax_published
7662-2718-1		72815		5529359455431452160	no_parallax_published
7663-2524-1		66997		5534480808799590784	no_parallax_published
7664-1679-1		68736		5539729533709540352	no_parallax_published
7664-467-1		68392		5533724207361975168	refused_no_defensible_parallax
7666-108-1		72385			no_parallax_published
7666-1624-1		73631			no_parallax_published
7668-1338-1	40300	69126		5533445068843728256	no_parallax_published
7668-189-1		68493		5533453349542384512	no_parallax_published
7669-2318-1		71384		5526420460852390400	no_parallax_published
7669-2678-1		71573		5526473542343855744	no_parallax_published
7672-818-1		68539		5520928365908462464	no_parallax_published
7674-2938-1		73124		5523420237217228672	no_parallax_published
7678-2182-1		79224			no_parallax_published
7678-957-1		79692		5430604860079819904	refused_no_defensible_parallax
7680-1421-1		76303			no_parallax_published
7683-55-1		75425		5524224323805612416	no_parallax_published
7686-832-1		80452		5427412153188397184	refused_no_defensible_parallax
769-1059-1		61150		3149316934805156992	no_parallax_published
7690-1888-1		79790		5423866911083019648	refused_no_defensible_parallax
7692-3043-1		82612			no_parallax_published
7692-3118-1		82401		5429820839566092032	no_parallax_published
770-1334-1		56153		3160113206979647872	no_parallax_published
7701-1654-1		85102		5419266558727871744	no_parallax_published
7702-728-1		86697		5418680759553017600	no_parallax_published
7702-900-1	48533	85898		5419212545223047040	refused_no_defensible_parallax
7703-671-1		296875			no_parallax_published
771-1823-1		56791		3166044866053139584	refused_no_defensible_parallax
7712-1161-1		88540		5420293124634143232	no_parallax_published
7712-763-1		88505		5420737086815364608	no_parallax_published
7715-3597-1		87893		5415538939435823872	no_parallax_published
7716-2080-1		88379			refused_no_defensible_parallax
7738-1851-1		98147		5376647838772293504	no_parallax_published
7742-268-1		103759		3460156980875344512	no_parallax_published
7754-1151-1		103910		5379712452554128896	no_parallax_published
7758-309-1		109019		6147375459427004032	refused_no_defensible_parallax
7761-271-1		107734		6149773288132051072	no_parallax_published
7766-1679-1		108886		6146444654115933952	no_parallax_published
7770-764-1		109394		6133321879761100800	no_parallax_published
7777-199-1		114089		6140724719750328576	no_parallax_published
7781-1395-1		112906		6139100912874613376	refused_no_defensible_parallax
779-535-1		63092		3145578560911183360	no_parallax_published
7791-1007-1		115818			no_parallax_published
7792-2172-1		117752		6161092210581640960	refused_no_defensible_parallax
7793-2135-1		119894		6114771125732492032	no_parallax_published
7794-2027-1	67558	120487		6113727959779505280	refused_no_defensible_parallax
7794-587-1		120609			no_parallax_published
7796-2195-1		117940			no_parallax_published
7807-2673-1		123021			no_v_magnitude
7807-673-1		123140		6110965200598595328	refused_no_defensible_parallax
7808-28-1		125172		6116084423657377664	no_parallax_published
7810-1110-1		128552		6104861055638173696	refused_no_defensible_parallax
7812-2987-2		124506		6115902901158170112	no_parallax_published
7814-1450-1		128242		6103129393543230592	no_parallax_published
7814-2009-1		128759			no_parallax_published
7815-1438-1		122494		6109345065913184768	no_parallax_published
7816-579-1		125133			no_parallax_published
7822-957-1		134637		6199217497099869312	refused_no_defensible_parallax
7823-776-1		130512		6102248272406515968	no_parallax_published
7828-1365-1		132239		6196978105452488192	no_parallax_published
7828-2327-1		130543		6101049151904170368	no_parallax_published
7829-1014-1		132621		5908647364510714112	no_parallax_published
7829-2821-1		133149		6004744264155372544	no_parallax_published
7830-774-1		134976			no_parallax_published
7835-2195-1		136868		6006522213121969664	no_parallax_published
7836-1286-1		138126			no_parallax_published
7838-814-1		142807			no_parallax_published
7839-1501-1		136127		6005646757042591104	no_parallax_published
7842-1013-1		141761		5996285141400549504	refused_no_defensible_parallax
7849-628-1		140350		5989568946428140672	refused_no_defensible_parallax
7850-225-1		141428		5989374848242174336	no_parallax_published
7854-612-1		321781		6017872883995737472	no_parallax_published
7854-920-1		321838		6017599208683604736	no_parallax_published
7855-39-1		144380		5996653924488907136	refused_no_defensible_parallax
7855-481-1		144530		5996662308265480448	no_parallax_published
7855-99-1		143217		5995361066287936896	refused_no_defensible_parallax
7858-224-1		321804		6017397551342878720	no_parallax_published
7858-803-1		148705			no_parallax_published
7859-283-1		325385		5991891183726392832	no_parallax_published
7859-855-1		325376		5995030736076858240	no_parallax_published
7860-109-1		146420		5992433586554100352	refused_no_defensible_parallax
7860-349-1		325450		5993287254245104384	refused_no_defensible_parallax
7861-526-1		325594			no_parallax_published
7861-963-1		147859		5992660429549683584	refused_no_defensible_parallax
7864-1116-1		145266		5991539477436514432	no_parallax_published
7864-1444-1		327921		5990735150308492544	no_parallax_published
7864-1590-1		327916		5990748241369346048	refused_no_defensible_parallax
7864-626-1		145192		5991543463166231936	no_parallax_published
7864-783-1		325501			no_parallax_published
7865-1356-1		328217			no_parallax_published
7865-2611-1		328221			no_parallax_published
7866-680-2		325772		5944358437020301056	no_parallax_published
7866-789-1		328403		5944191311299628160	refused_no_defensible_parallax
7867-327-1		150439		5970999981777021696	no_parallax_published
7867-576-1		321955		5971160922777241088	refused_no_defensible_parallax
7868-1782-1		322350		5970207199490832256	no_parallax_published
7868-438-1		322145		5971271595505162496	no_parallax_published
7868-523-1		322147			no_v_magnitude
7868-827-1		322073		5970828556688701568	no_parallax_published
7869-1093-1		154351		5973313044961634048	refused_no_defensible_parallax
7869-2007-1		322512		5970241314397149440	no_parallax_published
7869-2211-1		154006		5967250337841219328	no_parallax_published
7869-989-1		322690			no_parallax_published
7870-1598-1		323046		5972620318257264256	no_parallax_published
7870-176-1		155148		5973761061602047872	no_parallax_published
7870-495-1		322887		5973566173158702208	refused_no_defensible_parallax
7871-1384-1		150130		5969286079313753600	refused_no_defensible_parallax
7871-2835-1		326004		5968284424219225728	no_parallax_published
7871-2926-1		325897		5968995705161853952	no_parallax_published
7871-3580-1		151335		5970686208650147328	no_parallax_published
7872-1-1		152916		5970190191419437696	no_parallax_published
7872-1188-1		322273		5969682560649875712	no_parallax_published
7872-2038-1		152525		5969798318617395328	refused_no_defensible_parallax
7872-2071-1		322293		5969588685531003520	no_parallax_published
7872-2291-1		322396		5970091269728822272	refused_no_defensible_parallax
7872-390-1		322447			no_parallax_published
7872-879-1	82876	152623			no_parallax_published
7873-156-1		322845		5972919866482108288	no_parallax_published
7873-587-1		322587		5967018478318309760	no_parallax_published
7873-634-1		322753			no_parallax_published
7873-652-1		322568		5967118430795640448	refused_no_defensible_parallax
7874-318-1		327099			no_parallax_published
7874-404-1		323076		5972001671190643456	no_parallax_published
7874-971-1		323192		5972361688217330304	no_parallax_published
7875-513-1		326071		5968115481705364864	no_parallax_published
7875-763-1		326083		5967543804376627456	no_parallax_published
7876-1272-1		326519		5964925076895131392	no_parallax_published
7876-1601-1		326348			no_v_magnitude
7876-2388-1		326487		5966566128064233856	refused_no_defensible_parallax
7876-2649-1		326477		5966583449674264704	no_parallax_published
7876-2675-1		326327			no_v_magnitude
7876-2787-1		326339			no_v_magnitude
7876-623-1		326386		5964958229745140992	no_parallax_published
7877-1042-1		326763		5965976347467791744	no_parallax_published
7877-1222-1		326634		5966395845496443776	no_parallax_published
7877-279-1		326835		5965432192292183424	no_parallax_published
7877-7-1		327043		5965283105388003840	no_parallax_published
7877-835-1		326803		5965877352746477312	refused_no_defensible_parallax
7877-862-1		326957		5965930717730957056	no_parallax_published
7877-89-1		154809		5965284376702639616	refused_no_defensible_parallax
7877-933-1		326946		5966028123281729152	no_parallax_published
7878-1043-1		327121		5965829219093886720	no_parallax_published
7878-326-1		327174		5965621239573035648	refused_no_defensible_parallax
7878-581-1		327288		5959697208385623680	no_parallax_published
7878-66-1		327104		5971848254966213888	no_parallax_published
7879-960-1		150657			no_parallax_published
7881-941-1		326913		5965302827889314688	no_parallax_published
7881-969-1		327067		5965137763698238592	no_parallax_published
7882-328-1		327209		5953183048664566528	no_parallax_published
7883-1023-1		323310		5974115340538374912	no_parallax_published
7883-1184-1		323348		5961996940039855872	refused_no_defensible_parallax
7883-1845-1		323287		5974122521723682432	no_parallax_published
7883-545-1		157126		5972602382515863552	no_parallax_published
7883-697-1	85022	157040		5972607807018791424	no_parallax_published
7883-741-1		323102			no_parallax_published
7884-1684-1		323704		5962131900751167488	refused_no_defensible_parallax
7884-2842-1		159632		5962310266512583552	no_parallax_published
7884-513-1		323757		5961755528531222272	no_parallax_published
7884-961-1		323554		5961973231784073728	no_parallax_published
7885-342-1		324106		5961371764553376768	no_parallax_published
7886-2165-1		324553		4036790425227541376	no_parallax_published
7886-2502-1		163211		4037201951930907008	no_parallax_published
7887-1399-1		323627		5960121791696643200	refused_no_defensible_parallax
7887-1646-1		323390		5960383131863592832	no_parallax_published
7887-223-2		323206		5960353341953868032	no_parallax_published
7887-340-1		323199		5972344684477297152	no_parallax_published
7888-1425-1		323657		5959279325279050496	no_parallax_published
7888-1617-1		323931		5960991230514468096	no_parallax_published
7888-2713-1		323783		5960925839578209920	no_parallax_published
7888-4393-1		323797		5960921067930457216	refused_no_defensible_parallax
7888-577-1		323633			no_parallax_published
7889-1065-1		324139		5960705460595721984	no_parallax_published
7889-1605-1		324166			no_parallax_published
7890-1158-1		324600		4036384082662809344	refused_no_defensible_parallax
7890-1468-1		324596		4036385220918380800	refused_no_defensible_parallax
7890-1630-1		324625		4035525059209880448	no_parallax_published
7890-1798-1		324606		4036364158397014400	no_parallax_published
7891-1502-1		323264		5959811351391327232	no_parallax_published
7891-1884-1		158217			no_parallax_published
7892-2320-1		324010		5960541495839570816	no_parallax_published
7892-3953-1		324057		5955969928353005184	no_parallax_published
7892-877-1		323865		5958972149210437632	no_parallax_published
7893-1095-1		324200		5957530753821593984	no_parallax_published
7893-463-1		161668			no_parallax_published
7893-55-1		324035		5957452830236816128	no_parallax_published
7893-65-1		160685		5957585836856721280	refused_no_defensible_parallax
7894-2551-1		162787		5956279651365140608	no_parallax_published
7895-155-1		158025		5952533267318746880	no_parallax_published
7895-720-1		157595			no_parallax_published
7896-78-1		159343			no_parallax_published
7899-2546-1		324969		4036053374549330560	no_parallax_published
7899-298-1		324808			no_parallax_published
7899-3058-1		164408		4036961365033607424	refused_no_defensible_parallax
7899-9192-1		163872			no_parallax_published
7900-1475-1		325172		6727718690420780032	refused_no_defensible_parallax
7901-1074-1		168752		6727869667065809664	no_parallax_published
7902-342-1		170404		6726837294376599168	no_parallax_published
7904-1489-1		325117		6725833886959057664	no_parallax_published
7904-819-1		325040		6725647004319051008	no_parallax_published
7905-2385-1		325292			no_parallax_published
7907-1885-1		165841		6724415276432130944	no_parallax_published
7907-2504-1		165232		6724374079103933312	refused_no_defensible_parallax
7908-488-1		167912		6721582075475630848	no_parallax_published
7909-1069-1		169341		6723071982448364416	no_parallax_published
7912-658-1		166676		6721140793354045696	refused_no_defensible_parallax
7913-129-1		168649		6720419719879326592	refused_no_defensible_parallax
7913-937-1		169201		6721706766957457024	no_parallax_published
7915-1409-1	92207	173539			no_parallax_published
7920-1578-1		175262		6716984948623948288	no_parallax_published
7924-499-1		174823		6715306509765993856	no_parallax_published
7925-1413-1		176639		6712452486815131904	no_parallax_published
7928-182-1		175506		6715055614955234432	no_parallax_published
7930-1154-1		180156		6664530822273061376	no_parallax_published
7932-2189-1		184624		6738166078058555136	no_parallax_published
7936-1043-1		183903		6689488327474715904	refused_no_defensible_parallax
7939-504-1		181978		6665172456027554304	no_parallax_published
7943-126-1		182838		6664982755912617472	no_parallax_published
7947-591-1		190442		6693867128233911296	no_parallax_published
7949-385-1		194397		6681064865813075328	no_parallax_published
795-1920-1		70721		3097049313115158656	refused_no_defensible_parallax
7957-425-1		193831		6679358664283088896	no_parallax_published
7962-616-1		196562			no_parallax_published
7962-934-1		195865		6676048618889552768	no_parallax_published
7977-931-1		199814		6484660576915985408	refused_no_defensible_parallax
7993-762-1		206457		6565589752321342208	no_parallax_published
8002-893-1		212016		6568745492426787968	no_parallax_published
8006-11-1		219506		6550086848822871040	no_parallax_published
8010-474-1		215892		6543914568502129408	no_parallax_published
8012-1016-1		218425		6540051812354490880	refused_no_defensible_parallax
8022-292-1		721			no_parallax_published
8027-142-1		2683			no_parallax_published
8032-1228-1	5165	6595		4933453324590295040	refused_no_defensible_parallax
8040-40-1		9565		4931378065112109184	no_parallax_published
8067-1254-1		23845		4834927565092908288	refused_no_defensible_parallax
8073-199-1		24617		4829028857008688128	no_parallax_published
8077-1398-1		272488		4787303524605878016	refused_no_defensible_parallax
8077-1406-1		272569		4787033830722915840	refused_no_defensible_parallax
8078-1551-1		273536		4798391996293055360	no_parallax_published
8079-722-1		30184		4785024133921314560	no_parallax_published
8080-1557-1		272857		4785449748001652864	refused_no_defensible_parallax
8080-44-1		272823		4786401615833408768	no_parallax_published
8081-1106-1		273842		4773708093391550592	no_parallax_published
8081-206-1		273910		4773712255216214144	no_parallax_published
8081-319-1		273757		4809881063872545792	refused_no_defensible_parallax
8082-1357-1		29177			no_parallax_published
8082-75-1		30186		4778035908597252736	no_parallax_published
8085-58-1		274474		4799129321917833984	no_parallax_published
8085-946-1		273611		4798498339681977344	no_parallax_published
8086-392-1		274578		4798819775036088832	no_parallax_published
8086-573-1		274584		4798896775209729024	no_parallax_published
8086-884-1		274693		4796294574782450432	no_parallax_published
8086-963-1		274644		4799227689552774784	no_parallax_published
8089-264-1		274796		4797263759923458688	no_parallax_published
8090-1158-1		274881		4797001079723777152	no_parallax_published
8094-317-1		274956		4796962523800678528	refused_no_defensible_parallax
8094-351-1		274815		4797182842739731200	refused_no_defensible_parallax
8094-619-1		274958		4796954041242373888	no_parallax_published
8096-304-1		40844		4794227836521307648	no_parallax_published
8097-783-1		34913		4772878447445778816	no_parallax_published
8098-175-1		36875		4796370131847819776	no_parallax_published
8103-572-1		46097			no_parallax_published
8117-1689-1		50222		5558590624887196800	no_parallax_published
8119-1623-1		56702		5510514616404005632	no_parallax_published
8128-912-1		57583		5504440841152848512	no_parallax_published
8134-843-1		64270		5518588124128208384	refused_no_defensible_parallax
8135-2292-1		65461			no_parallax_published
8136-1085-1		69128		5520024910942857856	no_parallax_published
8136-2523-1		68035		5520442347414991488	no_parallax_published
8137-2168-1		61833			no_parallax_published
8138-2508-1		63968		5518482708449177984	no_parallax_published
8138-3318-1		63808		5530575206053857024	refused_no_defensible_parallax
8138-482-1		63450		5530580085136972672	refused_no_defensible_parallax
8141-130-1		62134		5493871648192347776	refused_no_defensible_parallax
8144-264-1		68305			no_parallax_published
8146-1683-1		63201		5493134189427112320	no_parallax_published
8146-813-1		63328		5489747036479023744	refused_no_defensible_parallax
8150-2510-1		73260			no_parallax_published
8153-2130-1		71079		5516387176734086784	no_parallax_published
8154-6476-1		72856		5323238408625948544	no_parallax_published
8156-2960-1		77141			no_parallax_published
8157-1812-1		70584		5514724096671043584	no_parallax_published
8158-2247-1		73024			no_parallax_published
8160-767-1		76821			no_parallax_published
8161-450-1		69886			no_parallax_published
8161-634-1		71589		5322185763676727040	no_parallax_published
8161-907-1		70747		5322541799285952128	no_parallax_published
8162-867-1		73168		5321873261859096832	no_parallax_published
8165-1650-1	44630	78265		5330711205037827712	refused_no_defensible_parallax
8165-890-1		77812			no_parallax_published
8166-2511-1		296868		5422726412581378816	no_parallax_published
8167-589-1		296925		5422923500050526336	no_parallax_published
8168-1448-1		83638			no_parallax_published
8169-958-1		78401			no_parallax_published
8170-238-1		296846			no_parallax_published
8171-1257-1		81932		5410302274794345856	refused_no_defensible_parallax
8171-1380-1		297478		5410268877129571200	refused_no_defensible_parallax
8171-74-1		297442		5410296605438349952	no_parallax_published
8171-75-1		82663		5410429577626824320	refused_no_defensible_parallax
8172-1645-1		297555		5409704003034270208	no_parallax_published
8172-623-1		296962		5410641233619599232	no_parallax_published
8173-89-1		78650		5326688676102618368	no_parallax_published
8176-675-1		297538		5409253890460540928	refused_no_defensible_parallax
8177-629-1		298259		5324118666456210432	no_parallax_published
8178-288-1		298322		5311888115739667840	refused_no_defensible_parallax
8180-234-1		298519		5312611766185207808	no_parallax_published
8180-2998-1		84137		5309730083642176896	no_parallax_published
8180-951-1		298463		5312643480227054208	no_parallax_published
8181-164-1		85080		5411406390628801664	refused_no_defensible_parallax
8182-1887-1		297128		5408511269128110464	no_parallax_published
8183-1146-1		297170		5414469939257417600	no_parallax_published
8186-272-1		297157		5407646198301296128	refused_no_defensible_parallax
8186-418-1		87379		5407888640618164736	no_parallax_published
8187-1692-1		88222		5407580983519439616	no_parallax_published
8187-457-1		89462		5413471926305725440	no_parallax_published
8188-237-1		297324		5365496420048046208	no_parallax_published
8189-1391-1		85410		5405919174780465536	no_parallax_published
8189-147-1		297619		5406317129268821504	refused_no_defensible_parallax
8189-149-1		85283		5405929345266940800	no_parallax_published
8189-1875-1		297640		5406446699844520704	no_parallax_published
8189-2649-1		85607		5406355028061494016	refused_no_defensible_parallax
8189-3027-1		297648		5406134404187184512	no_parallax_published
8190-1450-1		297710		5405409516769640192	no_parallax_published
8190-369-1		297757		5407056585193234560	refused_no_defensible_parallax
8190-77-1		297761			no_parallax_published
8191-1871-1		297807		5406686187222155008	refused_no_defensible_parallax
8191-6-1		297881		5407179249459922944	refused_no_defensible_parallax
8195-1034-1		298901		5356968504799463296	no_parallax_published
8204-47-1		96239			no_parallax_published
8205-1606-1		91305		5364131273287576704	refused_no_defensible_parallax
8205-1854-1		298150			no_parallax_published
8206-101-1	52904	93852			refused_no_defensible_parallax
8208-1466-1		97687		5349840920657652992	refused_no_defensible_parallax
8208-344-1		97027		5350210597081721344	no_parallax_published
8210-33-1		299369		5360465260991590144	no_parallax_published
8214-1841-1		100210		5375269631006664448	no_parallax_published
8215-783-1		101975		5378639672805994752	no_parallax_published
8218-137-1	55845	99541			no_parallax_published
8221-759-1		98794			no_parallax_published
8224-2533-1		103526		5370655912725123200	no_parallax_published
8228-2965-1		102815		5369157450171039360	refused_no_defensible_parallax
8229-295-1		104211		6144110631445582976	no_parallax_published
8232-2320-1		109574		6131859598018808320	no_parallax_published
8235-1743-1		109089		6128719461521628032	no_parallax_published
8237-2039-1	58897	104895			no_parallax_published
8244-1296-1	61653			6079003634534050432	refused_no_defensible_parallax
8245-1905-1		111355			no_parallax_published
8245-2111-1		111898		6135138204247086848	no_parallax_published
8250-1404-1		113887		6085314453315527680	no_parallax_published
8251-614-1		114127		6085245695180170496	no_parallax_published
8252-1215-1		117183		6082670570228680704	no_parallax_published
8255-276-1		115095		6080936026217372672	refused_no_defensible_parallax
8267-3207-1		121656			no_parallax_published
8267-3320-1	68485	122159		6094058731854867712	refused_no_defensible_parallax
8267-501-1	68617			6094478745294288128	refused_no_defensible_parallax
8268-1770-1		123184		6091109154474972800	no_parallax_published
8268-2128-1		123925		6092560819052311680	no_parallax_published
8270-1957-1	67131	119632		6094571276072749056	refused_no_defensible_parallax
8271-955-1		121058		6093435308761390464	no_parallax_published
8271-98-1		121657		6093647097888952960	refused_no_defensible_parallax
8273-1925-1		117942		6069104593908327040	refused_no_defensible_parallax
8275-1433-1		122496			no_parallax_published
8275-480-1		122356		6090268268598917376	refused_no_defensible_parallax
8277-3230-1		125569		6093137203672624128	no_parallax_published
8277-732-1		125173		6096246863071509376	no_parallax_published
8278-3074-1	71500	128266		6098143932950518528	refused_no_defensible_parallax
8278-892-1		128210		6098339160676913920	no_parallax_published
8279-2980-1		128449			no_parallax_published
8282-3091-1		126982		6091854485920476032	refused_no_defensible_parallax
8283-3567-1		128519		5905663289955857664	no_parallax_published
8283-713-1		128934		5905782415164869120	refused_no_defensible_parallax
8284-383-1		130610		5906063340389521536	no_parallax_published
8291-1126-1		128437		5898157198961707904	no_parallax_published
8291-877-1		130166		5904255021727676160	no_parallax_published
8293-437-1		133453		5907062104955481216	refused_no_defensible_parallax
8297-4627-1		133303		5903224092152608512	refused_no_defensible_parallax
8297-4705-2		133243		5903642971705779712	refused_no_defensible_parallax
8299-1162-1		137401		5998953793571464576	no_parallax_published
8299-1243-1		138287		5986843119668617088	no_parallax_published
8299-459-1		136718		5902736286940881664	no_parallax_published
8304-799-1		140147		5985918602206289792	no_parallax_published
8305-177-1		133478		5900311417131027840	refused_no_defensible_parallax
8306-1589-1		134782			no_parallax_published
8306-1666-1		134978			no_parallax_published
8307-1090-1		137217		5888965900269575936	refused_no_defensible_parallax
8309-1074-1		327421		5987958844767088128	no_parallax_published
8309-468-1		327504		5988328731684645120	no_parallax_published
8310-1095-1		330201		5984854511125006336	no_parallax_published
8310-546-1		327793		5991011948039252736	no_parallax_published
8311-1377-1		145012		5990204257998781056	refused_no_defensible_parallax
8311-297-1		327875			no_parallax_published
8312-1546-1		330715		5942151747246781568	no_parallax_published
8312-215-1		328229		5943937461570146304	refused_no_defensible_parallax
8312-2616-1		328004		5990376675164330240	no_parallax_published
8312-3635-1		328106		5942328291938131840	no_parallax_published
8312-551-1		328060		5990570464104184448	no_parallax_published
8312-617-1		328061		5990525762081229568	no_parallax_published
8312-979-1		328105		5942301388254640128	no_parallax_published
8313-1984-1		329909		5985959971319675648	no_parallax_published
8314-18-1		144241		5984871145584510848	no_parallax_published
8314-200-1		330284		5984768955376481024	no_parallax_published
8315-105-1		144352			no_parallax_published
8316-1887-1		330728		5942036921348661120	no_parallax_published
8316-2469-1		147600		5942221811103473536	refused_no_defensible_parallax
8316-255-1		330484		5989937626429139840	no_parallax_published
8316-4104-1		330757			no_v_magnitude
8317-389-1		329927		5982855775133982336	no_parallax_published
8317-922-1		329970		5982456308807109376	no_parallax_published
8318-430-1		144078		5983131477635457280	no_parallax_published
8318-817-1		142582		5982669304789424384	no_parallax_published
8318-889-1		330266		5981876105926377216	no_parallax_published
8319-854-1		145946			no_parallax_published
8320-1251-1		330672		5941445345383864448	no_parallax_published
8320-137-1		330677		5935425076853137664	no_parallax_published
8320-1958-1		147876		5934555088300288640	refused_no_defensible_parallax
8320-2078-1		330832		5940668510390051712	no_parallax_published
8320-231-1		330664		5935456378593090432	no_parallax_published
8320-332-1		146613		5935657623576512512	refused_no_defensible_parallax
8320-370-1		330658		5935460261242431104	no_parallax_published
8320-657-1		330567			no_v_magnitude
8321-22-1		140622		5885903824746806016	no_parallax_published
8321-709-1		140662		5982251593452823040	no_parallax_published
8322-663-1		142891		5981052060629006848	no_parallax_published
8323-128-1		145491		5933398264635309056	refused_no_defensible_parallax
8323-2905-1		144853		5933460696283315968	refused_no_defensible_parallax
8325-1321-1		149469			no_parallax_published
8325-2439-1		150082		5942780844009984512	no_parallax_published
8325-2970-1		328564		5942811424219689728	no_parallax_published
8325-2974-1		148876		5942875539460917120	refused_no_defensible_parallax
8325-3230-1		328560		5942846127558372608	no_parallax_published
8325-3858-1		148794		5943792016793706496	refused_no_defensible_parallax
8325-516-1		328546		5942948107258243712	refused_no_defensible_parallax
8326-2715-1		328826		5942689584551420288	no_parallax_published
8326-2732-1		328650		5943086473865186432	refused_no_defensible_parallax
8326-3116-1		328634		5943175946654170368	no_parallax_published
8326-4023-1		328807			no_parallax_published
8326-721-1		328741		5943258478741158144	refused_no_defensible_parallax
8326-875-1		328775		5943206419419853824	refused_no_defensible_parallax
8327-151-1		329392		5963245121911761280	no_parallax_published
8327-1885-1		329131		5963967058684293248	no_parallax_published
8327-348-1		329169		5939902803594730368	no_parallax_published
8327-74-1		153340		5963082119310762752	no_parallax_published
8328-1024-1		154248		5963026426494176640	no_parallax_published
8328-159-1		329601		5963497322391156224	no_parallax_published
8328-75-1		155149		5951503819544583936	no_parallax_published
8328-972-1		154592			refused_no_defensible_parallax
8329-1364-1		330998		5941062582240320896	no_parallax_published
8329-1720-1		330877		5942104468252291456	no_parallax_published
8329-803-1		330980		5941088455109049216	no_parallax_published
8330-1466-1		329012		5939978081476337152	refused_no_defensible_parallax
8330-3864-1		328692		5942555684665282432	no_parallax_published
8330-5309-1		150958		5939656856622657280	no_parallax_published
8335-547-1		151914		5939184650747830528	no_parallax_published
8338-2190-1		150838		5936904053123504256	refused_no_defensible_parallax
8338-2592-1		150839		5936901789754633472	no_parallax_published
8340-174-1		154688			no_parallax_published
8340-1854-1		153965		5938033668227384320	no_parallax_published
8341-302-1		156786		5952794577475288064	no_parallax_published
8341-417-1		329757		5951186812253990400	refused_no_defensible_parallax
8342-2853-1		158987		5952112467947416448	refused_no_defensible_parallax
8344-1931-1		163256		5954343892408177664	refused_no_defensible_parallax
8344-937-1		161764		5954679410938310528	no_parallax_published
8345-3699-1		329851		5950977836318746368	no_parallax_published
8346-1083-1	85358	157597		5950246218746306816	refused_no_defensible_parallax
8346-1907-1		158278		5951617820807579904	no_parallax_published
8346-701-1		157752		5950250410634897408	refused_no_defensible_parallax
8347-1116-1		160736		5948763527314166400	no_parallax_published
8347-984-1		161066		5948700679020593024	no_parallax_published
8347-994-1		160901		5948326299613166976	no_parallax_published
8348-2326-1		162842		5947818046063280896	no_parallax_published
8350-1303-1		158426		5949883001920191616	no_parallax_published
8350-640-1		158292		5949415950019621376	no_parallax_published
8351-1136-1		160633		5946639545712777600	no_parallax_published
8352-1543-1	87389			5947305162558723712	refused_no_defensible_parallax
8353-2680-1	85072			5925395434861799424	refused_no_defensible_parallax
8354-2087-1		158782		5922204136734522368	refused_no_defensible_parallax
8354-647-1		158930			no_parallax_published
8354-65-1		159133			no_parallax_published
8356-1077-2		162397		5945445063759216000	no_parallax_published
8357-2244-1		164660		6719712527751912576	no_parallax_published
8359-2899-1		170751			no_v_magnitude
8360-2009-1		171501		6708763556588535808	no_parallax_published
8362-205-1		166837			no_parallax_published
8370-654-1		167890			no_parallax_published
8371-753-1		169644		6655552279036808064	no_parallax_published
8374-2275-1		176036		6710832145973146112	no_parallax_published
8377-100-1		172936			no_parallax_published
8378-2901-1		177145		6661741739229495936	refused_no_defensible_parallax
8380-444-1		182546		6659952760795334400	refused_no_defensible_parallax
8381-272-1		173325		6656271428364468736	refused_no_defensible_parallax
8385-1538-1		173310		6654979605278254208	no_parallax_published
8385-1686-1		174582		6654834847702898304	no_parallax_published
8385-1855-1		175077		6660845602890537728	no_parallax_published
8387-1447-1		177719		6658079747031957632	refused_no_defensible_parallax
8391-381-1		189172		6671742862635897600	no_parallax_published
8397-145-1		184652		6646837549877042560	no_parallax_published
84-312-1		30763		3231655271799799040	no_parallax_published
8402-343-1		186045		6645668391059175296	no_parallax_published
841-1181-1		90791			no_parallax_published
8412-588-1		199545		6482951974502267264	no_parallax_published
8421-521-1		201131		6483642845761308160	no_parallax_published
8432-672-1		205790		6562076920045463168	no_parallax_published
8437-835-1		207852		6564164583389970432	refused_no_defensible_parallax
8441-84-1		209033		6561257337207686912	no_parallax_published
8445-109-1		211314		6511100399885536768	refused_no_defensible_parallax
8446-168-1		214110			no_parallax_published
8448-1042-1		217596		6539676638373111552	refused_no_defensible_parallax
8456-683-1		222716		6525265923581473024	no_parallax_published
8461-532-1		220995		6501540455520211712	no_parallax_published
8462-476-1		221434			no_parallax_published
8483-852-1		13000		4743765544205517440	no_parallax_published
8502-1636-1		26614		4780344749873486720	no_parallax_published
8527-1131-1		38774		4765792163723707776	no_parallax_published
8553-44-1		64408			no_parallax_published
8557-1484-1		64345		5488206487545664640	no_parallax_published
8559-897-1		60231		5486393942629092864	no_parallax_published
856-252-1		99420		3913748163470735616	no_parallax_published
856-564-1		100361		3914423748942459904	no_parallax_published
8560-1249-1		61627		5293947143972702848	refused_no_defensible_parallax
8560-65-1		61358		5486206956932217856	no_parallax_published
8561-1631-2		63927		5295637162061437568	no_parallax_published
8564-859-1		62805			no_parallax_published
8565-210-1		66065		5291052988851171328	refused_no_defensible_parallax
8566-140-1		67196		5512569706715106432	no_parallax_published
8567-1107-1		69711			no_parallax_published
8568-111-1		73722		5321196301989898624	no_parallax_published
8569-3092-1		75539			no_parallax_published
8569-3169-1		76063		5317510743322523904	no_parallax_published
8569-319-1		74340			no_v_magnitude
8575-2712-1		70852		5315863159492320896	no_parallax_published
8579-2692-2		71130			no_parallax_published
8582-296-1		299812		5323316336505963904	no_parallax_published
8583-2014-1		299925		5311062382514577408	no_parallax_published
8583-2953-1		299865		5311564442689363968	refused_no_defensible_parallax
8583-4054-1		299831			no_parallax_published
8584-1850-1		82667			no_parallax_published
8585-1909-1		298596		5309147926607013888	no_parallax_published
8586-424-1		302076		5304104913446956416	no_parallax_published
8586-906-1		299828		5305140481598919296	no_parallax_published
8587-1028-1		299979		5309969193078777088	refused_no_defensible_parallax
8587-1551-1		299858		5310904258970094848	no_parallax_published
8589-2315-1		300266		5308027146303425280	no_parallax_published
8589-728-1		300192		5307128192469042816	no_parallax_published
8590-828-1		302083			no_parallax_published
8591-1542-1		79718		5309834605981982720	no_parallax_published
8591-281-1		302129		5309765302389375616	no_parallax_published
8592-196-1	46847	82919		5306936808717438208	refused_no_defensible_parallax
8592-2307-1		302188		5306601251521139712	no_parallax_published
8592-284-1		300162			no_parallax_published
8592-412-1		302269		5306556240265106816	no_parallax_published
8593-2561-1		84372			no_parallax_published
8593-2591-1		300285		5307584902114755584	no_parallax_published
8595-2449-1		80487		5300279884285158912	no_parallax_published
8598-1939-1		84979			no_parallax_published
8601-2296-1		299203		5354196734744487424	no_parallax_published
8601-2420-1		299205		5354204401291154432	no_parallax_published
8601-3288-1		299241		5354142656838296064	no_parallax_published
8601-3734-1		299245		5354126164164347776	no_parallax_published
8601-930-1		299243		5354500582230566400	no_parallax_published
8602-1742-1		300356			no_parallax_published
8602-1797-1		300300		5308337620899396096	refused_no_defensible_parallax
8602-365-1		300360		5260025492271865600	no_parallax_published
8602-845-1	48865	86633		5259948285948781824	refused_no_defensible_parallax
8603-1282-1		87750		5356199946182554752	no_parallax_published
8603-1851-1		300555		5355184684614299520	no_parallax_published
8603-842-1		87153		5356277530468293120	refused_no_defensible_parallax
8604-1262-1		299112		5355412524058873600	no_parallax_published
8604-2090-1		299073		5355640878845295616	no_parallax_published
8605-1418-1		300900		5352133879134937088	no_parallax_published
8605-1765-1		299319			no_parallax_published
8605-270-1	51662	91593			no_parallax_published
8605-442-1		300748		5355380535135972736	no_parallax_published
8607-1397-1		300447		5259346509489868288	no_parallax_published
8607-515-1		302583			refused_no_defensible_parallax
8608-2150-1		300715			no_parallax_published
8609-415-1		303050		5351553994147652736	no_parallax_published
8609-689-1		302951		5351469125597608832	no_parallax_published
8609-737-1		302842			no_v_magnitude
8609-937-1		302943			no_parallax_published
8609-970-1		303047			no_parallax_published
8610-1272-1		304765			no_parallax_published
8610-1936-1		304768		5257430988454448768	no_parallax_published
8610-2253-1		86701		5259110939132790528	no_parallax_published
8610-425-1		302443		5257621822442599680	no_parallax_published
8610-44-1		86201		5257662744892113152	refused_no_defensible_parallax
8610-777-1		302445		5257613850986606080	refused_no_defensible_parallax
8611-1134-1	49609	302564		5258279124227829376	no_parallax_published
8611-1934-1		88030		5258057229048929024	no_parallax_published
8611-589-1		88570		5258233838086167040	refused_no_defensible_parallax
8611-666-1		304812		5256792928119973120	refused_no_defensible_parallax
8612-1283-1		302807		5255473789034920064	no_parallax_published
8612-1432-1		302672		5255649706570214016	no_parallax_published
8612-1763-1		89497		5255107514229048192	no_parallax_published
8612-698-1		90616		5255601847774716032	no_parallax_published
8612-883-1		302708		5255496054147041664	no_parallax_published
8613-1225-1		303218		5254484778335623040	no_parallax_published
8613-1286-1		303086		5351405457000916736	no_parallax_published
8613-1637-1		92234			no_parallax_published
8613-26-1		303113			no_parallax_published
8613-75-1		91360		5255283504805965696	no_parallax_published
8614-2709-1		93050		5354222715024044800	no_parallax_published
8614-2857-1		93069		5354222543225348992	no_parallax_published
8614-3033-1		92615		5354305590703502080	no_parallax_published
8614-602-1		299433		5359639596491737728	refused_no_defensible_parallax
8615-1236-1		299484		5359712095534504576	refused_no_defensible_parallax
8615-2221-1		299459		5353327025356469888	no_parallax_published
8615-2710-1		95523		5347282425836131840	no_parallax_published
8616-1661-1		98072		5347648116518069632	refused_no_defensible_parallax
8616-319-1		299706		5347787234792642944	refused_no_defensible_parallax
8618-2438-1		299470		5353384264374711168	no_parallax_published
8618-685-1		299409		5353399661852483712	refused_no_defensible_parallax
8619-1559-1		301116		5353125127519392256	no_parallax_published
8619-157-1		94921		5353156635430606080	no_parallax_published
8619-332-1		301203		5340704700616273152	no_parallax_published
8619-39-1		299635		5347233531924146176	no_parallax_published
8619-662-1		301327		5341049397500401792	refused_no_defensible_parallax
8619-756-1		94787		5352711814255073664	no_parallax_published
8619-954-1		95411			no_parallax_published
8620-2178-1		97030		5340871895087759616	refused_no_defensible_parallax
8620-798-1		98338		5346229299828251008	no_parallax_published
8621-1023-1		301662		5343335110374503040	refused_no_defensible_parallax
8621-1094-1		301661		5345965588865422848	refused_no_defensible_parallax
8621-1142-1		100252			no_parallax_published
8621-1353-1		301686			no_parallax_published
8621-474-1		301602		5346466588202515712	refused_no_defensible_parallax
8621-577-1		301562		5346210470693773440	no_parallax_published
8621-962-1		301647		5346491460336254976	no_parallax_published
8622-1618-1		301088		5352616156753980544	refused_no_defensible_parallax
8622-164-1		303158		5350764888381489280	no_parallax_published
8622-2500-1		300922		5351349828596899968	no_parallax_published
8622-3390-1		301164			no_parallax_published
8623-1480-1		301151		5352583205761903872	refused_no_defensible_parallax
8623-244-1		301177		5340521185233852032	no_parallax_published
8623-721-1		303533		5338980219703210368	no_parallax_published
8624-1887-1		301475		5340101652838709632	refused_no_defensible_parallax
8624-347-1		303781		5340307811279932800	refused_no_defensible_parallax
8624-369-1		303879		5340284962052585472	no_parallax_published
8624-50-1		303796		5340200368384451584	no_parallax_published
8625-1505-1		301666		5342943890399002624	refused_no_defensible_parallax
8625-1995-1		99511		5345825057538003584	refused_no_defensible_parallax
8625-268-1		304145		5339677752420115584	no_parallax_published
8625-318-1		304310		5336726255232961024	no_parallax_published
8625-593-1		304422		5336736868056185600	no_parallax_published
8625-762-1		304221		5339793583425952640	refused_no_defensible_parallax
8625-800-1		304292		5339762243017130880	no_parallax_published
8626-151-1		303394		5350429159393715840	refused_no_defensible_parallax
8626-2097-1		92853		5254288549885796736	no_parallax_published
8626-2437-1		303209			no_parallax_published
8626-2809-1		303308		5350358584482202880	no_parallax_published
8626-325-1		94201		5338451388987846400	no_parallax_published
8626-327-1		93723		5350326492499481984	refused_no_defensible_parallax
8626-506-1		303478		5338834701883102464	no_parallax_published
8626-592-1		303456		5350878481710741504	no_parallax_published
8626-853-1		92630			no_parallax_published
8627-1024-1		305749		5338368994328243584	no_parallax_published
8627-1541-1		96213			no_parallax_published
8627-1625-1		96246		5338656203039071744	refused_no_defensible_parallax
8627-1770-1		95990		5338702318148702976	no_parallax_published
8627-2106-1		303553			no_parallax_published
8627-2316-1		303750			refused_no_defensible_parallax
8627-2508-1		303737			no_parallax_published
8627-527-1		303751		5338676239116904960	no_parallax_published
8627-758-1		303584		5338381844878032128	no_parallax_published
8627-822-1		303773		5338597142943080832	no_parallax_published
8628-1308-1		97521		5339404803010039168	no_parallax_published
8628-1589-1		304030			no_parallax_published
8628-176-1		96686			no_v_magnitude
8628-1844-1		304006		5339344913944428800	no_parallax_published
8628-754-1		303826		5337886308732500352	refused_no_defensible_parallax
8631-1238-1		102983			no_parallax_published
8634-1683-1		100515			no_parallax_published
8635-2027-1		103344		5343794603153104640	refused_no_defensible_parallax
8636-1829-1		105384			no_parallax_published
8636-2547-1		105801		6075595870052993024	no_parallax_published
8636-559-1		106167		6075538832889929216	no_parallax_published
8638-1135-1		102115		5342349088962993792	no_parallax_published
8638-119-1		301885		5341817784338313088	no_parallax_published
8638-67-1		301862		5342227043168974080	no_parallax_published
8639-1622-1		301844		5342335787424663936	no_parallax_published
8639-2150-1		301946		5342322288371154432	no_parallax_published
8640-1140-1		104992		6072038743786686592	no_parallax_published
8640-584-1		104232		6072352138962015488	no_parallax_published
8641-1259-1		107737		6071817604507678464	refused_no_defensible_parallax
8642-115-1		306694		5335915090556925184	no_parallax_published
8642-171-1		306931		5336361904528503808	no_parallax_published
8642-397-1		304608		5336400181317000192	no_parallax_published
8642-568-1		304546		5336336340943318400	no_parallax_published
8642-846-1		306961		5335489751344836608	no_parallax_published
8642-978-1		307044		5335589493312012288	no_parallax_published
8644-508-1		104537		6071161608396858624	refused_no_defensible_parallax
8649-1484-1		115096		6068044969632589440	no_parallax_published
8649-1562-1	64025	113840		6067803115747253632	refused_no_defensible_parallax
8653-1005-1		115012			no_parallax_published
8653-1091-1		115238		6066607328139048320	no_parallax_published
8653-1671-1		114392		6066796134897718656	refused_no_defensible_parallax
8653-642-1		114119		6066860284530842240	no_parallax_published
8657-1335-1		114602		6063485745920860544	no_parallax_published
8658-720-1		108688		6059469023781598208	no_parallax_published
866-346-1		105218		3905992212744234240	no_parallax_published
8664-2452-1		121748		6089183286841710336	no_parallax_published
8669-1794-1		122987		5895564241324066048	no_parallax_published
8669-260-1		122264		5872404643793230336	no_parallax_published
8670-1213-1		115701			no_parallax_published
8671-445-1		118922		5871877118729406336	no_parallax_published
8672-922-1		120840		5870923532891716224	no_parallax_published
8673-1656-1		122033		5871129107256710400	no_parallax_published
8673-471-1		121931		5871341961468221696	no_parallax_published
8678-1081-1		125204		5896195120464304000	no_parallax_published
8683-368-1		127682		5894188473067049856	no_parallax_published
8684-1155-1		129385			no_parallax_published
8685-2561-1		132625		5881362983498234752	refused_no_defensible_parallax
8685-263-1		131466		5881552889787620480	no_parallax_published
8686-226-1		124621			no_parallax_published
8687-511-1		127570		5891354761058768256	no_parallax_published
8688-101-1		130884		5880690563412120832	no_parallax_published
8688-2559-1		129266			refused_no_defensible_parallax
8691-1350-1		126356		5890923821189734400	no_parallax_published
8691-1901-1		127157		5890916055906635904	no_parallax_published
8691-3068-1		128559		5878957973576324096	no_parallax_published
8692-540-1		129463			no_parallax_published
8694-1488-1		135648		5887156722582153472	no_parallax_published
8694-1575-1		134007		5887600650418511104	refused_no_defensible_parallax
8694-1753-1		134998		5888319799725432192	no_parallax_published
8694-817-1		134801		5888222905269953792	refused_no_defensible_parallax
8695-2656-1		136898			no_parallax_published
8695-2898-1		136788		5888821451919365248	no_parallax_published
8696-653-1		139038		5885509963387837184	no_parallax_published
8697-1420-1		141818		5884987970217005440	no_parallax_published
8698-1397-1	74974	135784		5886459632187888256	no_parallax_published
87-946-1		30000			no_parallax_published
8701-514-1		142001		5884526106658330880	refused_no_defensible_parallax
8701-64-1		140944			no_parallax_published
8702-241-1		134730		5880165890173565696	no_parallax_published
8702-924-1		134486			no_parallax_published
8702-993-1		134101		5880499901193591040	no_parallax_published
8703-458-1		136900		5883063275131246208	no_parallax_published
8704-1843-1		139369		5882394359824950272	no_parallax_published
8704-26-1		138299			no_parallax_published
8705-2973-1		141368		5884000368340958592	no_parallax_published
8706-649-1		135290			no_parallax_published
8707-1990-2		136416			no_parallax_published
8707-84-1		137756			no_parallax_published
8709-3026-1		141784		5833910295060172672	no_parallax_published
8710-1256-1		143886		5932899636151369856	no_parallax_published
8710-1917-1	78997	144261		5932844209518910720	refused_no_defensible_parallax
8711-2170-1		145762		5933092909630379776	no_parallax_published
8711-590-1		146782		5932147260999289984	refused_no_defensible_parallax
8713-1664-1		150446		5930737790123234816	no_parallax_published
8715-1242-1		146019		5931779336935567616	no_parallax_published
8718-1847-1		143887		5836170925356766464	refused_no_defensible_parallax
8720-398-1		147918		5928145107339908992	no_parallax_published
8723-1529-1		145641		5834604460486066944	no_parallax_published
8724-434-1		149697		5927033157457725568	no_parallax_published
8726-2172-1		153967		5923811657107846272	refused_no_defensible_parallax
8735-676-1		156050			no_parallax_published
8737-1998-1		160114		5919445427687450240	no_parallax_published
8742-2065-1		161460		5945104490030338432	refused_no_defensible_parallax
8745-2882-1		171437		6654211802567476352	refused_no_defensible_parallax
8745-711-1		169428		6652917643019247872	no_parallax_published
8752-2046-1		166911		6649305575526663808	no_parallax_published
8759-1036-1		176430		6656639696036647680	no_parallax_published
8761-1320-1		181792		6643905427243962752	no_parallax_published
8762-1252-1		172760		6650056473249739648	no_parallax_published
8762-2258-1		172998			no_parallax_published
8763-311-1		174503		6650345576088541312	no_parallax_published
8765-1501-1		182396		6640504431621465856	no_parallax_published
8767-616-1		176909		6639789164947419904	no_parallax_published
8782-786-1		185748			no_parallax_published
8785-886-1		191646			no_parallax_published
8791-69-1		198249		6471315430630962688	no_parallax_published
8798-763-1		195318		6468076368155698176	no_parallax_published
8800-1314-1		200239		6457749931042968064	refused_no_defensible_parallax
8802-475-1		196154		6455059185572929920	no_parallax_published
8802-59-1		194734		6467367256172500992	no_parallax_published
8805-361-1		201428		6453401122035099392	no_parallax_published
881-34-1	61472			3932506454610744960	refused_no_defensible_parallax
8811-515-1		205450		6461677970692861824	no_parallax_published
8819-22-1		206256		6458779692402122368	no_parallax_published
8837-907-1		220205		6492099739445750784	no_parallax_published
8839-134-1		223133		6488454514801303296	no_parallax_published
8844-255-1		3623		4708433116003360256	no_parallax_published
8845-1463-1		6435			no_parallax_published
8846-1188-1		92		4707726439264636800	no_parallax_published
8853-591-1		11528			no_parallax_published
8856-103-1		11010		4698918560852202880	no_parallax_published
8868-1260-1		25397		4679469574546703872	no_parallax_published
8871-978-1		25379		4673223970544416128	refused_no_defensible_parallax
8874-422-1		25278		4669570877520312320	refused_no_defensible_parallax
8878-116-1		34954		4760564054655440768	no_parallax_published
8882-18-1		35309		4760507120567939968	refused_no_defensible_parallax
8882-216-1		34621		4664260339443566080	no_parallax_published
8882-839-1		34460		4760441871428557952	no_parallax_published
8884-521-1		270802		4663135470328725888	no_parallax_published
8889-10-1		268732		4662149551990093696	no_parallax_published
8889-125-1		268623		4661778810433099776	refused_no_defensible_parallax
8889-309-1		268775		4661711430976561408	refused_no_defensible_parallax
8889-352-1		33133		4662107598784242432	refused_no_defensible_parallax
8889-370-1		268926		4662033828435485696	no_parallax_published
8889-380-1		270933		4662245690571920640	no_parallax_published
8889-415-1		268939		4661879003439588352	no_parallax_published
8889-473-1	22885	268719		4661720536326765184	no_parallax_published
8889-481-1		268727		4662140893372821888	no_parallax_published
8889-487-1		268690		4661728915783666560	refused_no_defensible_parallax
8889-517-1		268685		4661728572186283264	no_parallax_published
8889-531-1		32228		4662151235654876032	no_parallax_published
8889-570-1		268715		4662155839823561216	no_parallax_published
8889-572-1		268743		4662152021597006080	no_parallax_published
8889-599-1		270918		4662285204267011328	no_parallax_published
8890-139-1		269452		4660421910024301952	no_parallax_published
8890-640-1		269411		4660409368686097152	no_parallax_published
8890-694-1	24907	269371		4658866685180816384	no_parallax_published
8890-695-1		269171		4661833236264450560	no_parallax_published
8890-704-1		269440		4658882353222625920	no_parallax_published
8890-720-1		271163		4660612881443486720	no_parallax_published
8890-736-1		269370		4658892966050403840	no_parallax_published
8890-777-1		269183		4658829954619250304	no_parallax_published
8890-834-1		269187		4658832561630349952	no_parallax_published
8890-836-1		271192		4660554298082052864	no_parallax_published
8890-852-1		269189		4658831225930402688	no_parallax_published
8890-894-1		269339		4660490663850736896	no_parallax_published
8890-900-1		35538		4658891286755162496	no_parallax_published
8890-934-1	24988	271182		4660601611448785152	refused_no_defensible_parallax
8890-948-1		269400		4658895925327997440	refused_no_defensible_parallax
8890-970-1		271067		4663502569803085440	no_parallax_published
8890-973-1		269309		4658940283745559168	refused_no_defensible_parallax
8891-2136-1		269917		4659527526027224320	no_parallax_published
8891-2204-1		269587		4660234134068620288	no_parallax_published
8891-236-1		269889		4660278492484698112	refused_no_defensible_parallax
8891-2677-1		271366		4660681188597490560	refused_no_defensible_parallax
8891-3216-1		269721		4660166445377423232	no_parallax_published
8891-3217-1		269713		4660121640275053952	no_parallax_published
8891-3230-1		36402		4658681898503248256	no_parallax_published
8891-3253-1		269962		4659472275577467520	refused_no_defensible_parallax
8891-3261-1		271279		4660756745664545152	no_parallax_published
8891-3307-1		269682		4660158405197578240	no_parallax_published
8891-3341-1		269591		4660187507898616448	no_parallax_published
8891-3347-1		269540		4658684784721986688	no_parallax_published
8891-3352-1		269761		4660260625419011584	no_parallax_published
8891-3353-1		269628		4660210357126991360	no_parallax_published
8891-3367-1		269629		4660174004520946048	refused_no_defensible_parallax
8891-3391-1		269833		4660138850164521216	refused_no_defensible_parallax
8891-3400-1		270037		4659475844658235520	no_parallax_published
8891-3413-1		269841		4660135929586764416	no_parallax_published
8891-3435-1	25892	269697		4660124762671796096	no_parallax_published
8891-3445-1		270033		4659475466701114624	no_parallax_published
8891-3462-1		269638		4660180670310935680	no_parallax_published
8891-3465-1		269783		4660151464529858432	refused_no_defensible_parallax
8891-3474-1		269639		4660180567231735296	no_parallax_published
8891-3479-1		269678		4660134628256695424	no_parallax_published
8891-3568-1		271389		4660677546464879872	no_parallax_published
8891-395-1		271374		4660689950331221376	no_parallax_published
8891-52-1		269537		4660230453226332288	refused_no_defensible_parallax
8894-1900-1		44825		5481444727256439936	refused_no_defensible_parallax
8895-888-1		49076		5479021820242546688	no_parallax_published
8898-1908-1		44668		5481068423697895552	no_parallax_published
8900-966-1		271723		4756367974692128384	no_parallax_published
8904-1454-1		270111		4659451968980169984	no_parallax_published
8904-1462-1		270236			no_v_magnitude
8904-1479-1		270105		4659449078418876160	no_parallax_published
8904-772-1		271672		4755827461650390528	no_parallax_published
8904-829-1		271565		4659969834611057280	refused_no_defensible_parallax
8905-1180-1		271881		5284257938268159360	no_parallax_published
8912-2-1		51830		5478807759072483968	no_parallax_published
8919-167-1		63512		5275372746149406208	no_parallax_published
8921-1072-1		59447		5281310937872167808	no_parallax_published
8932-106-1		69362		5277251300424669440	refused_no_defensible_parallax
8939-1141-1		311204			no_parallax_published
8939-2193-1		311184		5272211001685962752	no_parallax_published
8939-614-1		77089		5272178875330563200	no_parallax_published
8940-1368-1		79388		5299678657579380352	no_parallax_published
8941-1786-1		304734		5250899786296910336	no_parallax_published
8942-2296-1		85611		5256968265855234944	refused_no_defensible_parallax
8942-851-1		302420		5257075605682410880	no_parallax_published
8943-1031-1		304851		5256708403165701760	no_parallax_published
8943-1665-1		304904		5256496266126573184	no_parallax_published
8943-2400-1		305030		5253365509863329280	no_parallax_published
8943-2898-1		304877		5256358621028163712	no_parallax_published
8943-451-1		87205		5256706856977560704	no_parallax_published
8943-535-1		87567		5256697201883172224	no_parallax_published
8943-93-1		304858		5256689470941457664	no_parallax_published
8946-1745-1		86412		5249679534545055616	no_parallax_published
8947-1745-1		307475		5252676253495241216	no_parallax_published
8949-594-1		309770		5249071951282470144	no_parallax_published
8950-69-1		307450			no_parallax_published
8951-442-1		309874		5246276580416334848	no_parallax_published
8952-1100-1		79742		5247941825122833536	refused_no_defensible_parallax
8954-1282-1		84557		5248970212095252224	no_parallax_published
8956-1261-1		305308		5254366237268276736	no_parallax_published
8956-1603-1		305289		5254405991473421952	no_parallax_published
8956-2009-1		305090		5254701004174825344	no_parallax_published
8956-2011-1		305292		5254416883524197632	no_parallax_published
8956-2310-1		305245		5254744366177782144	no_parallax_published
8956-2446-1		305232		5254767009243342208	no_parallax_published
8956-3102-1		305077		5254907781076999680	no_parallax_published
8956-3395-1		305096		5254892903278383104	no_parallax_published
8956-3593-1		305094			no_parallax_published
8956-48-1		305339		5253793975797364864	no_parallax_published
8957-166-1		305546		5350281893530798848	no_parallax_published
8957-2248-1		92064			no_parallax_published
8957-2349-1		305590		5242013464637459456	no_parallax_published
8957-378-1		305611			no_parallax_published
8957-501-1		94187		5338286698411344128	refused_no_defensible_parallax
8957-635-1		305421		5253883586000438784	refused_no_defensible_parallax
8958-1506-1		305702		5338246501868949376	no_parallax_published
8958-2090-1		305759		5338136516323064704	no_parallax_published
8958-2168-1		305838		5241831525471960960	no_parallax_published
8958-2535-1		305881			no_parallax_published
8958-590-1		305858			no_parallax_published
8958-635-1		308166		5337895929447089024	no_parallax_published
8959-112-1		97499		5337230003351018752	no_parallax_published
8959-1997-1		306396			no_parallax_published
8959-2515-1		306379		5337490725065727872	refused_no_defensible_parallax
8959-442-1		306210		5337225708383724288	refused_no_defensible_parallax
8960-272-1		307735		5252089904544057088	no_parallax_published
8960-344-1		307708			no_parallax_published
8960-419-1		307653		5253037305648501632	no_parallax_published
8961-2000-1		91996		5251928757391031040	refused_no_defensible_parallax
8961-337-1		92744		5253597953488005632	no_parallax_published
8961-919-1		93236		5241583899179442816	refused_no_defensible_parallax
8962-2512-1		308192		5240888354985358720	refused_no_defensible_parallax
8962-721-1		308179		5241027477561078272	no_parallax_published
8963-1110-1		308286		5240970951464691840	no_parallax_published
8963-1422-1		308295		5240753630443142784	no_parallax_published
8963-361-1		308416		5237685958628765696	no_parallax_published
8963-62-1		97299		5337086787632132224	no_parallax_published
8965-1224-1		94115		5241164710364860928	no_parallax_published
8965-137-1		308015			no_v_magnitude
8965-261-1		307938			no_v_magnitude
8965-32-1		307925			no_v_magnitude
8965-354-1		307954			no_v_magnitude
8965-425-1		307934			no_v_magnitude
8965-585-1		310125		5239697618242468608	no_parallax_published
8965-778-1		308009		5241166561452850176	no_parallax_published
8965-78-1		307937			no_v_magnitude
8965-97-1		307953			no_v_magnitude
8966-1231-1		96448		5240222531969681792	no_parallax_published
8966-1422-1		310240		5238773135127400960	refused_no_defensible_parallax
8966-329-1		308210			no_parallax_published
8966-469-1		308153		5240384263264545280	no_parallax_published
8966-847-1		308150		5240432332523291904	no_parallax_published
8969-43-1		91945		5233071205247563392	no_parallax_published
8969-659-1		310140			no_parallax_published
8969-697-1		310148			no_parallax_published
8970-1261-1		94629		5238234782418804480	no_parallax_published
8970-1429-1		310346		5238673698038860288	no_parallax_published
8971-1697-1		310497		5240079251855362688	no_parallax_published
8971-533-2		98028		5235434090097753472	no_parallax_published
8972-1550-1	56167	100135		5335984943904659328	refused_no_defensible_parallax
8972-1913-1		306518		5335948002819336576	no_parallax_published
8972-2094-1		307006			no_parallax_published
8972-2202-1		306625			no_parallax_published
8972-2826-1		99942			no_parallax_published
8972-472-1		308634		5334194183023373184	no_parallax_published
8972-523-1		306508			no_parallax_published
8972-699-1		306608		5335970134855000192	no_parallax_published
8972-807-1		101702			no_parallax_published
8972-906-1		306985		5335818127365373312	no_parallax_published
8973-1001-1		309271		5334753147252084352	no_parallax_published
8973-1976-1		307384		5335269745946447616	refused_no_defensible_parallax
8973-199-1		307179		5335503082863772160	no_parallax_published
8973-218-1		307170		5335510951246123264	no_parallax_published
8973-2564-1		307385		5341273594811541888	no_parallax_published
8973-655-1		306981		5335449344287136384	no_parallax_published
8973-875-1		307183		5335505007050637312	no_parallax_published
8974-2142-1		309498		6058476096031147264	no_parallax_published
8974-2221-1		104648			no_parallax_published
8975-1944-1		109164			no_parallax_published
8976-1300-1		308948			no_parallax_published
8976-1471-1		308817			refused_no_defensible_parallax
8976-1507-1		308827			no_parallax_published
8976-1588-1		308525		5333716926240859136	no_parallax_published
8976-169-1		308650		5334075710637010816	refused_no_defensible_parallax
8976-1894-1		308899		5333342572581410944	no_parallax_published
8976-2015-1		308810			refused_no_defensible_parallax
8976-350-1		308771			no_parallax_published
8976-421-1		308568		5334243592319544448	no_parallax_published
8976-5178-1		100279		5334088904775467648	no_parallax_published
8976-5393-1	56769	101205		5333579693452440576	refused_no_defensible_parallax
8976-773-1		101655		5333375596632629504	no_parallax_published
8977-1519-1		308945		5333190466349246208	no_parallax_published
8977-1798-1		104143		5334514072226629376	no_parallax_published
8977-3352-1		309348		5333027944800051840	refused_no_defensible_parallax
8977-4497-1		309220		5333101199767935232	no_parallax_published
8977-4540-1		309129			no_parallax_published
8977-4812-1		309337		5334540735382184832	no_parallax_published
8977-4859-1		308993		5333361406041558016	no_parallax_published
8978-1608-1		309505		6057701039115603200	no_parallax_published
8978-2398-1		309469			no_parallax_published
8978-3713-1		309356			no_parallax_published
8978-3854-1		309448		6057430804127678592	no_parallax_published
8978-4105-1		309357		6057341503159453312	no_parallax_published
8978-6106-1		104387			no_parallax_published
8979-2009-1		107251		6053757438841675136	no_parallax_published
8979-3465-1		108249			no_parallax_published
8980-2247-1		100530			no_parallax_published
8981-1431-1	58126	103558		5332886176521363584	no_parallax_published
8981-3064-1		309242		5332987194146552064	refused_no_defensible_parallax
8982-1381-1		311073		6053190125203185152	no_parallax_published
8982-3745-1		105366			no_parallax_published
8982-555-1		105533		6052900060307103104	refused_no_defensible_parallax
8983-1544-1		108053		5861185227186027008	refused_no_defensible_parallax
8983-663-1		108258		5861165500319128192	no_parallax_published
8984-533-1		100480			no_parallax_published
8986-1610-1		311099		5860716281098076160	no_parallax_published
8986-3114-1		311096			no_parallax_published
8988-1878-1		311793		6056361185470883712	no_parallax_published
8988-2743-1		311975		6055597299741864832	no_parallax_published
8988-2804-1		311814		6056259068277150976	no_parallax_published
8988-867-1		311822			no_parallax_published
8988-903-1	61479	109517		6054730369177817856	refused_no_defensible_parallax
8989-1428-1	63299	112536		6055751540594114816	refused_no_defensible_parallax
8989-1897-1		312110			no_parallax_published
8989-2294-1		111714		6056401489432044032	no_parallax_published
8989-2395-1		312121			no_parallax_published
8989-279-1		312062		6056788964197347200	refused_no_defensible_parallax
8989-825-1		312205		6056001370284296448	no_parallax_published
8991-2142-1		118641			no_parallax_published
8991-538-2		118886		5865714179943068544	no_parallax_published
8992-1399-1		311842		6055416911089149824	no_parallax_published
8992-1417-1		311846		6055404953912409088	no_parallax_published
8993-120-1		113742		5863358136989292032	refused_no_defensible_parallax
8993-176-1		112661			no_parallax_published
8993-298-1		312275			no_parallax_published
8994-613-1		115474			no_parallax_published
8997-2339-1		113955			no_parallax_published
8998-177-1	65084	115718		5859160923220501888	refused_no_defensible_parallax
8999-1688-1		117693			refused_no_defensible_parallax
8999-832-1		118572		5864145799681176192	no_parallax_published
900-952-1		121478			no_parallax_published
9001-2317-1		113360		5858526741133151488	refused_no_defensible_parallax
9002-990-1		114590			no_parallax_published
9004-2210-1		119927		5865938450257038976	no_parallax_published
9004-3273-1		121267			refused_no_defensible_parallax
9005-1535-1		121878		5867289578253032064	refused_no_defensible_parallax
9005-3924-1		122515		5867275353320700032	no_parallax_published
9005-3945-1	69633	124327		5854502807783171712	no_parallax_published
9006-1657-1		126716		5854327195155207680	refused_no_defensible_parallax
9006-3616-1		125318		5854616401061923200	no_parallax_published
9006-5418-1		126004			no_parallax_published
9007-4736-1		129627		5877478958735452672	refused_no_defensible_parallax
9007-5395-1		127802		5877590215499679232	no_parallax_published
9008-1983-1		119442			no_parallax_published
9008-2796-1		119862			refused_no_defensible_parallax
9008-3329-1		121661		5866029297418327936	refused_no_defensible_parallax
9009-3586-1		121858		5865970744084742016	no_parallax_published
9009-3848-1		124514		5853747683843899264	refused_no_defensible_parallax
9009-4041-1		124342			refused_no_defensible_parallax
9009-633-1		124098		5854042730896903680	no_parallax_published
9014-22-1		126151		5853284858177797504	no_parallax_published
9014-816-1		125516		5852700360291912064	no_parallax_published
9015-388-1		128676			no_parallax_published
9019-1603-1		129967			no_parallax_published
902-895-1		124492		3674881362576208896	no_parallax_published
9021-1035-1		135918		5875889408488076928	refused_no_defensible_parallax
9023-2618-1		141320		5833440872299605632	no_parallax_published
9024-1496-1		133105		5873597407736762880	refused_no_defensible_parallax
9025-1418-1		136539			refused_no_defensible_parallax
9025-261-1		135018		5875238463170990080	no_parallax_published
9026-1002-1		138696		5827165478362542080	no_parallax_published
9028-1020-1		130738		5873075208457087360	no_parallax_published
9030-1108-1		137440		5826655820393050624	no_parallax_published
9030-1612-1		139435		5825944642518756736	refused_no_defensible_parallax
9031-2417-1		139654		5825542393052227328	no_parallax_published
9032-1746-1		133403			no_parallax_published
9035-1007-1		140746			no_parallax_published
9035-359-1		141914			no_parallax_published
9035-752-1		139581		5825423989394836864	no_parallax_published
9036-1781-1		143800		5832790923478280448	refused_no_defensible_parallax
9036-1927-1		144886		5829866737941488256	no_parallax_published
9036-2948-1		143286		5833161561989472000	refused_no_defensible_parallax
9039-1488-1		153928		5914927431337015808	refused_no_defensible_parallax
9041-1260-1		147158		5828636693650101888	refused_no_defensible_parallax
9042-2657-1		150063		5830063516151824256	no_parallax_published
9046-435-1		148724			no_parallax_published
9047-939-1		151895			no_parallax_published
9048-437-1		142813			no_parallax_published
9049-1712-1		148524		5815690975014705280	no_parallax_published
9050-471-1		150887		5815318584170290944	no_parallax_published
9059-631-1		164839		6630818971134921728	no_parallax_published
906-1125-1		121712		1230933645599526528	no_parallax_published
9065-2037-1		157600		5813288267221716224	no_parallax_published
9067-1955-1		165939		6437282728253140736	no_parallax_published
9071-219-1		180369		6446127165427214848	no_parallax_published
9078-1690-1		175283		6438161890878463232	no_parallax_published
9081-1686-1		170526			no_parallax_published
9084-1789-1		184444		6442217164637089152	no_parallax_published
9085-763-1		186269		6442075877391632768	no_parallax_published
9086-2004-1		190461		6443263212510283264	no_parallax_published
9086-975-1		189031		6442911708091533568	refused_no_defensible_parallax
9102-528-1		202528		6453104219538097024	no_parallax_published
9103-486-1		204193			no_parallax_published
9117-730-1		212390			no_parallax_published
9119-1028-1		209244		6405659674322529664	no_parallax_published
913-523-1		128310			no_parallax_published
9132-1218-1		219483		6389864330796558464	no_parallax_published
9132-433-1		219322		6393016390115192832	no_parallax_published
9135-126-1		3331		4703563791320941568	no_parallax_published
9135-695-1		3599		4703678995227846784	refused_no_defensible_parallax
9137-3780-1		2041			no_parallax_published
9138-526-1		3181		4690299557920377344	no_parallax_published
9140-1079-1		1534		4688460590372472064	refused_no_defensible_parallax
9141-7556-1	3934	5030		4685876050900066176	refused_no_defensible_parallax
9141-7650-1		4976		4685945663744993920	no_parallax_published
9141-7733-1	4153	5291		4688967362197739392	no_parallax_published
9141-7872-1	4126	5277		4685940441063717120	refused_no_defensible_parallax
9141-7925-1		4862		4685926800243102848	refused_no_defensible_parallax
9142-2294-1		8417		4686062830383760384	no_parallax_published
9142-2807-1	5397	7099		4687444298045126528	no_parallax_published
9143-121-1		12610		4697824203184903424	no_parallax_published
9149-110-1	7912			4638517336257869952	refused_no_defensible_parallax
9154-2340-1		270659		4656160993199396864	no_parallax_published
9157-1224-1		270643		4653285770293506176	refused_no_defensible_parallax
9157-252-1		270786		4653013744253387136	no_parallax_published
9161-1120-1		269146		4658399220976313088	no_parallax_published
9161-1137-1	24080	269128		4658269336800428672	no_parallax_published
9161-1184-1		268949		4661332713633908224	no_parallax_published
9161-1263-1	22758	268729		4655510047977545984	refused_no_defensible_parallax
9161-6-1		268605		4661611169272089216	no_parallax_published
9161-691-1		268895		4661350000893391872	no_parallax_published
9161-700-1		268807		4655458267844122240	no_parallax_published
9161-737-1		268809		4655458160445111552	no_parallax_published
9161-749-1		269050		4661289630893455488	no_parallax_published
9161-897-1		269117		4661375598918367616	no_parallax_published
9161-905-1		269139		4658233400902503680	no_parallax_published
9162-100-1		269717		4660118474839679488	refused_no_defensible_parallax
9162-101-1		269810		4660112221367295232	refused_no_defensible_parallax
9162-104-1		269644		4660170151886182912	refused_no_defensible_parallax
9162-1094-1		269698		4660121743354291328	no_parallax_published
9162-179-1		36521		4658486662151050240	no_parallax_published
9162-186-1		269778		4658555484704049536	no_parallax_published
9162-208-1		269363		4658311191314080128	no_parallax_published
9162-220-1		269217		4658212883750713472	refused_no_defensible_parallax
9162-226-1		269545		4658675610671247232	no_parallax_published
9162-257-1		269190			no_parallax_published
9162-267-1		269396		4658853624153744128	no_parallax_published
9162-27-1		269702		4660122396189307648	no_parallax_published
9162-281-1		269651		4658429698027802624	no_parallax_published
9162-359-1		269321		4658193577953457408	no_parallax_published
9162-363-1		269463		4658729722934782976	refused_no_defensible_parallax
9162-370-1		269726		4660121257978485120	no_parallax_published
9162-371-1		269604		4658483986422695936	no_parallax_published
9162-409-1		269735		4658036790092717056	no_parallax_published
9162-419-1		269662		4658431553453824256	no_parallax_published
9162-437-1		269304		4658807685181130240	no_parallax_published
9162-438-1		269518		4658100256915432448	no_parallax_published
9162-470-1		269412		4658741748843205888	refused_no_defensible_parallax
9162-478-1		269714		4658617263509734784	no_parallax_published
9162-49-1		269593		4658664198918565376	refused_no_defensible_parallax
9162-57-1		35343		4658193814095915776	refused_no_defensible_parallax
9162-593-1		269525		4658678973606061696	no_parallax_published
9162-652-1		269280		4658765289587506944	no_parallax_published
9162-671-1		269578		4658481615578531072	no_parallax_published
9162-716-1		269612		4658434920708422144	no_parallax_published
9162-736-1		269762		4658446534303764096	no_parallax_published
9162-751-1		269649		4658051878390176256	no_parallax_published
9162-756-1		269153		4658408532466022400	refused_no_defensible_parallax
9162-828-1		35463		4658323870061315584	refused_no_defensible_parallax
9162-857-1		269393		4658284115863063808	no_parallax_published
9162-891-1		269668		4658439829820843520	refused_no_defensible_parallax
9163-173-1		270442		4659123489848858368	refused_no_defensible_parallax
9163-403-1		270402		4659158154511128704	refused_no_defensible_parallax
9163-485-1		269900		4659358785345724928	no_parallax_published
9163-498-1		269846		4657691199850726528	no_parallax_published
9163-562-1		269860		4657690890613081344	no_parallax_published
9163-605-1		270132		4659410045756091904	no_parallax_published
9163-635-1		269998		4657627084569451008	no_parallax_published
9163-650-1	27819	270296		4659188769038018816	no_parallax_published
9163-677-1		270220		4659106752351166592	no_parallax_published
9163-749-1		269997		4657636675267019008	refused_no_defensible_parallax
9163-785-1		270123		4659306799058010240	no_parallax_published
9163-806-1		269896		4657700790554314752	no_parallax_published
9163-954-1		270039		4657773220856896000	refused_no_defensible_parallax
9163-956-1		269891		4657692338057418624	refused_no_defensible_parallax
9163-960-1		269928			no_parallax_published
9164-1169-1		271950		5282852315746007936	refused_no_defensible_parallax
9165-1068-1		269029		4654649302156618496	no_parallax_published
9165-183-1		268763		4654927749166035200	refused_no_defensible_parallax
9165-283-1		268733		4654934792911182080	no_parallax_published
9165-529-1		269062		4652033594043556096	refused_no_defensible_parallax
9165-568-1		32763		4655114945354538368	no_parallax_published
9165-615-1		268776			no_parallax_published
9165-681-1		268993		4655039349596015488	no_parallax_published
9165-704-1		269066		4652065926557358592	refused_no_defensible_parallax
9165-737-1		268971		4655053059131622016	refused_no_defensible_parallax
9165-759-1		268984		4655039624473921792	refused_no_defensible_parallax
9165-827-1		269013		4655076629912133632	no_parallax_published
9165-859-1	22989	268835		4655158131209278464	refused_no_defensible_parallax
9165-866-1	22900	268819		4655136518933846784	refused_no_defensible_parallax
9165-883-1		268758		4655365427830892800	no_parallax_published
9165-989-1		268657		4655349794147768320	refused_no_defensible_parallax
9166-152-1		269355		4658145061924705536	no_parallax_published
9166-212-1		34900		4652097125197823232	no_parallax_published
9166-238-1		269399		4658173851087935744	refused_no_defensible_parallax
9166-312-1		269302		4658150108506884480	refused_no_defensible_parallax
9166-349-1		269772			no_parallax_published
9166-359-1		269809		4657269296613822336	no_parallax_published
9166-386-1		269433		4658082183688811648	no_parallax_published
9166-396-1		269316		4658144202986261120	no_parallax_published
9166-443-1		269244		4658209344697667584	no_parallax_published
9166-466-1		269769		4657273419782426112	no_parallax_published
9166-476-1		269351		4658172304899708928	no_parallax_published
9166-484-1		269311		4658155777863715328	refused_no_defensible_parallax
9166-496-1	24347	269216		4658204053297963392	refused_no_defensible_parallax
9166-540-1		35517		4658169148113285504	no_parallax_published
9166-553-1	24694	269327		4658137739001073280	refused_no_defensible_parallax
9166-560-1		269786		4657274283151403520	refused_no_defensible_parallax
9166-660-1		269392		4658139079030870272	no_parallax_published
9166-691-1		269456		4651884129179143168	refused_no_defensible_parallax
9166-717-1		269510		4657960722020398592	no_parallax_published
9166-730-1		269719		4657099529502235648	no_parallax_published
9166-78-1		269784		4657274381855099264	no_parallax_published
9166-871-1	25815	269660		4651835308326981504	refused_no_defensible_parallax
9166-872-2		269676		4651834616802932608	refused_no_defensible_parallax
9167-281-1		270373		4657429241196158464	no_parallax_published
9167-297-1		269912		4657085579447482368	no_parallax_published
9167-337-1		269973		4657069189849017088	no_parallax_published
9167-390-1		270151		4657383405304940928	no_parallax_published
9167-545-1		269920		4657652476416109184	no_parallax_published
9167-548-1		270126		4657379939287235200	no_parallax_published
9167-687-1		38318		4657112100824083840	no_parallax_published
9167-702-1		269936		4657647498566997504	no_parallax_published
9167-735-1		269993		4657210747619648000	no_parallax_published
9168-415-1		271900		5279708262241760256	no_parallax_published
9170-2106-1	25146	269475		4651736313584682240	no_parallax_published
9170-2174-1		36063		4651738821845582464	no_parallax_published
9170-2189-1		271167		4651372654438082304	no_parallax_published
9170-306-1		271324		4651692096929030528	no_parallax_published
9171-1091-1		271506		4650839666178849024	no_parallax_published
9171-871-1		271460		4650456658158124544	refused_no_defensible_parallax
9171-883-1		271566		4650658792189464192	no_parallax_published
9172-1067-1		41781		5278501651305679360	no_parallax_published
9172-124-1		271821		5278309408571002240	no_parallax_published
9174-743-1		271411		4650331176391104384	no_parallax_published
9176-643-1		42919		5265088331004264704	no_parallax_published
9183-741-1		57021		5267394281759084160	no_parallax_published
9186-463-1		54754		5267041510324619904	no_parallax_published
9189-188-1		50432			no_parallax_published
9189-299-1		48385		5265278477789886080	refused_no_defensible_parallax
9194-167-1		71879		5271839744711269760	no_parallax_published
9194-384-1		311303		5271798994061593856	no_parallax_published
9195-1304-1		78655		5223835376280595328	no_parallax_published
9195-1859-1		76861		5223953127104957696	no_parallax_published
9195-2108-1		77023		5224008613782171904	refused_no_defensible_parallax
9195-3149-1		79629			no_parallax_published
9197-2129-1		311321		5269752424962793216	refused_no_defensible_parallax
9198-2065-1		311383		5223358256952465664	no_parallax_published
92-1009-1		30889		3233528221137859712	refused_no_defensible_parallax
9203-1266-1		78192			no_parallax_published
9204-1579-1		80517		5218972201990623232	no_parallax_published
9204-1627-1		311527			no_parallax_published
9206-1008-1		311457			no_parallax_published
9208-2790-1		82836		5217766415693451008	no_parallax_published
9209-416-1		309828			no_parallax_published
9212-345-1		310283		5238019110654542976	no_parallax_published
9212-5111-1		310380		5237757255085823360	no_parallax_published
9213-2713-1	48400			5242738283265638656	refused_no_defensible_parallax
9215-2092-1		310100		5232131878713284736	no_parallax_published
9216-3170-1		96705		5228489952604913920	refused_no_defensible_parallax
9216-524-1		310316		5231794740948860800	no_parallax_published
9218-193-1		311598		5206126401485194624	refused_no_defensible_parallax
9220-2844-1		95601		5230967319795383040	refused_no_defensible_parallax
9223-1221-1		311695		5228953912147873920	no_parallax_published
9225-4923-1		310556		5234565544627662976	refused_no_defensible_parallax
9225-795-1		310531		5235106534402638336	no_parallax_published
9226-747-1		310980		5235639904946845696	refused_no_defensible_parallax
9235-354-1		105195		5842675910923508992	no_parallax_published
9237-1062-1		97708			no_parallax_published
9237-990-1		99514		5226044432581424768	no_parallax_published
9240-725-1		110598		5838460245909569536	no_parallax_published
9242-1817-1	64986	115498			no_parallax_published
9242-733-1		116439			no_parallax_published
9243-1602-1		120376		5850342393217883520	no_parallax_published
9243-535-1		118773		5850580849812890624	no_parallax_published
9244-1603-1		125537		5846795501818153088	no_parallax_published
9244-814-1		124329		5846624596475789056	no_parallax_published
9245-607-1		113757		5843819570518782080	no_parallax_published
9249-956-1		113445		5840134699040987776	refused_no_defensible_parallax
925-762-1		132700		1182087772816310528	no_parallax_published
9251-1546-1		121437		5845746297158099840	no_parallax_published
9258-1588-1		132928		5799368965422896512	no_parallax_published
9259-3896-1		138336		5820281573501624064	no_parallax_published
926-414-1		135245			no_parallax_published
9262-532-1		133184		5799041585831246592	refused_no_defensible_parallax
9272-193-1		141951		5782346635615096576	no_parallax_published
9277-3159-1		145726			no_parallax_published
9278-1571-1		148413			refused_no_defensible_parallax
9281-472-1		142895			no_parallax_published
9297-2061-1		162227			no_parallax_published
9301-2403-1		162553			no_parallax_published
9333-96-1		200404		6370032164689681152	no_parallax_published
9338-878-1		218041		6390782800962894080	refused_no_defensible_parallax
9345-229-1		223494		6380033356815151744	no_parallax_published
9357-84-1		16227		4632590728065236480	no_parallax_published
9365-133-1		34518		4624891088654614784	no_parallax_published
9371-1336-1	17321	24428		4625495029775798656	no_parallax_published
9379-352-1		44410		5261438261631509888	no_parallax_published
9381-1227-1		63567		5213443926243214592	no_parallax_published
9384-519-1		54755		5212471923604801024	no_parallax_published
9402-10-1		72654		5209261177853180416	refused_no_defensible_parallax
9402-813-1		71747		5208682044462731392	no_parallax_published
9407-578-1	44949			5195832223867865088	refused_no_defensible_parallax
9411-1468-1		99502		5224583039888471168	no_parallax_published
9416-1109-1		106883		5836727759176689280	no_parallax_published
9416-531-1		108270		5836837401100512640	refused_no_defensible_parallax
9423-57-1		101277		5197992214462312832	no_parallax_published
9428-1514-1		129481		5792806530250011264	no_parallax_published
9429-1216-1		138071		5780343050558137728	no_parallax_published
9433-779-1		138501		5779437156054630144	refused_no_defensible_parallax
9448-1415-1		157512		5776856494885384448	no_parallax_published
9464-1175-1		190654		6361896259680363776	refused_no_defensible_parallax
9468-437-1		190378		6361577023350937472	refused_no_defensible_parallax
9468-454-1		192573		6349469098225144704	no_parallax_published
9507-1299-1		89404		5192163050486910592	refused_no_defensible_parallax
9516-241-1		111644			no_parallax_published
9522-171-1		144267			no_parallax_published
9524-1444-1		192817			no_parallax_published
9529-382-1		223939			no_parallax_published
9537-66-1		210531			no_parallax_published
962-673-1		151751		4442600852566220672	no_parallax_published
966-1250-1		151342		4446165404840054272	no_parallax_published
99-1344-1		287537			no_parallax_published
99-1433-1		287598		3227953280571965056	refused_no_defensible_parallax
99-232-1		287636		3234080416494497280	no_parallax_published
990-2134-1		156015		4541877995116193408	refused_no_defensible_parallax
991-1204-1		158491		4490258432454872960	no_parallax_published
995-2451-1		157684		4491423433744453888	no_parallax_published
